Price,Close,High,Low,Open,Volume
Ticker,IWD,IWD,IWD,IWD,IWD
Date,,,,,
2013-08-01,67.07609558105469,67.15158806640413,66.78922183284381,66.84961812500634,1219500
2013-08-02,67.0685043334961,67.10625343335819,66.79673270136415,66.97791570935344,1601900
2013-08-05,66.99301147460938,67.09870204191765,66.84202659551298,67.00056244647539,984700
2013-08-06,66.54759979248047,66.92506773712334,66.43435825714685,66.87976766716766,2490400
2013-08-07,66.32112884521484,66.4041722689928,66.09465149285165,66.30603265893922,843600
2013-08-08,66.51742553710938,66.74390868905549,66.18525178350997,66.64576330201612,937900
2013-08-09,66.35887908935547,66.65330368427408,66.13994694652023,66.47212064733299,1980300
2013-08-12,66.26074981689453,66.35134423722872,66.0040742655071,66.05691957077548,958000
2013-08-13,66.38908386230469,66.54761975544788,66.01161580442887,66.44192916001909,960700
2013-08-14,66.10975646972656,66.48722453356187,66.10975646972656,66.34378482619867,1141800
2013-08-15,65.2491455078125,65.59641551926961,65.13590390936395,65.5737683515213,1009800
2013-08-16,64.98490142822266,65.33972231982165,64.84146172488552,65.16608448106061,1545900
2013-08-19,64.41117095947266,65.01512236030698,64.41117095947266,64.90943172911707,1038500
2013-08-20,64.81881713867188,64.99244922462638,64.37340182310366,64.5092905580577,1186400
2013-08-21,64.36582946777344,64.90183320749212,64.19219169533064,64.58476154619991,1297400
2013-08-22,64.8943099975586,64.9924496224072,64.4564456533928,64.49419476432993,1612100
2013-08-23,65.10567474365234,65.16607100200767,64.73575774070832,65.01508611582356,886600
2013-08-26,64.79618835449219,65.27934715810083,64.73579206411429,65.21139989149889,878500
2013-08-27,63.74681854248047,64.3885132005163,63.70906942624628,64.16958099771226,1194700
2013-08-28,63.97328186035156,64.20731596194817,63.5882686062151,63.70150441054629,891700
2013-08-29,63.93552780151367,64.3129957785972,63.76944097004424,63.82983722870662,2188800
2013-08-30,63.76945495605469,64.08652674401648,63.54297181625025,64.08652674401648,2111900
2013-09-03,63.9279899597168,64.52439017717064,63.67130868753286,64.45644293229341,1610500
2013-09-04,64.4791030883789,64.61498607396882,63.875151829351,63.98084243572497,917800
2013-09-05,64.56967163085938,64.73575846333841,64.47908300201938,64.56967163085938,678300
2013-09-06,64.6074447631836,64.97736190784624,64.04124258351965,64.77353165743804,2675800
2013-09-09,65.2340316772461,65.27177502671888,64.73577108268,64.73577108268,772700
2013-09-10,65.73983001708984,65.77002814906045,65.50579593424376,65.67188278022978,979700
2013-09-11,65.92100524902344,65.9285562210488,65.5586334679589,65.7398222383432,817600
2013-09-12,65.65677642822266,65.98139909701334,65.56618204633787,65.92855381417317,1055000
2013-09-13,65.83795928955078,65.88325360054306,65.65677628587787,65.71717254033678,1611700
2013-09-16,66.26074981689453,66.600474573368,66.15505920635779,66.600474573368,1244600
2013-09-17,66.47968292236328,66.5174320379455,66.3211470043894,66.32869797944713,1871100
2013-09-18,67.21952819824219,67.45355660589065,66.2532106650664,66.44194473825564,1944100
2013-09-19,67.00813293457031,67.43844630099886,66.93264047303481,67.43844630099886,2174100
2013-09-20,66.47968292236328,67.14403049448966,66.43438859142971,67.11383235396515,3409000
2013-09-23,66.18524169921875,66.41927578982609,65.98141150128842,66.3513285507127,3011700
2013-09-24,66.01836395263672,66.42799255744053,65.927339232079,66.10939446062581,1700800
2013-09-25,65.99559020996094,66.29901936841225,65.88180355211297,66.07144605271631,1212200
2013-09-26,66.04115295410156,66.35216967039406,65.81358525217864,66.11701464217677,755300
2013-09-27,65.79077911376953,65.85146031575388,65.64664896076826,65.69974862964823,1098600
2013-09-30,65.38874053955078,65.57080153115378,65.07014248539144,65.21427265688615,3390500
2013-10-01,65.86666107177734,65.98802931129624,65.40393272203276,65.4722012716186,1650900
2013-10-02,65.86666107177734,65.90458611462543,65.34324570855723,65.47978859516108,1559900
2013-10-03,65.29771423339844,65.71492430722766,64.9942850422487,65.69216813069177,1116800
2013-10-04,65.7225112915039,65.80595446332792,65.27495772211185,65.47218177603186,3018700
2013-10-07,65.21427917480469,65.58597694180703,65.12324866990504,65.19910453027249,1118200
2013-10-08,64.53916931152344,65.32049587683905,64.5315819872432,65.1687841158306,1586200
2013-10-09,64.66051483154297,64.93360053530148,64.29640441815206,64.65293329736072,1311000
2013-10-10,66.04115295410156,66.08667112443354,65.25982618137449,65.32051321686096,968500
2013-10-11,66.50382995605469,66.54176077071008,65.89697743357665,65.98800212886198,1034000
2013-10-14,66.74662017822266,66.76179482998204,66.07908018665785,66.09424905098331,987500
2013-10-15,66.2231674194336,66.79209495469529,66.1473057847879,66.55693430466793,1195900
2013-10-16,67.16381072998047,67.20173577007819,66.57212686008428,66.64798272771144,755000
2013-10-17,67.70238494873047,67.74789730512148,66.93622748737344,66.95898366556895,1162900
2013-10-18,68.04376220703125,68.10444922769585,67.70240784380034,67.98308097379949,1332600
2013-10-21,68.01341247558594,68.19546771800296,67.90720731445822,68.0816810212054,1484600
2013-10-22,68.41545867919922,68.61268279448637,68.20305991662399,68.23339763633568,938400
2013-10-23,68.03616333007812,68.21821855823983,67.84652077940888,68.21821855823983,1183400
2013-10-24,68.18026733398438,68.24854164126232,67.9147689999693,68.1575111607016,949700
2013-10-25,68.42302703857422,68.42302703857422,68.11960360043243,68.19545945996788,739400
2013-10-28,68.49128723144531,68.55197422152447,68.29405740740299,68.30923204863774,1261800
2013-10-29,68.84024047851562,68.84024047851562,68.58991094233761,68.61266712063909,911700
2013-10-30,68.4988784790039,68.94643203477801,68.24096165009642,68.85540154444062,741900
2013-10-31,68.25614166259766,68.68852639771738,68.15752384344867,68.40785337099975,844800
2013-11-01,68.43819427490234,68.52163744758843,67.9982222348176,68.33957645949307,763100
2013-11-04,68.72645568847656,68.7795553684497,68.46854461073015,68.64301250745719,2151900
2013-11-05,68.46855163574219,68.68095037742732,68.29407793368274,68.53682017952742,1588600
2013-11-06,68.77957916259766,68.9312967203152,68.61269274282489,68.77199762528657,2073200
2013-11-07,67.9754409790039,68.98434021294032,67.92992864248683,68.9464094075572,1367400
2013-11-08,68.94644165039062,68.99195400819157,67.92996040996238,67.93754194464182,1689700
2013-11-11,69.0298843383789,69.08298401791119,68.82507294230611,68.95402848010865,571300
2013-11-12,68.79474639892578,69.05265753810411,68.589929164936,68.95404547678872,854300
2013-11-13,69.28021240234375,69.30296858059657,68.4988860826986,68.4988860826986,4332100
2013-11-14,69.61398315429688,69.65950130073458,69.18159838144153,69.33331589051521,809300
2013-11-15,70.00086975097656,70.00086975097656,69.66709695082021,69.71261510648031,1060900
2013-11-18,69.76571655273438,70.13741440661562,69.59883014846004,70.10707089789005,883400
2013-11-19,69.6215591430664,69.95533182126314,69.50777247664205,69.68983345789313,826100
2013-11-20,69.46984100341797,69.97049418685172,69.27261118573571,69.75809551585378,1063500
2013-11-21,70.08428192138672,70.12221273640431,69.64430993187385,69.6594845728528,1178400
2013-11-22,70.31185150146484,70.32702035420817,69.92497920107047,69.99324771955973,825300
2013-11-25,70.24359893798828,70.448416131712,70.15257421849445,70.41807262940361,917500
2013-11-26,70.09185791015625,70.3346000397073,70.09185791015625,70.25874420936552,1525200
2013-11-27,70.28150939941406,70.31185289293074,70.04634877151726,70.24357858566081,933000
2013-11-29,70.11463928222656,70.45599353517399,70.03119610262947,70.38013767756689,664800
2013-12-02,70.03877258300781,70.357370608099,69.88705510384767,70.06911607883984,868600
2013-12-03,69.72774505615234,69.94014370593216,69.41673440109739,69.72016352396675,1003800
2013-12-04,69.6822509765625,69.98568017895857,69.15883574711503,69.4243341289251,1287200
2013-12-05,69.34088134765625,69.60637967052692,69.24226355099759,69.5456926860338,2528700
2013-12-06,70.13739776611328,70.17532858987906,69.84155586051989,69.90983018581205,1415600
2013-12-09,70.33463287353516,70.44083224307575,70.2056773230118,70.31187669255239,836800
2013-12-10,70.1449966430664,70.38015158434318,70.10706581305243,70.12982199608797,1139000
2013-12-11,69.17402648925781,70.17533903899981,69.09058329449331,70.16016439226152,1339800
2013-12-12,69.06782531738281,69.29539292565651,68.85542078058941,69.15126850997939,1470900
2013-12-13,69.0374526977539,69.2270951850555,68.90090987539958,69.18157705265111,1309100
2013-12-16,69.51535034179688,69.72774900360106,69.39398215823569,69.4015636908505,1533200
2013-12-17,69.25745391845703,69.54570847911478,69.13607992190806,69.53812115747279,1375400
2013-12-18,70.5318603515625,70.5318603515625,68.87058974723823,69.40158657685122,1398500
2013-12-19,70.38772583007812,70.47116901065978,70.1146401095256,70.29669532741694,1183100
2013-12-20,70.69115447998047,70.86562237438172,70.34979443833419,70.39531258301228,2610300
2013-12-23,71.07730102539062,71.11545951782425,70.9475714665859,71.02388262928464,1459500
2013-12-24,71.27567291259766,71.27567291259766,71.05436659501956,71.10015210135809,928900
2013-12-26,71.53516387939453,71.596215129934,71.39780147676463,71.45885272730408,1000100
2013-12-27,71.61146545410156,71.73356793885037,71.50462869102982,71.69540945682463,880900
2013-12-30,71.56568145751953,71.71830956670603,71.48937031400982,71.65725832303143,1181800
2013-12-31,71.86331176757812,71.89383739484184,71.61147970927853,71.62674543399443,917600
2014-01-02,71.18412780761719,71.68015902865939,71.03913254336099,71.68015902865939,1332200
2014-01-03,71.33673858642578,71.55803912666737,71.17647763744682,71.34436562425047,1316700
2014-01-06,71.24519348144531,71.65728077209853,71.16888231402854,71.65728077209853,1345400
2014-01-07,71.63436889648438,71.7793583292514,71.47411374100463,71.50463354209545,2061800
2014-01-08,71.63436889648438,71.71831290490243,71.42068953367739,71.66489451974252,1407300
2014-01-09,71.67254638671875,71.8862200013762,71.3672958705641,71.8862200013762,1043300
2014-01-10,71.80228424072266,71.84807560783442,71.48177378179037,71.78702433313208,1996500
2014-01-13,71.01622772216797,71.8785604772752,70.9093909631193,71.64198837752453,1652900
2014-01-14,71.70304107666016,71.718306798073,71.13069878918155,71.18411716979287,1411800
2014-01-15,72.09988403320312,72.17619519039467,71.82515920957911,71.82515920957911,1248400
2014-01-16,71.84042358398438,71.98541886719146,71.6649084937354,71.89384197956038,1020400
2014-01-17,71.5198745727539,71.84038477305808,71.42829773459616,71.77170651106375,930900
2014-01-21,71.71833038330078,71.97015664775995,71.26045174500686,71.96252960671212,1458300
2014-01-22,71.74885559082031,71.86332525900745,71.61149315342958,71.85569821738571,2191900
2014-01-23,71.03913116455078,71.36727435159425,70.71099379967491,71.36727435159425,2695200
2014-01-24,69.51289367675781,70.60416015131871,69.51289367675781,70.60416015131871,2621900
2014-01-27,69.21526336669922,69.78760569604513,68.94053858283979,69.51288091218572,2366300
2014-01-28,69.75708770751953,69.87155151862854,69.33736765956183,69.33736765956183,2278700
2014-01-29,69.11605834960938,69.64261514724987,69.00922158228624,69.19236949453058,2965800
2014-01-30,69.7952651977539,69.96315327665737,69.34502518812143,69.59685148430714,1504100
2014-01-31,69.283935546875,69.73417530714705,68.82606292665213,69.05499632568043,2241700
2014-02-03,67.76531982421875,69.3449840870008,67.64321735841627,69.23814734050663,3002600
2014-02-04,68.20794677734375,68.34530918070706,67.79585956725383,68.13163562484586,4169800
2014-02-05,68.1163558959961,68.2842438759235,67.65085043243957,67.98662057012835,4045000
2014-02-06,69.00923919677734,69.02449910078978,68.3071671688321,68.314794209754,1937200
2014-02-07,69.76472473144531,69.82577598755262,69.07028561527146,69.37553607363975,1694900
2014-02-10,69.7952651977539,69.82579083229722,69.5129074448554,69.63500998302864,1002900
2014-02-11,70.61940002441406,70.80254790618268,69.78759296333381,69.94785390981832,1129700
2014-02-12,70.64994812011719,70.94756570599519,70.48206008251051,70.77204480608783,1887300
2014-02-13,71.0009765625,71.03150218629501,70.07759827582855,70.18443504802741,1533700
2014-02-14,71.49699401855469,71.61145780807662,70.9017590243754,70.9017590243754,1436900
2014-02-18,71.61146545410156,71.7106751785017,71.40542478879661,71.55042003389408,1450000
2014-02-19,71.09256744384766,71.92436902305427,71.06204181403706,71.47412908322725,2249900
2014-02-20,71.51225280761719,71.6648808948904,70.97806905757648,71.21463531514219,1498000
2014-02-21,71.42070770263672,71.77174954832442,71.42070770263672,71.67253979195533,1419900
2014-02-24,71.90908813476562,72.38222070333917,71.57331212700359,71.60383774790621,1517700
2014-02-25,71.74122619628906,72.06936946250649,71.58097099495065,71.90911426116807,1577100
2014-02-26,71.7717514038086,71.96253223601205,71.5504449397923,71.86332247707811,1697300
2014-02-27,72.038818359375,72.038818359375,71.52752730414622,71.61146548473828,1349300
2014-02-28,72.25249481201172,72.58063797549646,71.85567336466995,72.02355555482063,1907800
2014-03-03,71.7564697265625,71.93961765455981,71.3443825219428,71.66489867364767,1907600
2014-03-04,72.74089813232422,72.89352043284286,72.42038780793452,72.42038780793452,4077900
2014-03-05,72.8095703125,72.93929982890013,72.6645750752489,72.83246307160984,943600
2014-03-06,73.10719299316406,73.43533614865667,72.98509050639146,73.03850888881271,2031000
2014-03-07,73.24456787109375,73.38955732115447,72.91642465963841,73.3208790272575,907600
2014-03-10,73.1529541015625,73.20637246615665,72.77902554940343,73.16821399623294,1051700
2014-03-11,72.66459655761719,73.29799025035491,72.56538680925566,73.19115346147967,1135100
2014-03-12,72.74089813232422,72.77905661853765,72.24486692238727,72.42038780793452,954500
2014-03-13,72.07697296142578,73.01561691658385,71.8861921904086,72.98509129456104,1393000
2014-03-14,71.93197631835938,72.3364305807945,71.85566518204139,71.86329222015665,1430900
2014-03-17,72.5882568359375,72.69509358277558,72.34405772571242,72.34405772571242,988500
2014-03-18,73.06905364990234,73.13010490928016,72.6340736156304,72.6340736156304,1775500
2014-03-19,72.72566986083984,73.1835427837005,72.29831675362247,73.03091459463356,1521600
2014-03-20,73.24456787109375,73.29798626262517,72.51959733211808,72.58828144818307,979000
2014-03-21,73.18351745605469,73.90084931881692,73.15299182880572,73.62613031791247,1401900
2014-03-24,73.03851318359375,73.53454437648261,72.75615553295428,73.3361307348936,1273100
2014-03-25,73.43192291259766,73.52395458295078,73.06380208226726,73.29387833260903,2882300
2014-03-26,72.94876098632812,73.8460477222024,72.94876098632812,73.70033239120215,1379200
2014-03-27,72.92579650878906,73.12519564233428,72.65737797387351,72.97181529412117,1263900
2014-03-28,73.30154418945312,73.63131700560179,73.06379718640903,73.17883530387144,800000
2014-03-31,74.00713348388672,74.068487952175,73.71570853614357,73.84608239294307,2164200
2014-04-01,74.32156372070312,74.3368994107836,73.99945571817723,74.19885479572496,1707300
2014-04-02,74.52096557617188,74.64367451535887,74.15285046077939,74.33690801847564,1600600
2014-04-03,74.61297607421875,74.69733698316188,74.41357703025479,74.61297607421875,908000
2014-04-04,73.95343780517578,75.11147833938709,73.89975411689225,75.11147833938709,1835300
2014-04-07,73.08686828613281,73.89979482829135,73.0101722454046,73.78475661828546,2100500
2014-04-08,73.33226776123047,73.46264164625383,72.787759902234,73.04850767228073,1614000
2014-04-09,73.96878814697266,73.96878814697266,73.27857083262327,73.56232501929622,1103000
2014-04-10,72.60369110107422,73.97646680673826,72.52700093031166,73.93045387449772,1540400
2014-04-11,72.0131607055664,72.66503584637243,71.92879977370025,72.22789549537694,3534900
2014-04-14,72.50397491455078,72.66502598505255,71.94412570187791,72.61134229488529,2610000
2014-04-15,73.04850006103516,73.0638357542872,72.08218755578228,72.66504336780137,2176900
2014-04-16,73.66205596923828,73.70806891435781,73.19423819023444,73.39363151981011,1653100
2014-04-17,73.8997573852539,74.10682137748158,73.5776552413071,73.61599739115785,1316500
2014-04-21,74.07615661621094,74.12217539529502,73.84608612512831,74.02247291651655,1174500
2014-04-22,74.35991668701172,74.54397425016634,74.01480802471123,74.10683388074632,3003600
2014-04-23,74.31388854980469,74.44426238656153,74.21418609139268,74.33689500910494,1477700
2014-04-24,74.4289321899414,74.63599619000728,74.1451721851039,74.62832541931337,1418200
2014-04-25,73.96878814697266,74.29089619156463,73.80773705021885,74.19886448581201,2012700
2014-04-28,74.10686492919922,74.33694136785066,73.40130576559561,74.26791609582047,2316600
2014-04-29,74.41358947753906,74.52095686122935,74.25253840200362,74.33689932505794,1363900
2014-04-30,74.6820297241211,74.70504204255415,74.26023083687967,74.29857299876419,1731400
2014-05-01,74.66667938232422,74.78171754758148,74.38291935483423,74.61299568534872,2869600
2014-05-02,74.55165100097656,75.01179787130957,74.44428359293502,74.58999901145636,2001200
2014-05-05,74.4979476928711,74.5823086128592,73.89975633374335,74.13749755311889,949400
2014-05-06,73.9381332397461,74.45962880197192,73.89978522436564,74.40594509109069,727600
2014-05-07,74.57464599609375,74.59765245840892,73.86141640890365,74.20653089688312,1879700
2014-05-08,74.4289321899414,74.91975619484477,74.2448687997899,74.41359064855361,1526300
2014-05-09,74.4212646484375,74.52096126744938,74.09149170729488,74.39825818644121,1193600
2014-05-12,75.02711486816406,75.08079855462032,74.62065183484057,74.69734197962336,1323800
2014-05-13,75.08081817626953,75.2341985059196,74.99645723963664,75.15750834109457,949100
2014-05-14,74.72804260253906,75.06548051544017,74.65901735486702,75.0117968121774,1334200
2014-05-15,74.14515686035156,74.66665798915996,73.74636463294866,74.62830999470013,1566400
2014-05-16,74.26022338867188,74.26022338867188,73.8000765346128,74.15285598442757,2491500
2014-05-19,74.5056381225586,74.55165105429934,74.06082694544843,74.07616263900036,1058000
2014-05-20,74.02245330810547,74.47493510088327,73.83839579377896,74.42892218507237,1112300
2014-05-21,74.53632354736328,74.62834942095232,74.2065505144696,74.24489267810318,813500
2014-05-22,74.72804260253906,74.86608724679833,74.46728900734497,74.57465641387053,1067200
2014-05-23,74.95809936523438,75.01178305865416,74.735693820757,74.75103536235338,767400
2014-05-27,75.32621002197266,75.40290016623968,75.18816542185884,75.19583619161043,839800
2014-05-28,75.37223052978516,75.51794591432697,75.21117945527853,75.31087606775876,1289200
2014-05-29,75.68666076660156,75.68666076660156,75.28786265135882,75.4872617089802,1195500
2014-05-30,75.73268127441406,75.78636496633739,75.50260496555202,75.57930096922843,1307000
2014-06-02,75.86306762695312,75.8784091706513,75.50261741414525,75.81705469802772,2020000
2014-06-03,75.91674041748047,75.9780948812866,75.6329862617736,75.75568933830215,986200
2014-06-04,76.03946685791016,76.09315056333361,75.76337755827953,75.79405479724794,1379100
2014-06-05,76.60694885253906,76.63762607857352,75.89371943771508,76.22349230373224,1484600
2014-06-06,76.98275756835938,77.02877634666322,76.67599691878353,76.76802277322255,986900
2014-06-09,77.06712341308594,77.26652252888356,76.92907877154678,76.96742678072948,632700
2014-06-10,77.07476806640625,77.09777452368567,76.83702687307525,76.98273638620583,1160200
2014-06-11,76.83702087402344,76.91371100932817,76.66062829684851,76.79100211197479,1166000
2014-06-12,76.3692398071289,76.81405099521804,76.2618723963605,76.73735497231056,1432000
2014-06-13,76.72968292236328,76.76802507916982,76.42291641248849,76.530283813282,1089000
2014-06-16,76.78337860107422,76.92908818140515,76.53796652510667,76.71435334631921,1242900
2014-06-17,77.05180358886719,77.09014575486175,76.55330862225058,76.66067604877281,927200
2014-06-18,77.61930084228516,77.67298454370378,76.92907764469966,77.09779952089663,1174700
2014-06-19,77.79568481445312,77.79568481445312,77.50425402403776,77.68064665250411,818000
2014-06-20,78.00273132324219,78.0947630023686,77.88769318710484,78.04874423726406,770700
2014-06-23,78.01810455322266,78.12547196360852,77.8800599040001,78.01810455322266,1112900
2014-06-24,77.41223907470703,78.2174946195592,77.38156183712913,77.91839886703058,1552400
2014-06-25,77.6806640625,77.73434776996342,77.2051756170489,77.22818208437816,1034700
2014-06-26,77.58861541748047,77.68064711780774,77.09012061343812,77.68064711780774,848500
2014-06-27,77.64994049072266,77.70362416615444,77.35851565996172,77.41219933539352,1313700
2014-06-30,77.66532135009766,77.81870754846393,77.5809662548527,77.64998565580362,1419400
2014-07-01,78.09477996826172,78.35552767247599,77.81869072198546,77.88004518806551,1241000
2014-07-02,78.07318878173828,78.19652997711938,78.00381377026034,78.02693877408632,959000
2014-07-03,78.43547058105469,78.47401616233344,78.25816914089441,78.25816914089441,1039500
2014-07-07,78.13484191894531,78.3044330840805,78.01150075112677,78.27359779212587,930400
2014-07-08,77.76486206054688,78.1580048723465,77.57214580316733,78.01924893178389,1303200
2014-07-09,77.98067474365234,78.07317474232256,77.76482769054985,77.93441886308638,1085000
2014-07-10,77.72631072998047,77.90360636680117,77.2175370634879,77.2175370634879,984300
2014-07-11,77.69547271728516,77.7879786210293,77.41796088728509,77.68776242166506,1160300
2014-07-14,78.04235076904297,78.21194196617866,77.98839046824813,78.11173165934015,1062600
2014-07-15,78.07318878173828,78.32757558628788,77.78797255957532,78.11173437560285,1080700
2014-07-16,78.55113220214844,78.59738221280921,78.27362037571929,78.43550129426426,634800
2014-07-17,77.69547271728516,78.64363323542507,77.64151241040916,78.36612728665736,1306500
2014-07-18,78.37384796142578,78.42010386351083,77.79569917584801,77.90361981199051,887000
2014-07-21,78.23506927490234,78.29673987226587,77.86505745318487,78.1271486701321,1418900
2014-07-22,78.5742416381836,78.6898725231558,78.4740313411976,78.54340634344226,1168500
2014-07-23,78.6205062866211,78.7207224835084,78.4200856553109,78.58967098613516,1266300
2014-07-24,78.6667709350586,78.82094157341811,78.59739003093381,78.71302095031987,1132600
2014-07-25,78.3353042602539,78.56656023400265,78.22738362959117,78.51259991867128,1517400
2014-07-28,78.36613464355469,78.4740552674381,77.93444626678813,78.32758904306793,1916100
2014-07-29,77.97298431396484,78.57425798342165,77.95756372277079,78.5125873811101,1520300
2014-07-30,77.85735321044922,78.30445625424261,77.55671637647181,78.21195035100637,2002300
2014-07-31,76.33875274658203,77.45651041898506,76.33104245057025,77.33316920772708,3421700
2014-08-01,76.17686462402344,76.6239676507628,75.76059689718666,76.23082492854493,3047900
2014-08-04,76.61626434326172,76.77043497560368,75.90707002451649,76.34646279604698,1412700
2014-08-05,75.87623596191406,76.53146998192543,75.60643441028971,76.32333903673884,2661400
2014-08-06,75.91478729248047,76.20000357663048,75.49080919275319,75.49080919275319,1936200
2014-08-07,75.50624084472656,76.33106633914564,75.30582013555764,76.28481631106581,2735500
2014-08-08,76.38501739501953,76.4312732987199,75.45998165828493,75.64498762938508,2333600
2014-08-11,76.5545883178711,76.89377074248891,76.50833830768947,76.64709421946655,2175300
2014-08-12,76.48522186279297,76.70877340574431,76.25396002353769,76.44667626250613,2953300
2014-08-13,76.96315002441406,77.00940591839222,76.60084845585253,76.70876907308065,852900
2014-08-14,77.27149200439453,77.27920229974798,76.97856547451687,77.04794048900152,1411300
2014-08-15,77.18672180175781,77.55673964448054,76.65482887196362,77.47965430927326,2323200
2014-08-18,77.78797149658203,77.80338620517807,77.47962439357484,77.57983470252864,2351800
2014-08-19,78.10401916503906,78.14256475647773,77.8650529655676,78.00380886102266,1298100
2014-08-20,78.3121566772461,78.38153757144522,77.93443455043936,77.97298014513133,886900
2014-08-21,78.68216705322266,78.77467294311825,78.35069496596944,78.38153026260132,828900
2014-08-22,78.42010498046875,78.71303158542295,78.2813490347044,78.57427563965861,1051600
2014-08-25,78.80552673339844,78.95198707523096,78.68218551792593,78.7823958445727,1173100
2014-08-26,78.90573120117188,79.14469743686516,78.73613998310603,78.86718560389058,1096900
2014-08-27,78.93656158447266,79.02135718822225,78.79009538140845,78.92885128925032,876300
2014-08-28,78.87489318847656,78.90572848899524,78.60509166047845,78.62821666555939,715500
2014-08-29,79.12158203125,79.13700262452656,78.7901098506017,78.97511580128841,765000
2014-09-02,78.99823760986328,79.25261855735242,78.71301547936643,79.25261855735242,1305900
2014-09-03,79.14468383789062,79.41448532880403,79.03676324152526,79.33740002871897,1421900
2014-09-04,79.03675842285156,79.51469666421048,78.79008194887979,79.28343489682335,822400
2014-09-05,79.38367462158203,79.39908933273917,78.72073029840229,79.01365686025014,1119300
2014-09-08,79.16011810302734,79.39908433894631,78.93656657729602,79.32970932125335,1033200
2014-09-09,78.63592529296875,79.04448272401847,78.4740443796037,79.04448272401847,1247800
2014-09-10,78.79782104492188,78.82865635059314,78.36613852799069,78.66677540674394,1239300
2014-09-11,78.95970153808594,78.96741183476804,78.42780281045081,78.51259843025447,767000
2014-09-12,78.48175048828125,78.89030792815284,78.26590926580059,78.87489321850374,1250700
2014-09-15,78.5665512084961,78.6744718267612,78.28903936689076,78.48946589276852,1206300
2014-09-16,79.12158203125,79.26033796457332,78.42780236463341,78.42780236463341,1101800
2014-09-17,79.16781616210938,79.58408387854743,78.85176463815927,79.2217764652829,1193200
2014-09-18,79.53014373779297,79.59181435169224,79.33742748028281,79.4376436981775,759600
2014-09-19,79.42991638183594,79.90785471529821,79.30657518046547,79.79222380932146,1202500
2014-09-22,78.81319427490234,79.3373824329481,78.72069428780786,79.29113243940087,1306500
2014-09-23,78.25819396972656,78.83634258495609,78.25048955601042,78.55883666037921,1650200
2014-09-24,78.72755432128906,78.77402221093422,78.01501910501867,78.34030615041104,929100
2014-09-25,77.55805969238281,78.58814119860041,77.52707913103741,78.5261800759096,1588400
2014-09-26,78.0382308959961,78.22410831074714,77.47284612708538,77.6354896036096,1137400
2014-09-29,77.77491760253906,77.9375611176683,77.32570832707474,77.43414324609878,1276400
2014-09-30,77.51934051513672,78.0537449128657,77.37219021972932,77.91433532689025,1931700
2014-10-01,76.57444763183594,77.4496262816005,76.41954483391021,77.38766516243021,3220500
2014-10-02,76.57444763183594,76.83002690777268,75.78445813475858,76.49699327840429,2979000
2014-10-03,77.34893798828125,77.48060092476116,76.8067871003462,77.07785958984518,2745100
2014-10-06,77.2869873046875,77.84462559202399,77.05463604865132,77.83687897443934,3284500
2014-10-07,76.08654022216797,77.09338811139203,76.07105289093766,76.97721244587544,2487500
2014-10-08,77.29474639892578,77.38768218919131,75.70702634724937,76.18721626306372,2347700
2014-10-09,75.65280151367188,77.23277473099301,75.61407433371801,77.13983304446658,3393400
2014-10-10,74.85506439208984,76.00906216007415,74.85506439208984,75.68377515040409,3120800
2014-10-13,73.80953216552734,75.18813523948275,73.77855159085031,74.94803726297089,3216400
2014-10-14,73.995361328125,74.83955927762953,73.7087956314181,74.13477086855855,3128100
2014-10-15,73.29059600830078,73.54618125171001,71.60994015122604,73.03501667383047,3688500
2014-10-16,73.437744140625,73.91793400791585,72.08237551945099,72.159823973159,3072400
2014-10-17,74.29743194580078,74.76212855433599,73.91793040487313,74.27419800171472,1896400
2014-10-20,74.90154266357422,74.92477660906725,74.10381235397564,74.2277286995846,2361300
2014-10-21,76.32662200927734,76.41955779485737,75.30428700532717,75.30428700532717,2433200
2014-10-22,75.86966705322266,76.74484586282992,75.85417972507025,76.5202471054576,2003600
2014-10-23,76.62091064453125,77.13207507283808,76.41953997450145,76.55894952930097,2243100
2014-10-24,77.21729278564453,77.24827335234978,76.47377691153514,76.76808934076561,2350300
2014-10-27,77.07014465332031,77.17857368537692,76.59770133838552,76.83004673181864,1668700
2014-10-28,77.89884185791016,77.93756312883276,77.26375510718668,77.37218412007083,1721800
2014-10-29,77.9298095703125,78.30931105283176,77.35667812935534,78.038238565318,2803000
2014-10-30,78.33255004882812,78.50294016881556,75.978080745871,77.71295068686246,2482300
2014-10-31,79.15351867675781,79.25420697643536,78.75078320486095,79.19224585493191,5087100
2014-11-03,79.20773315429688,79.53302608761209,79.04508964210815,79.23097300655621,1950900
2014-11-04,79.00633239746094,79.15348260780546,78.59585049519161,79.06828758179464,1954300
2014-11-05,79.63371276855469,79.6414593863918,79.2154840394213,79.45557601192935,1755700
2014-11-06,79.88929748535156,79.92027804757141,79.26969805883063,79.52528326544086,2873800
2014-11-07,80.02093505859375,80.12936403749802,79.7343693806689,79.92025269502153,1186400
2014-11-10,80.2378158569336,80.24556247447082,79.94350938883545,80.05968501614241,2443100
2014-11-11,80.29203796386719,80.36174571042643,80.16037499795779,80.29203796386719,1775300
2014-11-12,80.12162780761719,80.19133553676906,79.90476982169926,79.9357503781071,1314400
2014-11-13,80.05970001220703,80.36175315442028,79.73440701302901,80.20685031935005,1644100
2014-11-14,80.10615539550781,80.2533115886037,79.95125849357177,80.09066806888943,792800
2014-11-17,80.26879119873047,80.34623964225314,79.8815430721797,79.9280109565058,1536700
2014-11-18,80.66378021240234,80.85740426192373,80.30751267035541,80.32299999438482,1538600
2014-11-19,80.53987121582031,80.67928079073594,80.20683755957397,80.57859839566167,1870000
2014-11-20,80.76447296142578,80.76447296142578,80.17585412079728,80.17585412079728,1355300
2014-11-21,81.1672134399414,81.56994891023504,80.919374863852,81.47700722834985,1667400
2014-11-24,81.28339385986328,81.44604330181515,81.13624356367323,81.36858893557577,1671400
2014-11-25,81.18269348144531,81.41504471084104,80.98906942659461,81.41504471084104,1852800
2014-11-26,81.32212829589844,81.33761562516447,81.09752361343708,81.24467983169016,1454700
2014-11-28,80.89614868164062,81.17496786547375,80.74899837996223,81.0742854581213,861800
2014-12-01,80.4933853149414,80.68700935294436,80.23005355061032,80.41593688152757,1845200
2014-12-02,81.08975219726562,81.20592781252132,80.46241214739698,80.50888002992436,1350300
2014-12-03,81.4847412109375,81.5931702018553,81.08974651034445,81.08974651034445,2265700
2014-12-04,81.33759307861328,81.54671037384188,80.91937030603091,81.34533969556848,1280500
2014-12-05,81.5854263305664,81.77130967176817,81.37631495788573,81.44602268807064,2246000
2014-12-08,81.05879211425781,81.6319177678546,80.8186942238678,81.38407916827721,1656900
2014-12-09,81.02005004882812,81.05877722340392,80.12163159731703,80.28428100338563,1962900
2014-12-10,79.6801528930664,80.77219517899216,79.60270446849643,80.77219517899216,2477300
2014-12-11,80.05197143554688,80.8342146793735,79.88932785377031,79.9667763342915,2313600
2014-12-12,78.67333984375,79.811850411996,78.62686604514896,79.53303125614237,1951800
2014-12-15,78.05372619628906,79.19998317377392,77.7904003242222,79.08380756182915,2495500
2014-12-16,77.65873718261719,79.28518405141828,77.62001591508324,77.77491280309405,2796200
2014-12-17,79.30841064453125,79.42458625424258,77.82137938524968,77.90656852950522,3827700
2014-12-18,81.14398956298828,81.14398956298828,79.9667575720305,80.37723974052933,2906200
2014-12-19,81.56220245361328,81.82553426500483,81.13623303924315,81.22916881237377,3174700
2014-12-22,81.92621612548828,81.94170936020166,81.52348065700646,81.66289022473819,3048700
2014-12-23,82.21277618408203,82.39865362520418,82.08885395070907,82.32120518381473,2073500
2014-12-24,82.20343780517578,82.39819576674783,82.13332779190966,82.36703972321266,972300
2014-12-26,82.34365844726562,82.57737036344646,82.328080426506,82.38261241447607,1258600
2014-12-29,82.49168395996094,82.68644192680257,82.25797202233439,82.25797202233439,1601200
2014-12-30,82.21125030517578,82.40600831535332,82.18788029492133,82.34368432564624,1480200
2014-12-31,81.33090209960938,82.33585359995159,81.23741616578468,82.3280616195813,3433300
2015-01-02,81.35429382324219,81.82950371256399,80.8635059125592,81.62695377362162,2205400
2015-01-05,79.9130630493164,81.04265649324161,79.69493515202377,80.91022254753386,2345600
2015-01-06,79.15740966796875,80.24805521126272,78.7678938270452,80.00655134828288,2395000
2015-01-07,79.97541809082031,80.17017606675525,79.45346219822298,79.92088015175847,4604000
2015-01-08,81.38542938232422,81.47890936721917,80.6219758256265,80.6219758256265,1877700
2015-01-09,80.63758850097656,81.51010036957845,80.43503855567626,81.49452234772828,1756300
2015-01-12,80.07669067382812,80.74665859134006,79.76507672138554,80.60643260991799,2681300
2015-01-13,79.83518981933594,81.1128016293215,79.20416995380705,80.60642971771392,1710400
2015-01-14,79.28984832763672,79.344380310857,78.25373470291092,78.94707246537185,2543500
2015-01-15,78.61988067626953,79.63262430154077,78.54197869206568,79.49239835255769,1943400
2015-01-16,79.60145568847656,79.69494162785819,78.40953819317534,78.50301818901706,2366000
2015-01-20,79.52354431152344,79.94422207370916,78.96264062860915,79.81957416926633,2577800
2015-01-21,79.99877166748047,80.16236762044282,79.17299397749936,79.28984992776977,2533600
2015-01-22,81.22964477539062,81.28417676472617,79.78065106682598,80.40387295301205,1796100
2015-01-23,80.56747436523438,81.15174826625703,80.5441043601601,81.05047626308803,2104000
2015-01-26,80.8946762084961,80.91805215996833,80.14680623702412,80.61423016979353,1578100
2015-01-27,79.99877166748047,80.45060556176388,79.6248338153233,79.70273580099006,1621600
2015-01-28,78.63546752929688,80.44282096953707,78.56535158045817,80.44282096953707,2630100
2015-01-29,79.22750091552734,79.35214880802148,78.00442170223722,78.68218124471213,1736100
2015-01-30,78.12128448486328,79.14181393435612,78.01222054111011,78.5497542235644,2986300
2015-02-02,79.20415496826172,79.23531695084615,77.66167546334518,78.46407719838788,1744000
2015-02-03,80.47401428222656,80.52075430395486,79.58591820813126,79.62486624505719,1854600
2015-02-04,80.13902282714844,80.65318084911193,79.93647284586953,80.21692483731958,1766200
2015-02-05,81.01152038574219,81.05826633833207,80.44283046384692,80.45840848568267,1604700
2015-02-06,80.77777099609375,81.51005649975266,80.58301313831055,81.2373966875638,1671700
2015-02-09,80.43502807617188,80.82454395063276,80.24027013894144,80.50513808067537,1218900
2015-02-10,81.12836456298828,81.22963654905791,80.42723481143571,80.89465266462393,1422400
2015-02-11,80.9881591796875,81.19070914680496,80.56748122192444,81.01932117028572,1492800
2015-02-12,81.85285949707031,81.89181345901801,81.30753969104325,81.43997365200123,1330900
2015-02-13,82.10216522216797,82.1333272090233,81.689279297532,81.91519924457722,1519600
2015-02-17,82.26577758789062,82.29693958095534,81.78278155424367,81.96974756908952,1993500
2015-02-18,82.14112091064453,82.18006893737284,81.88403897136385,82.04763494812208,2126900
2015-02-19,81.82946014404297,82.07874995788049,81.6580722826163,81.82946014404297,1451700
2015-02-20,82.32030487060547,82.32809685431056,81.31535294016454,81.75161487451805,1769800
2015-02-23,82.1800537109375,82.18784569225602,81.91518578151108,82.07098974663954,1062700
2015-02-24,82.4760971069336,82.5929471196941,82.12552923802959,82.20343122771686,1148000
2015-02-25,82.38260650634766,82.5851564229423,82.22680253576131,82.42934650881546,2796500
2015-02-26,82.06321716308594,82.31251307588344,81.83730314331115,82.28135108678376,1134000
2015-02-27,81.8450698852539,82.18784574098808,81.80612186571884,82.03204177576724,2359900
2015-03-02,82.21125030517578,82.21125030517578,81.75941029511363,82.00091426934287,1764100
2015-03-03,81.82946014404297,82.07095797957801,81.5100544125591,82.07095797957801,1198500
2015-03-04,81.50230407714844,81.75159400017905,81.07383423590491,81.73601003674806,1239800
2015-03-05,81.61133575439453,81.68923771010289,81.37762394373122,81.59575179712992,1849400
2015-03-06,80.43502807617188,81.42439578214467,80.29480212362434,81.15173585873016,1528800
2015-03-09,80.77777099609375,80.93357490490506,80.52068919737077,80.55964314634267,1329700
2015-03-10,79.48462677001953,80.18575669487305,79.4768347865373,80.18575669487305,2359100
2015-03-11,79.5391616821289,79.7806656305932,79.40672767578722,79.68717965600617,1874900
2015-03-12,80.51292419433594,80.5440861752465,79.78842448290077,79.78842448290077,1978700
2015-03-13,80.0533218383789,80.35714381198015,79.48462592108778,80.34935182858113,1683300
2015-03-16,81.07383728027344,81.11279124677309,80.39607749054903,80.45060947752404,1366900
2015-03-17,80.78558349609375,80.94918538054053,80.44281359571119,80.8479074574506,1952700
2015-03-18,81.85285949707031,82.14888939983642,80.42723007676224,80.47397601980751,2025900
2015-03-19,81.23745727539062,81.72045926259511,81.06606928175218,81.61139525637839,1161700
2015-03-20,82.01646423339844,82.19564415661492,81.54125437567293,81.64253231018081,1156600
2015-03-23,81.94635009765625,82.39818398681629,81.9307661345753,82.0164601008992,1157700
2015-03-24,81.33090209960938,81.90738383267949,81.29974012166781,81.90738383267949,1018800
2015-03-25,80.31631469726562,81.53762157006408,80.31631469726562,81.46715868656159,1434000
2015-03-26,80.08927154541016,80.4572230921943,79.67433678568177,80.07361047442873,1432300
2015-03-27,80.23800659179688,80.30846945715777,79.90919581464016,80.05011557241414,1254000
2015-03-30,81.31838989257812,81.46713420558667,80.73122525594832,80.73122525594832,967300
2015-03-31,80.69991302490234,81.19312919344766,80.60596452820178,80.73122919046921,3009900
2015-04-01,80.40240478515625,80.6920748093657,80.0422778748389,80.63727301807714,1688600
2015-04-02,80.69208526611328,80.94260862631837,80.2928116075855,80.30064214248355,1280600
2015-04-06,81.25576782226562,81.48280556051088,80.30847613900335,80.36327793975576,1184000
2015-04-07,80.99740600585938,81.45931197247596,80.99740600585938,81.10700959666038,1781400
2015-04-08,81.09134674072266,81.38101078600008,80.84082341815852,81.15397906460049,1171400
2015-04-09,81.435791015625,81.53757000821676,80.78600023950617,81.06000911774248,1889400
2015-04-10,81.94469451904297,81.95252505321973,81.55325143146987,81.63936938857175,1044900
2015-04-13,81.60806274414062,82.10128491470196,81.60806274414062,81.80378431075748,1790600
2015-04-14,81.889892578125,81.96035543969387,81.36536027522973,81.59239798236668,1543900
2015-04-15,82.32831573486328,82.57883908017618,82.07778641660268,82.10127801990039,1595300
2015-04-16,82.2578353881836,82.50835868025149,81.98382647075722,82.22651923005681,1923600
2015-04-17,81.42017364501953,81.87424912385512,81.06004667065113,81.87424912385512,2696000
2015-04-20,81.92903137207031,82.21087084526098,81.8115972627497,81.90554574479557,1227700
2015-04-21,81.67069244384766,82.32831999239491,81.52194214667486,82.19522479194914,1095800
2015-04-22,82.06212615966797,82.10909741741388,81.39667412549576,81.81160283011087,1197700
2015-04-23,82.2265396118164,82.49272403540091,81.85858212880285,81.89772882940136,1001200
2015-04-24,82.2500228881836,82.35180191764664,82.06213187117544,82.320485752654,1566900
2015-04-27,81.8429183959961,82.50837042531478,81.76463097600812,82.45356863402847,2824700
2015-04-28,82.359619140625,82.359619140625,81.45930486233567,81.83508686286837,1945500
2015-04-29,82.09346771240234,82.38313782830194,81.80379759650275,81.97603355877013,1469000
2015-04-30,81.4123306274414,82.03864194863205,81.1383216642758,81.9760096219235,2506800
2015-05-01,82.1247329711914,82.18736527735922,81.6863128009622,81.72545948555344,1301700
2015-05-04,82.51619720458984,82.6414558762817,82.29699004941887,82.38310799937132,1650300
2015-05-05,81.56108093261719,82.61014552701111,81.52976476925429,82.43791558793627,1928900
2015-05-06,81.3340072631836,82.0151200760165,80.83296081682771,81.89768600857018,1837100
2015-05-07,81.57673645019531,81.79594959487065,81.09135084792571,81.22444006319657,1488400
2015-05-08,82.58667755126953,82.68062606144048,82.1012918477581,82.32049906520825,888800
2015-05-11,82.1874008178711,82.67278646820454,82.1169379497255,82.5162116080224,951700
2015-05-12,81.9838638305664,82.17958542833878,81.49064158149255,81.81162786885484,1654500
2015-05-13,81.96818542480469,82.42226086912508,81.88206746215951,82.17956805055117,1406400
2015-05-14,82.71190643310547,82.73539205724626,82.35177959273909,82.39875084102067,1376400
2015-05-15,82.8136978149414,82.8136978149414,82.55534394624492,82.77455709034788,746400
2015-05-18,83.08769226074219,83.1972958271686,82.71191031097914,82.7275654034916,834700
2015-05-19,83.08769226074219,83.28341376835314,82.95460306907387,83.07986770095916,833500
2015-05-20,83.09553527832031,83.36954423555537,82.96244606665574,83.04856402077924,1570000
2015-05-21,83.20514678955078,83.34606654854905,82.91548270985002,83.03291086489202,842600
2015-05-22,83.00157928466797,83.21296187038257,82.94677749817654,83.0485565109083,816400
2015-05-26,82.14041900634766,82.89981957912431,81.96818308597179,82.72758365874844,907500
2015-05-27,82.82935333251953,82.9232958436066,82.19521151794667,82.32830669689841,1264200
2015-05-28,82.80586242675781,82.845009122004,82.42224989972306,82.73540554285121,1073400
2015-05-29,82.42224884033203,82.82152242951214,82.23435784604898,82.82152242951214,2398400
2015-06-01,82.50836181640625,82.82151743663081,82.21086726231358,82.73539949174538,1707300
2015-06-02,82.42224884033203,82.6649416234871,82.03863631822792,82.28915963492099,882800
2015-06-03,82.5788345336914,82.91547582038524,82.39093755534087,82.65712195486378,1615800
2015-06-04,81.92903137207031,82.52402647913362,81.79594216888219,82.35961514231663,879800
2015-06-05,81.92122650146484,82.22655169757702,81.6237318412129,81.92905703732508,1473900
2015-06-08,81.47496795654297,81.93687392819429,81.45148232582214,81.87424159764025,902100
2015-06-09,81.52193450927734,81.76463328291904,81.28707224268702,81.4593081552884,755900
2015-06-10,82.46922302246094,82.68843615867578,81.86640332347497,81.93686618192369,959700
2015-06-11,82.7823715209961,82.88415053296839,82.56316437666607,82.71191464158146,919900
2015-06-12,82.1717300415039,82.46922462988746,82.03081029480698,82.42225337197094,974700
2015-06-15,81.82723236083984,81.97598259449293,81.34184692124843,81.68631265868046,2223100
2015-06-16,82.26569366455078,82.29700983323876,81.64721277209728,81.84293434668578,748700
2015-06-17,82.37528991699219,82.63364380590015,81.9760162680388,82.39877554817511,923200
2015-06-18,83.07987976074219,83.31474202019983,82.56317203863027,82.56317203863027,2716200
2015-06-19,82.5240478515625,83.05640480218706,82.5240478515625,83.05640480218706,792400
2015-06-22,83.03289794921875,83.2990823294543,82.95461053371898,83.11119133766546,1264800
2015-06-23,83.09553527832031,83.24428555779676,82.92329937007332,83.15816760367326,1430800
2015-06-24,82.46922302246094,83.07204869439413,82.45356792777635,82.98593074126082,745900
2015-06-25,82.14824676513672,82.74324193189086,82.14041623094393,82.74324193189086,604700
2015-06-26,82.21086883544922,82.39092928878487,81.98383115576563,82.36744366208428,1169100
2015-06-29,80.64509582519531,81.82724949157672,80.59811859934375,81.57672618783964,2245100
2015-06-30,80.75471496582031,81.28707783551319,80.48853054449995,81.27141676622783,2221600
2015-07-01,81.24790954589844,81.49843283136391,80.89561322891288,81.33402748524091,1695600
2015-07-02,81.16436004638672,81.59008933276324,81.01457075268895,81.42452894610174,1075600
2015-07-06,80.75440216064453,81.12494465287897,80.34444396566981,80.43904646417418,1340000
2015-07-07,81.30626678466797,81.39298974801434,79.76103055171968,80.88842306031324,3009000
2015-07-08,79.95811462402344,80.84110919715732,79.80043981431416,80.58094034771942,1906100
2015-07-09,80.14736938476562,81.0618945389046,80.11583320497996,80.75442430463353,1539600
2015-07-10,80.89630126953125,81.19588583352348,80.6203673270504,80.94360251255401,1030600
2015-07-13,81.66104125976562,81.71622805129064,81.40875792494994,81.44817362466259,895300
2015-07-14,82.00794219970703,82.12620135045817,81.47972480991692,81.62952013519572,917200
2015-07-15,81.88968658447266,82.15773503747654,81.68470446370432,82.10254823745163,664900
2015-07-16,82.37847137451172,82.43365816725928,82.20502545018815,82.2996339584308,1840100
2015-07-17,82.03158569335938,82.25233286476025,81.86601929989942,82.25233286476025,721300
2015-07-20,81.80294036865234,82.11041045499,81.73198249454684,82.11041045499,782000
2015-07-21,81.47972106933594,81.89756483655198,81.29051004576661,81.70046826598517,1829400
2015-07-22,81.4403076171875,81.59798247203896,81.30627737416258,81.32993401580943,1349700
2015-07-23,81.05397033691406,81.59007310778902,80.90418107300333,81.58219357778368,1497300
2015-07-24,80.16310119628906,81.03032472827252,80.04484207490296,81.01455965237845,1276600
2015-07-27,79.74526977539062,80.02908930439425,79.48510087131902,79.86352891496041,1788700
2015-07-28,80.72286224365234,80.80169966038417,79.73737949723125,80.13945814194567,1607500
2015-07-29,81.48757934570312,81.53488058203813,80.65189209094213,80.70707887163563,1174700
2015-07-30,81.47972106933594,81.54279341549572,81.08552792820232,81.25897387268672,2346800
2015-07-31,81.13282775878906,81.72411741629294,81.03821924822104,81.72411741629294,2124700
2015-08-03,80.77018737792969,81.18803723851227,80.43118097230567,81.06977807098554,3777000
2015-08-04,80.55731201171875,81.00669196009807,80.39175161125374,80.86478218614091,1460800
2015-08-05,80.76226043701172,81.41661621871944,80.65188688275222,81.08549555594094,1989800
2015-08-06,80.54154968261719,80.88843557476089,80.178886680746,80.88843557476089,1162100
2015-08-07,80.2734603881836,80.55727982268952,80.0054120416545,80.48632195660919,1207500
2015-08-10,81.4403076171875,81.4403076171875,80.69922256658323,80.81748171517691,1298200
2015-08-11,80.76226043701172,80.85686290357266,80.34441683661396,80.72283873267293,1162500
2015-08-12,80.85686492919922,80.95147341303789,79.57179793532292,80.22615974833131,2379700
2015-08-13,80.65980529785156,80.93574533143882,80.47847980625419,80.8174861763172,810500
2015-08-14,81.0382080078125,81.0382080078125,80.51787029422603,80.62824386712462,1790400
2015-08-17,81.33779907226562,81.36144969479318,80.49422611763127,80.80169624030769,1062700
2015-08-18,81.1091537475586,81.32990689160184,80.96724401955629,81.1722260744281,1256700
2015-08-19,80.23407745361328,80.8647889494875,79.89507107719024,80.73865025925902,1568700
2015-08-20,78.68095397949219,79.768924891995,78.6572973383184,79.6033644932387,1444000
2015-08-21,76.48135375976562,78.30252411923954,76.47346821288849,77.90044543724441,3975400
2015-08-24,73.23320007324219,75.71661802449061,70.71036641747514,75.71661802449061,5195000
2015-08-25,72.03485870361328,75.80334427130114,71.9954369824811,73.95851719367926,4685300
2015-08-26,74.470947265625,74.60497145361443,72.4132591468381,74.09252532131266,5042800
2015-08-27,76.52865600585938,76.61537897790527,75.06225704296875,75.21205236103165,5707100
2015-08-28,76.65477752685547,76.85187403739825,76.15809047074646,76.29211465433758,2507800
2015-08-31,76.2921371459961,76.65480012543053,75.76391978559583,76.2921371459961,3253800
2015-09-01,73.95059967041016,75.5352509953438,73.4854488626369,75.5352509953438,3321800
2015-09-02,75.04647827148438,75.04647827148438,73.97427264446195,74.68382137041928,2862700
2015-09-03,75.2672348022461,76.18964525342673,75.01495144769473,75.40125901859003,3025000
2015-09-04,74.04522705078125,74.53402863764025,73.6668050605561,74.51825754601724,2143700
2015-09-08,75.79544830322266,75.84274955014988,75.00706210825265,75.35395395881044,2496600
2015-09-09,74.70748901367188,76.58384628102054,74.57345876857462,76.48923775770078,3624700
2015-09-10,75.01496887207031,75.55107187688094,74.47886586725969,74.60500456637988,1919800
2015-09-11,75.18052673339844,75.20417736274473,74.43944160102345,74.72326118300064,1506300
2015-09-14,74.8887939453125,75.16472787729573,74.67593234489932,75.16472787729573,2328200
2015-09-15,75.91371154785156,76.08715748252638,75.07802406068345,75.12532531017307,3563700
2015-09-16,76.68632507324219,76.77304803874848,75.98466181771629,75.99254736410127,1732400
2015-09-17,76.36307525634766,77.57719052649243,76.18174381360497,76.52863560933444,2366400
2015-09-18,74.87303924560547,75.65353990849188,74.69959331720639,75.13320813820408,2498100
2015-09-21,75.30664825439453,75.74814862284676,74.99129858181223,75.32241934696931,2068600
2015-09-22,74.3369369506836,74.62864201566592,73.9033221263733,74.28175015621768,1831900
2015-09-23,74.147705078125,74.66803670596707,73.94272303568647,74.48671129585081,1434200
2015-09-24,74.02159118652344,74.17926604473595,73.1228312619095,73.61163294622474,1978100
2015-09-25,74.17694091796875,74.8349188701409,73.83606128415705,74.66844361383482,1861700
2015-09-28,72.44084167480469,73.81228950850245,72.31400595995616,73.81228950850245,2573600
2015-09-29,72.66283416748047,73.01163701258635,72.25060437578747,72.63904679445413,3115300
2015-09-30,73.94705200195312,74.00254375946841,73.12259871304883,73.38420530482719,2923200
2015-10-01,74.0025405883789,74.40684111760727,73.20186865155542,74.17694497542439,2529600
2015-10-02,75.11239624023438,75.11239624023438,72.88479043490261,73.18603058549819,3229300
2015-10-05,76.68994140625,76.79300184728346,75.6355980152195,75.72279416418544,2592400
2015-10-06,76.69786071777344,77.03081121972163,76.47589371647464,76.721642032463,5868400
2015-10-07,77.49063110351562,77.69674598458735,76.69788807432364,77.17353268220897,2512600
2015-10-08,78.322998046875,78.44983376115395,77.26071945506668,77.27657769944412,2668500
2015-10-09,78.12480926513672,78.53703288056104,77.83942135901684,78.42604936686419,2045900
2015-10-12,78.04554748535156,78.21995191652942,77.79186996222445,78.06140573263094,1386600
2015-10-13,77.5381851196289,78.25165497612024,77.44305983752918,77.63331644987731,2550200
2015-10-14,77.22107696533203,77.68086318032083,77.07045390199322,77.49060660694107,1966100
2015-10-15,78.40229797363281,78.40229797363281,77.2766041632588,77.41136904587746,1782400
2015-10-16,78.66390228271484,78.70353580973612,78.16447024741669,78.59255225703653,4063600
2015-10-19,78.51321411132812,78.52906629937404,78.15647637477252,78.3863724143808,1680900
2015-10-20,78.52119445800781,78.79072416764922,78.25958782348602,78.33886091172474,1487500
2015-10-21,78.00592041015625,78.79866349146242,77.9187181873606,78.68767994393153,3432400
2015-10-22,79.1474609375,79.34564669431242,78.18824260030576,78.18824260030576,1818500
2015-10-23,79.7816390991211,79.91640393064495,79.34562811695817,79.726147342132,2235400
2015-10-26,79.32186126708984,79.74201408208963,79.23465905475227,79.646888794557,2988600
2015-10-27,78.94925689697266,79.09987997267537,78.65594591563318,78.90962338367842,1830800
2015-10-28,80.13047790527344,80.13047790527344,79.06027587773966,79.06027587773966,3155000
2015-10-29,79.89262390136719,80.16215961690905,79.68650906573494,79.79749862965076,2495200
2015-10-30,79.50418853759766,80.1304561730508,79.50418853759766,80.03532484488058,2171100
2015-11-02,80.63780212402344,80.79634827172521,79.55174226300797,79.56760050666685,1912000
2015-11-03,81.00247955322266,81.2799383921244,80.44756187541918,80.46341407414968,2014600
2015-11-04,80.74087524414062,81.17688632368088,80.48719772008519,81.1451758771553,1739400
2015-11-05,80.52684783935547,80.85979849926703,80.17010980532162,80.77259627193543,2446700
2015-11-06,80.52684783935547,80.68539404460383,79.9322904974491,80.41586428605162,2884600
2015-11-09,79.72615051269531,80.39205767119444,79.34563127238894,80.31277854535901,1437000
2015-11-10,80.04325866699219,80.09082130979547,79.49626408215889,79.61517673731598,3021800
2015-11-11,79.61518096923828,80.19388602941764,79.59932877017754,80.138388212332,2249800
2015-11-12,78.37850189208984,79.25844709813636,78.3309331997704,79.17124488505794,3088400
2015-11-13,77.77600860595703,78.34678447782873,77.64916683525287,78.10895918183269,2140400
2015-11-16,78.9889144897461,79.0047727372022,77.5857619973462,77.5857619973462,2441200
2015-11-17,78.79070281982422,79.4566098865339,78.58458800772988,79.09987201389208,3258500
2015-11-18,79.90057373046875,79.98777595090684,78.8065904851766,78.83037180926888,2457700
2015-11-19,79.8292007446289,80.00360513533212,79.62309196302314,79.81334854917763,2101500
2015-11-20,79.88468170166016,80.31276349874807,79.76577513148047,80.10665474500527,1948500
2015-11-23,79.79749298095703,80.1383665780085,79.61515947616088,79.86883692969406,2320700
2015-11-24,80.10670471191406,80.28903226534854,79.27432191257175,79.35359502485416,2331100
2015-11-25,79.97190856933594,80.17802343484513,79.82129151790323,80.11460254574247,2245500
2015-11-27,80.02741241455078,80.13839596315778,79.78166399237098,79.91642886594379,655800
2015-11-30,79.86090087890625,80.2176387360809,79.82126737131821,80.13835962461073,5004400
2015-12-01,80.66951751708984,80.73293235117613,80.06703123215843,80.08288342864296,3153000
2015-12-02,79.64689636230469,80.72502740987375,79.52798369344126,80.61404386510777,2147400
2015-12-03,78.5608139038086,79.86884079393437,78.26750292505741,79.86884079393437,4351600
2015-12-04,79.83712768554688,79.97189251171882,78.56081127733569,78.7035052250906,3685200
2015-12-07,79.13159942626953,79.52797089325107,78.69558839333038,79.52797089325107,3072200
2015-12-08,78.25956726074219,78.8224139019424,77.99003157377248,78.27541945496517,2895100
2015-12-09,77.9504165649414,79.20295189099268,77.45891375331212,78.0693292183524,4408700
2015-12-10,78.10103607177734,78.71145155602439,77.8315063605039,78.0534734281759,4686400
2015-12-11,76.59483337402344,77.43513904644522,76.47592071045543,77.1973137193092,4273800
2015-12-14,76.78507232666016,76.93569540237446,75.87341684675151,76.69787012999902,5534600
2015-12-15,77.98212432861328,78.27543534237655,77.43512977061366,77.52233197690776,4901000
2015-12-16,78.9809799194336,79.12367389595171,77.8315050322562,78.43399138290484,4215300
2015-12-17,77.7680892944336,79.14746046004528,77.75223709516993,79.10782693781147,3991000
2015-12-18,76.39663696289062,77.4430573696825,76.39663696289062,77.4192760499154,5048700
2015-12-21,76.9911880493164,77.0942424428579,76.388701787644,76.90398585164745,3763300
2015-12-22,77.7680892944336,77.90285415669725,76.91192537861285,77.37171778319984,4576200
2015-12-23,79.028564453125,79.05234577928728,78.14861909621986,78.19618174854443,3450900
2015-12-24,78.8665542602539,79.15386459983796,78.71491655633747,78.93838488959467,1506700
2015-12-28,78.52335357666016,78.54729508258768,78.06844669737443,78.48344700752257,3340800
2015-12-29,79.29751586914062,79.37732293979076,78.96232251907657,79.03414705599492,3605700
2015-12-30,78.69891357421875,79.2017033429223,78.62708298504047,79.0899722832104,2082500
2015-12-31,78.10035705566406,78.76276701844684,78.07641555392988,78.42756772750874,2583700
2016-01-04,77.1905517578125,77.1905517578125,76.20093101675744,76.84737598864758,6721900
2016-01-05,77.34220123291016,77.4379672647931,76.75959815377382,77.27835315239614,4033200
2016-01-06,76.16104125976562,76.61594820869924,75.69815177800483,76.18498276935868,2907500
2016-01-07,74.3653564453125,75.58642216983134,74.13391169985181,74.81228087026354,3897200
2016-01-08,73.40766906738281,74.96392831324833,73.30391439173216,74.84421465843803,3665100
2016-01-11,73.37571716308594,73.95831405901602,72.64945906481294,73.80668250345336,5683700
2016-01-12,73.7987060546875,74.24563040498965,72.82504421533984,74.03812720425468,5280600
2016-01-13,72.23445129394531,74.39725421355342,71.99502410005775,74.18176852127733,3798700
2016-01-14,73.37571716308594,73.85456551164292,71.94714855952184,72.5137864823511,6273700
2016-01-15,71.74765014648438,72.04293690703281,70.83783617554516,71.4124568074834,7404400
2016-01-19,71.57206726074219,72.56967078183366,70.95754617086085,72.4339981642985,6521900
2016-01-20,70.40685272216797,71.04531519214493,68.75482187166035,70.39088765930828,6228500
2016-01-21,70.77397918701172,71.667834067517,70.0397445113582,70.55051698910745,7213800
2016-01-22,72.1386947631836,72.28234989273372,71.52417376331726,71.99503963363347,7093600
2016-01-25,70.80587768554688,71.97905989022004,70.7340470970536,71.82742227253449,5091400
2016-01-26,72.1386947631836,72.2424433221801,71.141091388221,71.141091388221,2963500
2016-01-27,71.77157592773438,73.04052447107347,71.37253458622331,71.97907913020866,2866300
2016-01-28,72.0748519897461,72.5936070006787,71.46033094465798,72.4659169255086,3488100
2016-01-29,73.97428131103516,74.02216432064232,72.48186459311012,72.48186459311012,7014300
2016-02-01,73.76680755615234,74.14989005253145,73.10439724412689,73.50343872044732,3434700
2016-02-02,72.3062973022461,72.93678341735881,72.05091106096269,72.91284190862729,3967300
2016-02-03,72.94477844238281,73.13631663392603,71.125150400499,72.72929264911855,4954900
2016-02-04,73.27197265625,73.79072764260455,72.73725869458839,72.81706574889957,2677600
2016-02-05,72.3062973022461,73.19216965864221,72.05889359350263,73.09639753482783,3545000
2016-02-08,71.36455535888672,71.59600007834621,70.47070660940231,71.572058570969,5107600
2016-02-09,71.11713409423828,71.65184792318469,70.47068919921013,70.66222729979505,4419800
2016-02-10,70.96551513671875,72.09081471259299,70.91763212119662,71.48427013079791,3280100
2016-02-11,69.76042175292969,70.24724666810053,69.08204648934966,69.76839819707655,3495800
2016-02-12,71.39646911621094,71.39646911621094,70.28713478231631,70.48665543357632,3095800
2016-02-16,72.48986053466797,72.5377435531333,71.73966077130642,72.21850922262486,3703800
2016-02-17,73.62311553955078,73.8385951498247,73.06446018781347,73.06446018781347,2104400
2016-02-18,73.46351623535156,73.82265102097955,73.26399555691648,73.77476800659926,1713500
2016-02-19,73.32782745361328,73.37571655029001,72.77715459737088,73.08042379485056,1550800
2016-02-22,74.49301147460938,74.53291803186781,74.05406978919538,74.07801128799613,1711100
2016-02-23,73.49544525146484,74.26161013023392,73.36775516426253,74.14987902059859,1642600
2016-02-24,73.76680755615234,73.86257970246955,72.31429682590152,72.76920386535124,2148900
2016-02-25,74.65265655517578,74.67659806197506,73.655053179287,73.93438090675829,1211000
2016-02-26,74.62073516845703,75.18737317543331,74.5409281133272,75.05968310500316,1755300
2016-02-29,73.97428131103516,75.01178508214306,73.97428131103516,74.59678479147736,2657800
2016-03-01,75.68221282958984,75.68221282958984,74.30950908669294,74.53297135388264,2205100
2016-03-02,76.37652587890625,76.40047347893797,75.4268114332043,75.53854254446337,1725700
2016-03-03,76.89527893066406,76.90326146379873,76.09719610608241,76.352582366393,1586900
2016-03-04,77.28633880615234,77.63749720193961,76.6638351691759,76.97508698766413,1732600
2016-03-07,77.70133209228516,77.78912167632068,76.8473838475751,76.86334282245075,1615000
2016-03-08,76.4962158203125,77.24641541107043,76.4323677511231,77.22247390734616,1627600
2016-03-09,76.9112319946289,77.22248376053257,76.60795667172641,76.87132542407191,1109600
2016-03-10,76.94314575195312,77.46987709737311,76.12111556609041,77.12670133865745,2724400
2016-03-11,78.29191589355469,78.34778144202559,77.64547081997871,77.64547081997871,1342900
2016-03-14,78.0764389038086,78.28393604015085,77.75720457781269,78.02057335342593,1116100
2016-03-15,77.797119140625,77.82903709650265,77.35018860278159,77.5018262932007,1054300
2016-03-16,78.28395080566406,78.41962952980296,77.58962256121733,77.61356407462729,1751600
2016-03-17,79.03413391113281,79.30548521287946,78.09239602075593,78.30788177345006,1250800
2016-03-18,79.40126037597656,79.66462917560204,79.17779815407212,79.32145330942339,1236400
2016-03-21,79.4411392211914,79.53691132095499,79.08998094427837,79.25757755219956,1056100
2016-03-22,79.3134536743164,79.60076392306831,78.93835993350632,79.05806746307998,1434700
2016-03-23,78.65499114990234,79.35361351299399,78.59878057768759,79.18498179634972,1329100
2016-03-24,78.56665802001953,78.59075351611834,77.9081887026528,78.12500528209259,2165100
2016-03-28,78.638916015625,78.80754769453587,78.29362082742898,78.69512657526195,1727600
2016-03-29,79.2010498046875,79.21711347115415,78.12501695818251,78.4703122692911,1431700
2016-03-30,79.51421356201172,79.86754066037446,79.32952430713512,79.61860900097865,1309700
2016-03-31,79.3455810546875,79.68285061180748,79.25724928097665,79.49815523227765,3175100
2016-04-01,79.7069320678711,79.77116833887982,78.59877215370243,78.8155887136451,1387700
2016-04-04,79.32952117919922,79.72299517000225,79.15285763698364,79.5945164925226,936400
2016-04-05,78.4140853881836,78.81559119546924,78.33378545202496,78.68710639642147,1694200
2016-04-06,79.17696380615234,79.20908501396102,78.26956265990984,78.50243682165221,2362600
2016-04-07,78.29361724853516,78.84769711569429,77.91620088258567,78.64694425095445,1874700
2016-04-08,78.65499114990234,79.15286059415658,78.4381806932148,78.86377590091126,1888800
2016-04-11,78.60680389404297,79.33754738016313,78.58271452663105,78.93604158598517,1274100
2016-04-12,79.43390655517578,79.59451255219034,78.46226324758398,78.71922671631492,2908600
2016-04-13,80.43766021728516,80.45372387806702,79.81131222960565,79.88358645014102,1089000
2016-04-14,80.44570922851562,80.56616220413879,80.18874573954952,80.38146682465089,1372300
2016-04-15,80.26101684570312,80.46980160281241,80.15662753039501,80.44571223208693,1442500
2016-04-18,80.87129211425781,80.88735577602357,79.81934894880173,79.87555951199805,1238700
2016-04-19,81.5699234008789,81.61007030675661,81.08008581312593,81.08008581312593,2439600
2016-04-20,81.74657440185547,82.07580593611927,81.4253685716406,81.58596842350221,1554800
2016-04-21,81.1844711303711,81.88309342442892,81.05599246078697,81.76264045973035,1356600
2016-04-22,81.57794952392578,81.67431312621238,81.18447553595091,81.18447553595091,4638400
2016-04-25,81.31295013427734,81.36112886612793,80.92750189999707,81.28886076835204,1410500
2016-04-26,81.73856353759766,81.73856353759766,81.36114704977315,81.49765757152021,1510400
2016-04-27,82.26050567626953,82.41307370574505,81.68233637627905,81.71445757366652,1302700
2016-04-28,81.48960876464844,82.28458842495316,81.24870286686325,81.76262973074626,1618500
2016-04-29,81.01583862304688,81.3932550496449,80.42161176334582,81.20855968874868,4030700
2016-05-02,81.5699234008789,81.63416580207432,80.94357530545513,81.18447512019904,1755800
2016-05-03,80.66252136230469,80.92751668889254,80.25298981375215,80.88736978051112,3062100
2016-05-04,80.06826782226562,80.55007344818063,79.8514574348757,80.26098884733344,1605100
2016-05-05,80.10039520263672,80.59023269600023,79.86752113804657,80.31720560677711,5960000
2016-05-06,80.29312133789062,80.37342126576088,79.63465212696757,79.73101571630696,1389200
2016-05-09,80.14055633544922,80.42160915684117,79.85147168301977,80.21282443531057,1742200
2016-05-10,81.16038513183594,81.18447450047718,80.44570527184712,80.46176280877711,1398100
2016-05-11,80.71871948242188,81.26476758941045,80.67857258023407,80.98371476812781,2204600
2016-05-12,80.72676086425781,81.14433035655937,80.29313383447978,81.0078137187919,1265300
2016-05-13,79.93978881835938,80.85522134139178,79.79524651859158,80.63840482849464,1138300
2016-05-16,80.68661499023438,80.90342544465254,79.89966086097198,80.02011383631222,1735400
2016-05-17,80.12450408935547,80.72676284664345,79.85950876579045,80.5179780953656,2394400
2016-05-18,80.16465759277344,80.7347951511625,79.69087751515875,79.92375163785167,2617200
2016-05-19,79.98798370361328,80.10843666550466,79.34557199118734,79.81132017637154,2692700
2016-05-20,80.55813598632812,80.76692075019282,80.28511494061475,80.28511494061475,2519900
2016-05-23,80.41358184814453,80.61433474992769,80.31721824975136,80.44570304760893,1229400
2016-05-24,81.3691635131836,81.50567400914623,80.81508357175726,80.81508357175726,1285300
2016-05-25,82.08385467529297,82.2685439303292,81.63417009625563,81.63417009625563,1726200
2016-05-26,81.95536804199219,82.26051639368377,81.86703626929122,82.16415278896652,1245400
2016-05-27,82.33280181884766,82.33280181884766,81.92326407078001,81.92326407078001,984100
2016-05-31,82.20429992675781,82.6138314328253,81.91521525983234,82.46928909936256,2570900
2016-06-01,82.38897705078125,82.44518760961365,81.59399739686826,81.85096082674374,1393000
2016-06-02,82.61381530761719,82.62184713748971,81.9874673603649,82.16413085861373,1368800
2016-06-03,82.29264068603516,82.47732994389723,81.77068186224177,82.21233461584156,1363500
2016-06-06,82.8868408203125,83.04744065578483,82.51745629753333,82.51745629753333,2036900
2016-06-07,83.15988159179688,83.40078752893,82.9832180547649,82.9832180547649,2221700
2016-06-08,83.42485809326172,83.52122167169297,83.13577348445905,83.27228395903501,2170300
2016-06-09,83.19198608398438,83.29638149480563,82.83866520737213,82.98320138883311,1152000
2016-06-10,82.34081268310547,82.74231849521746,82.09188104007363,82.5495974208216,1953800
2016-06-13,81.77068328857422,82.55763132765708,81.71447271435402,82.01158312387805,1877800
2016-06-14,81.47357177734375,81.83493074232554,81.00782348994152,81.4976611497105,1458200
2016-06-15,81.39325714111328,81.9794521845793,81.29689354254012,81.56188884374703,2039500
2016-06-16,81.59400939941406,81.64218813507428,80.44570256307111,80.94357196203187,2805700
2016-06-17,81.65828704833984,81.82691882243816,81.25678107386909,81.65025521343183,2212800
2016-06-20,82.18824005126953,82.83065181326134,82.12399764977182,82.56565650195277,3197000
2016-06-21,82.45323181152344,82.6780740805894,82.05975784065801,82.33277884552601,836300
2016-06-22,82.28460693359375,82.8788338549034,82.25248573156446,82.54960225546573,1497500
2016-06-23,83.55335998535156,83.56941752180155,82.92700578693932,83.07957995242988,1821400
2016-06-24,80.34129333496094,81.89110558808477,80.21280856974262,80.52598252684876,3552600
2016-06-27,78.70316314697266,79.66677454922629,78.36589364234119,79.62662764791932,2846300
2016-06-28,80.17268371582031,80.17268371582031,79.28937208733095,79.6025461544636,3164900
2016-06-29,81.64218139648438,81.73051315556559,80.78295929800592,80.84720169124532,4250400
2016-06-30,82.89490509033203,82.92702016880169,81.59402385854843,81.8509873717595,3213800
2016-07-01,82.98321533203125,83.1839682308912,82.806557927288,82.806557927288,1669300
2016-07-05,82.1400375366211,82.62184315540216,81.86701047253429,82.54957506950588,2176000
2016-07-06,82.61348724365234,82.67003837581169,81.50669375583544,81.95102848252391,1720800
2016-07-07,82.39535522460938,83.06589446511583,82.07220326357883,82.65387556071161,2570900
2016-07-08,83.70410919189453,83.8172114419563,83.00125421198756,83.00125421198756,3408500
2016-07-11,84.03532409667969,84.24537374568064,83.7848843144617,83.9545376666361,2118600
2016-07-12,84.82706451416016,84.97248258558601,84.42312611171178,84.53622837130845,2692200
2016-07-13,84.88360595703125,85.00478869665855,84.51198340882165,84.94015708037597,2495000
2016-07-14,85.33602905273438,85.59454939699673,85.18253664319845,85.4572118123973,1271900
2016-07-15,85.25524139404297,85.61878966788574,84.99672105343996,85.61878966788574,2443100
2016-07-18,85.40872955322266,85.4975964873101,85.08557762596011,85.29562730322232,1465100
2016-07-19,85.30369567871094,85.31177617132134,85.09365217971983,85.26330554287877,1265700
2016-07-20,85.47338104248047,85.56224799722796,85.11791322349052,85.41682990433314,2380600
2016-07-21,85.16636657714844,85.5945402738573,84.98863270373484,85.43296738726886,1088800
2016-07-22,85.57838439941406,85.60261971574357,85.15829120127813,85.27139345322283,1131000
2016-07-25,85.23908233642578,85.67533654520638,85.00479732632449,85.48144167667446,724500
2016-07-26,85.44104766845703,85.48143780819855,84.99671298602668,85.21484316235086,1591400
2016-07-27,85.10981750488281,85.52183638832246,84.77051073669048,85.44104994307818,1288600
2016-07-28,85.14213562011719,85.2633183730688,84.69780091383156,84.95632740738746,1657300
2016-07-29,85.29560089111328,85.44909323223547,84.79471525077699,84.89973697508253,1876500
2016-08-01,84.88360595703125,85.3279406144613,84.72203307993496,85.29562480632,2018500
2016-08-02,84.31001281738281,84.85936921935573,83.8979939750006,84.75434746736461,1500600
2016-08-03,84.67354583740234,84.6977811496152,84.14035047789152,84.21305641453004,1430300
2016-08-04,84.69779968261719,84.92401036119027,84.57662309503792,84.77859229248438,1199300
2016-08-05,85.59453582763672,85.61877730661524,84.93207716525875,85.1421268378011,5266800
2016-08-08,85.73995971679688,85.91769359307025,85.63493795518563,85.66725376574539,767700
2016-08-09,85.72378540039062,85.92575454775492,85.54605156453256,85.6995500888844,3465100
2016-08-10,85.3683090209961,85.8287983834718,85.2309714940632,85.80456307443761,1322300
2016-08-11,85.7884292602539,85.8772961908761,85.4895126605602,85.57837959118238,1573900
2016-08-12,85.73188018798828,85.8611372587784,85.55414632249288,85.59453646053531,1196300
2016-08-15,86.0550308227539,86.19237455798894,85.69148874172205,85.94192856805019,1564800
2016-08-16,85.6753158569336,85.9095946468521,85.65107438151267,85.87728500684281,1918100
2016-08-17,85.8853759765625,85.91769178644275,85.30370372593913,85.62685566113106,1309300
2016-08-18,86.21658325195312,86.24081856139017,85.81264499171242,85.81264499171242,1087700
2016-08-19,85.99846649169922,86.1277297135775,85.70763040608277,86.03078229716878,1061200
2016-08-22,85.92576599121094,85.99847193541251,85.58645925771681,85.93384648399224,1524600
2016-08-23,86.07118225097656,86.35393785633389,86.07118225097656,86.22468079257479,1425900
2016-08-24,85.7076416015625,86.09542515424151,85.56222970336964,86.04695452151056,1136100
2016-08-25,85.73995971679688,85.94192891008741,85.48143939592943,85.5703063340661,1283800
2016-08-26,85.52184295654297,86.36203561155504,85.16637517383487,85.8530692565664,2655700
2016-08-29,86.18428802490234,86.29739027168014,85.64301210623572,85.66724742145809,1354500
2016-08-30,86.20854949951172,86.34588710318603,85.93387429216313,86.16007885435893,3210000
2016-08-31,85.95000457763672,86.11157745775276,85.51375040499106,86.10350312827416,1690300
2016-09-01,85.8530502319336,86.07926087491865,85.30369385476092,85.9903939489341,4951900
2016-09-02,86.36202239990234,86.49127946972446,86.07118628828981,86.2650749748281,1621200
2016-09-06,86.61244201660156,86.61244201660156,86.11155634924735,86.47510448580742,6108700
2016-09-07,86.66901397705078,86.67709447010282,86.35394254773414,86.44280948047577,2396500
2016-09-08,86.70940399169922,86.82250623178606,86.3943325852273,86.57206643782374,2690600
2016-09-09,84.54429626464844,86.12773382661653,84.54429626464844,86.11965333396084,2506400
2016-09-12,85.73995971679688,85.92577408661285,84.09997085345546,84.13228666401523,4773000
2016-09-13,84.22921752929688,85.05324896386115,83.93030096311867,85.01285883131345,3342500
2016-09-14,83.9626235961914,84.73010397672228,83.7364191119764,84.1726732587953,2579500
2016-09-15,84.7301254272461,84.98057145269628,83.80107194096263,83.82530726131974,3785500
2016-09-16,84.34232330322266,84.50389616741576,84.01917141122678,84.37463910878321,3403800
2016-09-19,84.48774719238281,85.03710359770442,84.37464494689985,84.60084943786579,1859900
2016-09-20,84.38272857666016,85.11789941693881,84.37465424652865,84.88361440729871,3653500
2016-09-21,85.40872955322266,85.46528067822283,84.48775056687116,84.68971975095894,7311400
2016-09-22,85.93385314941406,86.11966135252581,85.73995828928372,85.82882522594082,2209500
2016-09-23,85.44104766845703,85.85306037731735,85.38449654193049,85.68340699773772,1194700
2016-09-26,84.71929168701172,85.1983019307284,84.64622579231111,85.11710934445038,2657800
2016-09-27,84.99532318115234,85.14146114804831,84.37829552157778,84.5406682874071,2820500
2016-09-28,85.82341003417969,85.90459639423659,84.7111376996212,85.21450304256958,1824500
2016-09-29,85.00343322753906,85.94521256574248,84.7192778045031,85.7178882273137,2151900
2016-09-30,85.75038146972656,86.09136804676784,85.34444329873698,85.45810549108407,2391000
2016-10-03,85.41748809814453,85.59610184032219,85.19828426536864,85.55550555560058,2758400
2016-10-04,85.00343322753906,85.60422605809931,84.72739830062517,85.49056388888492,2935300
2016-10-05,85.61236572265625,85.78286522111176,85.295734415454,85.295734415454,2338100
2016-10-06,85.5879898071289,85.6691761904761,85.11710011194155,85.52303822280155,2399800
2016-10-07,85.36878967285156,85.86403468521229,84.99532733788064,85.70977621424359,3106500
2016-10-10,85.81532287597656,86.09136404034837,85.36879462514298,85.36879462514298,1437400
2016-10-11,84.7273941040039,85.61233611964451,84.40264241056646,85.57174602929193,2173500
2016-10-12,84.81671905517578,85.0278086300272,84.50820209328725,84.7274121655896,2569300
2016-10-13,84.50818634033203,84.71927587583478,83.74502696356956,84.12660974901256,2331600
2016-10-14,84.47571563720703,85.21451971059439,84.4675951413763,84.90600900438433,3656100
2016-10-17,84.23216247558594,84.67869689888938,84.15097608792831,84.500083129568,2671400
2016-10-18,84.71117401123047,85.0684015815538,84.50009062342566,84.9385045886066,1297200
2016-10-19,85.02779388427734,85.20640143835044,84.65432539579865,84.776108059944,2523500
2016-10-20,84.84920501708984,85.14148101909566,84.54068801823625,84.80048822067194,1657500
2016-10-21,84.60562133789062,84.64621762711361,84.18344842294233,84.32958639237137,2419600
2016-10-24,84.70304107666016,85.08462386209673,84.5487826244734,84.91412441803584,1791700
2016-10-25,84.61373138427734,84.95471787278996,84.51630401864946,84.79234512420014,3980600
2016-10-26,84.64620971679688,84.84917875569589,84.24027163899886,84.3295785116443,2524200
2016-10-27,84.43514251708984,84.95474289858808,84.36207661693781,84.8897913023695,3067400
2016-10-28,84.35395812988281,84.93851012153537,83.98861003803732,84.55692722731077,2993100
2016-10-31,84.46760559082031,84.69492994921553,84.37017821116913,84.49196088720205,2264600
2016-11-01,83.88304138183594,84.68679701501243,83.33908586211666,84.54877955970277,2646400
2016-11-02,83.24166107177734,83.76938181065904,83.04681252918779,83.65571964463818,3051500
2016-11-03,83.11177825927734,83.61513759618273,82.98187507935044,83.3715784250066,2447000
2016-11-04,82.9737548828125,83.55019250317176,82.86821319433277,83.13613385830968,2405600
2016-11-07,84.6949462890625,84.77613269070599,84.02920788498511,84.02920788498511,2830600
2016-11-08,85.10899353027344,85.36067319971842,84.4107794207249,84.6137484945675,1975900
2016-11-09,86.40800476074219,86.78146715825302,84.45950017858212,84.45950017858212,6005200
2016-11-10,87.15492248535156,87.5608606489481,86.399877253297,86.77333962051084,4840400
2016-11-11,86.9275894165039,87.06560689174212,86.35927852192057,86.74085515449842,4412800
2016-11-14,87.59330749511719,87.72321063771406,87.14677318509385,87.21172475639229,2292900
2016-11-15,88.24282836914062,88.29153896024039,87.49589753890827,87.64203550633155,2340500
2016-11-16,87.7800521850586,88.08856289434326,87.59331794383135,88.04796660890844,3040100
2016-11-17,88.05613708496094,88.22663043113585,87.81257781647977,87.8612884313506,2256400
2016-11-18,88.03172302246094,88.22657154602341,87.86122979007841,88.17786096366352,1440400
2016-11-21,88.58380889892578,88.61628468883536,88.25905719395352,88.25905719395352,4214500
2016-11-22,88.72994995117188,88.85173261904944,88.34836714907993,88.75430524592264,3117800
2016-11-23,89.04656219482422,89.07091748438472,88.51884154256437,88.60814840036785,3563300
2016-11-25,89.3550796508789,89.3713206412365,89.13587583403506,89.1521106302697,955600
2016-11-28,88.85173034667969,89.32261381944035,88.76242347212839,89.20083734880099,1807600
2016-11-29,88.80301666259766,89.05470249698868,88.5919333100424,88.72183028129764,3435100
2016-11-30,89.23332214355469,89.59866398058672,89.23332214355469,89.3632191233858,4013500
2016-12-01,89.37135314941406,89.82600193883452,89.23333565178645,89.54184644544674,4449200
2016-12-02,89.34698486328125,89.64737511514969,89.16837109507608,89.42817125043153,2934600
2016-12-05,89.84221649169922,90.08577561686225,89.71231333631357,89.72043383205602,3909300
2016-12-06,90.35371398925781,90.3861897844877,89.70421047290935,90.02084173374496,3055300
2016-12-07,91.571533203125,91.571533203125,90.32124289525746,90.38619448909796,2688500
2016-12-08,91.96931457519531,92.25346994343464,91.43347962281865,91.57961755421637,2547000
2016-12-09,92.35090637207031,92.35902686742452,91.89625773820411,92.05863048054974,2278700
2016-12-12,92.31845092773438,92.78934065607253,92.18043344691526,92.39152301377796,2777800
2016-12-13,92.73251342773438,92.93548250590956,92.26162367977804,92.6350860403254,3083900
2016-12-14,91.73389434814453,92.90299811235823,91.53904578548362,92.48893949684519,4394400
2016-12-15,92.18852996826172,92.60258230303499,91.67704408135391,91.86377830234561,3740900
2016-12-16,92.06678771972656,92.52143653504294,91.88817391538782,92.46460543312838,1963600
2016-12-19,92.20478820800781,92.26973979653006,91.9125122537821,92.07489122508773,2061400
2016-12-20,92.62696838378906,92.69191997738716,92.36716820352153,92.43211979711964,1794000
2016-12-21,92.37527465820312,92.64319529547188,92.36715416170664,92.61071950360986,1731700
2016-12-22,92.28781127929688,92.36137695631038,92.0916299041007,92.28781127929688,1927200
2016-12-23,92.37773132324219,92.39407717303988,92.18971974985382,92.28781355812083,1332200
2016-12-27,92.54938507080078,92.6393028303458,92.41042352841058,92.44311522597854,1583800
2016-12-28,91.71561431884766,92.69653374858838,91.66657053013351,92.6638358106143,1470900
2016-12-29,91.65023803710938,91.91181534253212,91.47040247028845,91.78919961638195,2483100
2016-12-30,91.57662963867188,91.8545589230334,91.26600866108421,91.84638288148065,2339700
2017-01-03,92.23060607910156,92.49218336634611,91.61753372745079,92.13251225769943,3305700
2017-01-04,92.84368133544922,92.89272512943742,92.3368725970906,92.40226848007133,1837400
2017-01-05,92.47583770751953,92.82733279636449,92.10799676555163,92.68019517227835,2137200
2017-01-06,92.60661315917969,92.81914663129439,92.2224201952971,92.5493933285904,2097200
2017-01-09,91.98536682128906,92.41043377472225,91.94449907655112,92.3695597934904,1790900
2017-01-10,91.96083068847656,92.45128720484985,91.82186915219451,91.98535257882128,2494100
2017-01-11,92.34502410888672,92.36136995704207,91.78917172420957,92.00987497501839,5295600
2017-01-12,92.09978485107422,92.31231827786756,91.4376689188052,92.1815265578432,2096200
2017-01-13,92.21424102783203,92.50851621417696,92.0507575849709,92.17337328536354,2385900
2017-01-17,91.73197174072266,92.09981265045835,91.53579033796325,92.00172506732582,3365900
2017-01-18,91.91180419921875,91.95267194531743,91.47856742430899,91.77283640029962,1432000
2017-01-19,91.52759552001953,92.07527186848635,91.31506207266932,91.97717806898017,2545100
2017-01-20,91.98536682128906,92.23059823569236,91.72378955628938,91.89544905177411,1685400
2017-01-23,91.51126098632812,91.93632796255305,91.2251618118465,91.8055362047933,2159900
2017-01-24,92.26329803466797,92.47582527917808,91.57665380238295,91.65839553000177,2234900
2017-01-25,93.05619812011719,93.08889605792501,92.57391756956328,92.67201138298672,4976200
2017-01-26,92.9499282836914,93.1951596826035,92.80279069164287,93.05619189709009,3054800
2017-01-27,92.67200469970703,93.00714762420306,92.59025674283598,93.00714762420306,1577200
2017-01-30,92.01805877685547,92.38589963805305,91.52760221642752,92.37772983153295,1850400
2017-01-31,92.13251495361328,92.13251495361328,91.58483846687155,91.87911370319435,2641200
2017-02-01,91.88728332519531,92.54939944239555,91.69109569036293,92.36138785147139,3196100
2017-02-02,92.0834732055664,92.14069304520629,91.62570825195253,91.82189590485625,1528000
2017-02-03,92.9417495727539,93.03166733400766,92.41859509081934,92.70470046016858,1875400
2017-02-06,92.67200469970703,92.97444968875332,92.54938900089395,92.76192246307039,2091300
2017-02-07,92.45947265625,92.91723128658305,92.32051110582655,92.82731352183997,1744500
2017-02-08,92.41860961914062,92.47582945470683,92.0098947260979,92.45948360304263,2552300
2017-02-09,93.05619812011719,93.20333572200539,92.59026342022021,92.59026342022021,1611000
2017-02-10,93.46490478515625,93.59569652490876,93.20332754214462,93.26872341202089,1422100
2017-02-13,93.9880599975586,94.19241740157125,93.67743275210381,93.69378483686093,1983200
2017-02-14,94.47034454345703,94.47852058618749,93.78370662993869,93.93084421662023,1465800
2017-02-15,94.9035873413086,95.00985719413329,94.31503695687358,94.39678491642911,1606600
2017-02-16,94.81365203857422,95.01800942667835,94.47033312331749,94.87087185778367,2160100
2017-02-17,94.86271667480469,94.87088648131352,94.35590802904895,94.43764974959187,1521300
2017-02-21,95.52483367919922,95.62292748673322,95.01802502834722,95.01802502834722,1593300
2017-02-22,95.32046508789062,95.4839485114634,95.16515146995148,95.32864113001712,1924300
2017-02-23,95.46762084960938,95.67197828625042,95.09160391456913,95.59840636608274,1778700
2017-02-24,95.43492126464844,95.44309730819134,94.95264071601441,95.00168450428393,2182500
2017-02-27,95.62291717529297,95.72918077795909,95.30411389430881,95.38586184335203,2803600
2017-02-28,95.35315704345703,95.52481649839721,95.1406236169391,95.38585497342075,3593400
2017-03-01,96.8000259399414,97.06160320086626,96.11338796869889,96.11338796869889,1619100
2017-03-02,96.0479965209961,96.74281056767894,96.02347462610638,96.74281056767894,1538900
2017-03-03,96.0643310546875,96.17877694484672,95.89267157418875,95.98258933585382,2010200
2017-03-06,95.73736572265625,95.88450331352611,95.43491449795334,95.66379380897457,1795900
2017-03-07,95.36135864257812,95.66380366193808,95.28778672131885,95.5984077844841,2069700
2017-03-08,94.86271667480469,95.63109633170039,94.81366665328413,95.47578893361688,1496500
2017-03-09,94.92811584472656,95.18152331130558,94.49487906948693,94.87089601094952,2364700
2017-03-10,95.23055267333984,95.50030595020296,94.7646180298914,95.36951421481726,1675200
2017-03-13,95.24690246582031,95.32865042206784,95.05072109111185,95.17333678898969,2443900
2017-03-14,94.87088012695312,94.8954020178242,94.44581946670397,94.88723221186257,2320700
2017-03-15,95.71282196044922,95.94987727571404,95.03436018116571,95.05070602792874,2841100
2017-03-16,95.5902328491211,95.97442581293512,95.47579318796294,95.84363406504363,1413800
2017-03-17,95.33684539794922,95.80278018369957,95.33684539794922,95.77825828494878,1559100
2017-03-20,95.05888366699219,95.3204608750435,94.91992213944768,95.22236708333953,2257200
2017-03-21,93.71013641357422,95.36951763775518,93.59569675925094,95.32864989635024,2885100
2017-03-22,93.72651672363281,93.88182416612948,93.3096257222043,93.57120304464085,2073300
2017-03-23,93.73466491699219,94.33956740278687,93.53030748607357,93.60387940418107,2255600
2017-03-24,93.63525390625,94.12819949601881,93.24089367354901,93.88994110286617,2418900
2017-03-27,93.35591888427734,93.49559192751676,92.55077584231249,92.71508895793777,2156500
2017-03-28,94.18569946289062,94.38287642371651,93.22445472720402,93.27374740037484,1526800
2017-03-29,94.2514419555664,94.40754380255963,93.86529924025277,94.0706937681308,1465100
2017-03-30,94.70330810546875,94.81011727377584,94.11998838646484,94.28430777303588,1779000
2017-03-31,94.43219757080078,94.75261255804205,94.38289861789471,94.58008189323091,2455400
2017-04-03,94.18569946289062,94.49789683987683,93.55308717400888,94.45682170161533,2376600
2017-04-04,94.34182739257812,94.36647373598389,93.90639194402463,94.05427627260359,1315700
2017-04-05,93.95567321777344,95.21268672392934,93.88172792839416,94.75260498785752,2602900
2017-04-06,94.33360290527344,94.60472519905036,93.76671197612967,94.00497039173874,3252600
2017-04-07,94.16107177734375,94.5718608501816,94.00496992385935,94.23501080174553,2103700
2017-04-10,94.24321746826172,94.65400649371914,94.02139415249768,94.2842988780647,1768700
2017-04-11,94.2514419555664,99.60812848464187,93.48737406113445,94.03782989149308,2568800
2017-04-12,93.78313446044922,94.19392348019,93.63525016261681,94.15284207095871,1712100
2017-04-13,92.92869567871094,93.8570766380781,92.92869567871094,93.54487922908619,2117700
2017-04-17,93.74207305908203,93.7502905963108,92.95335872501744,93.2080459658102,1982900
2017-04-18,93.40520477294922,93.64346314499151,93.0272796453402,93.39698723787392,7755400
2017-04-19,93.1012191772461,93.8242055643488,92.94511735065578,93.67632127287975,1724800
2017-04-20,93.81599426269531,93.99674242643987,93.1505118172592,93.21623956191954,1488700
2017-04-21,93.34770965576172,93.79957386767585,93.20803660947057,93.68455343059635,1463700
2017-04-24,94.3910903930664,94.53075714053632,94.16926710403432,94.34179772175757,1473100
2017-04-25,94.98262023925781,95.13050450998873,94.71149803156084,94.76079069909052,1539200
2017-04-26,94.93336486816406,95.47560322844514,94.80190934558422,94.92514733096674,2335800
2017-04-27,94.70330810546875,94.96621285583872,94.3911106731993,94.96621285583872,1773300
2017-04-28,94.2514419555664,94.76081637309201,94.185714202291,94.74438756884493,3997800
2017-05-01,94.30894470214844,94.55541435519231,94.09533265499596,94.35001984358422,1622000
2017-05-02,94.1693115234375,94.4322163413333,94.01320963313692,94.35827103134793,1895000
2017-05-03,94.226806640625,94.3007456706038,93.86531022345497,94.00497701440001,1506800
2017-05-04,94.04603576660156,94.34180435152405,93.65989309916706,94.34180435152405,1855900
2017-05-05,94.54719543457031,94.55540670130696,94.1035425732316,94.22678052384946,1541900
2017-05-08,94.43219757080078,94.62115704115125,94.28431324837067,94.5143541347855,4959200
2017-05-09,94.16107177734375,94.56364331364458,93.95567724092481,94.55542577710754,1437100
2017-05-10,94.44038391113281,94.4732477816808,94.11175774193767,94.12818654314046,1917200
2017-05-11,94.14462280273438,94.34180604164372,93.7091874527263,94.25143195751266,2127100
2017-05-12,93.8324203491211,94.02138604251488,93.67631852710633,93.95565829975682,1084700
2017-05-15,94.44038391113281,94.58826819452757,94.07889387138967,94.07889387138967,1294800
2017-05-16,94.31716918945312,94.6704480261836,94.16928487946959,94.59650273712008,1288800
2017-05-17,92.7479476928711,93.70919252909034,92.69043747877618,93.54487942257437,3141100
2017-05-18,92.87939453125,93.26553092236823,92.33715004765578,92.5096806738514,2283600
2017-05-19,93.5859603881836,93.92280413538231,93.06014465991812,93.08479726710718,1686000
2017-05-22,93.99674987792969,94.05426009203086,93.67632866434519,93.82421296748295,1463900
2017-05-23,94.31716918945312,94.43218962297993,93.98031915687925,94.17749614747613,1130300
2017-05-24,94.35002899169922,94.44862062336198,94.11177685109895,94.44862062336198,1540700
2017-05-25,94.49791717529297,94.78547454571704,94.37468546584712,94.61294388434895,1111000
2017-05-26,94.47325897216797,94.53076918540351,94.33359220690207,94.3993199557836,1477400
2017-05-30,94.20216369628906,94.399340718158,94.08713697637562,94.21037496559791,2623500
2017-05-31,94.09532928466797,94.3007237889192,93.73383295138011,94.29250625366916,2531300
2017-06-01,94.95801544189453,94.99087932400354,94.12000211847615,94.32539668054905,2832100
2017-06-02,94.92511749267578,95.0483554393203,94.686859134001,94.90868242344726,1647300
2017-06-05,94.79366302490234,94.9990575154584,94.74437035297446,94.8840371021984,1885800
2017-06-06,94.6293716430664,94.85941252234655,94.35824934899603,94.50613366683953,1107400
2017-06-07,94.6129379272461,94.86762513492356,94.39932586408307,94.68687694825819,5843400
2017-06-08,94.82655334472656,95.13053953206906,94.58008364819905,94.62115879688156,1631700
2017-06-09,95.60702514648438,95.6727466165298,95.04013437386557,95.04013437386557,3036900
2017-06-12,95.8206558227539,96.10821318510179,95.5823974109437,95.6974241167691,4665100
2017-06-13,96.12464141845703,96.19036917335406,95.86173666701264,95.98497464040864,2181000
2017-06-14,95.9356689453125,96.21500874991374,95.56596131926088,96.21500874991374,2083400
2017-06-15,95.77960205078125,95.86175862915293,95.3359490058,95.41810558417168,3399000
2017-06-16,95.96031188964844,95.96852315649862,95.51665902217601,95.96031188964844,3268100
2017-06-19,96.46148681640625,96.50256196013127,96.1739294696141,96.24787475734857,2391900
2017-06-20,95.77960205078125,96.23968390417878,95.74673816580355,96.23968390417878,1120800
2017-06-21,95.24553680419922,95.82885642598023,95.09765251500525,95.80421008913835,1935900
2017-06-22,95.20446014404297,95.47558239910654,95.14694993249702,95.31948056713486,5548100
2017-06-23,95.22091674804688,95.50846787080322,95.11410756806283,95.30307331624235,4580200
2017-06-26,95.63167572021484,95.85349901125262,95.42628123038111,95.54130164323661,1887900
2017-06-27,95.18803405761719,95.89459168713961,95.17981652197815,95.57417674679144,2054600
2017-06-28,95.88639068603516,96.13286665256337,95.60705710757111,95.60705710757111,3477700
2017-06-29,95.52489471435547,96.40398313908685,95.04016658426123,96.2068061258404,3235900
2017-06-30,95.65635681152344,95.98498936829004,95.5084724743857,95.85353383832553,1807700
2017-07-03,96.3711166381836,96.77368816463921,95.97675637992037,95.97675637992037,1002700
2017-07-05,96.19857788085938,96.51899911041701,95.91924433219828,96.41218994451663,2672900
2017-07-06,95.19586944580078,95.99770498196844,95.13799858886567,95.89851221410929,1765600
2017-07-07,95.55133819580078,95.60920906460032,95.12148806450502,95.43560907173023,3466100
2017-07-10,95.42732238769531,95.6422442440549,95.36945784071195,95.41078605612142,1470800
2017-07-11,95.27024841308594,95.49343841096564,94.8238621105646,95.43557387027373,1068400
2017-07-12,95.75796508789062,96.00595958603175,95.68357052250553,95.69183868758013,1121700
2017-07-13,95.98941802978516,96.04728256483088,95.67529086231295,95.84062261013025,1608400
2017-07-14,96.28703308105469,96.47715675540069,95.74971580236908,95.90677311883688,929800
2017-07-17,96.26220703125,96.48540332026758,96.13821610041965,96.24567700939312,1811200
2017-07-18,96.09688568115234,96.1382201976984,95.84062933749969,96.07208749392942,1424200
2017-07-19,96.64248657226562,96.65074843149438,96.1795638781823,96.2539647585804,1109900
2017-07-20,96.66728210449219,96.84914391072653,96.50195032302342,96.76647486661084,1250700
2017-07-21,96.51847839355469,96.52674025184905,96.18782116568066,96.4358156632767,1053700
2017-07-24,96.36141204833984,96.48540929360824,96.25395113271355,96.42754475338457,1831300
2017-07-25,96.88219451904297,97.14671903685235,96.74993541351928,96.88219451904297,1173800
2017-07-26,96.6838150024414,97.11367134027175,96.58461593061222,97.02274043445237,1675600
2017-07-27,96.82434844970703,96.84088478277849,96.38623022476135,96.78302023055478,1198200
2017-07-28,96.74166870117188,96.79953324322523,96.46887601430807,96.58460509841477,2998000
2017-07-31,96.88219451904297,97.08885449566786,96.75820357847762,96.94005906022747,1535700
2017-08-01,97.11367797851562,97.22940708351231,96.88221346175901,97.20460258378742,1532400
2017-08-02,96.9731216430664,96.9813898077033,96.66726892588053,96.94832345591747,1830300
2017-08-03,96.7747573852539,97.00621560687566,96.68382646865058,96.8739564688476,1027200
2017-08-04,96.9731216430664,97.08885072093594,96.88219075234582,97.0723206984239,1227400
2017-08-07,96.89876556396484,96.9814283228772,96.76650010429367,96.9400937900389,2069500
2017-08-08,96.7168960571289,97.36167435509422,96.55157055238631,96.79129064223395,2896600
2017-08-09,96.58460235595703,96.60940685050022,96.29527965390544,96.47714143998412,2169500
2017-08-10,95.46038818359375,96.38622092989172,95.41078549592595,96.27876000234286,3933800
2017-08-11,95.27854919433594,95.61746838962047,95.17108193428926,95.41907651172797,1017400
2017-08-14,96.0638198852539,96.27874802036618,95.81583170482754,95.81583170482754,1698800
2017-08-15,95.99769592285156,96.38621771167043,95.85716864380375,96.25395859808495,1204800
2017-08-16,96.0721206665039,96.39450982524274,95.93159335254369,96.27878070706797,2040600
2017-08-17,94.67506408691406,95.9315602315175,94.65853406435218,95.76622847208981,1601300
2017-08-18,94.46842956542969,95.03881325227104,94.2865677344505,94.42710134451116,1282500
2017-08-21,94.55107116699219,94.66680025050192,94.24521843490017,94.44361024852229,1019800
2017-08-22,95.25374603271484,95.3529388131085,94.78256140555374,94.78256140555374,2129500
2017-08-23,95.0884017944336,95.3694626846014,94.81560907047266,94.92307631087341,625500
2017-08-24,94.923095703125,95.31987946743529,94.90655936733295,95.26201490569153,920400
2017-08-25,95.25374603271484,95.56786701523434,95.22894153085268,95.22894153085268,1399600
2017-08-28,95.13800048828125,95.50999229546872,94.89001225691936,95.50172412906106,1402700
2017-08-29,95.04706573486328,95.13799032858539,94.48495030766911,94.62547758777706,1188200
2017-08-30,95.27024841308594,95.41904384725972,94.87345848636855,95.02225392054233,913300
2017-08-31,95.71666717529297,95.87373082761856,95.46041073772098,95.46041073772098,1460600
2017-09-01,96.088623046875,96.30355119311353,95.86543304226115,95.86543304226115,1322300
2017-09-05,95.1876220703125,95.93159952556952,94.84043469344734,95.89853316013983,2925000
2017-09-06,95.58439636230469,95.73319183859923,95.40254083062356,95.42733902554536,1883800
2017-09-07,95.19586944580078,95.66705401342065,94.99747129655655,95.66705401342065,1964000
2017-09-08,95.25374603271484,95.41080337059272,94.95615507800638,94.98922144039219,1080100
2017-09-11,96.38623809814453,96.4689008499646,95.78279433377068,95.79932436142921,959100
2017-09-12,96.92351531982422,96.9317834836124,96.50192726128199,96.50192726128199,1141100
2017-09-13,97.05582427978516,97.06408614052083,96.76649517817447,96.76649517817447,1140000
2017-09-14,97.14672088623047,97.17978723993137,96.84913631644655,96.86566633991595,1317200
2017-09-15,97.26244354248047,97.27897356378551,96.97311456217146,97.09711179562372,1164400
2017-09-18,97.65926361083984,97.65926361083984,97.36167266206702,97.41953721839708,1862300
2017-09-19,97.74191284179688,97.80804555610173,97.60965371994992,97.7005846254284,1031900
2017-09-20,97.85762023925781,97.95681928871845,97.57656572592805,97.77495751808796,1520500
2017-09-21,97.71712493896484,97.95685132348794,97.68405857833095,97.80805585401717,920900
2017-09-22,97.75017547607422,97.84937454191781,97.58485000643064,97.60138003069004,1109800
2017-09-25,98.07255554199219,98.2130828089485,97.70883197409412,97.71710013884503,1352700
2017-09-26,98.05014038085938,98.19977205231102,98.00026527111089,98.09170720045391,1063800
2017-09-27,98.24964141845703,98.44083354377823,97.85893619427183,98.44083354377823,3866600
2017-09-28,98.36600494384766,98.38262786162247,98.06674168626579,98.25793378059595,3121800
2017-09-29,98.5156478881836,98.58214590912523,98.19144704559947,98.33276406063253,3298100
2017-10-02,99.14741516113281,99.16404442215826,98.4574530414926,98.59877004918476,1482800
2017-10-03,99.4051284790039,99.42175139958199,99.08923590817092,99.2554968249792,1140400
2017-10-04,99.51319122314453,99.66282287401893,99.3219991005972,99.3219991005972,1708600
2017-10-05,99.94547271728516,100.04522293250778,99.4965777221655,99.6545176770033,1062700
2017-10-06,99.69608306884766,99.84571473174734,99.47163874560107,99.78752499296446,1061100
2017-10-09,99.37187194824219,99.82907517950052,99.24717785164258,99.77920007774276,2549500
2017-10-10,99.76256561279297,99.90388261288942,99.57136717450611,99.64618616068948,2051500
2017-10-11,99.7459487915039,99.77088634260672,99.59631714268178,99.63788395598998,816200
2017-10-12,99.38019561767578,99.63789212313476,99.31369124781354,99.57138775327252,1451900
2017-10-13,99.4217529296875,99.67114113763527,99.28043590487971,99.50488021826823,1244100
2017-10-16,99.49656677246094,99.71269644312862,99.42174777707193,99.47993751028326,2910200
2017-10-17,99.52149200439453,99.5963046483177,99.29704138821606,99.58799636046255,2428800
2017-10-18,99.60462188720703,99.75425352117698,99.52149461104698,99.66281161473952,955900
2017-10-19,99.7459487915039,99.7459487915039,99.22224119172913,99.25549337393461,1609100
2017-10-20,100.2862777709961,100.43590940805719,99.94545402903763,100.14496076438417,1306100
2017-10-23,100.011962890625,100.46085785048335,99.97040241828219,100.40266811543906,1722700
2017-10-24,100.1615982055664,100.30292157487366,100.05353336287797,100.15328991611739,1287300
2017-10-25,99.57139587402344,100.11173282436239,99.0892486665083,100.07016600425696,1294100
2017-10-26,99.72931671142578,100.04520290005618,99.7126874507478,99.88726297684333,1457000
2017-10-27,99.75425720214844,99.79582401286461,99.18898282431473,99.61294019324123,1633100
2017-10-30,99.20562744140625,99.6129619804609,99.13081477640006,99.6129619804609,1541500
2017-10-31,99.24718475341797,99.41343933230888,99.13911991135944,99.28043693763729,2505100
2017-11-01,99.5880126953125,99.9454657400535,99.47163322420663,99.70439216641836,1777500
2017-11-02,99.5963134765625,99.67944710011876,99.05598297667704,99.54643837619278,2515500
2017-11-03,99.64617156982422,99.72098420284856,99.33027909562317,99.45497315953392,1714700
2017-11-06,99.81246948242188,99.87065922524839,99.57139587865309,99.68777536430612,1235800
2017-11-07,99.61296081542969,100.05354119453007,99.4051394032347,99.9454763433829,1491000
2017-11-08,99.5880126953125,99.61295024737726,99.22224501914806,99.44668932993636,961400
2017-11-09,99.36355590820312,99.46331245250927,98.75672103807142,99.12248234945042,1597600
2017-11-10,99.21389770507812,99.28871667883134,99.07258072845958,99.16402261737827,1675100
2017-11-13,99.32199096679688,99.39680361500474,98.88140433926614,98.88140433926614,1212100
2017-11-14,98.95623779296875,99.05599434736433,98.61540765543813,98.97286071426512,1642100
2017-11-15,98.5904541015625,98.83152764557228,98.15818845374808,98.48238927516009,1822300
2017-11-16,99.25548553466797,99.45499226993853,98.95622226065976,98.9977827284802,1721200
2017-11-17,99.17234802246094,99.33028793140724,99.0310246882823,99.11415829975354,1332100
2017-11-20,99.27210998535156,99.39680407514676,99.06428861642785,99.2554870664078,1322700
2017-11-21,99.68775939941406,99.81245349756018,99.60463211471841,99.63788429703773,1650400
2017-11-22,99.63787841796875,99.86232270762434,99.58800331853526,99.72100569775954,1352000
2017-11-24,99.6628189086914,99.93714464808063,99.63788135823876,99.912207097628,1373000
2017-11-27,99.48825073242188,99.80413694506625,99.48825073242188,99.71269503099983,1468700
2017-11-28,100.87648010253906,100.91804690863003,99.61292910914607,99.67943346200995,1599400
2017-11-29,101.67453002929688,101.849099227617,101.0261283377635,101.04275759981601,2329100
2017-11-30,102.27305603027344,102.87158261661384,101.89066545393489,102.07354928222836,2251000
2017-12-01,102.33956146240234,102.6388247586977,100.89312642511166,102.33956146240234,5047700
2017-12-04,102.80509948730469,103.56157250745596,102.79679119681542,103.12930039816767,2739900
2017-12-05,102.1151123046875,102.98796465528173,102.04861428181405,102.9131520012221,1850500
2017-12-06,101.84081268310547,102.17332823089471,101.79924586130436,102.09850922009402,1811000
2017-12-07,102.08186340332031,102.20655115634746,101.67452893608119,101.6911581979549,1882100
2017-12-08,102.66375732421875,102.6720719548802,102.14004975223635,102.38112330377886,1988000
2017-12-11,102.94639587402344,102.97133976710523,102.58894918851863,102.63882429027181,2303900
2017-12-12,103.2290267944336,103.47010033450294,102.95470107550591,103.03782835154941,2865700
2017-12-13,102.94639587402344,103.39529081641777,102.92977295417411,103.2955406129114,2800900
2017-12-14,102.3894271850586,103.23734189429109,102.36448963635257,103.07939562954678,2048800
2017-12-15,103.21240234375,103.48672171640034,102.56399437894636,102.91313908067279,2775900
2017-12-18,103.86912536621094,104.17670329825755,103.661303981851,103.661303981851,2126300
2017-12-19,103.48672485351562,104.20994548491014,103.47010193493166,104.2016308545158,1461600
2017-12-20,103.52000427246094,103.99383685434414,103.4119394177179,103.88577199960109,2013700
2017-12-21,103.96701049804688,104.21767689967875,103.46568406949454,103.74976670828002,1787700
2017-12-22,103.9920883178711,104.17590951778827,103.7581363815082,104.1341296542754,1488900
2017-12-26,103.96701049804688,104.25945038347646,103.88345715574006,103.96701049804688,1150600
2017-12-27,103.97537231445312,104.12577088710005,103.84168186111734,104.0171458000868,1380500
2017-12-28,104.25109100341797,104.29287086107209,103.97536561691909,104.18425215576715,1739200
2017-12-29,103.89179992675781,104.52681675325505,103.82496108295092,104.51010863598104,2282100
2018-01-02,104.3680648803711,104.38477299725331,103.94193459070098,104.25943980914907,2319800
2018-01-03,104.76077270507812,104.81926067987112,104.3346487636053,104.39313673839831,1473600
2018-01-04,105.16185760498047,105.38745230062865,104.86106042764132,104.97803639941628,2322400
2018-01-05,105.51276397705078,105.57960919719177,105.0782827955565,105.4793413669803,1901500
2018-01-08,105.67987823486328,105.74671708105689,105.22868255582304,105.4793425721491,2122500
2018-01-09,105.83860778808594,106.18953556985973,105.76341170972438,105.8970957517149,3851300
2018-01-10,105.76344299316406,106.00575216407306,105.44593134693967,105.6965977650419,8087200
2018-01-11,106.6240234375,106.63238068225168,105.9806494605298,106.0725600286684,1949600
2018-01-12,107.24234008789062,107.31753617215841,106.77442996739724,106.89976314922065,2898200
2018-01-16,106.84963989257812,107.90242983167478,106.55720001358219,107.65176343555754,10605100
2018-01-17,107.701904296875,107.88572548802566,106.83294182460041,107.24236406842209,1847100
2018-01-18,107.35094451904297,107.7102359220774,107.18383787202646,107.64339071338682,1900400
2018-01-19,107.82723999023438,107.8355908624676,107.35933615670857,107.55985908569205,1950100
2018-01-22,108.73796844482422,108.74631931599407,107.81051176810516,107.82722625986649,1888200
2018-01-23,108.75468444824219,108.86329677264649,108.39539299219831,108.63770850313014,2046200
2018-01-24,108.92179870605469,109.33122091717301,108.41211503483501,109.03042378744628,1697800
2018-01-25,108.89674377441406,109.31451689742674,108.57923212110879,109.2727370352407,1695700
2018-01-26,109.9077377319336,109.92445222519324,109.09726967547104,109.18916751484215,1344700
2018-01-29,109.20586395263672,109.86595245831835,109.18079859160281,109.7239111626526,2792500
2018-01-30,107.93584442138672,108.84659940503198,107.90242818547807,108.45389169863817,2600300
2018-01-31,107.8188705444336,108.34526870342685,107.35096673618295,108.18651289360841,2843800
2018-02-01,108.06116485595703,108.32018207400287,107.50135057031149,107.58489751999915,9848700
2018-02-02,105.65481567382812,107.50137840713633,105.62139943518414,107.35097345968,3418800
2018-02-05,101.21805572509766,105.46263151352406,100.83370527767948,104.81925743600054,3439900
2018-02-06,102.57164001464844,102.83901450903696,99.07069985008665,99.53860362158885,4648700
2018-02-07,102.36275482177734,103.93357919988195,102.17893365923844,102.40452830208382,2515000
2018-02-08,98.8785400390625,102.56330205672597,98.85347467154837,102.41290347692926,2558100
2018-02-09,100.12347412109375,100.80862155470382,97.1155099338961,100.03992079986516,3496000
2018-02-12,101.30995178222656,101.94496852264635,100.10676351084385,100.85039893559843,5936200
2018-02-13,101.56897735595703,101.75279850973016,100.5830327468462,100.85876447750589,1678600
2018-02-14,102.88916015625,102.98107074965462,100.92562783069182,101.101091770452,1658500
2018-02-15,103.87508392333984,103.88344116869781,102.54656877339114,103.58264408291501,1524200
2018-02-16,104.11740112304688,104.88610201317904,103.3319857409013,103.56593763140145,2991600
2018-02-20,103.14814758300781,103.9335628357535,102.85570776806308,103.6077004169994,1259300
2018-02-21,102.51313781738281,104.20093788373468,102.51313781738281,103.23170786659368,1599100
2018-02-22,102.42124938964844,103.61608064838462,102.22907096878808,102.84737333965447,1517000
2018-02-23,104.04220581054688,104.04220581054688,102.85573178447136,102.98106498434387,1166700
2018-02-26,105.19525909423828,105.2370325759324,104.12576106726037,104.54353413246807,1155700
2018-02-27,103.92523956298828,105.70495714302336,103.90853144297685,105.30389214091755,1404400
2018-02-28,102.60507202148438,104.49340177213043,102.59671477488183,104.40984843023915,1498100
2018-03-01,101.42694854736328,103.38212989000934,100.86713414625835,102.64684518435621,2556800
2018-03-02,102.00347137451172,102.1956434113598,100.48277769833093,100.842062783211,1230700
2018-03-05,103.23170471191406,103.47400742776232,101.37679168225021,101.43527964378423,1095000
2018-03-06,103.46568298339844,103.59101618289873,102.81395799565053,103.59101618289873,986700
2018-03-07,103.29855346679688,103.40717853058801,102.37109686286648,102.58834061573846,1177300
2018-03-08,103.57430267333984,103.65785601556303,102.91422043276734,103.49074933111666,826100
2018-03-09,105.26209259033203,105.29550882208093,104.00877353430576,104.22601091422551,1379900
2018-03-12,105.09498596191406,105.64644944002958,104.92787929414554,105.27044987548426,1450900
2018-03-13,104.51844024658203,105.71327121488254,104.2761375298507,105.45425400924647,1133800
2018-03-14,103.80825805664062,105.00308937709457,103.58266338761466,104.96131589194022,1603100
2018-03-15,103.62440490722656,104.18422553306624,103.45729826873418,104.00040440589885,2507800
2018-03-16,103.92523956298828,104.40985791457514,103.69128763455653,103.69128763455653,984300
2018-03-19,102.76380920410156,103.8165990355785,102.15386414379083,103.7915336734713,1102600
2018-03-20,102.71369171142578,103.21501814228242,102.4880970486893,102.92257825550867,2619600
2018-03-21,102.84736633300781,103.71633504149885,102.65519429995076,102.73874763496299,883600
2018-03-22,100.39485931396484,102.37771924779163,100.31084112900811,102.07524865380607,1977500
2018-03-23,98.31118774414062,100.78975964849477,98.21036206826975,100.57130722252975,2437200
2018-03-26,100.65530395507812,100.7897317421756,98.91610159145687,99.72268754456778,2724200
2018-03-27,99.57986450195312,101.41989278874888,99.03374312182906,101.01660295695955,2188300
2018-03-28,99.55464935302734,100.39484389389895,99.23537773515936,99.83191508995712,2193200
2018-03-29,100.78974914550781,101.2182502105849,99.86553631528733,100.07558497716364,1669500
2018-04-02,98.57161712646484,100.67210334754547,97.48776546716621,100.57968144100391,2721100
2018-04-03,99.9243392944336,100.10918312329359,98.49601110625767,99.0421324422112,2400500
2018-04-04,100.89897155761719,101.08381540462595,98.51282184940747,98.62204484528701,2345500
2018-04-05,101.63834381103516,101.9828202706014,101.10061976914427,101.32746949518291,1664300
2018-04-06,99.56302642822266,101.42825883503744,98.81525399993008,100.98295687326477,2339100
2018-04-09,99.96635437011719,101.37788152687214,99.8067153479882,100.15119179394827,1061000
2018-04-10,101.43669128417969,101.8063725288718,100.7981416285468,101.17622661362475,1567600
2018-04-11,100.98297119140625,101.54589992440035,100.70570548942115,100.8401332657269,1324500
2018-04-12,101.69713592529297,102.10882940660458,101.39466541366714,101.52069586187372,1118400
2018-04-13,101.38626861572266,102.2684754033933,100.95777403672864,102.25166792372177,1052700
2018-04-16,102.18446350097656,102.56254848448884,101.68034164272592,102.03322822553652,1588100
2018-04-17,102.6801528930664,102.9490148342859,102.47850803969536,102.87340041808713,3025000
2018-04-18,102.79780578613281,103.25991537012548,102.78100471497669,103.04146298404022,842300
2018-04-19,102.49533081054688,102.8398136510857,102.04162498675646,102.57934898306162,1216200
2018-04-20,101.9743881225586,102.7137568251712,101.61310430431259,102.64653974034077,1138700
2018-04-23,102.01642608642578,102.30209558173722,101.61313627091981,102.14245655758741,1928300
2018-04-24,101.36946868896484,102.76418823918382,100.73091906793034,102.45332037368476,4214800
2018-04-25,101.60472106933594,101.7727574051466,100.57127901459184,101.34426282577678,1420000
2018-04-26,102.01642608642578,102.31049291235223,101.4282924345729,101.74756407269646,1577700
2018-04-27,102.0500259399414,102.27688205072872,101.74755539900866,101.95760402964665,1083300
2018-04-30,101.10901641845703,102.47013399604278,101.10061908767324,102.19286823594966,2097900
2018-05-01,100.90735626220703,100.94936855048371,100.0083484205929,100.74772366914111,1494400
2018-05-02,100.05036926269531,100.96617825181227,99.90753772662353,100.74773228258803,1738100
2018-05-03,99.57145690917969,99.865523716673,98.44559289026517,99.78150554455713,1375600
2018-05-04,100.72252655029297,101.03340086060437,98.98332398107463,99.22698118480366,1204700
2018-05-07,100.94095611572266,101.43667415195036,100.7309075127833,101.05858282055473,954400
2018-05-08,100.9577865600586,101.10901543480959,100.34444167947194,100.94938281918039,1222000
2018-05-09,101.92399597167969,102.11724353327699,101.17622335581174,101.35266343717856,615700
2018-05-10,102.84820556640625,102.99103708427681,102.09202928036366,102.19284851171939,934700
2018-05-11,103.0834732055664,103.31872665808,102.75579783811166,103.04146091325649,723700
2018-05-14,103.20109558105469,103.60438536545435,103.04145656921806,103.34392711260558,792100
2018-05-15,102.7305908203125,102.91543465775857,102.40291543944942,102.83982022071758,1543600
2018-05-16,103.13387298583984,103.36072267620737,102.72217948323015,102.79779390996093,1200000
2018-05-17,103.19268798828125,103.55397187882942,102.80619928842107,103.12547088999897,944500
2018-05-18,102.7305908203125,103.11708597688668,102.65497638327152,103.11708597688668,521500
2018-05-21,103.48676300048828,103.62959453805175,103.2431058074928,103.2431058074928,645900
2018-05-22,103.31868743896484,103.99083898954838,103.26827783546875,103.66316374647705,1022200
2018-05-23,103.2347412109375,103.24313854392094,102.60459508757577,102.83144487150774,3526100
2018-05-24,102.89021301269531,103.11706910705705,102.19285007102785,103.0918578886585,1090700
2018-05-25,102.47013092041016,102.62136620226927,102.20126890934687,102.57935390890664,1211400
2018-05-29,101.03337860107422,101.9827959842156,100.5376669721399,101.789554858086,2126100
2018-05-30,102.5793685913086,102.839833309121,101.61314980743093,101.68036051218478,1567000
2018-05-31,101.70553588867188,102.46170572948832,101.47027606933882,102.46170572948832,1767600
2018-06-01,102.49533081054688,102.75579547857096,102.31048698490905,102.31048698490905,2252000
2018-06-04,102.7474136352539,103.11710136531548,102.52055746992447,102.8398355677693,822700
2018-06-05,102.621337890625,102.75577206415633,102.29366260536017,102.72216352077349,975400
2018-06-06,103.5539779663086,103.5539779663086,102.70537967859148,102.94063312623369,863400
2018-06-07,103.92365264892578,104.12529752028622,103.61277839752334,103.78081472196122,1530900
2018-06-08,104.22615051269531,104.2513553269579,103.66321521673235,103.82285425396418,914000
2018-06-11,104.3017349243164,104.58740436078612,104.26812637825087,104.284933856371,1617300
2018-06-12,104.25132751464844,104.52018947868298,103.9908628796768,104.50338200020747,1179200
2018-06-13,103.78085327148438,104.36058970343616,103.73044363746327,104.35218596104022,2693700
2018-06-14,103.68840789794922,104.10010141435787,103.54556995904483,104.10010141435787,1446900
2018-06-15,103.57916259765625,103.67998823136378,102.71376340806691,103.43633109086808,5539700
2018-06-18,103.29352569580078,103.33553157950016,102.78940380999988,103.0078561998352,2869100
2018-06-19,103.05827331542969,103.19270111892408,102.41131987994856,102.50374179930301,1855700
2018-06-20,103.09187316894531,103.3943437328098,102.92383681576547,103.3019218155081,876700
2018-06-21,102.4785385131836,102.94904544768625,102.27689359985048,102.94904544768625,2104900
2018-06-22,102.90702819824219,103.444752181197,102.86501590794005,103.14228163951299,3505300
2018-06-25,101.9576187133789,102.82301817061246,101.35267754439099,102.63818073357852,2397000
2018-06-26,102.01642608642578,102.3441014653404,101.68034696672011,102.14245655758741,1454400
2018-06-27,101.43669128417969,102.83981465035428,101.41988380340803,102.14245163237204,2313200
2018-06-28,101.92399597167969,102.15085208356241,101.10060892530119,101.39467572757923,1409800
2018-06-29,101.98281860351562,102.94904367899174,101.9408127194717,102.31049398586845,2182000
2018-07-02,101.94080352783203,101.9576045978995,101.18462717128567,101.41147687316182,1427800
2018-07-03,101.87825775146484,102.59666129366778,101.70921745150478,102.30930245607784,1002200
2018-07-05,102.57130432128906,102.59665875359833,101.88670885602723,102.36846241458703,1057200
2018-07-06,103.2052001953125,103.41649574784599,102.33466355059112,102.52905184791395,1643800
2018-07-09,104.13489532470703,104.21941225281846,103.41649176341754,103.8306292249233,1236800
2018-07-10,104.52367401123047,104.58283650327398,104.23631517794138,104.35464016202842,1603800
2018-07-11,103.59396362304688,104.11797881547182,103.46718502588615,103.99120021831109,1437400
2018-07-12,104.04193115234375,104.13490171343858,103.6616017283948,104.12644808564032,1520100
2018-07-13,103.97431182861328,104.25322350331969,103.69540660213536,103.8559868359915,993400
2018-07-16,104.03347778320312,104.06728584625154,103.68695642135698,103.93206004228654,894300
2018-07-17,104.23631286621094,104.40534671166418,103.86443066834032,103.965854844549,751800
2018-07-18,104.60820770263672,104.65046939582503,104.19407019195333,104.27858713010089,1119100
2018-07-19,104.27013397216797,104.53213839987323,103.95741422589848,104.30394203513457,1713400
2018-07-20,104.0165786743164,104.18561254409005,103.88980004787179,104.07574117356006,749600
2018-07-23,104.27013397216797,104.37155171283908,103.8306356018309,104.00812309623403,1625600
2018-07-24,104.63355255126953,104.88710332685284,104.35464089472265,104.52367474511152,1095200
2018-07-25,105.14067077636719,105.25054214498294,104.36310467178947,104.45606878478516,1439600
2018-07-26,105.6985092163086,105.9351592573435,105.41115029454622,105.41115029454622,977000
2018-07-27,105.38577270507812,105.76610212345082,105.08995377053428,105.5209985067243,4369800
2018-07-30,105.59707641601562,105.87598166852585,105.40268165386212,105.42803609061494,1367500
2018-07-31,105.91824340820312,106.16334704396938,105.67313977243688,105.92669703653412,3036100
2018-08-01,105.38577270507812,105.91823518044562,105.3350573872608,105.56326019686729,3076100
2018-08-02,105.49564361572266,105.5801605474146,104.71807752699115,104.8617569556903,1874800
2018-08-03,106.15489959716797,106.17180685481449,105.51255921941866,105.55482091530553,1769600
2018-08-06,106.43380737304688,106.65355657670821,106.01121622274465,106.18870373208408,1549900
2018-08-07,106.73806762695312,106.9409095624005,106.52677206346203,106.70425956300708,2797100
2018-08-08,106.6197280883789,106.73805307194058,106.40843255370048,106.71269863949566,1036800
2018-08-09,106.39153289794922,106.73806069471881,106.3154695951823,106.68735182620753,1089600
2018-08-10,105.63087463378906,105.92668711537716,105.41112545536856,105.79145486766348,1271200
2018-08-13,105.03924560546875,105.8168117027781,104.88711254745357,105.69003952795596,1161800
2018-08-14,105.71537780761719,105.81679553197635,105.3096875654976,105.3096875654976,1711200
2018-08-15,104.95471954345703,105.21672394627073,104.43070428960155,105.21672394627073,1515000
2018-08-16,106.15489959716797,106.34929437072626,105.52101284824194,105.52101284824194,959500
2018-08-17,106.65355682373047,106.83949796201078,106.04502453416916,106.04502453416916,1209600
2018-08-20,106.95780181884766,107.09302760743904,106.77186071733503,106.77186071733503,1235800
2018-08-21,107.26206970214844,107.61704465740988,107.16064552283314,107.16064552283314,954900
2018-08-22,107.05921936035156,107.2620677152246,106.957801631143,107.16064353778809,1018700
2018-08-23,106.70423889160156,107.07612107473582,106.60281471941195,106.8901799831687,1169800
2018-08-24,107.1860122680664,107.29588363877453,106.86484533568427,106.90710057908178,934000
2018-08-27,107.85369873046875,107.95512291364234,107.43956126690944,107.55788625649781,1430200
2018-08-28,107.87904357910156,108.11569353725184,107.75226497345598,108.04807742114384,1809300
2018-08-29,108.14105224609375,108.33544052730834,107.69310674355893,107.94666396487916,1257400
2018-08-30,107.54942321777344,108.02272313470954,107.35502849575882,107.97201427167431,1555900
2018-08-31,107.42265319824219,107.59169350225056,107.02541654410783,107.35503707663884,1458100
2018-09-04,107.26206970214844,107.50716685109462,106.90708829865892,107.37194106023563,1433500
2018-09-05,107.58324432373047,107.65930762750837,106.93245041078632,107.09303709417772,2443200
2018-09-06,107.28742980957031,107.8114386431784,107.00006451042499,107.65930559027287,1048300
2018-09-07,107.00005340576172,107.22825618555093,106.67888652661617,106.93243728965915,1360300
2018-09-10,107.2198257446289,107.74384108539734,107.2029184878333,107.4142140601744,733600
2018-09-11,107.27051544189453,107.49026460334906,106.72959938925875,106.7380530161453,1072600
2018-09-12,107.32122039794922,107.58322477209582,107.16908736981276,107.27050508975216,1179500
2018-09-13,107.74381256103516,107.84523028204265,107.41418562307847,107.70155087846373,1928000
2018-09-14,107.92975616455078,108.01427953671487,107.60013564744035,107.86214649433867,2239800
2018-09-17,107.8367919921875,108.15796534966096,107.73537425675659,108.00583229828625,903500
2018-09-18,108.28472900390625,108.46222292340968,107.77762102194346,107.92130688288564,833600
2018-09-19,108.58055114746094,108.83410837012978,108.20022176168573,108.25093062692827,2442700
2018-09-20,109.33275604248047,109.51024995641207,108.95242668000452,108.95242668000452,1592900
2018-09-21,109.45954895019531,109.7215662816663,109.40039289863961,109.7215662816663,1875200
2018-09-24,108.68196105957031,109.484881459881,108.50448004398902,109.34120205321109,1242100
2018-09-25,108.2509536743164,108.90174767521863,108.20024479827758,108.90174767521863,2233700
2018-09-26,107.68114471435547,108.54857800884065,107.51956139461652,108.33597110949894,1586000
2018-09-27,107.6046142578125,108.20841713732838,107.51106669313063,107.71517400966292,1956600
2018-09-28,107.68114471435547,107.94477519329992,107.30695449527481,107.41750774716334,1922700
2018-10-01,108.02983093261719,108.42953299432386,107.76620041883129,108.21692606688401,1189400
2018-10-02,108.24241638183594,108.41250578298659,107.82570870344948,108.08083307280461,1200500
2018-10-03,108.34449005126953,108.82072748603495,108.18290671236765,108.65914414713308,2935800
2018-10-04,108.16588592529297,108.45502818799743,107.53656484485232,108.19990380706659,1789700
2018-10-05,107.83422088623047,108.49755336756611,107.42601278865983,108.31045825985655,2074100
2018-10-08,108.2083969116211,108.35297452253658,107.54506447749844,107.57057626523437,1871800
2018-10-09,107.89376831054688,108.31047608103391,107.60461950880682,108.01282767354317,1860500
2018-10-10,105.21491241455078,107.82572510301344,105.12136485175178,107.77470151903151,3370700
2018-10-11,102.51905059814453,105.06182732584419,102.05131281909127,104.88323830700051,5988400
2018-10-12,103.08882904052734,103.77767328240361,101.91523486459317,103.77767328240361,3568400
2018-10-15,102.91875457763672,103.80320013997931,102.91025497240861,102.96978465024665,2672700
2018-10-16,104.6111068725586,104.73016622430453,103.19088776830685,103.45452475138546,1879700
2018-10-17,104.81521606445312,105.17239414822332,103.7691871182706,104.53457336081286,1755500
2018-10-18,103.83721160888672,105.05332337092561,103.38648600621633,104.54306809409589,2035900
2018-10-19,103.89674377441406,104.68764174335203,103.6586250720668,103.93076165878482,1820000
2018-10-22,102.96125793457031,104.16886343641163,102.82519290744234,104.15185774111325,1579700
2018-10-23,102.34896850585938,102.90174778749142,100.94576155656213,101.66863026467612,2674000
2018-10-24,99.88272094726562,102.39999240137658,99.72114411216398,102.30644484451615,2880000
2018-10-25,101.1158447265625,101.76217153070648,100.06981590522747,100.39298255142336,3570300
2018-10-26,99.72964477539062,101.09033416662294,98.87071754527886,100.31644191315337,7802000
2018-10-29,99.95927429199219,101.65162362630923,98.81969778123074,100.28243448757453,4208500
2018-10-30,101.58358001708984,101.71114546201328,99.80618934610028,100.17187349448183,4168000
2018-10-31,102.12784576416016,103.04630911490108,101.96626893470862,102.3659709385448,4100700
2018-11-01,102.97828674316406,103.10585219539819,102.23841879905336,102.48504360983974,2593900
2018-11-02,102.74018096923828,103.7777039286849,101.87274746361444,103.76919783393144,2701200
2018-11-05,103.81169891357422,104.05832370101298,103.08883673701112,103.14836641065166,2186800
2018-11-06,104.38999938964844,104.44102297502508,103.55657739508916,103.79470259942639,2130100
2018-11-07,105.82720947265625,105.92925662914257,104.5770798997188,105.17237660671402,2464800
2018-11-08,105.7677001953125,106.09936649433752,105.33398023187641,105.56359286649038,1675200
2018-11-09,105.078857421875,105.4530477320025,104.54309024094181,105.3339883584618,1611900
2018-11-12,103.58206939697266,105.11283496414786,103.40347391696781,104.96826385009322,1965500
2018-11-13,103.45452880859375,104.44952763931227,103.15688041755594,103.83721867017832,2742300
2018-11-14,102.79121398925781,104.2199330009832,102.12787483275186,104.10937323077417,2495800
2018-11-15,103.80320739746094,103.86273707946106,101.77068562713738,102.26393527128043,2946900
2018-11-16,104.32195281982422,104.61960118412912,103.46302560972262,103.59909065272727,2628600
2018-11-19,103.71814727783203,104.55156916427208,103.20789202551555,104.14336106947036,3512300
2018-11-20,101.76217651367188,103.18238914316167,101.48153382978522,102.8337106895604,3777900
2018-11-21,102.04279327392578,102.79967322516077,101.98326360882574,102.06830506064767,2802000
2018-11-23,101.46450805664062,101.94075189262337,101.17536580644328,101.33694911581664,1149000
2018-11-26,102.71465301513672,102.81670667137628,102.16187373160683,102.16187373160683,4514300
2018-11-27,102.96978759765625,102.98679329684748,102.21290746280116,102.36598470851614,3668600
2018-11-28,104.5090560913086,104.51756218473795,102.65512350684902,103.19089060443089,4623900
2018-11-29,104.38999938964844,104.97679657447333,103.93927375015912,104.27094003160403,2270700
2018-11-30,105.01079559326172,105.2063902942281,104.22839732465448,104.33045096531991,3195200
2018-12-03,105.38500213623047,106.38850711136907,105.17239520495745,106.34598961806364,7127400
2018-12-04,102.95276641845703,105.88674562370299,102.79118958138255,105.77618587974648,4657400
2018-12-06,102.44249725341797,102.44249725341797,99.84019114455039,101.58356365012133,5246200
2018-12-07,100.59708404541016,103.04631325760309,100.23990600184516,102.39148684440059,6224900
2018-12-10,100.2059097290039,100.68214722313012,98.37748865227046,100.58859964560544,5354000
2018-12-11,100.01879119873047,101.57507527392538,99.55955951318536,101.33695658251258,8126700
2018-12-12,100.33345031738281,101.51554415306914,100.30793203945453,101.21788930480115,5693900
2018-12-13,100.2398910522461,100.92873524613815,99.84869518360081,100.63108692089139,4999900
2018-12-14,98.77718353271484,99.95077148092626,98.50504691479993,99.48304011576717,5285800
2018-12-17,96.9065170288086,98.850817973403,96.34977861378171,98.43111914077372,7405200
2018-12-18,96.4183120727539,97.84013628496926,95.85301311546871,97.56605055589054,6512100
2018-12-19,95.21919250488281,97.94292252387551,94.60249792930412,96.52110472770889,7257300
2018-12-20,93.79736328125,95.34766001424062,92.98366660743757,94.68814350025866,9278500
2018-12-21,92.35841369628906,95.42475223409289,92.16997853529163,94.06288409261457,9337000
2018-12-24,89.75460815429688,92.11003491513148,89.71177959930279,91.7674260793388,5436400
2018-12-26,93.50614166259766,93.51470867902141,89.13789775127869,90.15715705998336,9569600
2018-12-27,94.35409545898438,94.35409545898438,91.12501656302106,92.3327109685174,10882500
2018-12-28,94.28559875488281,95.48472647953373,93.9429899000225,94.83377030877116,9354700
2018-12-31,95.11641693115234,95.11641693115234,93.96011130420207,94.75667406279983,9247500
2019-01-02,95.0992660522461,95.39048579555117,93.55753638057047,93.80592104214404,7237200
2019-01-03,93.54900360107422,95.03934478954129,93.37769588504736,94.73099743541414,4021400
2019-01-04,96.23844909667969,96.45257878823786,94.61962915127752,94.61962915127752,4648100
2019-01-07,96.77803802490234,97.51464456834516,95.91295891493226,96.23843364133222,5027700
2019-01-08,97.56605529785156,97.73735643633172,96.76092557061178,97.67740038439172,2849300
2019-01-09,97.97718048095703,98.28552775748356,97.36048592790397,97.95148596369975,2555600
2019-01-10,98.38831329345703,98.4482693458653,97.19775272797891,97.44613742029914,3227800
2019-01-11,98.57673645019531,98.57673645019531,97.78018031310107,98.00287047553378,9750400
2019-01-14,98.15704345703125,98.46539071728725,97.67739506761936,97.8230016808738,7072900
2019-01-15,98.89366149902344,99.01357361022858,98.12279325933329,98.12279325933329,2630100
2019-01-16,99.27052307128906,99.70734945752314,99.03069887013133,99.08208790331673,2317900
2019-01-17,100.04138946533203,100.36686422758952,98.94504001067257,98.94504001067257,3826900
2019-01-18,101.36898803710938,101.44607811907517,100.48677481122908,100.78655505283125,6190000
2019-01-22,100.18699645996094,100.88077453714749,99.61313048167774,100.80369098844645,11149500
2019-01-23,100.37544250488281,100.85509095248487,99.50178964992764,100.63239422978964,5500300
2019-01-24,100.47821807861328,100.62383124062607,99.90435205242115,100.25552789618399,3804300
2019-01-25,101.0092544555664,101.47177535560532,100.87220832160553,101.1205995383701,2330500
2019-01-28,100.6495361328125,100.67523065383958,99.89579533084225,100.32405477388153,8427400
2019-01-29,100.85508728027344,101.09491149534227,100.57243451191954,100.74374219033997,2855600
2019-01-30,101.75442504882812,102.16555036892052,100.77799424520975,101.18911956530215,3088300
2019-01-31,102.37969970703125,102.58526240655426,101.36044015841568,101.47179179397763,4317600
2019-02-01,102.73085021972656,103.01349641127295,102.36254693436496,102.70515570546951,3810200
2019-02-04,103.08203887939453,103.09060589733271,102.13986948251659,102.75656407966434,2903600
2019-02-05,103.23621368408203,103.3989543531285,102.85078282391102,103.27047522149813,2008700
2019-02-06,103.21052551269531,103.36469917319023,102.99639579171462,102.99639579171462,2375600
2019-02-07,102.40538787841797,102.79938575087571,101.66878117151697,102.7137351759449,1842200
2019-02-08,102.42251586914062,102.42251586914062,101.42895096136853,101.98568946763947,1398800
2019-02-11,102.59382629394531,102.68804388975136,102.29404600488981,102.63665485011904,2730600
2019-02-12,103.79295349121094,103.98138868192676,103.14199734184359,103.21908743564559,2094900
2019-02-13,104.13555145263672,104.41820420917323,103.8785932131091,104.06702838413342,2363600
2019-02-14,103.84431457519531,104.35822443488765,103.4160552696653,103.70727499547928,2250000
2019-02-15,105.27472686767578,105.28328735051673,104.56381470869347,104.62377076217875,1404400
2019-02-19,105.5659408569336,105.85715410883896,104.88929022873495,105.07772540807126,1708600
2019-02-20,105.89143371582031,106.06274142387005,105.36895664203014,105.53169733099718,2656700
2019-02-21,105.5659408569336,105.72868151812764,105.16337598011873,105.70298699998537,2352100
2019-02-22,105.96849822998047,106.07984331228572,105.60876193202262,105.84001911364714,1066400
2019-02-25,106.13981628417969,106.75651091312591,106.09699426172085,106.46529763541261,1485400
2019-02-26,105.9342269897461,106.33679180116727,105.85713691312225,106.01131053165123,2631500
2019-02-27,105.9000015258789,106.13982578421893,105.50600359650302,105.74582785484304,1265900
2019-02-28,105.65159606933594,105.96851038802262,105.60020703079434,105.89142029549016,1160700
2019-03-01,106.24259185791016,106.58520068202195,105.7115478538009,106.33680944790889,2813300
2019-03-04,105.82289123535156,106.64514842833302,104.88928242574436,106.59375286115217,2566300
2019-03-05,105.60877990722656,105.89999318807686,105.36894913304815,105.89999318807686,1365600
2019-03-06,104.86359405517578,105.61732822590248,104.74368194925835,105.61732822590248,1310400
2019-03-07,104.22976684570312,104.8036328292283,103.88715804511281,104.73510976216636,1907100
2019-03-08,103.93856811523438,103.99852417736884,103.27905143175516,103.62166030168959,3028800
2019-03-11,105.23188781738281,105.26614934948809,104.18693395968859,104.30684605469752,1062900
2019-03-12,105.54878234863281,105.7886064937989,105.39460875035208,105.42886374133194,1034200
2019-03-13,106.2254409790039,106.525227736766,105.80574866674324,105.89139922551009,1132000
2019-03-14,106.18262481689453,106.48240505645364,106.01131715520424,106.22544683127776,725700
2019-03-15,106.67083740234375,106.96205061745464,106.30253410782656,106.32822862272235,1907900
2019-03-18,107.08199310302734,107.17621070753285,106.70512921972616,106.7393907608846,915300
2019-03-19,106.82501220703125,107.6558363830115,106.51666495543613,107.47596824203418,2043600
2019-03-20,106.02074432373047,106.91630693501891,105.88296242823884,106.6924146397462,1312200
2019-03-21,106.95073699951172,107.16601626607257,105.64184194953454,105.71933933199156,1347500
2019-03-22,105.04767608642578,106.6063025478745,104.9271202146853,106.43407518124361,1982000
2019-03-25,104.86685180664062,105.38352081387143,104.46212567053892,104.99602070089905,2136600
2019-03-26,105.9087905883789,106.08962439151304,105.28878522346062,105.5557359926795,1471000
2019-03-27,105.44378662109375,106.12406992075397,104.92711767331951,105.8657387317679,2099900
2019-03-28,105.77961730957031,105.96045767498522,105.0993406083695,105.65906144582826,1419000
2019-03-29,106.3393325805664,106.40822351478575,105.86572218986093,106.37377804767608,2336400
2019-04-01,107.5448989868164,107.63962238009499,106.96795218761139,107.00239765514915,3244600
2019-04-02,107.3210220336914,107.61380526460455,107.0712972857897,107.58797280271853,2285500
2019-04-03,107.44159698486328,107.8463231457659,107.14882027175271,107.78604520072528,2009600
2019-04-04,107.81187438964844,107.85493287899841,107.40715481085284,107.53631713929661,919400
2019-04-05,108.30269622802734,108.32853526000746,107.85491822073804,108.03575202578577,1263700
2019-04-08,108.37158966064453,108.39742212341527,107.98408957947868,108.17353639953392,1051300
2019-04-09,107.67407989501953,107.99269557804216,107.45880062617228,107.99269557804216,1892000
2019-04-10,108.02713775634766,108.1132547223402,107.69130261234342,107.872136415284,1174100
2019-04-11,108.15629577636719,108.3888010495196,107.82907367577656,108.27685163289011,1379400
2019-04-12,108.9915771484375,109.18102393738299,108.54379920440375,108.90546676340809,1479500
2019-04-15,108.74186706542969,109.10353467310044,108.5696462721966,108.98297880387686,3306500
2019-04-16,108.9571533203125,109.20687808535624,108.7504870412359,109.12076768322453,877500
2019-04-17,108.57827758789062,109.42217543559185,108.44911524827626,109.42217543559185,924300
2019-04-18,108.68160247802734,108.9141078042284,108.25965688392557,108.9141078042284,3065100
2019-04-22,108.56103515625,108.71603650078579,108.32853642434745,108.4576987366254,1756200
2019-04-23,109.26715850830078,109.37910137663705,108.51798419613516,108.67298555141761,1165000
2019-04-24,109.0863265991211,109.39632931511484,108.98299017052223,109.21549549241895,3073400
2019-04-25,108.87104034423828,109.18104304042534,108.35437137386064,108.80214939624062,931900
2019-04-26,109.31880950927734,109.31880950927734,108.6557522554794,108.79352757050934,1009600
2019-04-29,109.47381591796875,109.80965106555698,109.31881457525094,109.34465360720571,881300
2019-04-30,110.00770568847656,110.16270702386296,109.2757574929637,109.70631602794795,1436000
2019-05-01,109.18103790283203,110.24021482659789,109.17242489228703,110.16271087129692,2247400
2019-05-02,108.96575927734375,109.46520877509832,108.39741883442258,109.06909569509364,1319900
2019-05-03,109.84407806396484,109.95602747420055,109.3360222076064,109.39630013242522,1367400
2019-05-06,109.41355895996094,109.6202318364098,108.31132989811405,108.37160784462745,1826400
2019-05-07,107.81187438964844,108.66438517619575,107.11437153683981,108.5782681974958,1678900
2019-05-08,107.5018539428711,108.24241516296729,107.4501890200092,107.68269431249165,2099900
2019-05-09,107.3210220336914,107.48463638537234,106.09823732587097,106.75268816279262,2297400
2019-05-10,107.9151840209961,108.1562957339474,105.88294734069015,106.89906568084312,2024600
2019-05-13,105.75379180908203,106.50296607147438,105.3060137956835,106.15851790819735,2172500
2019-05-14,106.58045196533203,107.16601180881497,106.02073115139524,106.05517662098853,1580100
2019-05-15,106.70964813232422,106.95075991135697,105.69352951368387,105.90880882636358,1096500
2019-05-16,107.5621337890625,108.11324817506876,107.0626843236813,107.0626843236813,1243500
2019-05-17,107.02824401855469,107.84630262700583,106.73546079134557,106.74407380179932,1234800
2019-05-20,106.657958984375,107.20046036403112,106.33073686852237,106.64073296418175,1004100
2019-05-21,107.55353546142578,107.67409133920943,107.14880934180813,107.2004742694861,706800
2019-05-22,107.1057357788086,107.41573844084407,106.84740460698016,107.20045917941952,1288300
2019-05-23,105.926025390625,106.30491247963815,105.32323942707235,106.30491247963815,2467600
2019-05-24,106.2274169921875,106.5718651818504,105.8829688025246,106.46852875401069,680400
2019-05-28,104.90129852294922,106.48575760962736,104.90129852294922,106.33075624864583,2557400
2019-05-29,104.2812728881836,104.54822363973351,103.6182156539116,104.41905476895796,1737700
2019-05-30,104.2726821899414,104.78935778359929,103.84212357509523,104.53963299861213,1534600
2019-05-31,102.9637680053711,103.54932787694757,102.86043159163341,103.21349274455244,1636600
2019-06-03,103.87654876708984,104.07460858195427,102.99821225504327,103.1790460495881,2440200
2019-06-04,105.8657455444336,105.90019101914213,104.68601267242593,104.77212307429599,1650100
2019-06-05,106.43408203125,106.51158599367255,105.62463635029756,106.27047423467384,945700
2019-06-06,107.08851623535156,107.42435135729725,106.4512914616343,106.57184732234293,842300
2019-06-07,107.59658813476562,108.05298575507432,107.39853486407186,107.49325827868284,788000
2019-06-10,107.9410171508789,108.42324714957894,107.88073922226658,108.18212886532818,1493000
2019-06-11,107.9238052368164,108.74186383507501,107.7946363608277,108.47491964255309,1248100
2019-06-12,107.73436737060547,108.06158952310992,107.61381149495632,107.84631023519324,690300
2019-06-13,108.25102996826172,108.41464431977316,107.88074935207408,108.13047409971709,707800
2019-06-14,108.1476821899414,108.38880047150289,107.87212500938685,108.25963160597388,3051900
2019-06-17,107.96930694580078,108.28105715677756,107.8827111331599,108.17713821750631,794700
2019-06-18,108.92188262939453,109.380846418491,108.35899989288775,108.35899989288775,1645600
2019-06-19,109.2076416015625,109.43279599036335,108.800634031866,108.99981033865842,1225800
2019-06-20,110.15154266357422,110.30741775611132,109.32887260158401,110.12556458262411,1532200
2019-06-21,110.30741882324219,110.48927199848868,109.89175631034637,110.11691069215291,4074600
2019-06-24,109.82246398925781,110.22080993635728,109.75318470971814,110.12555257869917,1054600
2019-06-25,109.32890319824219,110.00435991932333,109.2856019799828,110.00435991932333,1328900
2019-06-26,108.93917846679688,109.67525265775446,108.93917846679688,109.5713337363771,1007900
2019-06-27,109.41547393798828,109.5886721644716,109.15568650851849,109.21630423607844,851600
2019-06-28,110.16886138916016,110.45463348187191,109.87442773419878,109.88308929644839,6907500
2019-07-01,111.04350280761719,111.5804140313514,110.53258288103272,111.44185544369907,2240800
2019-07-02,111.04350280761719,111.18206139526951,110.5845390479838,111.121450271718,3055900
2019-07-03,111.90947723388672,111.95277844542676,111.34660112488997,111.44185850480822,1514300
2019-07-05,111.84886169433594,111.9094728171602,111.02619156224183,111.60639077569081,1222900
2019-07-08,111.3639144897461,111.7709220579287,111.15607662077836,111.46782681739326,1144500
2019-07-09,111.33793640136719,111.39854752126672,110.84432641772503,110.96556187119748,2094700
2019-07-10,111.554443359375,112.01340714950122,111.35526042126357,111.71031187058388,753100
2019-07-11,111.75359344482422,111.92678505362332,111.30328469100834,111.81420456175117,818000
2019-07-12,112.29917907714844,112.34248029538489,111.87486149399047,111.94414080043346,1349200
2019-07-15,112.1432876586914,112.4636928236263,111.97009603477184,112.42040482790185,2433100
2019-07-16,111.86617279052734,112.16926804887657,111.73628237333433,112.10865692541124,874600
2019-07-17,110.9395751953125,111.85750258816395,110.9395751953125,111.82286955285757,914200
2019-07-18,111.53710174560547,111.68431527524025,110.80968244633614,110.8876232958605,2498900
2019-07-19,111.05216217041016,111.8661640775426,111.01751591940776,111.81420791471214,1132500
2019-07-22,111.02618408203125,111.22535377742656,110.75772849147204,111.19937569601296,774100
2019-07-23,111.90947723388672,111.97875652961586,111.32062304070087,111.46783658899733,679000
2019-07-24,112.50698852539062,112.55894468865566,111.71029652342251,111.77092085634723,933500
2019-07-25,112.04804229736328,112.48968296776232,111.73629205541239,112.48968296776232,869400
2019-07-26,112.61088562011719,112.68883306814479,112.01337660971541,112.22120123466509,814000
2019-07-29,112.48966979980469,112.68885271834274,112.39441242553502,112.610905256723,756200
2019-07-30,112.43771362304688,112.43771362304688,111.78823512954914,111.95277179542303,1188200
2019-07-31,111.2253646850586,112.42040940197226,110.58454111544158,112.36844002037539,2342600
2019-08-01,109.88311767578125,111.89217779905366,109.5453893360196,111.26867729277434,1878900
2019-08-02,109.2422866821289,109.70125043867908,108.5581685255748,109.64929427207704,1692500
2019-08-05,106.27201080322266,108.01261515957226,105.50995174615869,107.83075535234569,1732100
2019-08-06,107.41509246826172,107.51901141396804,106.04685608056336,106.9214890381221,1639700
2019-08-07,107.24186706542969,107.55361721675769,105.21549768863346,106.24600550034744,1189800
2019-08-08,109.0344467163086,109.05176323484973,107.57095314321299,107.79610752526689,1101100
2019-08-09,108.26374816894531,108.88724867232547,107.68354888095907,108.69673389553287,1649300
2019-08-12,106.84354400634766,108.324354238961,106.51447726804597,107.77879466068362,1247300
2019-08-13,108.01261138916016,108.8093034602464,106.55777922999359,106.77427207149553,1222600
2019-08-14,105.02500915527344,106.60107682129767,104.93841333761357,106.56643717286624,1912400
2019-08-15,105.22419738769531,105.60522034987727,104.43616016210159,105.29347008555867,2253900
2019-08-16,106.8608627319336,106.9820981887795,105.64850155663758,105.82169317874978,1355900
2019-08-19,107.97798156738281,108.26374712297294,107.73551061993044,107.99529808927035,974600
2019-08-20,107.0080795288086,107.80477158571553,106.93014527853681,107.80477158571553,1011800
2019-08-21,107.66622161865234,107.83075168569316,107.43240564979018,107.83075168569316,732100
2019-08-22,107.76145935058594,108.25506267538954,107.22455482260258,107.93465094963295,704500
2019-08-23,105.16355895996094,107.76147291366087,104.65263244684479,107.31982569161757,1273200
2019-08-26,106.07281494140625,106.07281494140625,105.36271879153257,106.01219721910617,1322200
2019-08-27,105.4666519165039,106.71365277950616,105.28479872512226,106.65303504904563,1019900
2019-08-28,106.4192123413086,106.47983006792852,105.13757851939097,105.27613049159223,1229300
2019-08-29,107.64889526367188,107.86538809887793,107.02539484118451,107.363129742396,1283000
2019-08-30,107.88272094726562,108.44560369089238,107.62292687887248,108.2291108361773,1819400
2019-09-03,107.53632354736328,107.53632354736328,106.6443741053303,107.18993368264559,1730100
2019-09-04,108.67938995361328,108.73134611350712,108.14248540964437,108.35897821831689,1865400
2019-09-05,109.89175415039062,110.38535750402531,108.705371146431,109.65793821050049,2282300
2019-09-06,110.13422393798828,110.33340023267478,109.770517598303,110.038966571856,871300
2019-09-09,111.0781478881836,111.11278092789378,110.4546474640076,110.56722136015831,1092200
2019-09-10,111.64968872070312,111.67568001985703,110.89629781447094,111.01753328459652,1190800
2019-09-11,112.51566314697266,112.55030940432036,111.32063154198835,111.84887465029846,1299300
2019-09-12,112.73216247558594,113.05258091289625,112.18660942097621,112.67155134226323,1036300
2019-09-13,112.79275512695312,113.2950200367676,112.71482088586276,113.04388097502405,4980500
2019-09-16,112.68018341064453,112.81874199248756,112.40307946063211,112.66287349816938,1242200
2019-09-17,112.61088562011719,112.68883306814479,112.26450243608676,112.55892946387976,1289000
2019-09-18,112.61957550048828,112.714832876512,111.8575164922985,112.50699499782188,958400
2019-09-19,112.46369171142578,113.09586029230759,112.35112442451194,112.86204433480782,1841500
2019-09-20,112.1606216430664,112.94864559023739,112.02206304504782,112.63690856520833,1052700
2019-09-23,112.26451110839844,112.51563695416898,111.75359124770053,111.76224620318486,884600
2019-09-24,111.4827880859375,112.62445617777817,111.18647992279169,112.60703567271933,1368900
2019-09-25,112.014404296875,112.17999217901307,111.1951884366731,111.54379135478334,2710800
2019-09-26,111.66580963134766,112.04927351168027,111.29105600353337,112.04927351168027,1122800
2019-09-27,111.52639770507812,112.14515826326307,110.99477959129004,111.95343956635027,1011800
2019-09-30,111.77908325195312,112.0841149302562,111.66579678986123,111.71808489514886,3654800
2019-10-01,110.14066314697266,112.2845619948375,110.03608693183848,112.16255197781612,1718500
2019-10-02,108.28435516357422,109.63518881316108,107.813742278861,109.5828940599395,1591900
2019-10-03,108.87698364257812,108.87698364257812,107.02068270963467,108.15363380216908,1772100
2019-10-04,110.22782897949219,110.28883399360438,109.04258300612845,109.06001016056857,2084100
2019-10-07,109.71363830566406,110.52413729367662,109.65263329147162,110.01866337662624,2285200
2019-10-08,107.93576049804688,108.99899635745346,107.92704359700576,108.97285230337745,1776900
2019-10-09,108.76368713378906,109.1297171684597,108.32793519278677,108.67653142635103,1958900
2019-10-10,109.52188873291016,109.90535255985411,108.75496772806903,108.75496772806903,2075100
2019-10-11,110.75942993164062,111.62222359921233,110.65485371669659,110.7245756260241,1420700
2019-10-14,110.54154205322266,110.65484180594623,110.29752204588961,110.60255370410243,707000
2019-10-15,111.39564514160156,111.79653619857011,110.7158730602615,110.89888810915704,1108700
2019-10-16,111.32589721679688,111.74422198015482,111.23874816373588,111.45662412091164,1247100
2019-10-17,111.67451477050781,112.0056905243758,111.42177782904709,111.77038073620145,1039000
2019-10-18,111.54376983642578,111.82265078730438,111.25617863483427,111.38689888599116,914600
2019-10-21,112.38043975830078,112.42401761854731,112.07542133276692,112.13641969863534,1137800
2019-10-22,112.6506118774414,113.20837395317221,112.34559343023835,112.71162354574012,1264200
2019-10-23,112.92076873779297,112.96433329510147,112.4065713209898,112.52858133726127,1184100
2019-10-24,112.6854476928711,113.31293151328421,112.38913958270186,113.21706556021851,985900
2019-10-25,113.19096374511719,113.43498384432081,112.59833400555267,112.70292354670997,1029800
2019-10-28,113.51338958740234,114.01015322242512,113.2955135997106,113.62668935639245,1243700
2019-10-29,113.77484130859375,114.02757159843708,113.2868012329689,113.33908934134375,1888600
2019-10-30,113.84454345703125,113.96655345475793,113.26063751804692,113.94911965562773,1328800
2019-10-31,113.35653686523438,113.69642290890856,112.70290883523813,113.69642290890856,1760100
2019-11-01,114.62891387939453,114.67249173666548,113.95785211208776,113.96657566239895,3178500
2019-11-04,115.32611846923828,115.43069468709524,115.0210867696957,115.36097277582566,2284300
2019-11-05,115.39583587646484,115.75315567098927,115.24768180758518,115.4917018384569,2315800
2019-11-06,115.39583587646484,115.57884425057148,115.09952773870552,115.47426803679626,1911200
2019-11-07,115.8228988647461,116.28479501096228,115.63116688351316,116.06691896847924,3433700
2019-11-08,116.01461791992188,116.01461791992188,115.2738474368733,115.78803164830057,2083300
2019-11-11,115.64859771728516,115.74446370543711,115.36972330508729,115.53531122081318,1503400
2019-11-12,115.63985443115234,116.18890614265204,115.4219784565057,115.8402966043609,1741200
2019-11-13,115.64859771728516,115.80547537885106,115.03854747363548,115.33485569225132,2481700
2019-11-14,115.67471313476562,115.79672315328372,115.25639497100278,115.6311352785603,1358600
2019-11-15,116.44164276123047,116.45907656361766,115.92745862461447,116.22376677472252,1825100
2019-11-18,116.36318969726562,116.46776589661582,116.11916970005353,116.33704564742808,1343700
2019-11-19,116.13660430908203,116.59850030977817,115.93616213661433,116.59850030977817,2381000
2019-11-20,115.80545043945312,116.09304834197303,115.2476884370768,115.91873691152817,3477200
2019-11-21,115.78803253173828,115.9710542395919,115.39585835559133,115.92747637599847,1820900
2019-11-22,116.13660430908203,116.28475837552286,115.8315859245606,116.09303975278904,1994000
2019-11-25,116.80766296386719,116.85124081710966,116.45906673411503,116.52006509017946,1391100
2019-11-26,116.87741088867188,116.98198712125952,116.62468056055282,116.82512277237805,1769400
2019-11-27,117.31314849853516,117.40901446598623,116.92968462873081,117.19113847615151,1796000
2019-11-29,116.85123443603516,117.28698634847647,116.75536848337435,117.18241014488034,1579300
2019-12-02,116.18891143798828,117.05169182613018,116.09304547285087,117.05169182613018,2236500
2019-12-03,115.2302474975586,115.33482371087244,114.54175196499101,115.27382535247078,2059600
2019-12-04,116.10177612304688,116.34579620479718,115.51786997756598,115.70087838983017,1903200
2019-12-05,116.33709716796875,116.398095545239,115.78804528204455,116.398095545239,1677700
2019-12-06,117.36539459228516,117.66170264084104,117.08652034014148,117.10394083846336,2950400
2019-12-09,117.05172729492188,117.46133533389174,117.05172729492188,117.27832689832576,1593900
2019-12-10,116.97328186035156,117.21730194553538,116.67697365664226,117.04300378441798,2233000
2019-12-11,117.10399627685547,117.348016349787,116.88612026187398,117.06914196562094,2035700
2019-12-12,118.42863464355469,118.67265461031405,117.13881291952798,117.23467885633278,2042300
2019-12-13,118.06266784667969,118.85573981191756,117.67049364018666,118.44613179901879,3802000
2019-12-16,118.84759521484375,119.15523198858483,118.43447109639875,118.79484483636689,3007200
2019-12-17,118.95309448242188,119.23436283295513,118.84762052750348,119.07615190057754,1681200
2019-12-18,118.89154052734375,119.17282224626676,118.79485161299529,119.17282224626676,1397500
2019-12-19,119.14643096923828,119.26068990997406,118.86514930412373,118.96183819997586,1545700
2019-12-20,119.82323455810547,120.06055083726598,119.6298567965515,119.75291415279077,3442400
2019-12-23,119.77928924560547,119.99023706095777,119.71775385796327,119.99023706095777,3229700
2019-12-24,119.8320541381836,119.94632650630635,119.75294868898311,119.94632650630635,702800
2019-12-26,120.13090515136719,120.19244055297908,119.80568492070341,119.99906273684125,935600
2019-12-27,120.11331939697266,120.403386115637,119.94632347918055,120.403386115637,855400
2019-12-30,119.6298828125,120.33306019407551,119.48924197128535,120.14848082569902,1699900
2019-12-31,119.9638900756836,120.05179395599288,119.29586618697978,119.39255509042037,2248600
2020-01-02,120.44733428955078,120.57917669743362,119.81446390721507,120.45611931265995,2242200
2020-01-03,119.63865661621094,119.93750831658019,119.33100648143531,119.34858993800044,1898800
2020-01-06,119.74414825439453,119.77051673702123,118.91790003275939,119.0409574224338,2751500
2020-01-07,119.38379669189453,119.61232805451637,119.20798889206785,119.53322259194559,1617200
2020-01-08,119.63865661621094,120.13967112421264,119.33100648143531,119.47164730946118,1803500
2020-01-09,120.16604614257812,120.24515157422559,119.78807561540668,120.1836161858908,1674000
2020-01-10,119.708984375,120.50886404469537,119.603510453633,120.31548624735697,2227900
2020-01-13,120.38579559326172,120.38579559326172,119.67380645277422,119.91992118815983,2738900
2020-01-14,120.57916259765625,120.86044425124702,120.20120546442203,120.30667937839485,1493400
2020-01-15,120.60554504394531,120.95713370030586,120.24515795321487,120.43853573788742,1502300
2020-01-16,121.48452758789062,121.48452758789062,121.00108313619455,121.1417239607329,1821500
2020-01-17,121.71304321289062,121.78336361611464,121.53724891095334,121.64272280966661,2297000
2020-01-21,121.2032470703125,121.6075860915732,121.0714046787315,121.24719900492197,3198600
2020-01-22,121.24720001220703,121.6691090810187,121.13292766372257,121.53726668834238,1595900
2020-01-23,121.29116821289062,121.37905868237885,120.26275717535826,120.89561415732109,1477100
2020-01-24,120.21002197265625,121.48456135748442,119.68263885240928,121.48456135748442,1476500
2020-01-27,118.52233123779297,119.06731104458723,118.16194417780326,118.42564235370418,2245900
2020-01-28,119.4716567993164,119.86719742384102,118.82120297721573,119.04094925886815,1327800
2020-01-29,118.9618148803711,119.9814405981662,118.9618148803711,119.80564629805386,1564500
2020-01-30,119.5068130493164,119.62107198524905,117.9158388458577,118.20590552122043,1899900
2020-01-31,117.39727020263672,119.02339831270703,117.02809799968985,119.01459987618993,2298000
2020-02-03,117.92462921142578,118.75966226759353,117.77520337293232,117.93341423289722,1188000
2020-02-04,119.22554016113281,119.7617216164192,119.12885126223695,119.20795670344764,1579500
2020-02-05,121.08018493652344,121.16808880228353,120.2275684051885,120.27152033806856,1389300
2020-02-06,121.09777069091797,121.63395209284045,121.00108180164516,121.60758361506123,920000
2020-02-07,120.35062408447266,120.79011658262466,120.19241322301633,120.67584424118621,1659700
2020-02-10,120.76373291015625,120.78131636329888,120.09570922543065,120.12207769902213,992500
2020-02-11,121.29116821289062,121.73944582035367,121.21204935442715,121.27358475409326,1095200
2020-02-12,121.73065948486328,122.07346316034541,121.52848324149625,121.86250189379905,816000
2020-02-13,121.75701904296875,121.96796688180542,121.1681006391361,121.43178543768195,1103400
2020-02-14,121.72185516357422,121.915232962162,121.22962564435025,121.915232962162,987300
2020-02-18,121.12413787841797,121.58121384213378,120.59674150395763,121.50209499739186,1091600
2020-02-19,121.47576141357422,121.74824470082514,121.2472300721946,121.45817795277554,956700
2020-02-20,121.50212097167969,121.77460423891081,120.51766183529635,121.29995813022593,1138500
2020-02-21,120.9131851196289,121.14172982362642,120.45610912388177,121.06261097333996,2106300
2020-02-24,117.40603637695312,118.41686379209422,117.03685086320456,117.88068238967011,3014100
2020-02-25,113.74068450927734,117.8894959084252,113.35394227058589,117.7137015431563,3347900
2020-02-26,112.51888275146484,115.12068466282564,112.50130599938952,114.2768530284725,3713100
2020-02-27,107.75477600097656,111.95633024878084,107.66687883561849,110.70816635865025,6479000
2020-02-28,106.48905944824219,106.48905944824219,102.92916666811644,104.46739078439609,7598000
2020-03-02,110.47083282470703,110.49720130119178,105.4078774498154,106.73514665057459,3962500
2020-03-03,107.6317138671875,112.16727982517236,106.73515209039613,110.66421623382814,3756900
2020-03-04,111.92996215820312,111.98270582566015,108.6425596813513,109.66218564127952,2238300
2020-03-05,108.07999420166016,109.90828460108828,107.10432032052896,109.20509392250106,1995200
2020-03-06,105.9968032836914,106.45387926220192,103.68507503115808,104.7222776517797,2875900
2020-03-09,96.5740966796875,99.89665933041314,96.02912349598611,98.01563172702747,4722100
2020-03-10,100.9074935913086,100.93386207170212,95.75664029588214,100.05487695925561,6184700
2020-03-11,95.49293518066406,98.5781745801682,94.39420386948547,98.04199316382315,4406900
2020-03-12,85.9207992553711,92.00337494357044,84.28588632384286,88.96208709947076,5583200
2020-03-13,93.40973663330078,93.55037745771145,86.11416487314922,91.03647972342138,6182400
2020-03-16,82.48396301269531,88.73354794717041,80.63809554438873,84.26830849505363,4849000
2020-03-17,87.85454559326172,88.18856417577354,81.75439442522702,84.45287803098343,5385200
2020-03-18,81.82473754882812,84.40016472060265,77.7023010927637,82.13238776568603,6209400
2020-03-19,81.68408966064453,83.32779429333408,78.07146018406245,80.71720734393722,6106500
2020-03-20,78.36151885986328,83.07287928305988,77.9308180613678,82.24663118681963,4381300
2020-03-23,74.86315155029297,77.86049364764938,73.93142958741898,77.77259648804072,5257000
2020-03-24,82.56307220458984,82.70370633594901,78.85375394251835,79.46904754732184,4300100
2020-03-25,84.49822998046875,87.70725039160945,81.12964486903437,82.9469091355333,7018000
2020-03-26,89.63976287841797,90.15390984534368,84.56915825854793,85.5088133932711,6427800
2020-03-27,87.07785034179688,89.58655239960783,85.88997839908015,86.83849993127549,4665700
2020-03-30,89.55109405517578,89.88795659856316,86.56369789864013,87.75156309439957,6056200
2020-03-31,87.92001342773438,89.83478333714959,87.31721411559525,89.31176976798194,6646300
2020-04-01,83.78905487060547,85.29605637181989,82.97350493623853,84.80849567017532,3791500
2020-04-02,85.81908416748047,86.4928026773601,83.3369743763412,83.46107952773698,4625300
2020-04-03,84.4361801147461,86.41300914469396,83.49652505145357,85.6240454390425,4421800
2020-04-06,89.81705474853516,90.53509260172824,87.50336970688754,87.88455171506152,4753800
2020-04-07,90.40213775634766,93.69093788647255,90.35781158823187,93.25656308125372,3307500
2020-04-08,94.08097076416016,94.5242053500403,90.56169383337914,91.50134899121367,3309900
2020-04-09,96.5276107788086,97.8839072935284,95.206773836377,95.79183987107763,5192400
2020-04-13,94.49759674072266,96.54534478807828,93.36291747049755,96.35032052040422,4284700
2020-04-14,96.350341796875,97.01519371263986,95.22452209877473,96.23509646967943,3807700
2020-04-15,93.25653076171875,94.01003477920607,92.52962649381655,93.94798222328349,2801400
2020-04-16,92.89311218261719,93.6377430955567,91.90026420214096,93.6377430955567,2814800
2020-04-17,96.55420684814453,96.89106941402038,94.82559491407358,95.33974858382568,3288100
2020-04-20,94.55081176757812,96.24396448805001,94.29373487806933,94.76356249008683,4069200
2020-04-21,92.16618347167969,93.53134655007335,91.79386811299645,92.50303925859951,3257500
2020-04-22,93.6377182006836,94.24051739227752,93.1235713198237,94.10755245261998,1755500
2020-04-23,93.6377182006836,95.31314407258608,93.56680582060683,94.04549312981746,3096900
2020-04-24,94.74581909179688,95.11814127003065,93.30974341583372,94.15188639215229,2492900
2020-04-27,96.953125,97.36975978342342,95.26883240776556,95.3752043681195,2506100
2020-04-28,97.74208068847656,99.16042983530282,97.2190604249212,98.72606188854213,2271200
2020-04-29,100.00257873535156,100.75608289395417,99.0363306459964,99.73664205868825,2456000
2020-04-30,97.75093841552734,98.876757887769,97.40521602974532,98.876757887769,2646700
2020-05-01,94.8610610961914,96.29713672201392,94.49760551573542,96.16417176645447,2339400
2020-05-04,94.74581909179688,94.83447141622855,93.30087683074599,94.00118826177491,2292100
2020-05-05,95.16246032714844,96.52762360717375,95.091541173147,95.84504534877249,2494900
2020-05-06,93.66433715820312,95.90710310994126,93.64660398713134,95.6677526430341,1732400
2020-05-07,94.88764953613281,96.00460245181681,94.72808483389224,94.93196893145272,1753000
2020-05-08,97.14814758300781,97.29885247340826,96.0046083702139,96.26167846329476,1972700
2020-05-11,96.22622680664062,96.89993847619927,95.57910136565462,96.2616796202193,3140200
2020-05-12,94.05435943603516,96.79355215966842,94.00117346032907,96.64284728979827,2440800
2020-05-13,91.79387664794922,93.69091995273685,91.12015824824577,93.69091995273685,3437800
2020-05-14,93.11470794677734,93.13243435160231,89.47131968365528,90.5971323786458,2580500
2020-05-15,93.07038116455078,93.24767902771922,91.78500378188389,92.40552939491853,1885000
2020-05-18,97.29886627197266,97.86620604798924,95.7209520972251,95.99575539907649,2364700
2020-05-19,95.71207427978516,97.23680228512013,95.71207427978516,97.0506445770115,1356500
2020-05-20,97.44954681396484,97.86618836615607,96.89107372500649,97.0860912426585,2802300
2020-05-21,96.9087905883789,97.74207361070877,96.43009651788441,97.34315850368583,1405300
2020-05-22,96.86445617675781,96.9531084795765,96.05777297423276,96.85559635705286,1591100
2020-05-26,99.5593490600586,100.31285325561288,99.36432476300797,99.42638409681767,2025800
2020-05-27,101.84644317626953,101.93508874130036,99.92280668588575,101.37661559470533,2669300
2020-05-28,101.2879638671875,102.8658778236926,100.99542743348326,102.8658778236926,2993600
2020-05-29,101.16386413574219,101.42094100668126,99.5859433317138,100.69402979443925,3221200
2020-06-01,101.70460510253906,102.05918733992301,100.7206238383865,101.08407266067184,1847400
2020-06-02,102.74177551269531,102.74177551269531,101.91735893527385,102.29854093909717,2446300
2020-06-03,105.09092712402344,105.36573041377602,103.61938499505204,103.7080305630474,2104900
2020-06-04,105.69371032714844,105.72916313835819,104.31081397718793,104.74518869156373,2350800
2020-06-05,108.83182525634766,110.0906167130032,108.53042896209924,109.22187388487953,3164200
2020-06-08,110.9327392578125,110.99479182239564,109.50552350917775,109.88670548110919,4611400
2020-06-09,108.75203704833984,109.47894149054164,108.3353954601468,109.34596976361703,2410700
2020-06-10,106.34969329833984,109.08887942390398,106.34969329833984,108.70769746084382,2001300
2020-06-11,99.44410705566406,103.45094453865165,99.22248977365048,102.7860926926109,3400500
2020-06-12,101.1993179321289,102.6531267471037,99.12497667554807,102.51128844163169,1785800
2020-06-15,102.09656524658203,102.57819570100175,98.1097410444759,98.64488372559501,3327600
2020-06-16,103.80902099609375,105.45013287404251,102.13223883803815,105.45013287404251,2504300
2020-06-17,102.73875427246094,104.4422928513952,102.52469172481263,104.04093748279601,2534300
2020-06-18,102.64061737060547,103.09548485587112,101.59708823893823,101.94493128282731,1432500
2020-06-19,101.76656341552734,104.24606320388686,101.34736613531959,104.24606320388686,2027700
2020-06-22,101.6952133178711,101.97170906116432,100.65168396446406,101.43656632644601,2019000
2020-06-23,101.76656341552734,102.89036787665957,101.686295070658,102.81901370030319,1364800
2020-06-24,98.76973724365234,100.84788130243774,98.0829721399748,100.84788130243774,2097900
2020-06-25,99.82221984863281,99.9203301532222,97.80651512911044,98.34165791478266,1552000
2020-06-26,97.53893280029297,99.27814842057312,97.14649161224649,99.26031327780245,4015800
2020-06-29,99.34058380126953,99.34058380126953,97.64596620789537,98.33273149729645,2292100
2020-06-30,100.44654846191406,100.91925798749622,98.99273599111343,99.13544434849393,3284600
2020-07-01,100.3216781616211,101.41871969643303,99.96491408671224,100.79438766887411,1921800
2020-07-02,100.83007049560547,102.28387618807,100.55357474934219,101.69521441026023,1912200
2020-07-06,101.86466217041016,102.64062343981143,101.40978785353988,102.29278037535418,1328900
2020-07-07,100.44654846191406,101.28493624504301,100.27708398870196,101.08871565599931,3610000
2020-07-08,100.74980926513672,101.11549438456237,99.86682328110635,100.61602186035392,5601600
2020-07-09,99.24246215820312,100.79438481947841,98.39515345836766,100.74978675960979,2546300
2020-07-10,101.07088470458984,101.12439693847192,99.1978816669151,99.1978816669151,1895100
2020-07-13,100.95494079589844,102.69415647056793,100.78547631308624,101.74873736584598,2689600
2020-07-14,102.4622573852539,102.60496574877754,100.29492344838128,100.6962856172595,2775300
2020-07-15,104.23716735839844,104.54041245415492,103.45228488992757,104.0944589806001,3681400
2020-07-16,104.14794921875,104.55823231589325,103.43442789461909,103.67523972539499,2051300
2020-07-17,104.56714630126953,104.8258000774039,104.03200360792982,104.49579893227717,1957900
2020-07-20,103.8893051147461,104.47796005328625,103.64848647261381,104.3620146211503,2062000
2020-07-21,105.15582275390625,105.69096552219064,104.54932580192809,104.55824677606718,1830400
2020-07-22,105.75337982177734,105.85149010563563,104.67417350404446,104.8882292121406,988200
2020-07-23,105.63744354248047,106.37772101471234,105.1290569387989,105.69095577295994,2405900
2020-07-24,104.6741943359375,105.43231384005034,104.36202828185688,105.28961227448903,2419400
2020-07-27,104.81688690185547,104.8704059384667,104.00525523093305,104.63850825904214,1164700
2020-07-28,104.47795104980469,105.16472302441187,104.4065968801583,104.54930521945107,3468600
2020-07-29,105.87825775146484,106.05664319823268,104.72769713747108,104.8614845213697,1251100
2020-07-30,104.8080062866211,104.97746401013184,103.72879950126851,104.69205400743292,1817300
2020-07-31,104.46904754638672,104.59391396179356,103.03307696449873,104.5404017279647,3903100
2020-08-03,104.8080062866211,105.05773918839375,104.1569111029613,104.83476241113799,2003900
2020-08-04,105.28958892822266,105.34310115285396,104.37091930890037,104.62065890149877,1343100
2020-08-05,106.07447052001953,106.27069109464293,105.896091891112,106.03879343329632,1331300
2020-08-06,106.24394226074219,106.35096672353674,105.6731224434746,105.93176943170077,1846600
2020-08-07,107.37665557861328,107.37665557861328,105.87825193167103,105.88717290469631,1823800
2020-08-10,108.35775756835938,108.47370980987886,107.51044881193206,107.51044881193206,1838600
2020-08-11,108.25071716308594,109.98101151045793,107.9831424348254,109.5350581664957,2588400
2020-08-12,108.94640350341797,109.39235684825005,108.5896394666107,109.24964851164394,1859800
2020-08-13,108.25965881347656,108.73237519403548,107.91181566125886,108.3220920252923,1496500
2020-08-14,108.33992767333984,108.73236887033492,107.73343073466988,107.85829715103935,969400
2020-08-17,108.12586212158203,108.51829647826284,108.00098891183278,108.42910716104942,1648000
2020-08-18,107.74234771728516,108.30424657013214,107.57288324218615,108.10802597890361,1682500
2020-08-19,107.24287414550781,108.22397028669432,107.05557452984839,107.88504814474524,2146900
2020-08-20,106.76123809814453,107.0823250810777,106.34204763042885,106.48474917578322,2363200
2020-08-21,106.83259582519531,106.90395000259925,106.38664242348405,106.52935077829193,1954100
2020-08-24,108.42912292480469,108.42912292480469,107.01990837194704,107.38559347180784,1532900
2020-08-25,108.34883880615234,108.93749374346915,107.840452212907,108.78587122375059,1273500
2020-08-26,108.134765625,108.34882813085034,107.69773325046131,108.25071785017929,1538700
2020-08-27,108.90180969238281,109.2674947156605,108.39342313164408,108.44693535760344,1734300
2020-08-28,109.65103149414062,109.73129984524226,108.66992850483635,109.24966932450451,1163300
2020-08-31,108.73237609863281,109.59752009678864,108.68777803066064,109.58860592696205,2711600
2020-09-01,109.0802001953125,109.0802001953125,108.00990799336948,108.4737033222907,2465000
2020-09-02,110.82833862304688,111.12266268949215,109.0802021471063,109.33884912571091,2905200
2020-09-03,108.5361328125,111.59537318722779,107.76909247564987,110.91752216297942,3989400
2020-09-04,108.384521484375,109.65994859991574,106.98422794952616,109.31210545974186,4925600
2020-09-08,106.37769317626953,107.81366329249357,106.13688139742213,107.81366329249357,2234700
2020-09-09,107.67098236083984,108.42910172621752,106.96637522216625,107.21610801972987,2225400
2020-09-10,106.0833969116211,108.25964487523157,105.94960953075233,107.98315594488928,2123000
2020-09-11,106.68097686767578,107.14476542688622,105.9050154730656,106.59178754529405,2038300
2020-09-14,108.18830108642578,108.65208964346311,107.35882746321496,107.48369387490614,2817200
2020-09-15,108.1080322265625,108.94642687218717,107.9474887157984,108.66101694246316,3700900
2020-09-16,108.79478454589844,109.95425919743465,108.40234341214648,108.58072203401106,1286000
2020-09-17,108.32207489013672,108.6520828459368,107.06448987829334,107.66206578324523,2660500
2020-09-18,107.2964096069336,108.49156166258437,106.75234581900001,108.49156166258437,1850700
2020-09-21,104.8436279296875,105.74444873391249,103.63954852564461,105.74444873391249,2669600
2020-09-22,105.12903594970703,105.68201370014945,104.42442890199756,104.95957151407725,1478900
2020-09-23,102.99327087402344,105.78414954135036,102.930453955482,105.34443111156023,1487700
2020-09-24,103.17274475097656,104.1778153704515,101.91639963010279,102.79584326867347,2785100
2020-09-25,104.35729217529297,104.5816392630772,102.49072276176109,102.66122873936662,2098400
2020-09-28,106.0533676147461,106.59179931706404,105.55980122714516,105.5777528302564,1700800
2020-09-29,105.23672485351562,106.17898532436318,104.84187864993308,106.17000952417078,2145500
2020-09-30,106.00849914550781,106.99563195508904,105.30853722346352,105.54186014632188,2495500
2020-10-01,106.26873016357422,107.01356416107005,105.57774412444135,106.50205305906701,1530500
2020-10-02,106.57383728027344,107.15714104926028,104.4649761276559,104.7252127117984,2643000
2020-10-05,108.29682159423828,108.43143121013065,107.30072002177596,107.30072002177596,1792300
2020-10-06,107.3096923828125,109.59802839352763,107.1212416652145,108.68269535854743,2360500
2020-10-07,109.01473999023438,109.32882454406158,108.2070891043003,108.24298545995623,1478600
2020-10-08,110.44157409667969,110.51336680143476,109.42752781649875,109.5800821792064,1898400
2020-10-09,110.6300277709961,111.23127628471188,110.30696743748595,111.10564247129453,1469500
2020-10-12,111.50049591064453,111.77868409184607,110.7646377809103,110.91719214824474,1221800
2020-10-13,110.38774871826172,111.3120576724492,110.05571254636139,111.10565532850465,1336800
2020-10-14,109.9300765991211,110.9261782490886,109.77752221762013,110.40569134528882,1954600
2020-10-15,110.2800521850586,110.36978964945172,108.59296457626685,108.88909752411122,1570300
2020-10-16,110.55826568603516,111.06977688134637,110.30699798960595,110.71082694160823,3624400
2020-10-19,108.97884368896484,111.07872914691164,108.7993619105956,110.6300349707832,2798100
2020-10-20,109.50830078125,110.50440241135485,109.27497788996989,109.51727658190343,1752600
2020-10-21,109.05960845947266,109.9659726380864,109.05960845947266,109.37369302239921,3396400
2020-10-22,110.55826568603516,110.71082694160823,109.06860426583435,109.06860426583435,1687900
2020-10-23,110.7108154296875,111.14155805119634,110.03777409286573,110.86336982286645,1783600
2020-10-26,108.43144989013672,109.54420966992384,107.42637234439084,109.40063107569195,2742400
2020-10-27,107.06739807128906,108.33271888649485,107.06739807128906,108.31476728607134,2794200
2020-10-28,103.95347595214844,105.85594195268662,103.80989735870004,105.0393220140305,3682000
2020-10-29,104.75215911865234,105.64954758867873,102.98430273725548,103.76502632439879,3668200
2020-10-30,104.75215911865234,105.02137155174185,103.30736313418743,104.2765374784526,3912000
2020-11-02,106.70845031738281,106.85202889094374,105.29954405723014,106.14309128393819,2671800
2020-11-03,108.70963287353516,109.29293671703486,107.95582988552717,107.95582988552717,3273600
2020-11-04,108.68270111083984,110.5402946786569,107.82120913628276,108.71859746559592,2757700
2020-11-05,110.56720733642578,111.25820013470307,109.78647708093212,109.94800724253325,2274600
2020-11-06,110.40570068359375,111.06079726916887,110.1095608498462,110.77363323701293,2051200
2020-11-09,114.98237609863281,118.06041163155066,114.92853498738384,116.53485414290398,7805800
2020-11-10,116.30155181884766,116.481026775207,114.91059694420515,115.29646741572468,3739000
2020-11-11,115.95157623291016,117.0194570652901,115.42210660148908,117.00151915396619,2104700
2020-11-12,114.4439468383789,115.38620744047824,113.58245475620289,115.30544576708539,2478500
2020-11-13,116.6784439086914,116.98355267915876,115.17082427233797,115.17082427233797,1953900
2020-11-16,118.86807250976562,119.02959584776613,117.71940276961237,119.02959584776613,2905400
2020-11-17,118.36551666259766,118.69755965994122,117.10917846282558,117.74633020967674,2883200
2020-11-18,116.9925308227539,119.03857544539089,116.92972075004684,118.60783281248348,1950700
2020-11-19,117.32457733154297,117.44122852517347,116.0413046571129,116.67845651658243,3099500
2020-11-20,116.8220443725586,117.55790961610863,116.60667986659367,117.12716691111508,2332300
2020-11-23,118.41938018798828,118.70653735777702,117.55788129250124,117.55788129250124,2568800
2020-11-24,120.95003509521484,121.11157216451953,119.60395218761735,119.74753765076298,4214800
2020-11-25,120.17826080322266,120.59106551936836,119.62188434034303,120.59106551936836,2646400
2020-11-27,120.08853912353516,120.51928178196327,119.74752710187086,120.38466528722421,1251600
2020-11-30,118.81421661376953,119.81930091554821,118.5091078494171,119.64879493162772,3092700
2020-12-01,119.91802215576172,120.91412387634294,119.79238832132178,120.26800310120588,2659700
2020-12-02,120.5372085571289,120.65385973019916,119.45136263938052,119.72058188034006,1822900
2020-12-03,120.78848266601562,121.35382803994229,120.38464693641924,120.6000250793333,2113300
2020-12-04,122.33197021484375,122.35889076632742,121.21023492616476,121.21023492616476,2044700
2020-12-07,121.64997863769531,122.19738615137702,121.24615656535403,122.19738615137702,3476700
2020-12-08,122.07173919677734,122.2691657341415,120.9679553328305,121.04871700000858,1891300
2020-12-09,121.8384017944336,122.67296626178332,121.25509123880205,122.556315105103,1928400
2020-12-10,121.70378112792969,121.91915922158248,121.02177103761471,121.38970347937517,1906600
2020-12-11,121.4615249633789,121.6679204605508,120.63591558857075,121.1653851493182,3072700
2020-12-14,120.24107360839844,122.6026393871572,120.20502536340774,122.57559976500852,2320200
2020-12-15,122.06182098388672,122.19703284996639,120.6196573543966,121.169472180803,1987300
2020-12-16,121.73733520507812,122.22407593094138,121.42186834921134,122.1790053076395,2131700
2020-12-17,122.34123992919922,122.40434155093831,121.8454905927595,122.31420030663186,2010500
2020-12-18,121.80042266845703,122.5305199187509,121.10637366043994,122.45840968057573,2630200
2020-12-21,121.18750762939453,121.53903648831056,119.42986333481439,120.11489005244928,3139300
2020-12-22,120.5024642944336,121.28664077457964,120.45739367696764,121.28664077457964,2560900
2020-12-23,121.41285705566406,121.95367707740958,121.09739017099957,121.09739017099957,2325600
2020-12-24,121.75535583496094,121.76436445740474,121.1063774248336,121.7192938379416,1257600
2020-12-28,122.05284118652344,122.87307993880752,121.980730924975,122.59364751769756,2056600
2020-12-29,121.71027374267578,122.72881188131906,121.35874494979494,122.61163103248519,1482900
2020-12-30,122.29615783691406,122.68374864673228,121.917589402854,121.917589402854,1859300
2020-12-31,123.24259948730469,123.40485097913529,121.8184530751165,122.25111455091604,3357100
2021-01-04,121.58409881591797,123.71130282446533,120.58359155440581,123.67525458015406,3598100
2021-01-05,122.62969970703125,123.2245990019561,121.45793211953155,121.50300274859403,2024800
2021-01-06,125.70331573486328,126.54157155966539,123.31471024577081,123.32373262256858,2965600
2021-01-07,126.80294036865234,127.33475163681904,126.36128408698144,126.5595837964088,2613900
2021-01-08,126.88404846191406,127.3617666458739,125.69425043525435,127.18149796857898,2715200
2021-01-11,126.98324584960938,127.22660246596034,125.75739912988826,125.81147837796624,3569000
2021-01-12,127.59616088867188,127.83052263252245,126.86606354063413,127.09140290749139,2870200
2021-01-13,127.47897338867188,127.884595230824,127.08238767666668,127.65925587568293,3476000
2021-01-14,127.95670318603516,128.61469024026277,127.70431045945898,127.76741207950865,2651600
2021-01-15,126.73986053466797,127.23560983963095,125.78442392162403,127.10039798175632,2818000
2021-01-19,127.29871368408203,127.74038380278867,126.97422443951923,127.59616330439992,2121600
2021-01-20,127.89363861083984,128.11897802722046,127.2626909956994,127.70434744948447,2003200
2021-01-21,127.11846160888672,128.02882783631136,126.99227209465334,127.98377095907664,1552300
2021-01-22,126.43340301513672,126.76690084318366,125.81146422495682,126.20806367107862,1977600
2021-01-25,126.30722045898438,126.50552019291953,124.91912232143821,125.99173985855401,2381600
2021-01-26,125.73035430908203,126.93816997831374,125.67626130961622,126.78494086388491,1527000
2021-01-27,122.45838165283203,124.2701045538509,121.95362385475424,124.20701670590041,2824800
2021-01-28,124.216064453125,125.23460274383285,123.3417466511873,123.58511700678409,3178600
2021-01-29,122.0798110961914,124.18898346584676,121.58406192718228,123.61211545653201,4916100
2021-02-01,123.36878967285156,123.8104597742711,122.2781548613308,123.01726081780278,2934800
2021-02-02,125.12641906738281,125.88355585058792,124.48644937329894,124.66671807116396,3474300
2021-02-03,125.64021301269531,125.91963161851838,124.88307606395738,125.23460491541593,2014300
2021-02-04,127.25364685058594,127.29871747687824,125.79345208335943,125.90161058356165,1620800
2021-02-05,127.9296646118164,128.38034336617966,127.605189112154,128.0288144879213,2587900
2021-02-08,129.33580017089844,129.33580017089844,128.19107222810788,128.4164116162527,1190500
2021-02-09,129.36282348632812,129.6061800922308,128.7228536530933,129.1555013727655,1412800
2021-02-10,129.5521240234375,130.17406296814457,128.7769559371342,130.029842451245,2179000
2021-02-11,129.6422119140625,130.02978892084448,128.61466522301606,129.81347198817355,1360500
2021-02-12,130.3993682861328,130.43543028274505,129.29971120103204,129.3718214406346,1267000
2021-02-16,130.61572265625,131.12948929521872,130.3993918982701,131.00329979146989,1755400
2021-02-17,130.73287963867188,130.85006050935516,129.72336368701073,130.35431115679896,1753700
2021-02-18,130.01177978515625,130.4985066676333,129.40787205442962,130.13796925495555,1782300
2021-02-19,130.69683837890625,131.0663982572612,130.444459377499,130.48953000352685,1775000
2021-02-22,131.21060180664062,131.7874699858434,129.88560534363046,129.8946139662225,1553100
2021-02-23,131.64328002929688,132.08493645030077,129.87661308440485,131.4539888819913,3338700
2021-02-24,133.53611755371094,133.84258957810783,131.57116466668782,131.83255230855215,3894000
2021-02-25,130.94921875,133.75244117331678,130.44446074190586,133.62625167129326,5825300
2021-02-26,129.39886474609375,131.18354852780737,128.83100518906667,131.15650890638918,7958700
2021-03-01,132.34629821777344,133.0854040753926,131.27368079608706,131.27368079608706,2528500
2021-03-02,131.8685760498047,132.6797921202577,131.64323672427653,132.41840455423824,3016100
2021-03-03,131.55313110351562,132.97727767679882,131.5260914774224,131.86861174610277,2786400
2021-03-04,130.0388641357422,132.24718749368543,128.25416619428972,131.44497978394685,5338300
2021-03-05,132.9141845703125,133.26571344931645,129.2096046514443,131.51707767809836,5165700
2021-03-08,134.0137939453125,135.6182225589189,133.14849865752856,133.57213767991342,5714200
2021-03-09,133.9326934814453,135.33880883238606,133.89664523684638,134.5185840467523,4104400
2021-03-10,135.6903533935547,136.1590631493886,134.53661688198204,134.57267888438224,3435200
2021-03-11,136.1139678955078,136.98828562159323,135.63624960232156,136.12299027128745,2915000
2021-03-12,137.27676391601562,137.29479491885806,136.33033569435455,136.56468371680498,2044900
2021-03-15,137.90769958496094,138.0068494616049,136.45651343787617,137.56517932862286,3445700
2021-03-16,136.9612579345703,137.76346549242086,136.74494095495754,137.70938624751767,4002700
2021-03-17,137.66432189941406,137.66432189941406,136.21313582934383,137.04238304743777,2330100
2021-03-18,136.60072326660156,138.5656758910229,136.3393219060467,137.52011170967273,2264500
2021-03-19,136.0688934326172,136.8891180588058,135.0593639829992,136.51054967280646,3497700
2021-03-22,136.0508575439453,136.44745691128657,135.4108878823502,135.84354923960578,2404700
2021-03-23,134.12197875976562,135.80751263237613,133.74341031662635,135.4649924322693,1834500
2021-03-24,134.1309814453125,135.91566509929729,134.1129504477834,134.64476172273217,3254800
2021-03-25,135.7728271484375,136.06246317742492,132.99420227469506,133.75447613487808,3481700
2021-03-26,138.02650451660156,138.15321682078275,136.1529577934168,136.66886676725792,2488600
2021-03-29,137.4291534423828,138.06271502252866,136.56027293549897,137.2390918736424,2777100
2021-03-30,137.6826171875,138.0265566332602,137.17576777939686,137.30248013142264,2078100
2021-03-31,137.16668701171875,137.99936994375392,137.08523205122344,137.74594530403047,3767600
2021-04-01,138.3523712158203,138.4157204777582,137.14859713291392,137.4110815611658,2888700
2021-04-05,139.57420349121094,139.84571996509573,139.17596091537462,139.42938549806973,2465400
2021-04-06,139.67379760742188,140.1353895342486,139.33890419170154,139.46561651341517,3165000
2021-04-07,139.39320373535156,140.0539307905802,138.95876347415162,139.6737938357044,2100300
2021-04-08,139.45657348632812,139.51087679525594,138.73249714253967,139.44752753837602,2043100
2021-04-09,140.1353759765625,140.1625276278309,139.25743575726779,139.6556783900125,3993700
2021-04-12,140.24403381347656,140.38885188021484,139.80054747368067,140.1625788299154,1947000
2021-04-13,139.8367156982422,140.10824606366134,139.09453362013699,139.81860999105209,2319200
2021-04-14,140.3435516357422,140.9590213260601,139.78239906181653,139.87289996792342,2307100
2021-04-15,141.09478759765625,141.22149992188224,140.26210463694164,140.85946865569588,1698400
2021-04-16,141.79171752929688,142.13564310170912,141.4568240945531,141.94558151364595,2662100
2021-04-19,141.31199645996094,141.9093465912417,140.94090548297635,141.84599734258416,2750400
2021-04-20,140.0177459716797,140.93189783710935,139.5470942098055,140.93189783710935,1958700
2021-04-21,141.5835418701172,141.72835991176083,139.61044784250487,139.94532747952326,2078700
2021-04-22,140.56983947753906,141.94558321550673,140.28926316091454,141.71931021040848,4290800
2021-04-23,141.945556640625,142.3437992647367,140.51550985886277,140.74178282159846,3951200
2021-04-26,142.01797485351562,142.66964213329283,141.8369592337123,142.42526345072474,1899200
2021-04-27,142.27139282226562,142.44336248673952,141.73739193513526,142.0360600979936,1589500
2021-04-28,142.50669860839844,142.86874360830967,142.31663706772406,142.6153190136741,1559700
2021-04-29,143.70144653320312,143.80100719580744,142.59723329726685,143.3303555352592,2609200
2021-04-30,142.5972442626953,143.2217599388184,142.2804565453377,142.9592755305832,2906000
2021-05-03,143.51136779785156,144.16303506317834,143.21268581702628,143.36654978097755,3350500
2021-05-04,143.63807678222656,143.71953173585374,142.22613567693182,142.90495457837014,2682100
2021-05-05,144.1358642578125,144.5250470895127,143.40274213439253,143.89148561313772,2338700
2021-05-06,145.32159423828125,145.35780565843328,143.52046968811146,144.19022904421067,3266900
2021-05-07,146.42576599121094,146.59773566133723,144.78755186734466,145.11338550268758,2080700
2021-05-10,146.2628631591797,147.88297165656297,146.21760580001776,147.12269774082802,4062500
2021-05-11,144.38929748535156,145.49351061477245,143.35749335907693,144.9142524002078,4184300
2021-05-12,141.60162353515625,144.4255196252979,141.4296538662296,144.22639830449924,2384200
2021-05-13,143.59283447265625,144.2173501371146,141.61069467367227,141.7736045979967,2517500
2021-05-14,145.4844970703125,145.74696768089484,144.27166326075024,144.42554105833554,2313000
2021-05-17,145.3396759033203,145.64740387065046,144.63370524386508,145.26726688560595,2508400
2021-05-18,144.00918579101562,145.47543038228375,143.91867106858354,145.35777781585116,3681800
2021-05-19,143.16746520996094,143.16746520996094,141.2305686215611,142.5520091961749,4010900
2021-05-20,143.93679809570312,144.48890483886095,142.87784197730724,143.2579790087358,2387900
2021-05-21,144.46173095703125,145.34871722724876,144.11779158648244,144.57033757484348,2113800
2021-05-24,145.29437255859375,145.7107208260348,144.72416035618204,145.2400692651457,2031900
2021-05-25,144.48886108398438,145.84649884679203,144.29878572052488,145.6473775367318,1611300
2021-05-26,144.9051971435547,145.04095538410306,144.24447021127438,144.81468244278622,1970700
2021-05-27,145.68357849121094,146.07276132620038,145.35774489909218,145.6564130321469,3068500
2021-05-28,145.8374786376953,146.21761562109566,145.5116449646939,146.21761562109566,3378400
2021-06-01,146.33523559570312,147.14982650207045,146.0456134012161,146.97785685037275,1809100
2021-06-02,146.4710235595703,146.8059031425482,145.92796289634626,146.74255389118235,1699400
2021-06-03,146.33523559570312,146.60676589782557,145.3577486050301,145.71073385460784,2213300
2021-06-04,146.98690795898438,147.07742266640582,146.34430049235016,146.8511497084575,2643400
2021-06-07,146.50721740722656,147.19509607111004,146.3262017943226,147.15888466216566,2490400
2021-06-08,146.54345703125,146.72447267900623,145.728865900434,146.652063657782,5583900
2021-06-09,145.91891479492188,146.60677965565827,145.88270338558482,146.56152229929003,2289800
2021-06-10,145.82354736328125,146.96811143256573,145.67820193390773,146.66835554322455,2668100
2021-06-11,146.214111328125,146.42303664813426,145.6690730853462,146.2231902165086,1463400
2021-06-14,145.46018981933594,146.20506084819178,144.80614928327103,146.032464892716,1533700
2021-06-15,145.59645080566406,145.8962205568923,144.99691130320758,145.58737191413707,3168400
2021-06-16,144.65171813964844,145.65093667857528,143.97950599240912,145.31483753540644,2628700
2021-06-17,142.8440399169922,144.8515838740826,141.97198117386833,144.58814354233638,3114800
2021-06-18,140.16429138183594,141.59045353979934,140.13704084677886,141.45420086451404,2403200
2021-06-21,142.90760803222656,142.97118798510044,141.12716143824306,141.21800578337832,4447700
2021-06-22,143.0802001953125,143.53439423119988,142.3171575416382,142.9802769529812,2131600
2021-06-23,142.8531036376953,143.45264309361505,142.78952368013523,143.23462496576187,2311500
2021-06-24,143.83419799804688,143.98862234348647,143.1347489970979,143.5525998468979,1894400
2021-06-25,144.70626831054688,144.91519375199042,143.91596101307545,144.11580756085846,2101600
2021-06-28,144.07943725585938,144.8424799340924,143.5979926711955,144.77889997469086,2053400
2021-06-29,143.6161651611328,144.75165029409274,143.51624191499624,144.34286455750515,2972600
2021-06-30,144.0885009765625,144.29744019764667,143.4980543174313,143.4980543174313,3398500
2021-07-01,145.08775329589844,145.205848188339,144.37921166306091,144.55180762558084,3714300
2021-07-02,145.39657592773438,145.5600929696284,144.84245871286637,145.34207486740317,2264600
2021-07-06,144.06129455566406,145.29670317567755,143.15290627215134,145.29670317567755,2175400
2021-07-07,144.3973846435547,144.49730789325957,143.33455832355588,143.83417457208031,2500300
2021-07-08,142.92576599121094,143.48897598213176,139.8100017739709,142.61691739480656,3511600
2021-07-09,145.04232788085938,145.15133001858595,143.8977638520228,144.0794387018679,3195700
2021-07-12,145.61460876464844,145.72361089634074,144.2883560984842,144.74255012840456,2277700
2021-07-13,144.51547241210938,145.46020388260862,144.44279969430917,145.24218572920796,2013200
2021-07-14,144.25201416015625,145.35115585510135,143.7342263577354,144.84246080346722,1855800
2021-07-15,144.10670471191406,144.42464612896367,143.4708357387189,143.52533681343505,2504600
2021-07-16,143.04388427734375,144.63356355304595,142.85311666546204,144.53364030127997,2307700
2021-07-19,140.45498657226562,141.3906253595127,139.36492344605497,141.1907788359352,5718100
2021-07-20,142.7350311279297,143.27097679735795,140.40955973571647,140.6184851243083,3178500
2021-07-21,144.04310607910156,144.27928199256783,143.47989603790927,143.525318214588,1906200
2021-07-22,143.5980224609375,144.08854603844688,143.0439050499315,144.08854603844688,2368600
2021-07-23,144.3973846435547,144.53363732001452,143.63432807267054,144.05219271531908,2470600
2021-07-26,144.9151611328125,145.05141381158325,144.18844783726104,144.18844783726104,2080100
2021-07-27,144.933349609375,144.9696790409654,143.81603593098149,144.39740386276156,2471900
2021-07-28,144.81524658203125,145.43295777167873,144.2247997906792,145.12409524640296,3874300
2021-07-29,145.75994873046875,146.31406598068767,145.4601790186223,145.54193061433463,3621100
2021-07-30,145.31484985351562,146.22323798094354,145.08775282165865,145.49652470682065,4224400
2021-08-02,144.95150756835938,146.741019518984,144.90608538748182,145.69637866331786,2840700
2021-08-03,146.15963745117188,146.1778090939393,144.13393590102476,145.2875926509669,3292000
2021-08-04,144.73348999023438,145.75088031358635,144.73348999023438,145.31485786942173,2780300
2021-08-05,145.58738708496094,145.60554486990705,145.0877707808517,145.19677293414662,1709400
2021-08-06,146.55929565429688,146.73189156738204,146.01427124870563,146.1868533008919,3024000
2021-08-09,146.2867889404297,146.58655862635905,145.85985935720913,146.41396269862094,1822500
2021-08-10,147.14981079101562,147.36781508993803,146.21417204572953,146.45034798986347,2027400
2021-08-11,148.0672607421875,148.10359016749894,147.11345046215857,147.5131434450966,2200000
2021-08-12,148.23080444335938,148.2853193875734,147.4677615552377,148.1127233831612,3339600
2021-08-13,148.2398681640625,148.512387388133,148.01277112082101,148.4306219182794,2110700
2021-08-16,148.26708984375,148.29434037476304,146.87725731848187,147.5676272056468,2181200
2021-08-17,147.54039001464844,147.9855051629416,146.4049049167698,147.49496783855287,4625300
2021-08-18,145.91441345214844,147.64034563505808,145.83264797288453,147.2134020357553,3586200
2021-08-19,145.46018981933594,146.0143071106992,144.66080386172277,144.86065035112605,4255600
2021-08-20,146.3322296142578,146.56841938140872,145.0695707622266,145.38751212835967,2264400
2021-08-23,147.23155212402344,147.64032401686825,147.0044550878982,147.0044550878982,1868800
2021-08-24,147.69480895996094,147.96732814573357,147.4041319931313,147.53130576503833,1706200
2021-08-25,148.2398681640625,148.63046842520419,147.40415270824224,147.69482971592151,1650300
2021-08-26,147.34056091308594,148.53963997115667,147.2678881949389,148.28529238809386,1998400
2021-08-27,148.61231994628906,148.80307371244913,147.6040084567298,147.66758842514835,1681700
2021-08-30,148.22166442871094,148.7939532892648,148.13083394762177,148.73035947769193,1991300
2021-08-31,148.1490020751953,148.575945562747,147.90374728431357,148.1853453588899,1944100
2021-09-01,148.1126708984375,148.38519007931373,147.65847688394422,148.38519007931373,1975100
2021-09-02,149.0392303466797,149.08463865934021,148.46694145378362,148.46694145378362,2202300
2021-09-03,148.51235961914062,148.9393030894766,148.2943415084688,148.81212932347657,1411500
2021-09-07,147.2769775390625,148.37611945595077,147.1952120699747,148.37611945595077,3306400
2021-09-08,147.1952362060547,147.64943036275938,146.66838318187425,146.98631077502412,1641700
2021-09-09,146.5684356689453,147.76750083663626,146.50484184429104,146.9045348538225,1989800
2021-09-10,145.4510955810547,147.33146556825128,145.44201669013907,147.21337068183735,2483600
2021-09-13,146.3322296142578,146.79551639696038,145.58735861091728,146.35040125655445,3123100
2021-09-14,144.96963500976562,146.77733208747355,144.6517075319722,146.7319099161029,3033200
2021-09-15,146.3140869140625,146.62293556043065,144.81523814038783,145.01508464354444,5122300
2021-09-16,145.78720092773438,146.70466785442267,145.07865936833124,146.41397702958986,3375400
2021-09-17,144.933349609375,145.99616220993053,144.80617580745138,145.47837424865983,2983600
2021-09-20,142.753173828125,143.30729108263878,141.1544158801203,142.88944034960298,4262000
2021-09-21,142.3444061279297,143.97950740693966,142.28990506211298,143.5889071946521,3194800
2021-09-22,143.76150512695312,144.67898603899056,143.2619027279702,143.40723429919805,3536300
2021-09-23,145.77809143066406,146.48663290867603,144.4336811725003,144.54268328884064,1909000
2021-09-24,145.96347045898438,146.43824140150087,145.37914234953368,145.43392093300076,2257200
2021-09-27,146.47474670410156,147.21429932935786,146.29214679340674,146.31953608343696,2118100
2021-09-28,144.65782165527344,146.3194985270111,144.3839148937959,146.17342699483612,4029700
2021-09-29,145.12351989746094,145.80828014919305,144.58484517632093,145.04135201080902,2568200
2021-09-30,142.8957061767578,145.6712744027922,142.88658105911463,145.4521461960598,4719000
2021-10-01,144.75830078125,145.54349298956984,142.5944491996874,143.75398030613815,4164500
2021-10-04,144.08265686035156,145.6895695214918,143.47093949284215,144.6304705278276,4735500
2021-10-05,145.10525512695312,145.95436507998264,144.13746287085286,144.70354081670018,2882400
2021-10-06,145.47044372558594,145.50695813601038,143.14225649670394,144.00961654195945,5584000
2021-10-07,146.63909912109375,147.6251553750826,146.42910991643737,146.42910991643737,1977300
2021-10-08,146.5934295654297,147.15036829779237,146.39256550251338,146.83994708473222,2090100
2021-10-11,145.40652465820312,147.35124786677687,145.3973995385572,146.62083428217093,2231300
2021-10-12,145.196533203125,145.95433606639884,144.84045850172936,145.4247865740576,2438500
2021-10-13,145.34259033203125,145.72605424856513,143.90915275528263,145.26042247809056,2317000
2021-10-14,147.64344787597656,147.77126923353055,146.41999896055074,146.6482523798602,1424000
2021-10-15,148.55642700195312,149.20465876039566,148.4012024532197,148.54728795115713,1583800
2021-10-18,148.1455841064453,148.67513367475118,147.46082389541775,147.8260377001884,4804100
2021-10-19,149.30508422851562,149.30508422851562,148.41033497311278,148.75727060109716,2439900
2021-10-20,150.68374633789062,150.7385388519442,149.305100927713,149.4420473841449,1929100
2021-10-21,150.51028442382812,150.66549505053217,149.84377452321112,150.54679883479585,1227400
2021-10-22,150.8389892578125,151.15853567221023,150.1450899768114,150.49203961731195,1577100
2021-10-25,151.12200927734375,151.36851290938654,150.5833206857195,151.12200927734375,1161900
2021-10-26,151.08547973632812,151.68807202840017,151.0672294958275,151.34112241814998,2068100
2021-10-27,149.012939453125,151.1037342381091,149.012939453125,151.1037342381091,1857600
2021-10-28,150.37335205078125,150.40988040003475,149.30512770459094,149.3325170007894,1949700
2021-10-29,150.22727966308594,150.62900795112975,149.77991183170633,150.17250106589535,2514800
2021-11-01,150.99417114257812,151.09460318088276,150.37331474265494,150.76591777656574,2821300
2021-11-02,151.42330932617188,151.59677020565772,150.7841886686108,151.2041810494525,1252500
2021-11-03,152.18104553222656,152.31800588195085,150.89370740627055,151.02152870712706,2582200
2021-11-04,151.5419464111328,152.40018115790167,150.9119649935481,152.40018115790167,4350200
2021-11-05,152.2723846435547,153.10323024061654,151.7976137407365,152.33630227324247,1930400
2021-11-08,152.60104370117188,153.19449677862264,152.2267049014371,152.99364666787548,1616700
2021-11-09,152.45494079589844,152.728847543201,151.79757017496263,152.4001622327331,2163000
2021-11-10,151.98936462402344,152.893253041017,151.65155407339597,152.19935383672583,2031700
2021-11-11,151.98936462402344,152.19935383672583,151.70633265658086,152.11718596194848,1274400
2021-11-12,152.4458770751953,152.62847700311195,151.78850618951017,152.35457014549624,1642400
2021-11-15,152.5645751953125,152.92064993519784,152.30893250675288,152.8384681248538,1773600
2021-11-16,152.31805419921875,152.9936892503388,152.24501144249106,152.60108617436268,2089000
2021-11-17,151.6058807373047,152.18106971682954,151.2315418926361,152.18106971682954,2443100
2021-11-18,150.95765686035156,151.5967635584072,150.30028599049973,151.56937426645345,2280200
2021-11-19,149.62464904785156,150.45548070166913,149.54246724920526,150.41896629342162,2803400
2021-11-22,150.27285766601562,151.47804192486453,149.89851886457217,150.2363432633888,2645400
2021-11-23,151.2772216796875,151.37765373033545,150.17246912256005,150.4737652745039,3169800
2021-11-24,151.21327209472656,151.34109341113844,150.66547242359516,150.83894719547095,1631700
2021-11-26,147.82603454589844,148.51991986293345,147.05910646946788,148.24601299807057,3600400
2021-11-29,148.41033935546875,149.2959635181083,147.60688305992448,149.27769934826057,5371400
2021-11-30,144.86785888671875,147.52473167141136,144.7217733745784,147.18692111463287,5671400
2021-12-01,143.45269775390625,147.9082087470778,143.45269775390625,146.60260593722444,6131600
2021-12-02,146.55691528320312,147.18689676002103,143.8178750754585,144.0552535447973,5973800
2021-12-03,146.20083618164062,147.53382790737425,145.0139160079682,147.26906015850227,6711500
2021-12-06,148.22775268554688,149.10423787577736,147.12300018053867,147.40603214678978,4792800
2021-12-07,150.0811309814453,150.69284822176596,149.42376028974724,149.64287456599502,3313800
2021-12-08,150.19068908691406,150.54676371958746,149.58809696039677,150.28199599025697,2505500
2021-12-09,149.64292907714844,150.26378559279343,149.36903613206644,149.62467883513128,5513300
2021-12-10,150.3459014892578,150.4737227965918,149.42376305288244,150.38242982362618,3166800
2021-12-13,149.69119262695312,150.26889352740196,149.1776605043147,149.96628163082417,3305400
2021-12-14,149.4160919189453,150.287239759957,149.0217743534921,149.06762718561268,4098500
2021-12-15,150.73655700683594,150.846592596842,148.70081463781528,149.36105616248784,5770100
2021-12-16,151.38763427734375,152.53388509231968,150.93831291295768,151.39681323894806,4628100
2021-12-17,149.51695251464844,150.9933240589659,149.22350560263357,150.76407390607386,5386400
2021-12-20,147.90304565429688,148.0497691332906,146.49087064786517,147.8388628774378,4451800
2021-12-21,150.1129913330078,150.3147325788986,148.87504895211606,148.87504895211606,3571300
2021-12-22,151.0391845703125,151.14005520240835,149.7370313224137,150.0121343183405,2925900
2021-12-23,151.88282775878906,152.34132810075985,151.46100128755512,151.52519805174464,2477100
2021-12-27,153.52427673339844,153.52427673339844,151.84616354138922,152.15794046432282,2368700
2021-12-28,153.78103637695312,154.33124247182627,153.41424164191918,153.50593332951655,2330100
2021-12-29,154.12945556640625,154.46874129554172,153.64344638974052,153.76264694758055,3052300
2021-12-30,154.0286102294922,154.9914637725274,153.90939565976467,154.3312221425787,3399400
2021-12-31,153.99192810058594,154.62466085221183,153.8177097129147,153.9644191976736,3795700
2022-01-03,154.53297424316406,154.63384488792565,153.51510282505023,154.21201837556222,6090400
2022-01-04,155.89012145996094,156.41281858352286,155.15651808992055,155.15651808992055,3888900
2022-01-05,154.52378845214844,157.14641110773846,154.51462348205558,156.26609823992015,4156500
2022-01-06,154.82638549804688,155.6241855737391,154.15697894524345,155.03730572080474,4916000
2022-01-07,155.21153259277344,155.6517030008278,154.61548773797335,154.87224681317832,3869400
2022-01-10,154.97312927246094,155.1932144932788,153.23999838644403,155.17487056013033,8364700
2022-01-11,156.2293701171875,156.23854907723583,154.09275728118206,155.1931690708782,4040700
2022-01-12,156.35777282714844,156.85296100445044,155.6700223526995,156.44031351824492,4931000
2022-01-13,155.71585083007812,157.1922221773619,155.38573009427813,156.5503246333944,4776500
2022-01-14,155.45913696289062,155.56000760569,153.95525628354062,154.5421362073767,4386500
2022-01-18,153.19412231445312,154.49626152407097,152.19459499044154,154.36788199614583,6340900
2022-01-19,151.84613037109375,154.00108744011354,151.76360367287234,153.68013162393814,4739500
2022-01-20,150.40643310546875,153.7626444614711,150.2322007633834,151.9103134375435,5958900
2022-01-21,148.3065185546875,150.8099405276928,147.99474167639679,150.2688994832234,9690800
2022-01-24,148.55409240722656,148.8567042745417,143.51058926994418,146.45416725759628,12806300
2022-01-25,147.9580535888672,149.10430434802385,144.67518973556432,146.71093220321202,7948000
2022-01-26,146.94932556152344,150.08546549505328,145.64718657103913,149.0859383392495,7845000
2022-01-27,146.51837158203125,149.6453473454443,145.77560324946597,148.24233738563873,5840300
2022-01-28,148.67330932617188,148.67330932617188,144.94111022884422,146.20657551370812,5828200
2022-01-31,150.3422393798828,150.45228896212728,147.7104522438116,148.02222907681497,4561500
2022-02-01,151.43348693847656,151.66273710121447,149.60865060584757,150.41561565622735,3603400
2022-02-02,152.65310668945312,152.9373746658962,151.03919050482668,151.5710385942439,3921300
2022-02-03,151.02084350585938,152.4605272905691,150.8374461692003,152.02953585364432,4959100
2022-02-04,151.06668090820312,152.17624377666814,149.68200107437,150.40643936981135,5687900
2022-02-07,151.21339416503906,152.14873869997265,150.7273849637827,151.30509982246505,2563900
2022-02-08,152.24046325683594,152.53389621085262,150.8832921185072,151.442663116682,3850200
2022-02-09,153.95521545410156,154.1936305500711,153.14825052571635,153.2766300377488,5735100
2022-02-10,151.89198303222656,154.52377034959395,151.222576493531,152.6989480601242,3407700
2022-02-11,150.24139404296875,152.97406625278714,149.7553847825778,151.9195070333513,4964900
2022-02-14,149.1043243408203,150.46148150378824,148.14147077555984,150.1588695837166,3164500
2022-02-15,150.81910705566406,151.08503110346655,150.04882982169792,150.21388323226768,2927500
2022-02-16,151.08502197265625,151.57103119750013,149.97545902247285,150.2505620157836,2762600
2022-02-17,148.74668884277344,150.23222549063365,148.4715858359015,150.03964918812724,2315800
2022-02-18,148.0956268310547,149.5444897509572,147.51791185875288,148.47160051119783,4916900
2022-02-22,146.8484649658203,148.48988976518072,145.83975878141936,147.90300998307046,4433900
2022-02-23,145.0328369140625,148.0497631195996,144.76689887014845,147.6462805649166,3488100
2022-02-24,145.21621704101562,145.45463216218664,141.60323240178735,142.12592946537467,7496800
2022-02-25,149.33358764648438,149.5536588860062,145.63807549807947,145.8581467376013,3155200
2022-02-28,148.53575134277344,149.05844839430398,146.8117997519199,147.11439763275297,4289500
2022-03-01,146.2432403564453,148.75582684158263,145.3537487244811,148.0772414133088,4450900
2022-03-02,149.1226806640625,149.80126636176365,147.01358980512498,147.11444647067194,3294400
2022-03-03,149.23269653320312,150.31475062532778,148.1414634791425,149.64534404304183,2876400
2022-03-04,148.68246459960938,148.74666135268728,146.9951869913593,147.61874063219702,3191300
2022-03-07,145.28041076660156,148.20564516954934,145.24373689608532,148.0956095656807,3387300
2022-03-08,144.1066436767578,147.32532484915447,144.0974787076756,145.7022298131732,5714200
2022-03-09,146.6834259033203,147.53622976692984,146.06902317228577,146.49084961574962,3354900
2022-03-10,146.52755737304688,146.75680758196117,144.90447596840565,145.1887439886878,1817800
2022-03-11,145.36293029785156,147.81132007369777,145.24371574947082,147.1694224907205,1934000
2022-03-14,145.20706176757812,147.0960809099976,144.5926590051145,145.96816001083585,2404500
2022-03-15,147.03187561035156,147.26112576466195,145.31708893365197,145.70222751381513,4006300
2022-03-16,149.3701934814453,149.37935844814325,146.6008483762666,148.04971067653057,2100100
2022-03-17,151.1400604248047,151.1400604248047,148.81087083677218,148.8292147684197,1437500
2022-03-18,151.67189025878906,151.80944874111094,150.1129920720368,150.75488967925028,5480900
2022-03-21,151.9745330810547,152.76315429976557,151.14923798831316,151.93785920702405,4700900
2022-03-22,152.9373779296875,153.2766637162543,152.4880425426857,152.65310994717797,3132000
2022-03-23,151.17674255371094,152.6531143047805,151.1675775835466,152.44220805243367,1976300
2022-03-24,152.6981201171875,152.7441690413535,151.38120800942403,151.8048243865703,1927200
2022-03-25,154.15316772460938,154.1899984299536,152.92833950258785,152.95596604463543,2533200
2022-03-28,154.05184936523438,154.07027174202958,152.70731095446496,153.7663657596117,2875400
2022-03-29,155.53453063964844,155.63583263125798,154.25444950139473,154.9359369042367,1761100
2022-03-30,155.12936401367188,155.81085159812363,154.37421500856118,155.36881281337202,4307000
2022-03-31,152.8546600341797,155.30431641402944,152.75335803194056,154.62282893967924,3641800
2022-04-01,153.46246337890625,153.53613883565998,152.18238217864265,153.5085122958969,2328700
2022-04-04,153.22300720214844,153.56374384622723,152.32971173596204,153.46244186391263,1699000
2022-04-05,152.1639404296875,154.2360149610659,151.795577244971,152.91910322615746,1942100
2022-04-06,152.2652587890625,152.64284022790542,151.13252852468995,151.36275905293715,3384100
2022-04-07,152.93756103515625,153.4993101037464,151.21542691461067,152.06267367748106,2579400
2022-04-08,153.76638793945312,154.36498177615664,152.90071878324193,153.13094934384458,2089000
2022-04-11,152.3113250732422,153.81243278527575,152.07189035533855,153.14936766414178,3121300
2022-04-12,151.83242797851562,153.75716592129032,151.32593204573152,152.66126633173405,1746500
2022-04-13,153.00201416015625,153.1401468696672,151.60220847776225,151.7771859445812,1600200
2022-04-14,152.1639404296875,153.81239870385744,152.09026498231324,152.98356046001322,2182200
2022-04-18,151.9982147216797,152.82703909609145,151.39960684935312,151.86006795783916,2834700
2022-04-19,153.99659729003906,154.2820808975212,152.09949998030677,152.09949998030677,3418100
2022-04-20,155.09251403808594,155.77398748572693,154.5399550866644,154.60442638693198,2281200
2022-04-21,153.09410095214844,156.2712795110153,152.8454480408169,155.98579589719154,2103800
2022-04-22,149.1065216064453,152.49550866723277,148.95917067715246,152.44945974530899,3135000
2022-04-25,149.15255737304688,149.41041445048725,145.76355655901276,148.0474395529804,4237500
2022-04-26,146.12271118164062,148.94994883676867,146.12271118164062,148.34213686468718,2527900
2022-04-27,146.2147979736328,147.65143412486523,145.41358623378756,146.32530412306443,2753800
2022-04-28,148.5171356201172,149.0420539970076,145.68989755943332,147.14495640488568,3828500
2022-04-29,144.059814453125,148.22238561789925,143.8756328728402,147.75272048035,2888200
2022-05-02,144.1243438720703,145.2110254706059,141.48130129583583,144.40062338002056,4966400
2022-05-03,145.3675537109375,146.41740430388887,144.2348094524239,144.51108888260174,2913200
2022-05-04,149.18936157226562,149.4564227649718,145.0175861043246,145.53330016758775,2944900
2022-05-05,145.51492309570312,148.3882101389375,144.2164333722185,148.16718373494754,3229600
2022-05-06,145.10049438476562,145.57017368331807,143.1205173465704,144.85184146507063,3271100
2022-05-09,141.04843139648438,143.53491824173815,140.53271727179836,143.19418156338975,3398500
2022-05-10,140.60638427734375,143.05604051938928,139.11449492116344,142.5771711286132,4308600
2022-05-11,139.74075317382812,143.22183830163178,139.6118246154709,140.7629774765742,5056000
2022-05-12,139.94334411621094,140.4866848433287,137.7331223982631,139.1789770016511,4007300
2022-05-13,142.3837890625,142.88108089255223,141.0300322362666,141.14053840913192,5165800
2022-05-16,142.4942626953125,143.5441132542636,141.41678559945385,142.07985058954458,2754500
2022-05-17,144.95315551757812,145.03604919914,143.49811073863154,144.17038004183576,2723600
2022-05-18,140.27487182617188,143.97696883589137,139.78677014757673,143.9217157539787,2615700
2022-05-19,139.42758178710938,140.76292989634632,138.3593229727357,138.72768614291223,4516100
2022-05-20,139.7960205078125,140.80902669751177,137.02403514243304,140.52354300721325,2950900
2022-05-23,142.27328491210938,142.75215436943864,140.56957311137242,141.2510606420989,3057600
2022-05-24,142.42063903808594,142.68771439485528,139.7960187123306,141.42605524342005,2376300
2022-05-25,143.40599060058594,143.90328235186064,141.8496300025419,141.99698091112555,1985300
2022-05-26,145.5241241455078,146.13192209350547,144.24404290090408,144.24404290090408,1880000
2022-05-27,148.16714477539062,148.16714477539062,145.75433355460748,145.79116425284207,1622100
2022-05-31,146.9147186279297,148.09349792927384,146.31612481396004,147.1633715585413,4520000
2022-06-01,145.80963134765625,147.81723524281335,144.54797227688613,147.64227180734423,2908400
2022-06-02,147.52252197265625,147.5501485130803,144.56635567787103,145.91090820452126,2078900
2022-06-03,146.12271118164062,147.02521092517728,145.86485411205874,146.50949678601347,2134400
2022-06-06,146.41744995117188,147.65148253158014,146.15959281652417,147.22785206628183,2320300
2022-06-07,148.02903747558594,148.11191709994208,145.45965670328647,145.4688749185421,1649800
2022-06-08,146.12271118164062,147.60539635781473,145.78197449372664,147.28306799475916,1739400
2022-06-09,142.8992919921875,145.94148114802053,142.87155286634055,145.5346218230342,2098900
2022-06-10,139.64442443847656,141.04067862896076,139.51497050101062,140.8280073265712,4232100
2022-06-13,134.62344360351562,137.00910704012884,133.9299372827358,136.48204957323574,4350800
2022-06-14,133.67098999023438,135.68678843878143,132.59836381061916,135.24293436550877,3629400
2022-06-15,134.68817138671875,136.29709694628662,132.64463331477393,134.8823452462562,2888800
2022-06-16,130.83229064941406,132.11758852974936,130.00007455768767,132.08984940430076,3434400
2022-06-17,130.3699493408203,131.9881307895578,129.4175351026029,130.92474594330537,3132300
2022-06-21,133.39364624023438,133.92995957737878,132.16382646686563,132.42274851705997,4260300
2022-06-22,133.17172241210938,134.45702033864652,131.581279985246,131.581279985246,2708600
2022-06-23,133.7357635498047,134.19810109746004,132.14532125711648,133.6155512723992,3376800
2022-06-24,137.332763671875,137.44372018006536,134.63271380032762,134.83614347162577,5165700
2022-06-27,137.35122680664062,138.0539888802361,136.81492768968423,137.65637126868788,2683400
2022-06-28,135.6035919189453,139.2745530362703,135.52963033042892,138.17418745725155,3722100
2022-06-29,134.974853515625,136.09370271777985,134.3645644365813,135.9180262641993,3171700
2022-06-30,134.05015563964844,135.1227821840298,132.5984089031184,133.3936300847221,6050200
2022-07-01,135.7238311767578,135.99199489877813,132.94056377189125,133.9761955300882,2079400
2022-07-05,134.9285888671875,134.9285888671875,132.07134619511973,133.8374790219664,3285800
2022-07-06,134.80838012695312,135.66833532921845,133.68028945628222,134.80838012695312,2445600
2022-07-07,136.5745391845703,136.8796837271403,135.71459792685752,135.77007618742925,2167700
2022-07-08,136.23239135742188,137.07384912903944,135.56662412157314,136.4080818931907,2038100
2022-07-11,135.1227569580078,135.83474652126114,134.87309076717574,135.30768912886037,1959700
2022-07-12,134.42001342773438,135.89949921670788,133.88370018196701,134.60495973342267,2209300
2022-07-13,133.5970458984375,134.512479267908,132.30250648552897,132.9960127658917,2629300
2022-07-14,132.23777770996094,132.4134682321351,130.58261552993136,131.3963341128761,2582400
2022-07-15,135.03955078125,135.08578735997838,133.04226320875884,133.92070176690663,2416900
2022-07-18,134.38304138183594,136.5190387230409,133.97618205790678,136.1214351806521,2897900
2022-07-19,137.88754272460938,138.1094698220908,135.6683281874829,135.6683281874829,1695200
2022-07-20,138.35911560058594,138.7382216023155,137.23101104655402,137.78580754415376,1902400
2022-07-21,139.12661743164062,139.1451007742823,137.07383764466437,137.80432474282316,2280900
2022-07-22,138.2759246826172,139.66293749749045,137.41598350991927,139.1543774195761,1564700
2022-07-25,138.88621520996094,139.16362059782148,137.97079577227248,138.5440898936066,2007500
2022-07-26,137.92454528808594,138.7197664614436,137.64713992818486,138.4146219764947,1911400
2022-07-27,140.25469970703125,140.76327378790646,138.1741809202499,138.59953763591488,1536500
2022-07-28,141.62322998046875,141.73418646827002,139.10811278788478,140.5321061158787,3598900
2022-07-29,142.89004516601562,143.21368710178731,141.3920759866186,141.44755423631145,1780400
2022-08-01,142.5294189453125,143.00099816558276,141.54926559960043,141.96536657153564,4046200
2022-08-02,141.4937744140625,143.11195568651704,141.4197987199055,142.21501979531712,1705200
2022-08-03,142.96401977539062,143.37087908259002,141.88215158638636,142.22427686315743,1395600
2022-08-04,142.28903198242188,143.04725835050726,142.2058004867607,142.98253841990925,1043600
2022-08-05,142.5756378173828,142.6958500801293,141.12389132225246,141.19786701398718,1589700
2022-08-08,142.8715362548828,144.15683400423737,142.68660406759713,143.1951781646989,2139500
2022-08-09,142.7328338623047,143.20441303389754,142.24275724003542,142.97324428341503,2497200
2022-08-10,145.3496551513672,145.46986740781674,144.45271933652006,144.67464640009928,1765000
2022-08-11,145.9969482421875,147.43943911368268,145.8212577189681,146.37606841235333,1389200
2022-08-12,148.1791534423828,148.23463167914431,146.31130618470257,146.60720892665637,1743800
2022-08-15,148.39187622070312,148.57680844389722,146.94014345373404,147.19905138809062,2480900
2022-08-16,149.01138305664062,149.5846911989486,148.1144471029449,148.1144471029449,1766500
2022-08-17,147.7168426513672,148.5583003525752,147.06957292329253,147.7168426513672,1282500
2022-08-18,148.0959930419922,148.27168359891692,147.37474746787737,147.9110608118595,1014600
2022-08-19,146.40383911132812,147.42097345600604,146.06171377195943,147.3562535231586,1384000
2022-08-22,143.64830017089844,144.80414418865777,143.37089478475139,144.6561927681228,2939600
2022-08-23,143.38011169433594,144.5267138413163,143.24141607992854,143.8147100987079,869000
2022-08-24,144.0181884765625,144.3973087634694,143.09351310913672,143.42639680578705,1669200
2022-08-25,145.97845458984375,146.0061937142929,144.15684350076455,144.4342488546783,1097100
2022-08-26,141.80819702148438,146.18190700695737,141.76196043706128,146.0801921649964,1545800
2022-08-29,141.26263427734375,142.26128518663512,140.60610867709173,140.89275573163,3808700
2022-08-30,139.5981903076172,141.47527948841568,139.05263542657002,141.47527948841568,1769400
2022-08-31,138.66427612304688,140.47663131214966,138.59954209729676,139.9588155438346,1514700
2022-09-01,139.00640869140625,139.10812351620893,136.94438718068508,137.8875456185767,2987200
2022-09-02,137.85057067871094,140.8927456616204,137.2772766106094,140.41192475069394,2135000
2022-09-06,137.28651428222656,138.4885947433615,136.6577278724882,138.3591407927422,2347500
2022-09-07,139.65367126464844,139.9033374780569,136.87964612275474,137.0368391876648,1913400
2022-09-08,140.97598266601562,141.04994426334386,138.4793484187744,138.92320265928413,1664400
2022-09-09,142.94549560546875,143.25988169884565,141.73417369143075,141.87286928867945,1478900
2022-09-12,144.2123260498047,144.77637839094106,143.55580056051295,143.74073274740226,1743200
2022-09-13,138.9047088623047,141.8636666631557,138.46086871953298,141.5400388106982,1897500
2022-09-14,139.12661743164062,139.65367488536594,138.0077543872566,139.25607137724174,1732300
2022-09-15,138.19268798828125,139.83860850316813,137.82282359977125,138.71050377596404,4132700
2022-09-16,136.8796844482422,137.20332644918287,135.9087725548456,137.05537501392854,1723600
2022-09-19,137.7581024169922,137.7765998709691,135.61286336663966,135.62210503891646,2369700
2022-09-20,135.77003479003906,136.81492207696354,134.8638572216756,136.62073411474654,1701100
2022-09-21,133.5138397216797,137.33275247397876,133.50459804989194,136.47279727735165,2266800
2022-09-22,132.30250549316406,133.74499628799137,132.24702724865858,133.62478401861534,2134100
2022-09-23,129.75967407226562,130.92475975890812,128.1599899076339,130.8507840488861,3117900
2022-09-26,127.79829406738281,130.0044510910819,127.24908779470655,129.00841993541155,3243500
2022-09-27,127.2677230834961,129.61350426440075,126.46717950133815,128.961888122475,5087700
2022-09-28,130.18133544921875,130.8422409318484,127.56559569068384,128.086891459392,5954500
2022-09-29,127.9379653930664,129.20394114925782,126.96985876570052,129.1480915753442,4771300
2022-09-30,126.58821868896484,129.055002962383,126.33688139571827,127.9007263228982,4677500
2022-10-03,130.06961059570312,130.69328771299496,127.44458174686075,128.11480490057713,3209500
2022-10-04,134.18402099609375,134.24918828475555,131.81032949391295,131.8196330192123,3149600
2022-10-05,133.7093048095703,134.53777320400425,131.87550158753268,132.64812041440933,1757000
2022-10-06,132.20132446289062,134.07235620470823,131.99653322302692,133.1135673107368,2608900
2022-10-07,129.25048828125,131.31700775656736,128.54302246211049,131.13082357014588,2083300
2022-10-10,128.44992065429688,129.92999091527525,127.77969747878657,129.66935014744973,2531200
2022-10-11,127.91936492919922,129.62284822978836,127.00712193130596,127.8076657632135,2941500
2022-10-12,127.32359313964844,128.52441580806598,127.28636482456336,128.04036248880453,2367400
2022-10-13,130.86087036132812,131.4100767440336,124.81955753999311,125.32223208310455,3821600
2022-10-14,128.44992065429688,132.52709506748528,128.23581172055293,131.73586923796375,2613900
2022-10-17,131.205322265625,131.8476209151384,130.47924923674782,130.48855276650082,4599000
2022-10-18,132.95533752441406,134.0165221612918,131.68936162394056,133.876898210595,2588500
2022-10-19,131.72657775878906,132.9367039670532,130.80503136170725,132.10823546053982,2155000
2022-10-20,130.488525390625,133.03909819021226,130.19065625853568,131.66142327109836,2133100
2022-10-21,133.3834991455078,133.59760809683627,129.9300015862603,130.2930379858227,2063100
2022-10-24,134.7518768310547,135.20800533593845,133.36489846575438,134.05372878284848,3019400
2022-10-25,136.8556671142578,137.0325335958,134.44471789240652,134.48196041686876,3006300
2022-10-26,137.2931671142578,138.73599527317995,136.92081290884195,136.92081290884195,2189900
2022-10-27,137.12557983398438,138.7359706504987,136.93010633921145,137.69340746808822,2569400
2022-10-28,140.06710815429688,140.20673207368893,137.46998962274458,137.5537781782373,6363100
2022-10-31,139.38760375976562,140.26260413470473,139.14556998886223,139.22004082576638,8196600
2022-11-01,139.6854705810547,140.77457992043264,139.10833935946798,140.64425950898212,2163400
2022-11-02,137.00457763671875,141.24001232467302,136.948728060802,139.36898051216434,3271300
2022-11-03,136.44606018066406,137.25590739470263,135.0125215261801,135.71066959451923,3410500
2022-11-04,138.47535705566406,139.1828229574316,136.362305490808,138.3264295745359,3004900
2022-11-07,139.648193359375,139.8343632814121,138.45668881371205,138.9872738017105,4002500
2022-11-08,140.32777404785156,141.27725948117654,138.96870610588206,139.89957027867047,2456500
2022-11-09,137.76788330078125,140.12296827765482,137.55378854029962,139.64823271210204,2042300
2022-11-10,143.81851196289062,144.0326067414828,141.37033468974352,141.8357667672933,2953500
2022-11-11,144.8331298828125,145.17755922983443,143.63232154322822,144.22807394960125,3283600
2022-11-14,143.71612548828125,145.66162828738598,143.66027590803682,144.37704533018197,5227200
2022-11-15,144.76797485351562,145.87570529834835,143.50199923140073,145.43819807721513,2495500
2022-11-16,143.6137237548828,144.67490834602293,143.36238645060064,144.38634272444642,2451000
2022-11-17,143.11102294921875,143.11102294921875,141.55648192058771,141.86365451216497,2217400
2022-11-18,144.0512237548828,144.36771414935987,142.9993427453957,144.08845207029097,2201900
2022-11-21,144.04190063476562,144.23737412082446,143.12964368696623,143.59507568748768,3189200
2022-11-22,145.9315643310547,146.02464221580342,144.6283461098459,144.7865912973914,2499900
2022-11-23,146.38768005371094,146.53662171538238,145.49405849139958,145.61506116313132,2328000
2022-11-25,146.8065643310547,146.90895993686638,146.42490669086047,146.42490669086047,1425900
2022-11-28,144.45147705078125,146.20150601715926,144.190836252026,145.6057535908818,3066400
2022-11-29,144.91690063476562,145.2427087161571,144.17222079819783,144.5259394594103,1694700
2022-11-30,147.99807739257812,148.06323048873784,143.79987152256857,145.03792238818204,3026900
2022-12-01,147.97947692871094,148.94756940722607,147.2534040188596,148.52868337521338,3089000
2022-12-02,147.8677520751953,148.1656211691767,146.14564799372627,146.22011881818597,2564200
2022-12-05,145.00070190429688,147.02997878344243,144.56319464982812,146.96482568376553,3392900
2022-12-06,143.31581115722656,145.25199555447978,142.4873428609504,144.8610344240427,2815700
2022-12-07,143.24139404296875,144.2187901335621,142.94351066780274,143.10175588441177,3126400
2022-12-08,144.0047149658203,144.6004675935043,143.5486005157288,143.94886537632854,3306000
2022-12-09,142.92486572265625,144.3304795850306,142.8690161500324,143.66025630582692,2802400
2022-12-12,144.8983154296875,144.91692248570712,142.83179590274474,143.14828630139303,3792400
2022-12-13,145.83973693847656,148.60309214532657,144.94046836365428,148.60309214532657,3394300
2022-12-14,145.15589904785156,147.08556337863723,144.2753692751506,145.84907111227767,4778500
2022-12-15,142.24267578125,143.79763911851296,141.54012719680534,143.58219488809846,3237400
2022-12-16,140.64085388183594,141.2965630127516,139.60108144088863,140.99681639292746,4604200
2022-12-19,139.71348571777344,141.03428045172998,139.0015749834686,140.85629919480698,5003000
2022-12-20,140.1537628173828,140.78137120879396,139.32944881476212,139.7603373015753,2486300
2022-12-21,142.13967895507812,142.51436593261906,141.12800696364718,141.324712624169,3333300
2022-12-22,140.81883239746094,141.61504550758545,138.62688436245452,141.12795547317518,3407600
2022-12-23,141.81175231933594,141.84921528261205,140.2099354916128,140.68767760704213,2754200
2022-12-27,141.98977661132812,142.4113029695868,141.19354903975858,141.96167580700353,2684900
2022-12-28,140.3691864013672,142.49555609112915,140.28486972417008,142.07402987868298,3734200
2022-12-29,142.3831787109375,142.71104043190317,140.9687193838365,141.02492098322776,2163700
2022-12-30,142.0552978515625,142.14897670018536,140.80008132297502,141.55883139930947,2609200
2023-01-03,142.00851440429688,143.38551098160582,140.94064096611748,142.72042526528656,3794500
2023-01-04,143.6758575439453,144.4252311814497,142.43000314618467,142.72974974250926,1970100
2023-01-05,142.63607788085938,143.26368613149498,142.04593259282632,142.95456308982935,2531200
2023-01-06,145.5961456298828,145.9895853717123,143.0763503262839,143.76016020381294,2911100
2023-01-09,145.0060577392578,146.8607823460462,144.93111749439694,146.20507307025133,4605800
2023-01-10,146.05514526367188,146.1113468557626,144.61258532426314,144.949809170193,2032000
2023-01-11,147.33848571777344,147.38532514966192,146.13010841802273,146.49543311733228,1604400
2023-01-12,148.0316619873047,148.5656057460899,146.65466568593817,147.7319153718886,2497800
2023-01-13,148.4531707763672,148.66862926421643,146.57970819713302,146.94503282834827,2340300
2023-01-17,147.73193359375,148.65928864629586,147.56331448840345,148.36890416344258,6155300
2023-01-18,145.10910034179688,148.22841838722712,145.07162307227037,148.02233628500238,4737300
2023-01-19,144.14425659179688,144.9404698393611,143.60095057342934,144.27539843806565,3060600
2023-01-20,146.16757202148438,146.2425122541534,143.81638118171858,144.54703058350677,2413300
2023-01-23,147.60076904296875,148.2845789418992,146.1581947268078,146.42047836731226,4138700
2023-01-24,147.4415283203125,147.7787522227568,146.03643110902595,146.96380041409475,2208100
2023-01-25,147.74127197265625,147.760010602097,145.7273052560598,146.37363789120886,2438000
2023-01-26,148.88409423828125,148.95903446711617,147.41341904749692,148.4157285281034,1446400
2023-01-27,148.76231384277344,149.5679034320239,148.2377465369149,148.5937090487705,2014700
2023-01-30,147.3197784423828,148.92158142742025,147.22609956775594,147.91928607718216,3874400
2023-01-31,149.36181640625,149.43675663221958,147.25417079103465,147.53519306507403,2471000
2023-02-01,150.25172424316406,151.3008732242377,147.8068544993777,148.79980187838075,2407500
2023-02-02,151.3383331298828,151.86290046310307,150.25172120056212,150.99174706187398,1660100
2023-02-03,150.06436157226562,151.12287258689184,149.64283531737283,150.23298065025452,2567200
2023-02-06,149.16513061523438,149.5491796708885,148.50940712432708,149.17449278470303,1009700
2023-02-07,150.55145263671875,151.0010796494836,148.2564638567792,148.73419166450523,1694800
2023-02-08,149.22132873535156,150.2798255961404,148.99650803285547,149.68969447884393,1266100
2023-02-09,147.60076904296875,150.2704448752577,147.23543008649497,149.98942260517825,1348100
2023-02-10,148.58433532714844,148.74357795555042,147.29165566912425,147.49773772785326,2288600
2023-02-13,149.9238739013672,149.9332360704019,148.50940024079384,148.7061201376256,1516200
2023-02-14,149.46487426757812,150.53274759451492,148.34079933817966,149.5304523327089,1341400
2023-02-15,149.83018493652344,149.83018493652344,148.3876248660975,148.7529495412525,1402800
2023-02-16,148.34078979492188,149.67094671003193,148.0223045392027,148.36889059434492,1083300
2023-02-17,148.20030212402344,148.4157463744631,147.04811204720122,147.6195188540629,977900
2023-02-21,145.5118408203125,147.33846404821261,145.25893365340875,147.04807962395486,1183500
2023-02-22,145.18402099609375,146.13947683923362,144.71565524394694,145.59617085153667,1644900
2023-02-23,145.4837646484375,146.13947382926,144.11614468463458,145.86782798770074,1354700
2023-02-24,144.58450317382812,144.8842498014291,143.38548807664938,144.00371996275996,1236800
2023-02-27,144.5470428466797,146.02708040733464,144.26602052367625,145.5774532665626,1765800
2023-02-28,144.09742736816406,145.01542035710818,144.02248712307207,144.44401349499813,1816400
2023-03-01,143.8163604736328,144.35966636221187,143.35735697464727,143.61027843681367,1185200
2023-03-02,144.81866455078125,145.1184111339175,143.0201278784225,143.31988875494406,1932400
2023-03-03,146.8233184814453,146.95446033581035,144.9966803974742,145.43694539999757,1907100
2023-03-06,146.51419067382812,147.43218362518934,146.28936994775634,146.86077678647283,935900
2023-03-07,144.00372314453125,146.43923065451867,143.7882789111777,146.3736525915832,1255000
2023-03-08,143.94752502441406,144.4533680286424,143.20751344323543,143.8819612532811,1228000
2023-03-09,140.90313720703125,144.55639828802774,140.5378125282703,144.07865612038012,1518600
2023-03-10,138.70181274414062,141.39022704568856,137.99926425752966,140.52843595065204,3410900
2023-03-13,137.26861572265625,139.18891798848585,136.10707791195148,136.7534248773983,3144000
2023-03-14,139.2825927734375,140.28488792894925,137.75571603267645,139.5448764193688,2381500
2023-03-15,137.31546020507812,137.41850123659876,135.4981989001072,136.76279207846176,3032500
2023-03-16,138.95472717285156,139.27321240635357,135.79794704852162,136.25695056272366,6814200
2023-03-17,136.43495178222656,138.44893329766387,136.02280188479617,138.44893329766387,1716300
2023-03-20,138.24281311035156,138.62687639082523,136.99695871080087,136.99695871080087,3457500
2023-03-21,140.06942749023438,140.34108756638028,139.3294160663523,139.91954705466318,2998300
2023-03-22,137.2779998779297,140.68770185924828,137.25926124636868,140.097556458874,3014700
2023-03-23,136.72523498535156,139.07931965923223,135.8495223834004,137.85519275517578,1568100
2023-03-24,137.8363800048828,137.93053477746787,135.36928932477966,135.90602756446944,1383200
2023-03-27,138.947509765625,139.6348985577048,138.3731124549297,139.1170113558962,1555400
2023-03-28,139.09817504882812,139.5313186408311,138.523777736498,138.6650170886306,1317100
2023-03-29,140.99087524414062,141.05679653043427,140.18106931197056,140.68013425489198,1266700
2023-03-30,141.6217498779297,142.17732486570236,141.0379413874034,141.95132752992052,1834700
2023-03-31,143.3731689453125,143.48617478092814,142.11138299844734,142.11138299844734,2015800
2023-04-03,144.15472412109375,144.569045318238,143.4861721269502,143.6650848591891,1576300
2023-04-04,142.99652099609375,144.47487871007766,142.3185434558614,144.35247607655842,1177500
2023-04-05,143.39202880859375,143.5050202942686,142.69521445447697,142.82704264382932,1913500
2023-04-06,143.5426788330078,143.77808731590943,142.9588703932337,143.35435492032522,1266400
2023-04-10,144.05116271972656,144.06058825520245,142.85529790622155,143.03419629373747,1183600
2023-04-11,144.69149780273438,145.19056272127176,144.33367225050154,144.37134566031338,923600
2023-04-12,144.2771759033203,145.63313128698277,144.09826312794874,145.3882972288129,1207500
2023-04-13,145.4447784423828,145.66135021617913,144.03232759309776,144.52196687575093,1054900
2023-04-14,145.30352783203125,146.26399845310064,144.5502178227257,145.52009961044132,1071500
2023-04-17,146.00035095214844,146.0191876547757,145.00222123581784,145.21879302735138,5085000
2023-04-18,146.05686950683594,146.3393626175949,145.50130882220105,146.292278037769,1140000
2023-04-19,146.0474395751953,146.23576350210817,145.3506252406036,145.44479438815733,1129200
2023-04-20,145.04928588867188,145.47303265649873,144.56905775151344,144.95513111552765,2141400
2023-04-21,145.13404846191406,145.34120908486665,144.44664531839226,145.32237238236345,979600
2023-04-24,145.4259796142578,145.59546686357854,144.95516254188232,145.12464979120304,1454800
2023-04-25,143.3731689453125,144.81386762772578,143.30726204538,144.73854956157228,1302400
2023-04-26,141.72532653808594,143.0436227438467,141.42401113301122,142.94004243030975,1425400
2023-04-27,144.2206573486328,144.4183924293643,142.4409697810812,142.64813039683378,1818800
2023-04-28,145.60488891601562,145.66138466443712,143.91935579105976,143.91935579105976,1835700
2023-05-01,145.5200958251953,146.2922425159017,145.4165155220077,145.49184795779806,1011600
2023-05-02,143.29783630371094,145.07753812220443,142.0737237598857,145.07753812220443,1561300
2023-05-03,142.1396942138672,144.1642165727008,142.07378728456143,143.44856531155813,1168500
2023-05-04,140.80252075195312,141.92306743033762,140.19987560998922,141.59348980674446,1403200
2023-05-05,143.0624237060547,143.48617043243405,142.08313082561804,142.18671112368088,1019000
2023-05-08,143.12835693359375,143.65566963391183,142.7422835750775,143.50500475719426,1270200
2023-05-09,142.553955078125,143.04360872761103,142.13963386457476,142.37504233880168,1173100
2023-05-10,142.422119140625,143.63682047939005,141.22624013367272,143.5426657157496,1615900
2023-05-11,141.69705200195312,141.81005782975973,141.0379112072134,141.781809964856,1142800
2023-05-12,141.5840606689453,142.30912272790323,140.78366618077953,142.23379029869537,979100
2023-05-15,142.2432098388672,142.54453957343947,141.35807170380178,141.87597320497756,1172700
2023-05-16,140.4635467529297,141.89483450388656,140.43529888144064,141.89483450388656,997300
2023-05-17,142.20558166503906,142.47864922408291,140.64246565617927,141.19802631063806,1646100
2023-05-18,142.9400177001953,143.13775275752283,141.61231055679997,141.83830784765192,1931000
2023-05-19,142.78936767578125,143.74983830145732,142.29971401215514,143.42026068074497,1830000
2023-05-22,142.9306182861328,143.51444113547635,142.28090289656114,142.8929592482048,1464000
2023-05-23,141.90423583984375,143.3826080635853,141.84774010077996,142.5445544083529,1104400
2023-05-24,140.60479736328125,141.53700583815552,140.35055215731794,141.48051009642916,2180600
2023-05-25,139.87969970703125,140.42584901898508,139.126389815778,140.36935329157453,1291000
2023-05-26,140.9720458984375,141.2451134624587,140.19048787976172,140.32231607759886,1063200
2023-05-30,140.70835876464844,141.3675140453443,140.22813060729604,141.04734757224844,2305100
2023-05-31,139.9456329345703,140.35054300419372,139.26765534167973,140.03980207676938,2503100
2023-06-01,141.0567626953125,141.42399934575468,139.51248365650522,140.19046122165898,1608000
2023-06-02,143.70277404785156,143.98526713865817,141.94192295866316,141.94192295866316,1777800
2023-06-05,143.2036895751953,144.06057989852508,143.0153656631278,143.8251714163923,1172800
2023-06-06,144.0794219970703,144.24892359891908,142.95888953768417,143.1660358116397,1049800
2023-06-07,145.27734375,145.4002644450848,144.0954583812974,144.31293567680305,1412600
2023-06-08,145.43812561035156,145.6083102166625,144.55879519580043,145.1166417529061,1028800
2023-06-09,145.25845336914062,145.8541138229306,144.9842478665676,145.40027385163523,2111900
2023-06-12,145.75013732910156,145.86360816576763,144.98427771135448,145.2206548490451,1175300
2023-06-13,146.95091247558594,147.23456787849844,146.01485397416866,146.19450287692365,3770100
2023-06-14,146.5159912109375,147.6222343318128,145.80685989545486,147.3007505040357,1774400
2023-06-15,148.35028076171875,148.65285041270917,146.28907911677794,146.28907911677794,1842800
2023-06-16,148.09498596191406,149.12558665990437,147.9815151428406,148.8797596686529,1237000
2023-06-20,146.85635375976562,147.48984257947473,146.3174071121751,147.30072938061465,1390500
2023-06-21,146.57272338867188,147.14001980007743,145.89195615313406,146.50653087231856,1338400
2023-06-22,146.05267333984375,146.3552285041748,145.5515550775828,146.27013621676718,2132500
2023-06-23,145.11663818359375,145.64612062662437,144.7573547700027,145.26792300369235,1986100
2023-06-26,145.7595977783203,146.18507372940434,144.9180957675754,145.0788304856598,1441100
2023-06-27,146.96983337402344,147.15893217546966,145.5893847115699,145.82576182020608,967000
2023-06-28,146.8374481201172,146.9036262017295,146.06212435603484,146.82798380323518,1288000
2023-06-29,147.9910125732422,148.0004624655655,146.51602144107866,146.8469408001932,1597600
2023-06-30,149.2296142578125,149.5510836981208,148.52993274598091,148.82303808433937,1923900
2023-07-03,149.796875,149.9103458080537,148.80410281388535,148.8891950994417,808100
2023-07-05,149.04052734375,149.48491754622367,148.68122945392452,149.07834134026592,1317800
2023-07-06,147.45204162597656,147.85861776646092,146.52544737372835,147.67896885047813,1606400
2023-07-07,147.63168334960938,148.92702526149452,146.93200192863574,146.93200192863574,1076500
2023-07-10,148.61500549316406,148.94593920877958,147.54659079659476,147.54659079659476,1267300
2023-07-11,150.2034912109375,150.36422593570742,148.87978499088192,148.98379151012313,1564800
2023-07-12,150.83697509765625,151.50829250402643,150.64787627654144,151.328643574407,1804400
2023-07-13,151.47988891601562,151.65952337149454,150.8936639678609,151.1111412614027,1319500
2023-07-14,150.4114990234375,151.64066300067705,150.2224002024734,151.64066300067705,3131900
2023-07-17,150.5060272216797,150.940967454027,149.72126790903496,150.09001562517804,1297900
2023-07-18,151.52716064453125,152.00937912908788,150.50600991097352,150.59111662592085,1199700
2023-07-19,152.35922241210938,152.7752484148772,151.86755400635528,151.86755400635528,2493000
2023-07-20,153.2007293701172,153.33309997288887,152.34977755620113,152.5766903453448,990900
2023-07-21,153.6167449951172,153.947678693317,152.95489202603025,153.51273849802405,2653800
2023-07-24,154.2596893310547,154.60953724881574,153.7963994496104,153.83421343750481,1126100
2023-07-25,154.18406677246094,154.61899257143705,153.72076244742544,153.73021233790274,1235700
2023-07-26,154.64735412597656,155.02556614855283,153.79640232297854,153.79640232297854,1274400
2023-07-27,153.34254455566406,155.2335613454134,153.11563177437455,155.09174085710745,1323300
2023-07-28,154.0044403076172,154.48664448388632,153.43712939539344,154.4393661699817,916000
2023-07-31,154.4866180419922,154.77972333979082,153.98549974046935,154.37316164989292,1765400
2023-08-01,153.9665985107422,154.50554527326892,153.5222083678107,154.06115513033743,866100
2023-08-02,152.6807098388672,153.38039132865114,152.40651871955376,153.09673589077576,1416600
2023-08-03,152.1701202392578,152.72796671816678,151.56499545611814,152.08502794803024,1219000
2023-08-04,151.6217498779297,153.3614821269825,151.43265105560923,152.50106589401176,1432500
2023-08-07,152.9927215576172,153.10617795604207,152.17958370517235,152.17958370517235,1069700
2023-08-08,152.31195068359375,152.4443212877071,150.84640972049408,151.65954755356583,1003100
2023-08-09,151.84866333007812,152.8697997633312,151.6501002069203,152.39704553680832,978200
2023-08-10,151.65953063964844,153.48436922210269,151.39478946094712,152.49158258831667,1213700
2023-08-11,152.0850372314453,152.31195002190313,151.13006448055623,151.2718994019061,1299400
2023-08-14,151.98104858398438,151.9999483672007,151.3097311696037,151.79193533329772,1142500
2023-08-15,149.95762634277344,151.0733192428514,149.7496133567738,151.0733192428514,1944100
2023-08-16,148.92703247070312,150.4114876793091,148.86085438064876,149.7590845329696,1425100
2023-08-17,148.23680114746094,149.73070610387305,148.04770235885582,149.5226931082136,1665600
2023-08-18,148.50155639648438,148.83249012835935,147.366949130121,147.46150574703216,2235200
2023-08-21,148.28408813476562,148.8513845338011,147.3669438076456,148.59610764652626,1501700
2023-08-22,147.58441162109375,148.78521140138002,147.48040511370968,148.51102029681152,1432900
2023-08-23,148.61500549316406,148.6906478975137,147.58440478511287,147.7546038017279,1188300
2023-08-24,147.29129028320312,149.48487659035666,147.26292618675825,148.35971934033503,1982100
2023-08-25,148.1800994873047,148.75686027358057,146.94148560874058,147.877529829507,1993900
2023-08-28,149.06884765625,149.5983300158267,148.65282168020767,148.87028455775263,1385500
2023-08-29,150.4777069091797,150.55334933800364,148.99326572204947,149.17291468709155,1392400
2023-08-30,150.8748016357422,151.24354938187543,150.4398613680213,150.57223198388155,1317300
2023-08-31,150.31690979003906,151.23405402143374,150.27909580497558,151.10168343274336,1121000
2023-09-01,151.13951110839844,151.63116504838771,150.65729263048888,151.24351760095618,984300
2023-09-05,149.39979553222656,151.09226385644195,149.37143143091032,150.96934313252825,1268600
2023-09-06,148.9081268310547,149.39978082367563,148.1800813052131,149.106675520721,1054400
2023-09-07,148.80413818359375,149.22016424828277,148.35028369812466,148.66230324664141,1672700
2023-09-08,148.96485900878906,149.32414240879547,148.59611129081276,148.8419382936923,1190800
2023-09-11,149.32415771484375,149.83474040887845,149.04996658457733,149.551084959672,1198000
2023-09-12,149.522705078125,150.23183641264765,149.0499508551099,149.0499508551099,1728900
2023-09-13,149.12559509277344,150.01437535132297,148.76629726213068,149.6267134211362,1197800
2023-09-14,150.82749938964844,150.95040566731234,150.09945390429186,150.27910280316152,1270800
2023-09-15,149.71182250976562,150.74242338161577,149.54163789341567,150.16567700799703,4239700
2023-09-18,149.5794219970703,150.080540281493,149.144496223989,149.73070679958244,1608400
2023-09-19,149.2012481689453,149.80637304800877,148.5488449781566,149.5416318151257,1271400
2023-09-20,148.63394165039062,150.22240352168018,148.56776355388283,149.73073503445775,1375900
2023-09-21,146.4403533935547,148.07607897286266,146.38362519490911,147.97207246624112,1741600
2023-09-22,145.80685424804688,146.82799060675518,145.7406617360551,146.65780602274145,7298200
2023-09-25,146.2323455810547,146.27962389071212,145.15446648651215,145.3624795071532,2377800
2023-09-26,144.38246154785156,145.77176734868388,144.19214946387103,145.32452596539494,2025200
2023-09-27,144.41102600097656,145.03906902588142,143.43090484993556,144.7916647372294,1975500
2023-09-28,145.1437530517578,145.6956683681539,144.42056118193753,144.50619945864963,2392900
2023-09-29,144.4681396484375,146.03823276631834,144.04944427836693,146.01919719861954,1812100
2023-10-02,142.85044860839844,144.3539390008146,142.03209344594111,144.3539390008146,2814200
2023-10-03,141.3088836669922,142.68866447558915,140.8711527901175,142.07965707290379,2047900
2023-10-04,141.57533264160156,141.69904204259782,140.13845956493614,141.47065880688535,2025300
2023-10-05,141.27084350585938,141.71807043751028,140.46199887566738,141.26131846228407,2145200
2023-10-06,142.32708740234375,143.05978973757973,139.7388021010378,140.68085210916496,1985600
2023-10-09,143.43087768554688,143.63071479921783,141.96545875818785,142.0225509278423,1414200
2023-10-10,144.52520751953125,145.20081760040682,143.68781692025644,143.74490909386492,1600400
2023-10-11,144.40151977539062,144.83925070513894,143.51656191204438,144.5252291833402,1560500
2023-10-12,142.9170379638672,144.6203506629206,142.14626461044543,144.61084014098384,1989200
2023-10-13,142.89801025390625,144.0779684335535,142.403187208263,143.48798208378906,2425000
2023-10-16,144.45858764648438,144.87728293842005,143.4879771533499,143.71636036346425,5649100
2023-10-17,145.06759643554688,145.82885929014049,143.64975907024603,143.64975907024603,2124400
2023-10-18,143.1263885498047,144.6869708525056,142.89800533969682,144.64889972421372,2032200
2023-10-19,141.7275848388672,143.8210469646645,141.53727274013696,143.116876227492,2516100
2023-10-20,140.2526397705078,141.94644212221743,140.2526397705078,141.68951280463295,2373200
2023-10-23,139.14878845214844,140.55712970675086,139.07266072055802,139.78634186935298,2610900
2023-10-24,140.0242462158203,140.6427786369944,139.49136657411302,139.8910263053935,1838000
2023-10-25,138.8157501220703,139.86247379308193,138.6349485691089,139.58652346269065,2419400
2023-10-26,138.6540069580078,139.64363862150026,138.4446592853662,138.73964522775674,2875000
2023-10-27,136.7318115234375,138.7205997515793,136.39875447169538,138.5683442696468,3139400
2023-10-30,138.06399536132812,138.320924643577,136.85550572235817,137.49305914729547,2956600
2023-10-31,139.3296356201172,139.42479894573438,137.9784006116855,138.2829116377526,2959300
2023-11-01,140.00521850585938,140.29067935755398,139.03460805045603,139.50088497469147,3361100
2023-11-02,142.80287170410156,142.90753101830137,140.83310442269985,140.90923216747643,2532700
2023-11-03,144.4776153564453,145.10565826020678,144.10650173510996,144.17310442618026,2114400
2023-11-06,143.78297424316406,144.79164132131552,143.35475391914665,144.5632581164983,3807700
2023-11-07,143.1263885498047,143.5165377554502,142.82187760299422,143.31670063162068,2164000
2023-11-08,142.68865966796875,143.3357381789534,142.11772341462134,143.10735496568566,1960500
2023-11-09,141.54676818847656,143.2786414982078,141.47064045311555,143.17396767707152,3252500
2023-11-10,143.01219177246094,143.1359011613937,141.43258840243664,142.1748156962706,2237000
2023-11-13,142.95510864257812,143.2786551787255,142.43173948692439,142.73625045744373,3307700
2023-11-14,146.1048126220703,146.61867123038155,144.5442302721782,144.91534392490004,2858600
2023-11-15,146.88510131835938,147.532165277176,146.2285123178727,146.2285123178727,2738200
2023-11-16,146.3998260498047,146.89463461743097,145.82887521653396,146.59013815426732,3132200
2023-11-17,147.1515655517578,147.21818277498298,146.58061471225048,146.92318231197828,2997000
2023-11-20,147.67494201660156,148.07460181601095,146.5806219402314,146.93271460057213,3729300
2023-11-21,147.47509765625,147.72251646276834,147.142055099612,147.56075044613567,1977000
2023-11-22,148.10311889648438,148.3029560169862,147.5131470967147,147.75104082499357,2197200
2023-11-24,148.60745239257812,148.83583559881183,148.05553720075733,148.05553720075733,1489700
2023-11-27,148.25537109375,148.44568316819465,147.8271652962794,148.18875388176008,4714600
2023-11-28,148.1411895751953,148.83584978206488,147.77960094738557,148.10313296380355,3826300
2023-11-29,148.57891845703125,149.46389074866093,148.38860636288058,148.883429423578,2680000
2023-11-30,149.86354064941406,149.93966838604567,148.61696529693796,148.8834196350891,2836000
2023-12-01,151.50978088378906,151.62396524362336,149.5305030339909,149.72081514034238,3446300
2023-12-04,151.55734252929688,151.94747721384653,150.66285977567762,150.66285977567762,4024700
2023-12-05,150.35836791992188,151.18624808417044,150.22514799416325,151.0530281584118,3021500
2023-12-06,150.05384826660156,151.3955723600369,149.9111033197089,150.97687708096086,3034000
2023-12-07,150.4915771484375,150.76754202353186,150.05386078915126,150.39642836244923,2890200
2023-12-08,151.1005859375,151.34800472707457,150.39642973918964,150.52964965669824,3410700
2023-12-11,152.29006958007812,152.29006958007812,151.34801954257898,151.34801954257898,6841500
2023-12-12,152.27102661132812,152.49939530517437,151.49072818766982,152.26150156916364,2323300
2023-12-13,154.93544006347656,154.97349667266363,151.88087809045453,152.18537452359524,2851000
2023-12-14,157.09552001953125,157.5808325831218,156.13443445536709,156.2391082906628,3116300
2023-12-15,156.1058807373047,156.8385975485691,155.6205681974299,156.56263266905557,3387800
2023-12-18,156.26763916015625,156.91470315541054,156.24860359562481,156.6863344605591,3807300
2023-12-19,157.6759490966797,157.70449518047263,156.51502662283343,156.686317645471,2443900
2023-12-20,155.03717041015625,157.74587202588103,155.00845744571234,157.24815630091496,2097300
2023-12-21,156.6260223388672,156.7217419566971,155.39132105553531,156.0995936503291,3844900
2023-12-22,157.2385711669922,157.87985163663106,156.68342958026867,157.10457248087005,2599800
2023-12-26,158.13827514648438,158.57855026300012,157.36299602868692,157.55442062737902,2949400
2023-12-27,158.3679962158203,158.61684673802495,157.85113372501556,158.2052699690685,2524600
2023-12-28,158.59767150878906,158.8561027079345,158.19567553498413,158.19567553498413,2260400
2023-12-29,158.16696166992188,158.74124997477193,157.70753978889678,158.4349589842497,3275800
2024-01-02,158.72213745117188,159.21027239249466,157.39171670857553,157.45870874926152,7014100
2024-01-03,157.2864227294922,158.21484736496737,157.06628517198837,158.023422766931,3177800
2024-01-04,157.04713439941406,158.14783676414007,157.02798755866152,157.3629915504096,3380800
2024-01-05,157.51614379882812,158.30098904610128,156.73128394679404,157.05670722969361,3267000
2024-01-08,158.66468811035156,158.74126086323443,156.7886921766192,157.18112205835922,4554600
2024-01-09,157.74581909179688,158.04252936132676,157.4108297507747,157.8702516324739,1841400
2024-01-10,157.71714782714844,157.9659983695241,157.11414640725252,157.58314913436735,1927300
2024-01-11,157.13327026367188,157.78413139393953,156.14741975283766,157.5544131235933,4309700
2024-01-12,157.06625366210938,158.1956687872787,156.69297065915842,157.6788210157919,2386800
2024-01-16,155.93685913085938,156.4728538607237,155.50615012327276,156.29099537635665,4622600
2024-01-17,154.90313720703125,155.76456976277498,154.25229068491194,154.76913853455022,1844400
2024-01-18,155.41043090820312,155.55401031426516,154.0800101986903,154.99886874129965,2849800
2024-01-19,156.75997924804688,157.03755730289208,154.9414238322194,155.9081274536158,2468300
2024-01-22,157.35342407226562,157.8894334251311,156.9992878147173,157.06629446061103,3399700
2024-01-23,157.65969848632812,157.88941675616113,157.11412307225976,157.58312572971712,1274400
2024-01-24,156.999267578125,158.43497387038713,156.97055462066052,158.29140908306476,1659800
2024-01-25,158.60726928710938,158.67426132090208,157.47783938754702,158.15741347178707,1384100
2024-01-26,158.68380737304688,159.11453089839753,158.36796487476823,158.62638146426895,1704200
2024-01-29,159.4591064453125,159.51653235606736,158.27225073893058,158.68381283584614,2490700
2024-01-30,159.9376983642578,160.15783592232242,159.047552804218,159.25812424402264,1202600
2024-01-31,158.2626953125,160.17697035901463,158.20525479310652,159.9855311705555,1774300
2024-02-01,159.7749481201172,159.81324179692618,157.63096957108584,158.7029588456015,1809400
2024-02-02,159.62184143066406,160.33969462971663,158.4445516687901,159.2772713109284,3315900
2024-02-05,158.12867736816406,158.7795237943588,157.6022488735902,158.70295104926097,1775900
2024-02-06,159.0762481689453,159.22939367273,158.1574043557554,158.32968209394386,1066500
2024-02-07,159.49737548828125,159.82279869860173,158.95181476565665,159.64094025614096,936400
2024-02-08,159.72714233398438,159.81328122091625,158.94228241812823,159.4017044198604,1409600
2024-02-09,159.83242797851562,159.8707070599886,159.02842121996193,159.73670836769,1374700
2024-02-12,160.86610412597656,161.26810011713482,159.70796134294807,159.91853275804417,1605300
2024-02-13,158.43499755859375,159.56442760518027,157.29600139300868,159.2389896973261,2147100
2024-02-14,159.71754455566406,159.80369803815873,158.63598901300549,159.2581226029882,2991200
2024-02-15,161.81369018554688,162.02426163876694,160.25355112889667,160.25355112889667,3218400
2024-02-16,161.3638153076172,162.20610102126864,161.08625184548745,161.4403880638364,3523000
2024-02-20,161.1532440185547,161.67010647229137,160.76082872413676,161.00967922849446,2353400
2024-02-21,161.89981079101562,161.92852374914375,160.78954233228745,161.02882671986197,1162800
2024-02-22,163.2015380859375,163.498263030241,162.0434096893544,162.27311338202585,1948400
2024-02-23,163.64178466796875,163.9767886044198,163.22064186949012,163.37378736071105,2514800
2024-02-26,162.8952178955078,164.04377986479946,162.780366080006,163.55564504415892,1432600
2024-02-27,163.3450927734375,163.43123164515063,162.88565624811505,163.3259459336925,852800
2024-02-28,163.43124389648438,163.96723861144758,162.81867642156058,163.03881397847178,1530700
2024-02-29,163.91937255859375,164.43623501742292,163.38337786407467,164.23522970459823,1952400
2024-03-01,164.771240234375,164.84781299877386,163.59396501686055,164.1969664085257,1401200
2024-03-04,165.31680297851562,165.67093920743412,164.68508867442287,164.74251459211126,2013500
2024-03-05,164.7616729736328,165.9102352221321,164.1682523096065,164.93396534352647,1274500
2024-03-06,165.71881103515625,166.36009150382182,165.24980833205993,165.460379782041,3655700
2024-03-07,166.60894775390625,166.9917969490414,166.27394375459252,166.5227942709543,1604000
2024-03-08,166.599365234375,167.52778985756456,166.43665359795918,166.83864962994426,1736900
2024-03-11,167.1066436767578,167.14493735795674,165.91022172259449,166.28350478810304,1725700
2024-03-12,167.50863647460938,167.76706770106418,166.64721852610654,167.34592484454816,1339400
2024-03-13,167.78622436523438,168.3509320446447,167.3076555647658,167.63307884394186,1325800
2024-03-14,166.46536254882812,167.8819220471567,165.4986588717188,167.6904974562626,3236600
2024-03-15,166.3983612060547,166.89606219358663,165.4795027744985,165.65179511999747,1995700
2024-03-18,166.75250244140625,167.2597841663483,166.18779480115148,166.8673542720317,1402400
2024-03-19,167.55650329589844,167.6426421734072,166.55150591068096,166.6280786700534,1343700
2024-03-20,169.030517578125,169.11665646288174,167.10666152332095,167.30766685918175,1701700
2024-03-21,170.135986328125,170.60704277460619,169.53996709811153,169.7033912525115,1351900
2024-03-22,169.184326171875,170.4436650395364,169.1458647905326,170.22256343733423,1125200
2024-03-25,168.98240661621094,169.73224204571724,168.95356792036193,169.07854538151835,2038600
2024-03-26,168.85743713378906,169.44384842495435,168.85743713378906,169.34772432382104,1180400
2024-03-27,171.6356964111328,171.6356964111328,169.8476236426344,169.95337043368016,2186800
2024-03-28,172.18365478515625,172.61624994414498,171.69338222746472,171.82796771401053,2190800
2024-04-01,171.3472900390625,172.40474316127364,171.19347387516086,172.34706576698972,1813400
2024-04-02,170.27059936523438,170.73204787809092,169.87646559665586,170.6070704056026,2039800
2024-04-03,170.42442321777344,170.84741037259863,169.92452797400563,170.19369895094565,1423300
2024-04-04,168.75169372558594,171.77026633334927,168.41523736182282,171.43380996958615,1333400
2024-04-05,169.91493225097656,170.36675813823905,168.44409978179237,168.79978688374487,3505800
2024-04-08,170.17445373535156,170.55897944537773,169.85721342365795,170.20329243016775,1323900
2024-04-09,170.44363403320312,170.89545983510848,169.06892594031422,170.5493808095792,1516300
2024-04-10,168.01148986816406,169.0016576615016,167.27126235853186,168.34794624983843,1816300
2024-04-11,167.77113342285156,168.5978769113388,166.7040576954868,168.39599137644677,1978300
2024-04-12,165.1851806640625,167.23281633672374,164.71412412531978,166.90595329518905,1803700
2024-04-15,164.02195739746094,167.15589948042367,163.59897026954815,166.71368166431924,4558300
2024-04-16,163.13754272460938,164.21424127410089,162.70494757027834,164.21424127410089,3123600
2024-04-17,162.84913635253906,164.04118966369543,162.32041710627905,163.75278801291532,1641500
2024-04-18,163.01258850097656,164.1469498395564,162.5799786551508,163.35865290768757,1232900
2024-04-19,163.95465087890625,164.39685396934962,163.1759767976651,163.2721008888107,4689100
2024-04-22,165.32936096191406,166.25224327651918,163.8777594206122,164.55068680172178,1340400
2024-04-23,166.94442749023438,167.16552909250038,165.66585793153274,165.84851282116426,1765800
2024-04-24,166.90597534179688,167.1174689447834,166.01194620357907,166.55989623406614,1588100
2024-04-25,166.502197265625,166.8290456392885,165.06982629392172,166.15611820271133,1129000
2024-04-26,166.3579864501953,166.86748964690153,165.7427364766982,165.96383803954595,1773200
2024-04-29,167.12705993652344,167.40583890466365,166.4829565694602,166.72328883012892,1402800
2024-04-30,164.86793518066406,166.67523852269824,164.85832717072125,166.50219166270557,1559900
2024-05-01,164.60836791992188,166.5694873820552,164.18538079402185,164.51224381685546,1371300
2024-05-02,165.44473266601562,165.8869358073001,164.09886321680207,165.65622622705322,1227600
2024-05-03,166.42527770996094,166.9636196221287,165.60815683210515,166.72328736357403,970200
2024-05-06,167.72308349609375,167.7615302045388,167.13667217846418,167.33855773677362,1025800
2024-05-07,168.1076202392578,168.5113767135399,167.95381872671112,167.99226543766818,786900
2024-05-08,168.2806854248047,168.4537176460207,167.55968849896465,167.64620460957266,1000500
2024-05-09,169.79957580566406,169.79957580566406,168.26144326785612,168.46332884757203,919800
2024-05-10,170.04949951171875,170.38597055549874,169.7514898454255,170.16485430674385,999500
2024-05-13,169.8668670654297,171.03968986540713,169.80918966030285,170.48211716798184,908900
2024-05-14,170.55899047851562,170.78971472068577,169.87645509875992,170.40517431706886,1565200
2024-05-15,171.84716796875,171.99137612099483,171.04926313288826,171.43380353682457,1121200
2024-05-16,171.65492248535156,172.2894032145656,171.62608378572529,172.06830162785818,1911400
2024-05-17,172.1259765625,172.19326197109186,171.51072653141904,171.8664136008621,1322000
2024-05-20,171.52992248535156,172.48164345420835,171.48186777142953,172.13556443541643,834200
2024-05-21,171.77989196777344,171.88563875105405,171.25115805137045,171.39535154279068,1000200
2024-05-22,171.24156188964844,171.90488133351084,170.7224359471829,171.35691669076596,721700
2024-05-23,168.7709503173828,171.43383628199678,168.62675680631247,171.43383628199678,1067400
2024-05-24,169.71302795410156,170.05910700684666,169.33811020268752,169.40541027872678,1051900
2024-05-28,168.64596557617188,169.78994961053172,168.0499461977533,169.78994961053172,1009300
2024-05-29,166.7425079345703,167.40582727492975,166.62715315145252,167.34814988337087,982700
2024-05-30,167.63658142089844,167.74232821386326,166.62718288236485,166.75216036551927,1411900
2024-05-31,170.30905151367188,170.30905151367188,167.61732734273673,167.91533698985972,1555200
2024-06-03,169.20352172851562,170.47248312239017,167.9249523248271,170.47248312239017,1233600
2024-06-04,168.53062438964844,169.04012770631354,167.7903967778309,168.5594630929525,1172300
2024-06-05,169.29965209960938,169.31888278700023,167.992244062645,169.0208731416663,1265400
2024-06-06,169.0208740234375,169.64573201409326,168.57865622343988,169.0112513453336,1217600
2024-06-07,168.68441772460938,169.72265490900324,168.17491447699726,168.5882789474789,796300
2024-06-10,169.1170196533203,169.18431973374896,167.896127544742,168.28066799993755,1313200
2024-06-11,167.9964599609375,168.32461221858694,167.08920335559526,168.32461221858694,1428700
2024-06-12,168.27638244628906,169.8688974691678,167.96752283636238,169.7820362265897,1178400
2024-06-13,167.7069091796875,168.11227633554438,166.74174507700855,168.11227633554438,1392300
2024-06-14,166.77069091796875,167.06990414649607,165.72832669644455,166.80930572749764,1490900
2024-06-17,167.6490020751953,167.81307820575958,165.9889186365933,166.51011550048966,1777300
2024-06-18,168.295654296875,168.50799157060985,167.59108864888296,167.59108864888296,5457100
2024-06-20,168.7878875732422,169.09673239972918,167.861323639313,168.08330723902873,1236700
2024-06-21,168.76858520507812,168.95196872966758,167.93854353872834,168.78789260957032,1671000
2024-06-24,170.16807556152344,170.83404112906211,169.01952795689698,169.1256965941457,1501000
2024-06-25,168.9230194091797,169.99435211440988,168.35356141600988,169.93644462665176,1046200
2024-06-26,168.21844482421875,168.44044317124423,167.72621643410116,168.42113576558214,897800
2024-06-27,168.2473907470703,168.30529822906013,167.5235177677306,168.21842227884193,781700
2024-06-28,168.3921661376953,169.35733014846804,167.75515435604913,168.7106720285184,2389400
2024-07-01,167.32083129882812,169.37663532748516,167.07954029930437,168.92300707020183,1628100
2024-07-02,167.97718811035156,167.99649551995745,167.11819247337007,167.23402220376698,1223000
2024-07-03,167.98680114746094,168.614151871513,167.78411022264925,168.25704589572038,761600
2024-07-05,167.73585510253906,168.1122684959411,166.83825959797838,168.04471467006624,1358800
2024-07-08,167.92889404296875,168.7589356937134,167.5331732581085,168.02540160914626,1249000
2024-07-09,167.89996337890625,168.7300051437434,167.37876648641696,167.89030231189656,1011000
2024-07-10,169.49246215820312,169.5407233069327,167.95785482835313,168.14123835718456,1029400
2024-07-11,171.35520935058594,171.49033172092138,169.8109557934999,169.9750319055334,1413700
2024-07-12,172.4458770751953,173.31453364735287,171.73165030171947,171.84748001434886,937900
2024-07-15,173.0635528564453,173.83568699463225,172.6195856678706,172.870523003707,1614400
2024-07-16,176.03628540039062,176.11350029819874,173.28556173401503,173.55582123996146,1259100
2024-07-17,176.42234802246094,177.2620508452157,175.48615234854444,175.48615234854444,1456300
2024-07-18,174.73330688476562,177.5805528381518,174.5016769199649,175.87220821156725,1215400
2024-07-19,173.57510375976562,174.95529604554602,173.31452006305534,174.79121992002047,4756000
2024-07-22,174.4920196533203,174.54994187301773,172.9091510413554,174.0770061391904,1755600
2024-07-23,173.7874298095703,174.54025656146726,173.66195377517613,174.31827296212177,1325800
2024-07-24,172.59063720703125,174.16384454585543,172.51342231812666,173.5654475658876,1592200
2024-07-25,173.2759246826172,175.3220680388865,172.4941440503534,172.66786653430682,1832000
2024-07-26,175.67918395996094,176.25827361775058,174.1349154180493,174.3279453039792,1103100
2024-07-29,175.60195922851562,176.01697272366724,174.79122491665984,175.93011148894743,963300
2024-07-30,176.62501525878906,177.0207360406264,175.77566621040347,175.97835713412607,1342900
2024-07-31,177.00144958496094,178.4877958683123,176.58643607725875,177.43577049892988,2642700
2024-08-01,175.138671875,177.99554916488776,174.43409152743465,177.17516857333376,2107700
2024-08-02,172.14666748046875,174.11559574178608,170.56379896380653,173.89361212497116,2321300
2024-08-05,168.00613403320312,169.6469101757033,167.26295349915364,168.91337598154252,3738700
2024-08-06,169.4152374267578,171.4806878182106,167.99644515446835,168.63345693533995,2461900
2024-08-07,168.71067810058594,172.02118370761247,168.58520206195456,170.95951209389227,1229500
2024-08-08,171.57723999023438,171.71236238602046,169.20292963315146,169.46352808475197,2286800
2024-08-09,171.7509307861328,172.19491270593886,170.41901448118244,171.5385935280387,1087400
2024-08-12,171.00775146484375,172.10805256951204,170.62169175344835,171.99222287430624,2118200
2024-08-13,172.65821838378906,172.74507962485495,170.99813482742604,171.69305421042623,1115800
2024-08-14,173.3145294189453,173.72954292463652,172.6196100690679,172.74507139110423,1076500
2024-08-15,175.4764862060547,175.68882349051884,174.5016757471861,174.94564299489429,1633800
2024-08-16,175.98800659179688,176.16174377624338,175.14831859413616,175.22553348419746,1404500
2024-08-19,177.32957458496094,177.33923565022656,176.1906881533738,176.30650311869218,1442400
2024-08-20,176.5767822265625,177.28134794811567,176.34515225083902,177.21379411427515,963200
2024-08-21,177.5129852294922,177.61915387300553,176.68294348763408,177.22343304470712,1098100
2024-08-22,177.10760498046875,178.11136912271806,176.78909907345368,177.66740190244357,1033400
2024-08-23,179.3854217529297,179.51089781371024,177.72533812343354,178.02453667399905,1451700
2024-08-26,179.61705017089844,180.6497681300362,179.48192778202335,179.86798754245626,1359500
2024-08-27,179.64599609375,179.77145741044768,179.1537529843119,179.51087371075891,1004200
2024-08-28,179.31785583496094,180.2637273840945,178.55538257314657,179.45297823808897,910800
2024-08-29,180.24440002441406,181.09374916562473,178.89317614270232,180.0610164846312,1535900
2024-08-30,181.75967407226562,181.90444276745208,179.78108511706685,180.67868048168776,3104900
2024-09-03,179.48193359375,181.32538594583042,178.87387546050482,180.83315752625444,2136900
2024-09-04,179.4143829345703,180.55328441466048,178.8835396483943,179.4529830248205,1291800
2024-09-05,178.0052032470703,179.88728497472658,177.33925240633283,179.6942403779777,1623700
2024-09-06,176.23895263671875,178.989661205776,175.96870789436716,178.188573316936,2404900
2024-09-09,178.0052032470703,178.76769111341727,176.9049167908829,177.00143908925733,1851200
2024-09-10,177.6577606201172,178.42988010817655,176.4030443611679,178.42988010817655,1154900
2024-09-11,177.43576049804688,177.64809777330558,174.0866399704715,177.271684372117,1096900
2024-09-12,178.23684692382812,178.3623229655618,176.48990231462074,177.64809625242125,1318700
2024-09-13,179.69422912597656,179.9837812757338,178.66151128876447,178.7290651116085,1145500
2024-09-16,181.08409118652344,181.30608954227506,180.16718819921147,180.28300318326552,3474300
2024-09-17,181.1033935546875,182.15541890320742,180.5339502626155,181.39294573400338,1060500
2024-09-18,180.7752685546875,182.95653447699763,180.55328489886867,181.22889693434192,1401700
2024-09-19,182.60903930664062,183.15918989624032,181.69213638454278,182.90823781232396,1250800
2024-09-20,182.0685577392578,182.21332646535495,181.2385160127512,181.972035437036,1111600
2024-09-23,182.8986053466797,183.0337277377936,182.30020828992326,182.59940681830147,1352500
2024-09-24,182.9854736328125,183.39084082176694,182.59941385111398,183.15921084364248,948600
2024-09-25,181.75596618652344,183.36683412333005,181.52306480056856,183.12423406563505,1931000
2024-09-26,183.01748657226562,183.22126232553342,182.51287431419175,182.54198513608716,1203300
2024-09-27,183.68707275390625,184.73510689174586,183.47359830293587,183.56093077930566,1669900
2024-09-30,184.1819610595703,184.33722864539843,182.57109317265042,183.5803028662693,1050600
2024-10-01,183.46385192871094,184.09462091715565,182.6875288390805,183.88113169732898,1734200
2024-10-02,183.44444274902344,183.8423103748801,182.60989800540946,183.43474407783117,1855900
2024-10-03,182.66815185546875,183.11452768694141,181.92093950279826,182.9495614181682,1969500
2024-10-04,184.0072479248047,184.1625154824504,182.68750329907473,183.5899830216523,949600
2024-10-07,182.7651824951172,183.71618541667476,182.11501609392963,183.6967732653628,933900
2024-10-08,182.95925903320312,183.18246175478285,182.27028313860944,183.05630498233631,792400
2024-10-09,184.2595977783203,184.45367486012123,182.54198524976132,182.75547448188198,1353800
2024-10-10,183.65792846679688,184.19165151481593,183.19214053722175,184.09462038335056,1043500
2024-10-11,185.734619140625,185.91899757435402,184.10435367695925,184.10435367695925,1464900
2024-10-14,186.96701049804688,187.1028659379331,185.44348983697515,185.8607548283641,1009400
2024-10-15,186.21011352539062,187.72393562872605,186.01603642624337,186.62739335533405,1122100
2024-10-16,187.67538452148438,187.8694763986727,186.40416268440987,186.54001811416293,1441700
2024-10-17,187.46189880371094,187.94709889148174,187.27753520834855,187.85006775820654,3347800
2024-10-18,187.9180145263672,188.03447263267694,186.89910604430918,187.52986032435783,1203200
2024-10-21,186.22950744628906,187.96651730324055,185.93838442250126,187.65599693643043,1055500
2024-10-22,185.656982421875,185.977201473209,184.78361331502063,185.5502378023861,1116400
2024-10-23,185.3076171875,185.77340510854737,184.32750356986426,185.1911591018899,1911500
2024-10-24,184.9000244140625,185.63753795017334,184.39542703445312,185.5404920194861,1047700
2024-10-25,183.6676483154297,185.870446088091,183.52207940248564,185.68608248977282,1386600
2024-10-28,184.76417541503906,184.9970767725026,184.14311993560028,184.14311993560028,950700
2024-10-29,183.7452850341797,184.5701163254728,183.5220823255368,184.05580540056886,1948000
2024-10-30,183.53176879882812,184.58950131462467,183.17271070638543,183.31827960022866,976500
2024-10-31,182.1247100830078,183.6676577192759,182.0470910940217,183.2018549425639,1918400
2024-11-01,182.19265747070312,183.86174718176974,182.105324996866,183.13394695219304,1732400
2024-11-04,181.99856567382812,182.87191995594003,181.4163196143319,182.38671984207068,1926500
2024-11-05,183.9490509033203,184.0072725434447,181.69773024476675,182.0664722345983,995400
2024-11-06,189.04367065429688,189.38331666522657,187.37458103689266,188.94663951341178,3381000
2024-11-07,188.5875701904297,189.3638933072297,188.18000388571434,189.20862572244332,1481300
2024-11-08,189.5676727294922,190.05287279810403,188.52933747524,188.80104832909214,1729500
2024-11-11,190.62542724609375,191.37263958367743,190.23725826228866,190.23725826228866,1210800
2024-11-12,189.2183380126953,190.5574802034556,188.72342444018818,190.46044906892237,2138400
2024-11-13,189.3638916015625,190.06258091967598,189.02424561379308,189.4415253932564,2062100
2024-11-14,188.08299255371094,189.8685255453563,187.96653444929342,189.674448447505,1805900
2024-11-15,187.33575439453125,188.22852076747324,186.98640974362948,187.59776658449044,4368700
2024-11-18,188.18971252441406,188.5487706841413,187.23872442970992,187.5298474648205,2345100
2024-11-19,187.53955078125,188.00535357181593,186.35566126771104,187.0155411507796,1911500
2024-11-20,188.17999267578125,188.34495892211524,186.93788168574687,187.84036151231632,1280900
2024-11-21,190.30519104003906,190.80008983026252,188.31586759307947,188.80106771150218,1873700
2024-11-22,191.8578338623047,192.01308664396356,190.55748631509425,190.55748631509425,1773300
2024-11-25,193.2746124267578,194.06063424552107,192.8476339555451,192.95437857334827,2168100
2024-11-26,193.22608947753906,193.46868953556415,192.2945135467169,193.2552002999315,1935800
2024-11-27,193.420166015625,194.46818515282317,193.33281874824908,193.77920933471825,1672000
2024-11-29,193.87625122070312,194.4876080905915,193.65306331865344,193.72099844069976,1001300
2024-12-02,192.731201171875,194.0509461515942,192.31392134966822,193.85686905604527,3281600
2024-12-03,191.7510986328125,193.28431802400175,191.70257565804837,193.10965308341045,1808900
2024-12-04,191.5278778076172,191.9160467619086,190.79037900516087,191.86752379173072,2112000
2024-12-05,190.77096557617188,191.8189995350322,190.68363311471637,191.48906703144604,1737500
2024-12-06,190.12081909179688,191.34351810123766,189.93644067138442,191.13004366443346,2104900
2024-12-09,188.9369354248047,190.62543727716033,188.85930162395843,190.3925358746216,2101700
2024-12-10,188.06356811523438,189.01455619756925,187.53954369742465,188.936922402074,2287100
2024-12-11,187.67538452148438,188.6457846789008,187.6462737013324,188.6457846789008,2738900
2024-12-12,186.86997985839844,187.917999079101,186.83115555710873,187.74333414469473,1924400
2024-12-13,186.34593200683594,186.97668615571425,185.97717522661938,186.97668615571425,2263100
2024-12-16,185.42408752441406,186.82146629860293,185.2300104295841,186.38478913345222,8236400
2024-12-17,184.12680053710938,184.9461353607472,183.76589136111676,184.62425063357526,3756300
2024-12-18,179.25953674316406,184.62425248283174,179.12298093785662,184.2535946326545,4518900
2024-12-19,178.72305297851562,181.132299113527,178.69379208484875,180.20566941932242,5317000
2024-12-20,180.97625732421875,182.078467423656,178.2158800650874,178.4889917012097,5795300
2024-12-23,181.2590789794922,181.4248956464868,179.5521243161516,180.44949298172074,3389600
2024-12-24,182.75148010253906,182.80025322214098,181.05427377127097,181.37615850048388,1822000
2024-12-26,183.06358337402344,183.2099027185191,181.8931030353834,182.10769283387165,2308000
2024-12-27,181.92237854003906,183.27818789386313,181.08353150133354,182.17599280414973,5183300
2024-12-30,180.10812377929688,180.85918811397934,178.89863381449823,180.53730339911542,3012300
2024-12-31,180.57630920410156,181.30786123959578,179.82524494695753,180.84942077334227,4513700
2025-01-02,180.2154083251953,182.03942160457706,179.4350980250686,181.56146889480425,3043100
2025-01-03,181.92237854003906,182.13696835576368,180.20567489770818,181.01526104185726,2526400
2025-01-06,181.71751403808594,183.50250264773194,181.43463893894616,182.62463134537686,3521400
2025-01-07,181.44442749023438,182.88801942284178,180.85917987469523,182.5466224998664,1730800
2025-01-08,181.64926147460938,181.74680770917593,180.0301041184512,181.19082096238492,2235000
2025-01-10,179.05467224121094,181.0347384370742,178.84008246677087,180.71285377541412,4502400
2025-01-13,180.6641082763672,180.7128813931871,178.4694519706615,178.54748598088025,4167900
2025-01-14,182.22476196289062,182.3125446446523,180.70312106169263,181.23959558934584,1613900
2025-01-15,184.3121337890625,184.96565192922677,183.72688611073823,184.84859346348188,1751300
2025-01-16,185.45335388183594,185.66794370558648,183.79515708313323,184.1950758349835,6845400
2025-01-17,186.77012634277344,187.22856685525855,185.92153065873177,186.30193716021242,2497400
2025-01-21,189.0135498046875,189.05257425068731,187.5797065252334,187.5797065252334,5115200
2025-01-22,187.91134643554688,188.99404415599173,187.85282464797675,188.9745468157789,1866000
2025-01-23,189.17938232421875,189.19889454885165,187.76505114939712,188.155206341256,2372100
2025-01-24,189.02330017089844,189.62806002160056,188.65265723136565,188.84773481271955,2096600
2025-01-27,189.66705322265625,189.7158263346536,188.0186202680086,188.0186202680086,4961500
2025-01-28,188.48681640625,189.64753307588234,188.1746804092822,189.64753307588234,1463300
2025-01-29,188.18446350097656,189.61830687196905,187.85283010613284,188.56488489816738,1487800
2025-01-30,190.0767364501953,190.60346229022136,188.95502919788106,189.2378894575503,2312200
2025-01-31,188.77944946289062,190.50591656888116,188.5161014256369,190.04747606681892,2417400
2025-02-03,188.06741333007812,188.69167053285847,185.5216114017856,186.3214488496891,2073000
2025-02-04,188.36978149414062,188.68191753009606,187.4821762692563,187.57970761789335,1904700
2025-02-05,189.6378173828125,189.72560006592514,187.95037464573863,188.87700436223741,1530400
2025-02-06,189.62808227539062,190.5351998327004,188.6331671452225,190.40840757584667,1155500
2025-02-07,188.49659729003906,190.20355224609375,188.38930238317698,189.97921376209706,1373700
2025-02-10,188.92578125,189.30618776787716,188.15520466028318,189.29643909738107,1316900
2025-02-11,189.33543395996094,189.40370441506482,188.17470227200766,188.49658697497946,736400
2025-02-12,188.3990478515625,188.79896657793046,187.40414769589475,187.77479064501054,1156800
2025-02-13,189.87191772460938,190.0669953131608,188.46733527349363,188.98429758071458,1563400
2025-02-14,189.69631958007812,190.8082781017289,189.5890246839774,190.19378449993806,1205100
2025-02-18,190.8083038330078,190.86682562359744,189.44274577436087,189.70610871548087,1738300
2025-02-19,191.38380432128906,191.60814281478017,190.24256986206322,190.40840144797698,1332300
2025-02-20,190.4961700439453,190.9155861043822,189.45248190263678,190.81805475434516,924500
2025-02-21,187.90158081054688,190.25230495560672,187.61872056832593,190.15475872948116,1458100
2025-02-24,188.12594604492188,188.994054000518,187.65775683650747,188.45759433087088,1154600
2025-02-25,188.3600311279297,189.10133188144954,187.1700385476312,188.36977979766598,1114000
2025-02-26,187.67726135253906,189.15986293219936,187.23833305746246,188.58437883679966,1371600
2025-02-27,187.07247924804688,189.19886489576965,186.98469657615675,187.7260121613556,1017900
2025-02-28,189.5890350341797,189.71584215925725,186.64332933217216,187.35536919964122,2487700
2025-03-03,187.7260284423828,190.86681174895847,186.57504540507722,190.23280588570287,1960500
2025-03-04,184.06825256347656,186.57502979709147,183.60004854502904,186.39946445277187,2539200
2025-03-05,185.64842224121094,186.10686276154692,183.14162982646027,183.86343327801325,1723800
2025-03-06,183.81463623046875,185.08266271986685,182.86849441877305,183.81463623046875,2055000
2025-03-07,185.004638671875,185.51185227161773,182.52712222401053,183.29768385139045,1686400
2025-03-10,182.29302978515625,184.74128546972747,180.8982109168911,183.21965947399616,2210800
2025-03-11,180.12765502929688,182.19550445215324,179.16200078270603,182.0882095358654,3050600
2025-03-12,179.44485473632812,181.2688532139864,178.34264480698008,181.0640269602367,2149000
2025-03-13,178.32315063476562,180.33247806191588,177.71839076581807,179.56190149964158,2099700
2025-03-14,181.5517120361328,181.74678960236525,178.89861546167168,179.51310905113064,2103300
2025-03-17,183.96096801757812,184.4974276332626,181.31761996729483,181.31761996729483,1856700
2025-03-18,183.30662536621094,183.884567090441,182.52296771712238,183.6494653116065,2309700
2025-03-19,184.6192169189453,185.45185585453706,183.0910929427281,183.52210533540972,9120700
2025-03-20,184.1490478515625,185.05024888292596,183.30661852595793,183.6102823037295,1508100
2025-03-21,183.32620239257812,183.62988112278023,181.7980782275468,183.00295800515133,3990800
2025-03-24,185.87307739257812,186.15714561137492,184.56045951105762,184.7563701737132,1625200
2025-03-25,185.471435546875,186.33346032801117,184.7857408105277,186.21591692950142,958600
2025-03-26,185.4224853515625,186.79389000206265,184.94250642886018,185.9318650758641,1566600
2025-03-27,184.97189331054688,185.9906378177802,184.31558430973834,185.05026057218433,1783300
2025-03-28,182.46420288085938,185.06005306001057,182.17032938300545,184.7465989567862,2699300
2025-03-31,184.31556701660156,185.05024321011766,181.2201277339677,181.4454242481455,3059200
2025-04-01,184.06088256835938,184.79555881322568,182.2388848832099,183.87477714182882,1564000
2025-04-02,185.2657470703125,185.64777808820918,182.6992681029058,182.758054753142,2102100
2025-04-03,177.6936798095703,181.5433909180123,177.45859298873617,180.71075190215615,3659200
2025-04-04,166.90863037109375,173.8635707937075,166.69312416439698,173.42275313190274,5665000
2025-04-07,165.71356201171875,171.31669369732336,159.85574795750503,162.65731380030732,6236400
2025-04-08,163.41159057617188,171.1599644502569,161.18796635550746,170.6603899994226,4758600
2025-04-09,175.07823181152344,175.99902837211198,160.845106117385,161.67774512141307,4955900
2025-04-10,169.90611267089844,172.59992540117133,165.57642273079378,172.43340058967024,4498700
2025-04-11,172.52157592773438,173.38360087331705,168.20169079113975,169.46532740725337,3724000
2025-04-14,174.6276397705078,175.57782218867285,173.0603245588679,174.64722037405974,3151600
2025-04-15,174.1378631591797,176.08719453563947,174.0692862027081,175.0684500669748,1500300
2025-04-16,172.20811462402344,174.87254166532685,171.04242592507487,173.8929733397602,4595100
2025-04-17,172.7174835205078,174.1966262185394,171.85545866495272,171.85545866495272,2043400
2025-04-21,169.36734008789062,171.9632048518069,167.63351509186506,171.77708449757225,7574400
2025-04-22,173.40316772460938,173.72642702569792,170.9836330640275,171.17954371549868,1835200
2025-04-23,174.8431396484375,178.28141877240483,174.3239696796425,176.32228230237843,2559400
2025-04-24,177.11575317382812,177.43901252699,174.23581979750134,174.8823385038251,1558200
2025-04-25,176.74349975585938,176.88065366588808,175.37211012583197,176.54758908685918,1236400
2025-04-28,177.35084533691406,178.173679129202,175.84230177069338,177.13533911316827,1509900
2025-04-29,178.35000610351562,178.7712132945138,176.6259563434555,176.85125286545392,1741800
2025-04-30,178.54591369628906,179.01610228319265,174.97048052378554,177.19410469353738,1664000
2025-05-01,178.38919067382812,179.7507900660935,177.58593746190277,178.41857652821304,1483000
2025-05-02,181.12216186523438,181.6119459859592,179.8977015634223,180.3483095311802,1707200
2025-05-05,180.3581085205078,181.27890510334927,179.50588889244327,180.00546333871804,2321100
2025-05-06,179.18263244628906,180.43647868015256,178.63407658735204,179.12386073954954,1211700
2025-05-07,180.1328125,180.98503213043344,179.28059286956656,179.86832487616599,1436200
2025-05-08,181.3082733154297,183.06170875181695,180.70094581861537,181.2201157653162,3225700
2025-05-09,181.2691192626953,181.9646043944089,180.8381068135637,181.71971231622288,2030100
2025-05-12,185.08941650390625,185.36369441615233,184.0510765579711,185.2069748570297,3788700
2025-05-13,184.76617431640625,185.6184089306893,184.6388405970054,185.08943366016513,2227500
2025-05-14,183.53192138671875,184.8837304539719,183.24785315006298,184.7172056328942,1740400
2025-05-15,185.39308166503906,185.4910444688761,183.17926280035954,183.3457876092623,3638200
2025-05-16,187.1857147216797,187.1857147216797,184.96210530162824,185.29515495744735,1908300
2025-05-19,187.39141845703125,187.55794327410163,185.6575783838467,185.85348905410447,2570600
2025-05-20,187.0779571533203,187.5677413227058,186.36287645118492,187.05837654840408,1552100
2025-05-21,183.36537170410156,186.0689745250143,183.29679475629476,185.78490632687385,2162700
2025-05-22,182.84622192382812,183.73763266147466,181.87644392877053,183.00295643865024,2925500
2025-05-23,182.46420288085938,182.914795956812,180.91648307605388,181.13198931134497,2223400
2025-05-27,185.45187377929688,185.45187377929688,183.43395056878927,184.1882223288859,3682600
2025-05-28,183.96292114257812,185.55960723307197,183.70822383036992,185.35390627000805,2495700
2025-05-29,184.6486358642578,184.77598453410937,183.1205116141469,184.65842616692834,3228000
2025-05-30,184.76617431640625,185.3049398893377,183.28703151347315,184.09026977464012,3602100
2025-06-02,185.05026245117188,185.099243858571,182.82663808908927,184.44291990407135,3702200
2025-06-03,186.12774658203125,186.3138669298362,184.34494024694965,184.89349604235937,1737100
2025-06-04,185.4029083251953,186.5490015167258,185.39310307546407,186.42165284643565,1348100
2025-06-05,185.05026245117188,185.9318679962481,184.5408827188696,185.75555286604364,1877000
2025-06-06,186.86245727539062,187.2346980398264,186.18656765416424,186.441250049973,1447400
2025-06-09,186.9310302734375,187.70488269427773,186.31389742906592,187.21509851862456,2505100
2025-06-10,187.63629150390625,187.93995525406592,187.03875430464782,187.17589325462396,2102800
2025-06-11,187.39141845703125,188.0869035785002,186.78407594809835,187.88120260618865,1648100
2025-06-12,187.8224334716797,187.83222377386753,186.34327575487342,186.80367405714773,2029100
2025-06-13,185.9514617919922,187.49918157961628,185.5106590236182,186.64694695059794,2226100
2025-06-16,187.27676391601562,188.16228879432435,186.78481065469592,187.0898192745986,5833600
2025-06-17,185.73204040527344,187.03078922172824,185.5647780962797,186.6569149482455,1850000
2025-06-18,186.08624267578125,187.25709382250176,185.6434727365716,186.10590999642292,1900300
2025-06-20,186.37158203125,187.26694061957755,186.02722373720144,186.87336898080687,1514600
2025-06-23,187.91632080078125,188.05406711975306,185.5155863730816,186.6962712518718,2061700
2025-06-24,189.4708709716797,189.88410987623348,188.37873421920858,188.555830172637,1554200
2025-06-25,188.39840698242188,189.44134544022546,188.17211269765085,189.34296380099607,1972600
2025-06-26,189.7365264892578,189.90378879322873,188.83133430782723,188.83133430782723,1255800
2025-06-27,190.25799560546875,191.30093409611987,189.52991440199926,190.00218531955,5873100
2025-06-30,191.10415649414062,191.36981545451482,190.23832897768173,190.9073781955464,3622200
2025-07-01,192.8751983642578,193.3769852962743,190.8778692836363,190.89755161819255,3812600
2025-07-02,193.22940063476562,193.27859896335212,192.1864621269091,192.80632803801032,2172000
2025-07-03,194.2329864501953,194.52816140387614,193.29827827455756,193.64263654283369,1112200
2025-07-07,192.72760009765625,194.08538078873198,191.76336096780042,193.7606898588688,2110900
2025-07-08,192.57017517089844,193.20970836998555,192.36354820674435,192.66857182301396,1655900
2025-07-09,193.1014862060547,193.35731150706135,192.1175796962676,193.32779551282547,1334300
2025-07-10,194.16409301757812,194.5970142527386,192.74726534367866,193.12115459463013,1184500
2025-07-11,193.14085388183594,193.52457682610014,192.53082162727637,193.15068754232706,1233100
2025-07-14,193.46554565429688,193.54425997822503,192.54067111466895,192.97359238966263,1454000
2025-07-15,191.0057830810547,193.7115260896637,190.95658475098094,193.53441510404267,2119700
2025-07-16,191.68467712402344,191.92080508244473,189.76604738251729,191.5173998025121,3168700
2025-07-17,192.8555145263672,193.04245917013836,191.47805138261484,191.52724971201076,4140200
2025-07-18,192.72760009765625,193.56391157164836,192.31436119052702,193.50487958680432,1282400
2025-07-21,192.67843627929688,193.9280018974237,192.5898882861728,193.32781825532092,1844800
2025-07-22,194.32154846191406,194.4986444389754,192.7374582764551,192.7374582764551,1699500
2025-07-23,195.82691955566406,195.82691955566406,194.7446163447659,195.02012399108565,3042400
2025-07-24,195.12835693359375,196.0827324882876,195.10867459861595,195.52191355381342,2992200
2025-07-25,195.87611389160156,196.01386020534133,194.66591306280068,195.34479595773234,2740000
2025-07-28,195.01028442382812,196.00403969475684,194.73479177786572,196.00403969475684,2342800
2025-07-29,194.86268615722656,195.42350505773882,194.5183128754718,195.3152747417492,2117600
2025-07-30,193.89845275878906,195.3644637717978,193.03261027207924,195.10865349764313,2657400
2025-07-31,192.27500915527344,194.3117028455044,191.8420878870182,193.2785980032085,3601300
2025-08-01,189.65780639648438,190.70075986933193,188.55583595057308,190.64171286982554,3357700
2025-08-04,191.67483520507812,191.7338671967638,190.29737202167016,190.45480067498042,1909400
2025-08-05,191.4682159423828,192.1569475078574,190.6810877190309,191.7633758895704,1312900
2025-08-06,191.51739501953125,192.00934827158576,190.9467424587832,191.73385565149297,1332700
2025-08-07,191.5370635986328,192.9834072568658,190.8975304221769,192.53080369166048,1662300
2025-08-08,192.5111541748047,192.9342267739666,191.88145459969294,192.08806656242064,853900
2025-08-11,192.0093536376953,193.28843513142806,191.66499535956643,192.90471218463045,1122700
2025-08-12,194.1149139404297,194.20347693874547,192.52099015585793,192.60953814095143,1342600
2025-08-13,196.03353881835938,196.10240446731086,194.508480722405,194.62654469959153,1924800
2025-08-14,195.46287536621094,195.62030401459765,194.46912015983938,195.02012042919281,1968400
2025-08-15,195.0988006591797,196.0433574438984,195.0201013559055,195.95480946779938,1596800
2025-08-18,195.11849975585938,195.4923890380292,194.79380880237858,195.09881742173937,1896500
2025-08-19,195.74819946289062,196.50581168819855,195.11849988961734,195.11849988961734,1815900
2025-08-20,195.9449920654297,196.30904771397036,195.13819646573788,195.85644407519945,2717400
2025-08-21,195.2169189453125,195.71870592412378,194.58721929979052,195.29563327765572,2194600
2025-08-22,198.5228271484375,198.93606609441878,196.19095843531275,196.19095843531275,2653700
2025-08-25,197.18470764160156,198.3850747871076,197.12567565300648,198.14893181950544,3039200
2025-08-26,197.5487518310547,197.71601413951615,196.78130593895057,196.93873458687506,1773700
2025-08-27,198.26698303222656,198.49329232490035,197.27324292400235,197.33227490879693,2075800
2025-08-28,198.3555450439453,198.5621569897069,197.6077665383144,198.4145770284486,2299800
2025-08-29,198.3850860595703,198.92622266125434,197.75538645673953,198.1686254136076,2161000
2025-09-02,197.37164306640625,197.39131038620513,195.92529936046398,196.92887314617073,3446200
2025-09-03,197.22406005859375,197.81440997925674,196.25000220668863,197.3519727111559,1816600
2025-09-04,198.83766174316406,198.85734407694153,196.98792772507232,197.47003230345638,2165800
2025-09-05,198.345703125,199.85107883397805,197.40116131434235,198.97540266984558,2822800
2025-09-08,198.26698303222656,198.40472933448754,197.1748462738641,198.40472933448754,2428900
2025-09-09,198.49331665039062,198.76880928867442,197.89313304272463,197.95216503475362,2516300
2025-09-10,197.99151611328125,198.9065570359689,197.4405308327576,198.38508775167165,2872300
2025-09-11,200.57920837402344,200.73663703970948,198.07024343758874,198.21783844162837,2882100
2025-09-12,199.36898803710938,200.55950654927142,199.26075771661988,200.21514826642115,1809400
2025-09-15,199.29025268554688,200.23479446177976,199.1033080595868,199.86092022308046,5265600
2025-09-16,199.13412475585938,199.76664108335655,198.58065977396788,199.59863058328153,1907400
2025-09-17,199.7270965576172,201.32816526289852,198.51148232687166,199.39107556381413,1953800
2025-09-18,200.7351837158203,201.1898119071509,199.7666463625776,200.21138182516196,1814700
2025-09-19,200.39915466308594,201.09096703049104,199.727097591622,201.09096703049104,2658600
2025-09-22,200.112548828125,200.4386921949945,199.43061406834144,199.70735411205635,2211400
2025-09-23,200.26080322265625,201.5455912270297,200.00383355747803,200.3695176778364,6067600
2025-09-24,199.865478515625,200.84390864866478,199.75676405639834,200.5375356491297,1494900
2025-09-25,198.93646240234375,199.49980506420331,198.19523158224197,199.4306162824116,2108900
2025-09-26,200.606689453125,200.8340110782918,199.53931534488032,199.57885609724778,2301800
2025-09-29,200.84388732910156,201.46652599134111,200.23114139507433,201.2293267199217,1874500
2025-09-30,201.20956420898438,201.39734508781765,199.8259394392322,200.55727749736738,3362600
2025-10-01,201.4862823486328,201.7531296453384,200.6857555388945,200.6857555388945,2283100
2025-10-02,201.674072265625,201.9903379767009,200.76483096685038,201.41711768566014,1780200
2025-10-03,202.5635528564453,203.6012638772913,201.90137342661697,201.9705622042087,1997000
2025-10-06,202.82049560546875,203.48265991631533,202.3065714088498,203.40359349526798,2333200
2025-10-07,202.1484375,203.47278119508238,201.72347245453807,203.18616353525096,1989300
2025-10-08,202.55364990234375,203.01815570439078,201.54557187658452,202.63271632400898,1770700
2025-10-09,201.31826782226562,203.0478062315297,200.93282843713047,202.80072931592056,1890100
2025-10-10,197.1080780029297,202.19785631338215,197.0685372523445,201.62463607291932,4633400
2025-10-13,199.21319580078125,199.70734966435765,198.18534731952997,198.5114906791359,2099700
2025-10-14,200.74505615234375,201.7333638570408,197.66154093941017,197.92838824218444,3274000
2025-10-15,201.4862823486328,202.8501517758186,199.8160399528191,201.64441519707896,2625300
2025-10-16,199.4800262451172,202.1385764202413,198.81786188349258,201.8914994906629,11648600
2025-10-17,200.4683380126953,200.85377742740792,199.31201976855743,199.5393263258548,9309200
2025-10-20,202.51412963867188,202.72166580575345,201.29850033853776,201.32816344278493,2816100
2025-10-21,202.68214416503906,203.33443086388212,202.13857191600317,202.49436328988315,2930100
2025-10-22,201.84207153320312,202.77108315729788,200.97237103691768,202.65249106243581,4321100
2025-10-23,202.69203186035156,202.93910879667177,201.6444280632146,202.1287042873388,2381200
2025-10-24,203.8878631591797,204.45119065563634,203.79891909348297,203.96692957770256,1984600
2025-10-27,205.07383728027344,205.15290370188228,204.4017953171653,204.866286038503,1870800
2025-10-28,203.69021606445312,205.01454471805553,203.5815016179408,205.01454471805553,2568500
2025-10-29,202.33624267578125,203.7495306087453,201.50606777998144,203.28502475696644,4421500
2025-10-30,201.41709899902344,203.4431326665467,201.30838455597456,201.57523183989048,3998100
2025-10-31,202.17811584472656,202.7216730219221,201.1107417063201,201.58512518548557,3684300
2025-11-03,201.674072265625,202.32635898443476,200.0236001719427,202.32635898443476,2785500
2025-11-04,200.4979705810547,201.20955330418468,199.75673983449244,200.132301571805,4260100
2025-11-05,201.80255126953125,202.3757715440225,200.38926341957998,200.6066923195725,2756000
2025-11-06,200.7252960205078,202.3263496378253,200.39915267616936,201.63453727727938,4628000
2025-11-07,202.02984619140625,202.09903496486712,199.68756190763446,200.3200781947465,5022300
2025-11-10,203.44314575195312,203.8779884717399,201.86184740232932,202.90945114979414,3404900
2025-11-11,204.82676696777344,205.1232622882657,203.57161198990403,203.59138236603778,2487200
2025-11-12,205.577880859375,206.22028991763742,205.12326775882386,205.1924414565691,2363800
2025-11-13,203.06759643554688,205.49882507752326,202.80074911812716,204.99479354940124,4589200
2025-11-14,202.39553833007812,203.3838460841943,201.33805687497122,201.82233310342477,5406400
2025-11-17,200.2113800048828,202.89957821344092,199.54921564121005,202.3856539758221,5512200
2025-11-18,199.96429443359375,201.1996790319229,198.8178539070535,199.55908466605098,8633800
2025-11-19,199.71722412109375,200.79447590718422,198.8475085093765,200.01371945057724,4369600
2025-11-20,197.6022491455078,202.45484369936565,197.4539939383832,201.73336820152656,9120700
2025-11-21,200.66598510742188,201.73335921357148,198.2644046788691,198.66961444775873,7159600
2025-11-24,202.08914184570312,202.51412197236525,200.61657311470347,201.25896704804694,3964300
2025-11-25,204.83663940429688,205.0936090463624,202.40541101494713,202.60306953012042,3997500
2025-11-26,206.04238891601562,206.76386440834324,204.93548909709403,204.93548909709403,2659700
2025-11-28,207.5248565673828,207.7225151007782,206.26971658611342,206.49702314549913,4427200
2025-12-01,206.111572265625,207.51496737918436,205.97320979190445,206.40806758942003,3469000
2025-12-02,205.99298095703125,206.70456375680638,205.42965337076416,206.53655324580112,3466800
2025-12-03,207.87075805664062,208.0288909061864,206.22028602550023,206.22028602550023,3289500
2025-12-04,207.7818145751953,208.2166572921158,207.23824232857143,207.92017704884697,3881000
2025-12-05,208.00912475585938,208.9381364153417,207.8213438782561,208.04865042885956,7183400
2025-12-08,206.68479919433594,208.10796473009052,206.38830386099056,208.10796473009052,4095300
2025-12-09,206.20053100585938,207.71264067635522,206.16100533071858,206.77375131786914,3068400
2025-12-10,209.01719665527344,209.4421617190575,206.20051373534932,206.35864658342737,5636800
2025-12-11,210.36129760742188,210.50953772860044,208.92823939426236,208.9480097705457,5045400
2025-12-12,209.3136749267578,211.03333570258525,208.75034739629703,210.86532520822402,5654700
2025-12-15,209.6200714111328,210.37117984211167,208.79977420184304,210.222939717701,5334200
2025-12-16,207.87124633789062,209.7382240398489,207.21581074153247,209.489954358184,5355700
2025-12-17,207.20587158203125,208.93383403261947,207.06684116553652,208.2188161325953,5250400
2025-12-18,207.61305236816406,209.20198451605367,207.18603575591197,208.3777272902392,4996200
2025-12-19,208.4273681640625,209.13244557476455,207.67261863317387,207.74214141762047,5295800
2025-12-22,210.01629638671875,210.17519262845983,209.05300875678554,209.09274039381063,5018900
2025-12-23,210.14540100097656,210.3738048772244,209.65878694418984,209.7382350648803,2134600
2025-12-24,211.0789031982422,211.30730708068018,210.09574972537953,210.30430294199164,1466300
2025-12-26,210.97958374023438,211.1484053144207,210.35395441311553,210.98952422606746,3532700
2025-12-29,210.57240295410156,211.19804739027936,210.21489401245407,210.6518510692653,5821400
2025-12-30,210.47311401367188,210.88027994047715,210.29435195790253,210.68165206669363,2236800
2025-12-31,208.88418579101562,210.4830432240836,208.8246034890545,210.40359510374225,2407300
2026-01-02,210.73130798339844,210.93986118855858,208.70543399825897,209.5594823304562,6475900
2026-01-05,213.1345672607422,213.66089781262053,211.33709705679757,211.33709705679757,9013300
2026-01-06,215.07107543945312,215.27961349435162,212.97567863888486,212.97567863888486,2796700
2026-01-07,212.86643981933594,215.28953928273276,212.6976030941071,214.90223916963603,2843300
2026-01-08,214.64404296875,215.1107911990491,212.70754241388104,212.8564981668789,3782000
2026-01-09,216.08399963378906,216.38192628674742,215.03133859275798,215.03133859275798,3172400
2026-01-12,216.21311950683594,216.34222460102302,214.85260638752922,215.30941415388648,4780200
2026-01-13,216.0045623779297,216.99764116894193,215.4186495279956,216.66992334952633,4156500
2026-01-14,216.80897521972656,216.8884081905147,215.55768620870012,215.6967166373497,5267700
2026-01-15,217.682861328125,218.33829694699014,217.1664561296392,217.39487515490327,3834500
2026-01-16,217.4743194580078,218.18933736546313,217.08701935423446,217.83182841173547,3769500
2026-01-20,214.4454345703125,216.35214401302173,214.06805978420414,215.16045250547592,6650800
2026-01-21,217.61334228515625,218.26876271647868,215.35904937353064,215.35904937353064,4476500
2026-01-22,218.1893310546875,219.19233510130078,217.7821651449339,218.44752606534217,2718100
2026-01-23,216.9678497314453,217.83183858264925,216.29256342797348,217.72259930965473,2979700
2026-01-26,217.59349060058594,217.94107423247553,217.23598163610905,217.3948778765831,3368200
2026-01-27,217.60340881347656,217.81196201642263,216.9479883610297,217.37500494600536,1610700
2026-01-28,217.79209899902344,218.53690806412604,217.23597732158885,217.84175596733277,2189500
2026-01-29,218.72560119628906,219.897426882634,216.90826521132766,219.1923494349328,5443000
2026-01-30,218.3383026123047,218.84476733828956,216.54083243319667,217.92121134034423,5007700
2026-02-02,220.13575744628906,220.35423597635014,217.52395557076363,217.802031552533,3085100
2026-02-03,220.37411499023438,221.6353141264455,218.62628664508077,220.13577062866446,3883500
2026-02-04,221.08912658691406,221.89351794854247,220.046390870545,220.92030501808162,3525400
2026-02-05,219.3015899658203,220.53301311467882,218.4574669370833,219.59951663203216,3434000
2026-02-06,223.0157012939453,223.43279254894216,220.28473474206325,220.28473474206325,3410500
2026-02-09,223.0653533935547,223.5321016380146,221.70484029763264,222.27090248255718,2021200
2026-02-10,222.7872772216797,223.6611913474885,222.5886645075901,222.85680000585938,2713900
2026-02-11,223.27389526367188,224.32655630512423,222.3999811221587,223.83994226665817,2049900
2026-02-12,220.67202758789062,224.82308933667557,220.43368324151317,223.91938407065368,4430600
2026-02-13,222.1616668701172,223.164671011346,219.8477914284182,220.57273471558003,4538400
2026-02-17,221.65516662597656,222.7773504253162,220.1854143675593,221.94316793971547,4747200
2026-02-18,222.75750732421875,223.36328600955207,221.59560692510667,222.05242984895648,3798300
2026-02-19,222.4198455810547,222.70783174692357,221.39697569584118,222.19144171480147,2069300
2026-02-20,223.7108612060547,223.86974229457493,221.75449479551634,221.95310752105135,4571800
2026-02-23,221.51614379882812,224.10807994536106,220.8011258857722,223.1447923445268,2684900
2026-02-24,222.83694458007812,223.14479657424994,221.2281618217973,221.4565656959926,2459000
2026-02-25,223.48243713378906,223.73070682340114,222.12192408373238,223.54203458796658,2175300
2026-02-26,223.82009887695312,224.60462444081722,222.39006301824338,223.6711279689828,2901900
2026-02-27,223.95912170410156,224.03856982168887,221.87365028867714,222.42977195860925,3209500
2026-03-02,223.5916748046875,224.20739393468497,221.9133844435802,222.2410870967273,3796300
2026-03-03,220.7316131591797,221.56579565410203,217.26576294262867,219.78819139802854,6586500
2026-03-04,221.704833984375,222.09213409607048,219.9967372986464,221.35725035582652,4053900
2026-03-05,219.06324768066406,221.02955460441066,217.58356997463295,220.2946708412062,5216300
2026-03-06,216.21311950683594,216.81889818645064,214.68376965520144,216.60041963621714,5068800
2026-03-09,217.20619201660156,217.69280607404198,212.32024623642153,214.32626961530661,5549100
2026-03-10,216.56069946289062,219.00366480563216,216.1038765511337,216.96785025122767,4928100
2026-03-11,216.07406616210938,216.77914355593256,215.0611216414797,216.30247002106267,4034200
2026-03-12,213.18421936035156,215.03134649273971,213.0948459071343,214.30640322801145,13125100
2026-03-13,213.2537384033203,215.41864282685592,212.96573707710508,214.4354893991925,3468700
2026-03-16,215.1107940673828,216.2131121138036,214.64404583086,215.07107758378024,4100900
2026-03-17,216.15847778320312,217.11546723826578,216.01891840546807,216.32794165539343,2426500
2026-03-18,213.54672241210938,215.7697094156355,213.44703062093546,215.5404365489336,3362000
2026-03-19,213.27755737304688,214.32426029105312,211.70252144886408,211.91186811679773,3481300
2026-03-20,210.64585876464844,213.49687050851006,209.63903862978452,213.12803827104304,5265700
2026-03-23,212.46014404296875,214.78282275223094,212.06139210377262,213.32740479311965,6005200
2026-03-24,213.14797973632812,214.3840727318215,210.90505139483042,211.1044197607973,3165700
2026-03-25,214.19467163085938,215.1915286909344,212.9685417059999,214.5236362859839,5170600
2026-03-26,211.8420867919922,214.27442043429733,211.69256431842078,213.05825361314476,2854800
2026-03-27,209.38983154296875,211.7324365415679,208.97115339697442,211.23400800431295,3784900
2026-03-30,208.7617950439453,211.52309324495013,208.00418918558495,211.28384208454798,4105700
2026-03-31,212.99844360351562,213.466967632904,209.94806347061703,210.6857431619763,6365000
2026-04-01,214.2644500732422,215.2812484915393,213.76602156379883,213.76602156379883,4947600
2026-04-02,214.84263610839844,215.7597427709486,211.99162433121433,212.30064758360464,2315100
2026-04-06,215.92919921875,215.97904511180266,214.55353166681783,214.78281973269384,2078400
2026-04-07,215.9989776611328,216.248191922904,214.66319286863873,215.53046884296785,2065800
2026-04-08,221.25242614746094,221.332176539263,219.47802175965285,219.95650889963332,2362100
2026-04-09,222.4685821533203,222.94706926996415,220.5645815703412,220.73404544059358,1681700
2026-04-10,221.15274047851562,222.7377395220191,220.9334307127795,222.67793053333313,1324400
2026-04-13,223.00689697265625,223.03680146723937,220.49481295185456,220.50477604643845,8833200
2026-04-14,224.0436248779297,224.26293464862556,222.13962423726628,222.9271498349919,1314700
2026-04-15,223.31591796875,224.15327423028407,222.5483337902615,223.94392755948493,1350400
2026-04-16,224.2330322265625,224.27289981667957,223.29598414507774,223.29598414507774,2270900
2026-04-17,226.43606567382812,227.30334162331073,224.87100806437454,225.03050883793813,1571100
2026-04-20,226.5756378173828,227.0641032598887,226.17690107183276,226.31646045385844,1792800
2026-04-21,225.16009521484375,227.74196651392174,224.8112043766336,227.28340558182418,2428200
2026-04-22,225.8379669189453,227.08403822702732,225.35947979567464,226.7351321764318,1033600
2026-04-23,226.77500915527344,227.27343766571207,224.9009130885582,225.91771150888573,2190800
2026-04-24,226.9344940185547,227.82169615596624,226.58560318882215,227.62232779457182,996300
2026-04-27,226.95443725585938,228.11079505647484,226.85476067977044,226.91456966759,2409600
2026-04-28,226.36630249023438,227.34321814775797,225.77816047678468,227.02423179892298,1259000
2026-04-29,226.35633850097656,226.65538344844265,225.51896701557698,226.4061691849999,1356800
2026-04-30,230.523193359375,230.74250312776178,226.89463429720016,227.2834079391892,4360800
2026-05-01,230.13441467285156,231.53000843123843,230.0546642851107,230.70261527061223,4360500
2026-05-04,228.87838745117188,230.70262248855516,228.6092317854794,229.75561132210436,2013500
2026-05-05,231.3007354736328,231.7892008942734,230.03472278639282,230.03472278639282,1620400
2026-05-06,233.7430419921875,234.0720066512595,232.58669934885683,232.91564879709705,1275000
2026-05-07,231.290771484375,233.44397110079512,230.71259258386323,233.3542576190341,2312600
2026-05-08,233.16485595703125,233.37420262854303,232.00851334895188,232.457095975527,1868500
2026-05-11,233.892578125,234.37106525736473,233.52373066743215,233.8526953243178,1585100
2026-05-12,233.47389221191406,233.8028416470193,231.4402953480945,233.34429593025789,1398900
2026-05-13,233.95237731933594,234.33118785579728,232.56674666486498,233.63337577056197,955000
2026-05-14,234.4308624267578,235.26821866888164,234.14178058513087,234.52057590752162,1461500
2026-05-15,231.45025634765625,232.88573289481135,231.3605428661668,232.84586530664862,1458300
2026-05-18,231.938720703125,232.7362093602082,230.73253222862837,231.90881620943208,2161700
2026-05-19,230.99171447753906,232.23778577727944,230.02476193207403,230.95183167788184,1131600
2026-05-20,233.065185546875,233.23464942313979,231.1711479911247,231.8091359062287,1133900
2026-05-21,233.96234130859375,234.14178348317324,231.0315792140545,232.0782821350801,1662000
2026-05-22,235.5772705078125,236.2650891102524,234.7797818082101,235.12867265683929,938500
2026-05-26,237.55104064941406,237.820196314884,236.72364746358545,237.09247970864422,1141000
2026-05-27,237.18218994140625,238.4182981558456,236.75354871230516,237.9996200213173,1187200
2026-05-28,237.28187561035156,238.12921016295746,236.17536370805533,237.19216212901617,1592900
2026-05-29,237.2121124267578,237.76037164048327,236.97286125672431,237.73046714558305,1628400
2026-06-01,236.71368408203125,237.3715981811815,235.64703972698504,236.01587197159688,2249800
2026-06-02,238.56784057617188,238.83698103246363,236.35481667056038,236.5641481365651,1204200
2026-06-03,238.5478973388672,239.35534912318818,238.1890281890766,238.4183010536887,1478400
2026-06-04,240.27244567871094,240.5914472254667,238.7572187532829,238.77716015266287,1325600
2026-06-05,235.67694091796875,239.01641810538035,235.3778807620939,238.66751205505446,1924100
2026-06-08,236.52427673339844,238.19898927776316,236.2949886598857,237.44138339495504,1585500
2026-06-09,237.42144775390625,239.21579353127254,233.43401945346193,238.2388778566966,2160400
2026-06-10,234.5006561279297,238.51798879189843,234.5006561279297,236.91304834521586,1611300
2026-06-11,239.02638244628906,239.86373871843975,235.47757377884253,236.075694093711,2506100
2026-06-12,241.36900329589844,242.23626406520904,239.16594251430908,239.93352670474192,2083700
2026-06-15,243.77999877929688,244.6699981689453,243.47999572753906,243.86000061035156,2004600
2026-06-16,242.9600067138672,245.50999450683594,242.85000610351562,244.52999877929688,1351600
2026-06-17,240.3800048828125,243.94000244140625,239.97999572753906,243.24000549316406,7200200
2026-06-18,242.17999267578125,243.14999389648438,241.74000549316406,243.07000732421875,2691500
2026-06-22,243.52999877929688,243.75999450683594,242.75,242.94000244140625,1990100
2026-06-23,240.9499969482422,242.1300048828125,239.4600067138672,240.19000244140625,1541000
2026-06-24,241.0,242.4199981689453,240.02000427246094,241.32000732421875,2725800
2026-06-25,244.41000366210938,245.7100067138672,243.1999969482422,244.4600067138672,3719800
2026-06-26,242.75999450683594,244.1999969482422,242.32000732421875,242.8699951171875,13481600
2026-06-29,242.75,243.6699981689453,242.2100067138672,243.25999450683594,3817100
2026-06-30,242.42999267578125,243.1300048828125,241.8800048828125,242.55999755859375,4592000
2026-07-01,243.8800048828125,245.27000427246094,242.58999633789062,242.75999450683594,4815900
2026-07-02,246.80999755859375,246.94000244140625,245.14999389648438,245.14999389648438,2345700
2026-07-06,247.24000549316406,247.47999572753906,246.05999755859375,246.9600067138672,1987800
2026-07-07,247.74000549316406,249.25999450683594,247.55999755859375,248.91000366210938,1262900
2026-07-08,245.1999969482422,247.07000732421875,244.8000030517578,246.8000030517578,1524600
2026-07-09,246.3800048828125,246.4600067138672,244.4199981689453,244.67999267578125,1669600
2026-07-10,246.83999633789062,247.4600067138672,245.66000366210938,247.32000732421875,1205900
2026-07-13,247.6199951171875,248.66000366210938,247.25999450683594,247.39999389648438,1682700
2026-07-14,246.3699951171875,247.74000549316406,246.05999755859375,246.86000061035156,1062400
2026-07-15,247.27999877929688,248.22999572753906,246.61000061035156,246.61000061035156,1131000
2026-07-16,249.4600067138672,249.57000732421875,247.97000122070312,248.02999877929688,1285500
2026-07-17,248.02999877929688,250.5,247.7100067138672,248.7100067138672,1516800
2026-07-20,246.9600067138672,248.4600067138672,246.67999267578125,248.1300048828125,7189500
2026-07-21,247.44000244140625,247.7100067138672,246.02000427246094,246.8800048828125,889800
2026-07-22,247.52000427246094,248.57000732421875,247.11000061035156,247.8000030517578,1651400
2026-07-23,246.17999267578125,247.11000061035156,245.5399932861328,246.3300018310547,1583000
2026-07-24,248.24000549316406,249.0500030517578,246.75,246.77000427246094,1438600
2026-07-27,249.74000549316406,250.5399932861328,249.25999450683594,249.58999633789062,2433900
2026-07-28,252.0399932861328,252.72999572753906,251.08999633789062,251.25999450683594,1589000
2026-07-29,249.52000427246094,252.33999633789062,249.30999755859375,251.61000061035156,1619400
2026-07-30,250.7100067138672,251.0,248.3000030517578,250.02999877929688,1662900
2026-07-31,251.82000732421875,252.39999389648438,249.67999267578125,250.8699951171875,1758600
