Price,Close,High,Low,Open,Volume
Ticker,MTUM,MTUM,MTUM,MTUM,MTUM
Date,,,,,
2013-08-01,47.18348693847656,47.23505149118271,47.03737972259728,47.23505149118271,11100
2013-08-02,47.40693664550781,47.40693664550781,47.12332179601768,47.18348262101617,25400
2013-08-05,47.26942443847656,47.34677453688028,47.2522351634403,47.3038029885491,7500
2013-08-06,47.09754180908203,47.621803299037836,46.8912770357181,47.621803299037836,15100
2013-08-07,46.9256477355957,47.372559072322794,46.727975981017806,47.372559072322794,57200
2013-08-08,46.97722244262695,47.09754411272769,46.81392921585019,47.09754411272769,6000
2013-08-09,46.856895446777344,47.14051031141922,46.73657379035235,47.14051031141922,7300
2013-08-12,46.727996826171875,47.07177593963388,46.64205368706668,47.07177593963388,1200
2013-08-13,46.77094650268555,46.89127143103871,46.53030320301737,46.78813577816457,8500
2013-08-14,46.38420867919922,46.75376998059385,46.3756124004581,46.75376998059385,7600
2013-08-15,45.584930419921875,46.57328948369289,45.50758029505978,46.57328948369289,6300
2013-08-16,45.370052337646484,45.524752529443894,45.29270224174778,45.33567378868731,7600
2013-08-19,45.292720794677734,51.65260742393003,45.20677438707419,45.627903588031,6300
2013-08-20,45.516151428222656,45.54193697646821,45.034864907886195,45.034864907886195,9900
2013-08-21,45.20675277709961,45.50756014213813,45.052052595884064,45.50756014213813,10600
2013-08-22,45.55914306640625,47.484299832480026,45.31849970009202,45.31849970009202,12400
2013-08-23,45.68805694580078,45.68805694580078,45.456006601084695,45.456006601084695,6400
2013-08-26,45.5935173034668,45.885728482790775,45.52476346754804,45.756813810998224,6700
2013-08-27,44.940330505371094,45.19816306664107,44.940330505371094,45.138002244962045,6000
2013-08-28,45.03486633300781,45.172377240100964,44.57076579212395,44.57076579212395,7000
2013-08-29,45.26692199707031,45.40443620902677,45.26692199707031,45.33567910304854,5700
2013-08-30,45.12082290649414,45.16379446308212,45.052065793137686,45.11222990658439,6000
2013-09-03,45.378665924072266,45.50758390190023,45.20677637980843,45.42163749050813,24700
2013-09-04,45.5505485534668,45.63649167329181,45.464605433641786,45.49898071445987,8100
2013-09-05,45.49897384643555,45.61929878595544,45.49897384643555,45.61929878595544,3000
2013-09-06,45.541969299316406,45.68807330282304,45.541969299316406,45.66229101479737,6200
2013-09-09,45.86853790283203,45.877134181152776,45.62789456616424,45.67086612220926,113300
2013-09-10,46.1865348815918,46.538906888709434,45.971673821678124,46.538906888709434,12900
2013-09-11,46.29825210571289,46.29825210571289,46.04041953499922,46.12636263239744,3300
2013-09-12,46.40138626098633,46.51311162829855,46.10917514932568,46.10917514932568,27700
2013-09-13,46.62485122680664,46.633444226880435,46.521718833322716,46.521718833322716,3300
2013-09-16,46.95144271850586,47.080357395546976,46.89128188018271,47.02879283613845,6100
2013-09-17,47.063167572021484,47.08895312994737,46.96863145469242,46.96863145469242,20900
2013-09-18,47.63039016723633,47.73352581916143,46.97721409763921,46.97721409763921,2400
2013-09-19,47.62179183959961,48.01713529218015,47.51006320177687,48.01713529218015,17000
2013-09-20,47.321006774902344,47.501489300350926,47.286628214287376,47.501489300350926,1300
2013-09-23,47.003013610839844,47.260849556701054,46.925663482785524,46.97723132766182,3000
2013-09-24,46.833919525146484,47.39464783576811,46.82529106253094,47.39464783576811,13500
2013-09-25,46.60099411010742,46.85116683950201,46.583740477998084,46.79078077251626,2300
2013-09-26,46.79077911376953,46.88566915081623,46.66137852293373,46.86841881011227,4700
2013-09-27,46.76491165161133,46.84255137224378,46.62688584724193,46.695900394824,15100
2013-09-30,46.480224609375,46.64412918750858,46.4629709762882,46.51472858475458,13400
2013-10-01,46.877052307128906,46.93743838270019,46.59237227304057,46.68726561773668,8800
2013-10-02,46.90293884277344,46.90293884277344,46.54924750294449,46.68727331139494,13100
2013-10-03,46.45435333251953,46.7390334085563,46.31632752647604,46.71315459829652,3500
2013-10-04,46.79077911376953,46.83391154711689,46.74764338962845,46.799404284121515,7000
2013-10-07,46.48885726928711,46.557871812751685,46.44572482501903,46.44572482501903,3800
2013-10-08,45.884986877441406,46.255931770648814,45.74696110025685,46.23867813715148,3000
2013-10-09,45.71246337890625,45.824607075792414,45.57443758283558,45.57443758283558,4600
2013-10-10,46.557884216308594,46.557884216308594,46.35084382155147,46.40260474293961,2900
2013-10-11,47.09272003173828,47.10134520403054,46.894308161071706,46.894308161071706,1400
2013-10-14,47.2393684387207,47.28250417023001,46.76490500926691,46.76490500926691,4600
2013-10-15,47.058204650878906,47.34288464937808,47.058204650878906,47.23936285494534,14600
2013-10-16,47.825984954833984,47.825984954833984,47.3256426552081,47.44641482095246,11700
2013-10-17,48.421234130859375,48.421234130859375,47.81736988377092,47.92951690028052,24900
2013-10-18,48.680023193359375,48.680023193359375,48.3177033954787,48.62826228200648,18300
2013-10-21,48.481597900390625,48.654130933076914,48.386704567873466,48.654130933076914,7000
2013-10-22,49.07683181762695,49.12859271299384,48.792155120093526,48.792155120093526,9100
2013-10-23,48.938819885253906,48.94744834898386,48.809422546456936,48.904312611923494,3000
2013-10-24,49.00783157348633,49.094096460986165,48.930191858418674,49.094096460986165,6200
2013-10-25,49.04233932495117,49.12860750987882,48.912941983751864,49.12860750987882,700
2013-10-28,49.20623016357422,49.275241396784786,49.17172290157212,49.17172290157212,1900
2013-10-29,49.49953079223633,49.551288389723034,49.3787586770429,49.3787586770429,2100
2013-10-30,49.22350311279297,49.79285999610247,49.12860975044224,49.79285999610247,6100
2013-10-31,49.06821060180664,49.26662244718014,48.990570897895786,48.999196069088526,2700
2013-11-01,49.19761276245117,49.19761276245117,49.00782936036299,49.137226685769335,6500
2013-11-04,49.07683181762695,49.41326941052726,49.07683181762695,49.41326941052726,1200
2013-11-05,49.15448760986328,49.16311607397986,48.90431480320028,49.1027266975484,20500
2013-11-06,49.033714294433594,49.30114073229474,49.01646065739789,49.30114073229474,7800
2013-11-07,48.55061721801758,49.09409520963859,48.55061721801758,49.09409520963859,41400
2013-11-08,48.792171478271484,48.792171478271484,48.28320068763659,48.395344395671735,7300
2013-11-11,48.8784294128418,48.99920156785769,48.86117577772604,48.99057639569701,3500
2013-11-12,48.82667541503906,48.85255751677147,48.6541456210624,48.662770794443276,18400
2013-11-13,49.344261169433594,49.344261169433594,48.82666205672705,48.82666205672705,2300
2013-11-14,49.71522521972656,49.71522521972656,49.456427208972,49.49955966229856,3000
2013-11-15,49.87049102783203,49.87049102783203,49.74109041249212,49.80147648877225,7500
2013-11-18,49.732479095458984,50.112049293649044,49.64621089760084,50.112049293649044,9900
2013-11-19,49.60306167602539,49.77559472262257,49.60306167602539,49.60306167602539,4800
2013-11-20,49.577186584472656,49.8446097004756,49.577186584472656,49.835984528357024,8100
2013-11-21,49.896366119384766,49.91361975286504,49.706579441895904,49.732461537513366,1800
2013-11-22,50.413963317871094,50.413963317871094,50.206926292122176,50.24143356001173,4100
2013-11-25,50.4484748840332,50.5433682334174,50.3363278992342,50.5433682334174,19900
2013-11-26,50.362205505371094,50.517484919458724,50.362205505371094,50.41396311620419,1400
2013-11-27,50.439857482910156,50.500243570768326,50.439857482910156,50.44848265654919,1300
2013-11-29,50.612388610839844,50.646895887891894,50.612388610839844,50.612388610839844,2400
2013-12-02,50.30182647705078,50.49160989467521,50.30182647705078,50.49160989467521,1600
2013-12-03,50.112030029296875,50.25868097308644,49.88773938267931,50.0775227634191,11900
2013-12-04,49.90498733520508,49.93086942877109,49.66344306721457,49.93086942877109,1100
2013-12-05,49.87049102783203,49.991263180392295,49.784222854007304,49.85323739306708,11300
2013-12-06,50.439857482910156,50.4571111209832,50.163805855331375,50.439857482910156,6000
2013-12-09,50.52611541748047,50.69002002038777,50.508861781785825,50.53474388072505,11600
2013-12-10,50.50885772705078,50.64688351073299,50.4398464806068,50.457100114916365,6100
2013-12-11,49.80146789550781,50.560611240203144,49.80146789550781,50.560611240203144,8300
2013-12-12,49.8446159362793,50.06890992895524,49.818737125891616,50.00852384418745,10900
2013-12-13,50.112030029296875,50.17241609918599,49.93087181962953,49.94812545256842,10000
2013-12-16,50.29319381713867,50.37083352857794,50.215554105699404,50.37083352857794,7800
2013-12-17,50.310447692871094,50.37083376974694,50.068903385367726,50.25006161599525,15600
2013-12-18,50.9919548034668,50.9919548034668,49.818733877402565,50.20693246187891,9300
2013-12-19,51.1731071472168,51.1731071472168,50.86254831543394,50.940188023379655,12100
2013-12-20,51.4922981262207,51.63895239033817,51.24212862521153,51.32839351648439,6800
2013-12-23,51.71650695800781,51.751132172022906,51.63859444734896,51.71650695800781,5600
2013-12-24,51.7857666015625,51.82905060079157,51.67322556168095,51.82039512188874,8900
2013-12-26,52.054134368896484,52.106073848713,51.83771106337413,51.898309324731784,10600
2013-12-27,51.81173324584961,55.22256634002931,51.79442228907796,52.66877090976608,8600
2013-12-30,51.725162506103516,51.75113224223934,51.64724999533895,51.6559054732652,11600
2013-12-31,51.967559814453125,51.967559814453125,51.725166784185355,51.83770782067712,8600
2014-01-02,51.43082046508789,51.6385882359724,51.335593707697356,51.6385882359724,5100
2014-01-03,51.51738357543945,51.74246558115969,51.50872809938392,51.6905228177574,14800
2014-01-06,51.40485763549805,51.47411136685548,51.17112010024708,51.352914860212124,12300
2014-01-07,51.82905578613281,51.89831283371425,51.62994672787286,51.62994672787286,5700
2014-01-08,52.20993423461914,52.25321821437823,51.94156827634322,51.94156827634322,15200
2014-01-09,52.30518341064453,52.32249767154041,52.13204740640093,52.25324393031449,74800
2014-01-10,52.40904235839844,52.40904235839844,52.140676404347,52.218588887629295,8200
2014-01-13,51.491416931152344,52.46099212294724,51.41350443255726,52.42636691429342,9400
2014-01-14,52.279212951660156,52.279212951660156,51.59531451628544,51.603973297793125,7900
2014-01-15,52.279212951660156,52.409068255414994,52.175330690070815,52.39175399475718,60200
2014-01-16,52.3138313293457,52.3744295787193,52.20994908789908,52.20994908789908,6500
2014-01-17,52.03681945800781,52.38309476110257,52.03681945800781,52.305182239993684,8600
2014-01-21,52.44369125366211,52.54757350431117,52.07144294461602,52.54757350431117,16100
2014-01-22,52.68608474731445,52.70339900630482,52.46100268279684,52.57354371505564,10700
2014-01-23,52.088768005371094,52.12339653241635,51.82906065724789,52.11474105183409,12500
2014-01-24,50.79021072387695,51.73381630026677,50.79021072387695,51.73381630026677,51700
2014-01-27,50.270790100097656,50.68632232607864,50.06302563828545,50.66035259394126,8700
2014-01-28,50.82484436035156,50.82484436035156,50.42662630143815,50.42662630143815,6700
2014-01-29,50.1149787902832,50.46991286998111,50.002437749688994,50.46991286998111,3300
2014-01-30,51.21440887451172,51.2923213935329,50.83350506060673,50.93738731851583,10500
2014-01-31,50.76424026489258,51.041261778566344,49.95914545879167,49.95914545879167,15600
2014-02-03,49.405113220214844,50.798879872823534,49.379143479623366,50.798879872823534,25700
2014-02-04,49.93316650390625,50.0457075050425,49.483005801717574,49.699429025710806,16500
2014-02-05,49.77735900878906,49.959153788255364,49.110774848388466,49.820643008325206,19700
2014-02-06,50.35736846923828,50.36602724997563,49.88989668249619,49.88989668249619,4000
2014-02-07,51.43082046508789,51.43082046508789,50.72960795350396,50.72960795350396,4100
2014-02-10,51.50008010864258,51.6126178255032,51.439478558020205,51.6126178255032,9700
2014-02-11,52.19263458251953,52.305172300903074,51.673216773041496,51.690531030259784,17000
2014-02-12,52.218605041503906,52.39174431373157,52.1406925341193,52.39174431373157,7400
2014-02-13,52.763999938964844,52.79862845870272,51.90696223841802,51.90696223841802,5400
2014-02-14,52.937129974365234,52.980413965286694,52.75533192872419,52.76399070832258,6400
2014-02-18,53.30937194824219,53.36997018885097,52.980407711825606,53.17085790987189,11100
2014-02-19,52.96310806274414,53.491181421410936,52.91982406499515,53.08430457738425,21800
2014-02-20,53.4738655090332,53.4738655090332,52.8505653931696,53.1275869330296,9700
2014-02-21,53.36997985839844,53.64700138061678,53.36997985839844,53.60371408460507,10300
2014-02-24,53.90669631958008,54.10580528675257,53.56041784480235,53.57773209877686,10900
2014-02-25,53.837440490722656,54.02789398628527,53.811470760366426,54.02789398628527,5500
2014-02-26,53.80282974243164,54.27030152624599,53.71625844738658,54.10582101919624,194100
2014-02-27,54.14044952392578,54.18373352025907,53.78551547022126,53.86342798456407,14100
2014-02-28,54.17506408691406,54.48671076165061,53.71624459736885,54.32223029700996,34900
2014-03-03,53.70760726928711,53.8980575289206,53.413271447281694,53.612380488291606,32400
2014-03-04,54.798377990722656,54.833006510714156,54.42612965670762,54.50404217550978,19800
2014-03-05,54.88493728637695,54.936876752646675,54.79836600533291,54.893592763303005,15400
2014-03-06,54.78106689453125,55.12734550973021,54.581957846617016,55.0927169877388,217200
2014-03-07,54.625240325927734,55.0754011922007,54.4174758044833,55.0754011922007,34000
2014-03-10,54.65987014770508,54.65987014770508,54.20970927071956,54.65987014770508,14200
2014-03-11,54.261653900146484,54.980177590033506,54.19239685408822,54.807041579603286,45100
2014-03-12,54.330902099609375,54.37418940015736,53.79417325685961,53.95865707328425,19500
2014-03-13,53.54312515258789,54.62524169409013,53.4392428892638,54.62524169409013,25600
2014-03-14,53.30072784423828,53.64700643078737,53.29207236563536,53.49118139707602,21100
2014-03-17,53.82880401611328,54.01059879749254,53.62969497426587,53.672978974257475,26000
2014-03-18,54.304931640625,54.32224590014298,54.00194035495359,54.00194035495359,23200
2014-03-19,53.854774475097656,54.43479065027785,53.586411690150044,54.43479065027785,54100
2014-03-20,53.889404296875,53.94134708022676,53.62969698483147,53.82014725240598,13200
2014-03-21,53.29207229614258,54.24433345437481,53.29207229614258,54.192390675752975,18600
2014-03-24,52.57353973388672,53.15355580789176,52.15800745665595,53.15355580789176,45000
2014-03-25,52.6871337890625,53.138044494220615,52.32293858942997,52.75650619348296,27200
2014-03-26,52.02812194824219,52.895257314046226,52.00210894578292,52.869244311586954,8900
2014-03-27,51.72462463378906,51.94140846996109,51.35175617094447,51.94140846996109,21500
2014-03-28,51.80265426635742,52.32293402266751,51.71593876840039,51.7246119721251,13200
2014-03-31,52.32292938232422,52.418314767688535,52.1928578008533,52.2102008989066,10700
2014-04-01,52.93860626220703,52.95594936412098,52.47035243410576,52.47035243410576,9500
2014-04-02,53.32015609741211,53.32015609741211,53.07735594109538,53.112042150263335,14600
2014-04-03,52.817203521728516,53.29412720771432,52.60041972738423,53.29412720771432,18100
2014-04-04,51.68125915527344,53.06867752867083,51.585877057152615,53.06867752867083,38600
2014-04-07,51.0135612487793,51.71593858654222,50.54530748503201,51.377756415344074,31300
2014-04-08,51.169647216796875,51.30838871789316,50.71006661463885,51.134964322416536,60100
2014-04-09,52.262237548828125,52.27090744514618,51.377759270768124,51.55985686417095,123200
2014-04-10,50.65804672241211,52.19287672409716,50.52797840164086,52.19287672409716,63500
2014-04-11,49.99901580810547,50.5626550147256,49.86027430756397,50.2851720136426,73000
2014-04-14,50.27651596069336,50.65805439037725,49.816935203590106,50.536655949471445,12000
2014-04-15,50.7274169921875,50.83147230597101,49.56545551338544,50.640704782011035,29200
2014-04-16,51.44713592529297,51.51650502514592,50.987551993851014,51.126293501415375,16500
2014-04-17,51.65525436401367,51.785325994263125,51.38644120516566,51.48182662630072,7400
2014-04-21,52.02812194824219,52.02812194824219,51.490498947644184,51.65525347631774,7800
2014-04-22,52.453006744384766,52.62643112831462,52.21887985664976,52.39230424057961,117000
2014-04-23,52.1841926574707,52.41831954072253,52.1841926574707,52.41831954072253,19100
2014-04-24,52.002105712890625,52.57441488642734,51.707279574531796,52.53972868006543,11600
2014-04-25,51.11762237548828,51.369092385609,51.04824996944462,51.3083898763916,16700
2014-04-28,50.97888946533203,51.44714336149035,50.293851725529194,51.19567330897655,12800
2014-04-29,51.403778076171875,51.4471374862363,50.97888364355249,51.07426905312052,14000
2014-04-30,51.80265426635742,51.80265426635742,51.45579889024535,51.568527383660474,7600
2014-05-01,51.924049377441406,52.28824452229359,51.924049377441406,51.93271927276073,5700
2014-05-02,51.924049377441406,52.123490048363955,51.78530789732755,52.123490048363955,4300
2014-05-05,52.30558395385742,52.31425715642651,52.010757915802316,52.010757915802316,76200
2014-05-06,51.54250717163086,52.25355766166605,51.54250717163086,52.071460091552645,30600
2014-05-07,51.52516555786133,51.55985175541307,51.195656604693326,51.51649566240232,7600
2014-05-08,51.44713592529297,52.07147105540337,51.43846272039981,51.533848127073774,5500
2014-05-09,51.75063705444336,51.793993159619106,51.26504007604221,51.447141010354386,9100
2014-05-12,52.609092712402344,52.609092712402344,52.09748610325704,52.09748610325704,12100
2014-05-13,52.6697998046875,52.87791042518449,52.61777049563391,52.72182580588241,18500
2014-05-14,52.262237548828125,52.60041973882144,52.262237548828125,52.56573353783285,47500
2014-05-15,51.68125915527344,52.140843083368196,51.325733837987926,52.13216987853821,15200
2014-05-16,51.889373779296875,51.906716881335804,51.52517525219621,51.68125986268814,7900
2014-05-19,52.34895324707031,52.34895324707031,51.71594492202413,51.71594492202413,4000
2014-05-20,51.924049377441406,52.30558762079005,51.71593550334172,52.15817624535687,29900
2014-05-21,52.54840087890625,52.54840087890625,52.20154872367403,52.27091783157694,11100
2014-05-22,52.88658905029297,52.97330126640963,52.73050441499577,52.739174313463835,10300
2014-05-23,53.164058685302734,53.164058685302734,52.90391548693101,52.90391548693101,22800
2014-05-27,53.70167922973633,53.70167922973633,53.49356534166736,53.49356534166736,26100
2014-05-28,53.736358642578125,53.762371634854745,53.64097326042036,53.64097326042036,11100
2014-05-29,53.944480895996094,53.961823997227754,53.71902719570115,53.71902719570115,75600
2014-05-30,53.90980529785156,53.927148402494694,53.77973697481653,53.91847850410262,6800
2014-06-02,54.06588363647461,54.06588363647461,53.85777302070689,53.94448522596701,243800
2014-06-03,53.961822509765625,54.06587780642897,53.797068014393815,53.797068014393815,13700
2014-06-04,54.07455825805664,54.1526005679783,53.736376017682346,53.92714353582298,10800
2014-06-05,54.3433723449707,54.48211718046804,54.074562495841974,54.15260481187975,17700
2014-06-06,54.47344207763672,54.53414128712388,54.43875586997011,54.43875586997011,7200
2014-06-09,54.421417236328125,54.594844981047764,54.33470501789785,54.50813276261749,35100
2014-06-10,54.43007278442383,54.49944187509117,54.1439166022937,54.47342887957317,6800
2014-06-11,54.40407180786133,54.43008480912612,54.21330097762946,54.21330097762946,9400
2014-06-12,53.944480895996094,54.45609080482594,53.944480895996094,54.45609080482594,18700
2014-06-13,54.03119659423828,54.152594995433155,53.87511199045677,53.9444810877717,97100
2014-06-16,54.057212829589844,54.22196733995554,53.961827420693396,53.961827420693396,4300
2014-06-17,54.23063659667969,54.29133579649291,53.961823491893774,54.04853899724002,38400
2014-06-18,54.750919342041016,54.750919342041016,54.20462320648179,54.32602492049599,16400
2014-06-19,54.76826477050781,54.77693466794787,54.59483705097908,54.655536256635344,4300
2014-06-20,55.1237907409668,55.1237907409668,54.80295160625688,54.950363019443536,7400
2014-06-23,55.037071228027344,55.14979642037347,54.97637202973075,55.14979642037347,15200
2014-06-24,54.70755386352539,55.271193004473076,54.66419776988124,54.880981545959905,10600
2014-06-25,55.08769607543945,55.08769607543945,54.60057804983161,54.60057804983161,61100
2014-06-26,55.0442008972168,55.08769612603358,54.77454906058522,54.82673802601323,15600
2014-06-27,55.09638214111328,55.09638214111328,54.913714162276584,55.01809539043764,89900
2014-06-30,55.02679443359375,55.15727346217846,55.00940032678736,55.139876037152526,94300
2014-07-01,55.505218505859375,55.67048907574389,55.26165785976358,55.26165785976358,24300
2014-07-02,55.39213943481445,55.592204865914375,55.39213943481445,55.49652067751444,23300
2014-07-03,55.67049026489258,55.67049026489258,55.52261711787196,55.62699835801709,10000
2014-07-07,55.17467498779297,55.65309259779373,55.16597461552362,55.65309259779373,24300
2014-07-08,54.731056213378906,55.01810880860429,54.487498848862984,55.01810880860429,23000
2014-07-09,55.078983306884766,55.078983306884766,54.870220855906254,54.887614961638356,6200
2014-07-10,54.89631652832031,55.06158708212937,54.50488277643634,54.52228020076667,8200
2014-07-11,55.10508346557617,55.10508346557617,54.88762062108973,54.92241547258028,12000
2014-07-14,55.37473678588867,55.44432648660593,55.322544510350724,55.366039732408794,24100
2014-07-15,55.11378479003906,55.43562887633962,55.035498031942204,55.39213697033464,4300
2014-07-16,55.15727233886719,55.36603811670717,55.01809625971369,55.36603811670717,19200
2014-07-17,54.39181137084961,54.92242129859729,54.39181137084961,54.91372424391193,2900
2014-07-18,55.19206619262695,55.22686104134255,54.74844016705165,54.74844016705165,3800
2014-07-21,55.20947265625,55.21816971074313,55.01810427520152,55.01810427520152,86100
2014-07-22,55.5835075378418,55.626999445567584,55.42693401545307,55.42693401545307,70900
2014-07-23,55.844459533691406,55.844459533691406,55.67049190107646,55.74877534482125,9200
2014-07-24,56.02711486816406,56.148893496317136,55.99232002634354,56.035808601291066,6200
2014-07-25,55.844459533691406,56.070622765242675,55.82706542500583,55.99233932149788,27200
2014-07-28,55.74877166748047,55.96623451212461,55.557406620583,55.96623451212461,18900
2014-07-29,55.56611251831055,55.9749404505078,55.56611251831055,55.94014559553186,19100
2014-07-30,55.65309524536133,55.80097171699704,55.496521719262304,55.80097171699704,79400
2014-07-31,54.452674865722656,55.14855836621448,54.452674865722656,55.14855836621448,147300
2014-08-01,54.461402893066406,54.713660624194446,54.148255822455056,54.496197749405475,18600
2014-08-04,54.878910064697266,54.948496432337386,54.287411007771404,54.60055795769908,169000
2014-08-05,54.2613410949707,54.85284041962665,53.91339914462473,54.59188229775699,18600
2014-08-06,54.0264892578125,54.1917598851514,53.83512082325734,53.887313119468985,9600
2014-08-07,53.74811935424805,54.06126639237854,53.69592707515303,54.00037705921092,5400
2014-08-08,54.330909729003906,54.330909729003906,53.73941059775616,53.73941059775616,180100
2014-08-11,54.53098678588867,54.71365811417858,54.49619524936582,54.6440684046929,8900
2014-08-12,54.478782653808594,54.530971603172226,54.36570106648896,54.530971603172226,5200
2014-08-13,54.9398078918457,55.00939758848533,54.67885316588583,54.67885316588583,36500
2014-08-14,55.23555374145508,55.29644306279915,55.148569944740444,55.148569944740444,4500
2014-08-15,55.357337951660156,55.548706305542034,55.08768616379331,55.53130888080555,10900
2014-08-18,55.7139892578125,55.85316204193811,55.6183017470636,55.6183017470636,20900
2014-08-19,56.11412048339844,56.12281421990738,55.87056313234628,55.89665761475328,17200
2014-08-20,56.34027862548828,56.34027862548828,56.00103707206271,56.00103707206271,8200
2014-08-21,56.44465637207031,56.47075085203519,55.77487371936059,55.77487371936059,9500
2014-08-22,56.47075271606445,56.54034242256082,56.340273675493684,56.40116300956809,7500
2014-08-25,56.75782012939453,56.82740985409988,56.696930779387706,56.74911975469601,18200
2014-08-26,56.80999755859375,56.91438212443658,56.76650896682263,56.77520270331281,21900
2014-08-27,56.73170471191406,56.86218373848907,56.67951575585964,56.86218373848907,16000
2014-08-28,56.67951583862305,56.70561031668836,56.56643091842139,56.61861987455201,7900
2014-08-29,56.95787048339844,56.95787048339844,56.740407641449124,56.8360851863827,15500
2014-09-02,57.131839752197266,57.244918044158176,56.914376903968204,56.992660343839724,24700
2014-09-03,57.131839752197266,57.39279782464793,57.09704490010788,57.39279782464793,217000
2014-09-04,57.02745819091797,57.49717876413444,57.00136370959035,57.175337979174124,6900
2014-09-05,57.366703033447266,57.366703033447266,56.83609309434866,57.13184605149814,6300
2014-09-08,57.366703033447266,57.444993118390435,57.18403501716679,57.253624729018455,25700
2014-09-09,56.95787048339844,57.23622265563599,56.9056748885519,57.23622265563599,16100
2014-09-10,57.25362014770508,57.25362014770508,56.879583771982226,56.879583771982226,9200
2014-09-11,57.14923858642578,57.14923858642578,56.9752709480307,57.11445036789877,7400
2014-09-12,56.79259490966797,57.088341180426575,56.67081625271572,56.94916841666931,23700
2014-09-15,56.488136291503906,56.67080423820572,56.29676797502458,56.66210386842821,144200
2014-09-16,57.11444091796875,57.20142472277429,56.609925559082114,56.618619294055435,77100
2014-09-17,57.2014274597168,57.479779630276326,56.99265835446773,57.19272708788828,56600
2014-09-18,57.514564514160156,57.514564514160156,57.3492906602556,57.3492906602556,56500
2014-09-19,57.44499969482422,57.70595118948199,57.2623316576315,57.68855707774785,58600
2014-09-22,56.79259490966797,57.37539371600221,56.653415509471635,57.37539371600221,94600
2014-09-23,56.592533111572266,56.91438053661187,56.54034414832688,56.54034414832688,42700
2014-09-24,57.19783401489258,57.25016293074996,56.72685380946665,56.72685380946665,41100
2014-09-25,56.421592712402344,57.101895259639385,56.39542825354503,57.101895259639385,75900
2014-09-26,56.89257049560547,56.99722832654812,56.44775475138986,56.50880737085189,10700
2014-09-29,56.84895324707031,56.971058474432674,56.42158495130204,56.59601908918089,41000
2014-09-30,56.578582763671875,57.04956295787623,56.578582763671875,56.63963538212968,26300
2014-10-01,55.74999237060547,56.43029473669673,55.55811417821312,56.43029473669673,143000
2014-10-02,55.706390380859375,55.83721598278605,54.99992347994886,55.68022592589761,46600
2014-10-03,56.51752853393555,56.61346931081065,56.04654835315853,56.04654835315853,31500
2014-10-06,56.37797164916992,56.82278733990184,56.22097826739604,56.82278733990184,128900
2014-10-07,55.401126861572266,56.098873380812655,55.401126861572266,56.098873380812655,51800
2014-10-08,56.50880813598633,56.51753184009515,55.09586751100116,55.52323918014024,28000
2014-10-09,55.16564178466797,56.38670079928654,55.16564178466797,56.38670079928654,84100
2014-10-10,54.36323165893555,55.261580136432926,54.36323165893555,55.09586304298685,20600
2014-10-13,53.08983612060547,54.424279826940115,53.08983612060547,54.328339060072906,35800
2014-10-14,52.85435485839844,53.55210479651875,52.59270029516246,53.26428244797638,70100
2014-10-15,52.58397674560547,52.67119381904933,51.18848028067721,52.322322198155824,92600
2014-10-16,52.924129486083984,53.31661298191239,51.668185626551264,51.668185626551264,26400
2014-10-17,53.82246780395508,54.110290088685204,53.491040316657866,53.491040316657866,64400
2014-10-20,54.24984359741211,54.28473175471909,53.66547860743252,53.66547860743252,12700
2014-10-21,55.60172653198242,55.60172653198242,54.72954258638269,54.72954258638269,111600
2014-10-22,55.200523376464844,55.82849688949343,55.18307929808985,55.81977318674706,206600
2014-10-23,56.06399154663086,56.377978347483634,55.89827444222621,55.950610011859304,14600
2014-10-24,56.65707015991211,56.674517565766344,56.159925560836776,56.20353742123672,13200
2014-10-27,56.50880813598633,56.58730151025612,56.220985788524,56.473919973787574,20200
2014-10-28,57.18038558959961,57.18038558959961,56.71812909645183,56.80534617274146,13300
2014-10-29,56.83150863647461,57.13677168415508,56.55240338804062,57.07571907461898,11400
2014-10-30,57.267601013183594,57.41587068679237,56.69195641554658,56.73556827448348,81200
2014-10-31,57.87814712524414,58.061305018485314,57.72115369471774,58.061305018485314,68100
2014-11-03,57.965354919433594,58.18340094605842,57.89557859389686,58.06129570348745,86700
2014-11-04,57.869415283203125,57.913027151087775,57.59031662975698,57.913027151087775,22500
2014-11-05,58.15725326538086,58.28808224994606,57.93920717585173,58.27935854317809,16800
2014-11-06,58.462493896484375,58.50610575925379,58.16595452320757,58.26189529791148,34100
2014-11-07,58.21827697753906,58.61075708198567,58.07872435554499,58.61075708198567,25000
2014-11-10,58.427616119384766,58.44506352928724,58.17468190969634,58.244458240831875,9100
2014-11-11,58.45376968383789,58.56715786435614,58.37527631661998,58.47121709048806,8700
2014-11-12,58.479942321777344,58.50610677820027,58.261896312604776,58.331665978320544,13900
2014-11-13,58.36655807495117,58.7067093398637,58.235729129776374,58.64565671934701,12300
2014-11-14,58.296783447265625,58.36655977395486,58.19212561146854,58.36655977395486,35600
2014-11-17,58.40143966674805,58.58459750769172,58.192117370560396,58.192117370560396,69100
2014-11-18,59.107913970947266,59.168966592234156,58.72415748895971,58.72415748895971,14900
2014-11-19,58.85497283935547,58.96835435148486,58.69797947028049,58.85497283935547,64900
2014-11-20,58.8113899230957,58.95093595636806,58.54973196113225,58.74161357934033,29000
2014-11-21,59.13408660888672,59.421902314241564,59.038145822356164,59.421902314241564,27900
2014-11-24,59.43061065673828,59.45677510916768,59.325946192785565,59.448058061181285,76900
2014-11-25,59.52656936645508,59.63995091258011,59.413187820330045,59.605062747409995,23600
2014-11-26,59.94520568847656,59.94520568847656,59.62249523211335,59.700988593419424,21700
2014-11-28,60.04984664916992,60.37255701495699,60.03240590296442,60.03240590296442,14800
2014-12-01,59.63123321533203,59.91904892994947,59.578897641025826,59.6399502658522,28600
2014-12-02,60.023719787597656,60.09349612457841,59.70973292542202,59.70973292542202,35100
2014-12-03,60.13710403442383,60.206880374525646,59.94522908050088,60.07605140039424,16600
2014-12-04,60.16326904296875,60.29409134957691,59.9626637491073,60.12838087646079,16400
2014-12-05,60.363853454589844,60.459794226313775,60.215583772556776,60.39001790974441,25000
2014-12-08,60.154537200927734,60.57318183392025,59.95393193420132,60.45107659477773,60600
2014-12-09,60.13710403442383,60.13710403442383,59.343419792039235,59.52657769412799,34800
2014-12-10,59.22999954223633,59.89285437752639,59.17766399422545,59.89285437752639,22100
2014-12-11,59.5527229309082,60.145808321813995,59.37828879120951,59.37828879120951,29400
2014-12-12,58.881141662597656,59.639937457589845,58.86369425683024,59.0206876375589,44500
2014-12-15,58.471214294433594,59.18640488546374,58.200839392408675,59.13407597648746,22000
2014-12-16,57.82579803466797,59.05557393307632,57.82579803466797,58.261890005806535,15700
2014-12-17,58.8113899230957,58.88988331914171,57.93048188233969,57.9740937607464,34900
2014-12-18,60.35513687133789,60.35513687133789,59.50040018235818,59.50040018235818,18300
2014-12-19,60.38129425048828,60.83482695006621,60.29407053720766,60.7301624866705,56400
2014-12-22,60.39002990722656,60.43364177730559,60.12837864946375,60.250483900600486,15600
2014-12-23,60.07603073120117,60.69528056451599,59.88415584329289,60.686563515680895,32600
2014-12-24,60.1609001159668,60.327189296276124,60.152152973893024,60.152152973893024,35800
2014-12-26,60.44097137451172,60.5810057953523,60.34469937948599,60.405962769301574,36000
2014-12-29,60.423500061035156,60.598536495769636,60.327228018767606,60.38849143864587,99700
2014-12-30,59.950889587402344,60.449750737318546,59.95088958740235,60.449750737318546,209500
2014-12-31,59.5657958984375,60.397235522357164,59.48703151867412,60.23094626213105,25900
2015-01-02,59.46953201293945,60.003401806235345,59.101951502634286,59.854620172618276,13500
2015-01-05,58.6993522644043,59.18945952709506,58.594326417880275,59.18945952709506,27400
2015-01-06,58.200496673583984,59.09319308308554,57.93793537108932,58.97066625584437,73600
2015-01-07,59.1631965637207,59.32073197314414,58.72559894612335,58.8568795668445,193100
2015-01-08,60.37098693847656,60.44975132634114,59.67082788602622,59.79335471862329,109000
2015-01-09,60.05590057373047,60.65978075688348,59.84584890573738,60.65978075688348,46900
2015-01-12,59.705833435058594,60.169685945631116,59.56579896088736,60.169685945631116,41900
2015-01-13,59.5045166015625,60.57225575691171,59.14569006086841,60.30970121725462,45300
2015-01-14,59.30324935913086,59.434530020479755,58.93566217191159,58.93566217191159,71200
2015-01-15,58.90939712524414,59.58330128688149,58.786870309893835,59.408258209802014,44100
2015-01-16,59.627037048339844,59.723309039139664,58.76934962857036,58.918131186276106,36900
2015-01-20,59.950889587402344,60.064662594502,59.2857391617769,60.01215300310393,92600
2015-01-21,60.18716812133789,60.362211159390334,59.810833936036595,59.84584254364708,27700
2015-01-22,61.219913482666016,61.219913482666016,60.020900098749046,60.65104183372973,224000
2015-01-23,61.09738540649414,61.35119285992284,61.001113383565645,61.254920836994344,40300
2015-01-26,61.158668518066406,61.228685771338014,60.75607932757382,61.114912742681234,40000
2015-01-27,60.37970733642578,60.70353192323635,59.90710118697603,60.54599654008643,30800
2015-01-28,59.68832778930664,60.887347975074356,59.68832778930664,60.5897847232962,48400
2015-01-29,60.257179260253906,60.370958892816795,59.311966981712956,59.77582597786974,61300
2015-01-30,59.154457092285156,60.09966977812901,59.075692707070516,59.78459888284773,31300
2015-02-02,59.5920524597168,59.60080628346496,58.55057445886205,59.1632085770119,79200
2015-02-03,60.1609001159668,60.17840775452972,59.43449336859001,59.92460041302884,53100
2015-02-04,60.064659118652344,60.43224626880167,59.85461408800354,59.933385147753796,48400
2015-02-05,60.72105026245117,60.738557908482456,60.34471599930501,60.34471599930501,123500
2015-02-06,60.13467025756836,60.83482919169031,60.073406851623474,60.826075368780906,21400
2015-02-09,59.75833511352539,60.09091360705007,59.60079968954275,60.03839734758228,21000
2015-02-10,60.589759826660156,60.729787570778996,59.98587306980033,60.143408455189466,26600
2015-02-11,60.90482711791992,60.98359815335457,60.537246758449065,60.77355318754395,85000
2015-02-12,61.29867172241211,61.29867172241211,60.91358370327643,61.246162147878835,41200
2015-02-13,61.37744903564453,61.44746626793635,61.11489443036638,61.44746626793635,21600
2015-02-17,61.63998031616211,61.68374273434675,61.351164381441556,61.47369113970951,16600
2015-02-18,61.82377624511719,61.82377624511719,61.394932551005944,61.394932551005944,24300
2015-02-19,61.858787536621094,62.05133151950893,61.76251554517717,61.85003371634207,59200
2015-02-20,62.36641311645508,62.41016887103784,61.71876384741792,61.86755210918622,33700
2015-02-23,62.58522033691406,62.62897609738072,62.45393970109307,62.50644928453727,20700
2015-02-24,62.65522384643555,62.72524106796463,62.47143364782903,62.57645948012265,92200
2015-02-25,62.50645065307617,62.74275713816983,62.41893245301619,62.471442037610046,27500
2015-02-26,62.60271072387695,62.64647315415693,62.35765713961163,62.61146454537483,28600
2015-02-27,62.36641311645508,62.6202205309897,62.3314045064631,62.6202205309897,30500
2015-03-02,62.75149917602539,62.795261611098354,62.51519938737768,62.55020799999403,39600
2015-03-03,62.331417083740234,62.7515071339908,62.02510003101358,62.7515071339908,55800
2015-03-04,62.252655029296875,62.313918448702374,61.82381109345838,62.22640023201051,32400
2015-03-05,62.392662048339844,62.55019743991233,62.15635562237662,62.48018022650034,29300
2015-03-06,61.394954681396484,62.147623210976334,61.394954681396484,62.042597365961505,36300
2015-03-09,61.77128601074219,61.823795592149004,61.43870752260504,61.587495798608096,24500
2015-03-10,60.817317962646484,61.289924213752286,60.817317962646484,61.289924213752286,35700
2015-03-11,60.686031341552734,61.07111936231671,60.686031341552734,61.00110214450337,35000
2015-03-12,61.368690490722656,61.394945278652756,60.738548871562124,60.82606705706563,30800
2015-03-13,61.106143951416016,61.35119760063859,60.80858071370608,61.316188982576634,15700
2015-03-16,62.0425910949707,62.103854495734474,61.28992264146725,61.28992264146725,19100
2015-03-17,62.086326599121094,62.11258137703063,61.7450011318832,61.75374827304837,20100
2015-03-18,62.75149917602539,62.95279702926687,61.569986878366606,61.94632111747971,22200
2015-03-19,62.83903121948242,62.90904177549697,62.620232373561116,62.82152357257063,14700
2015-03-20,63.311614990234375,63.44289560034161,63.02280566064952,63.02280566064952,21000
2015-03-23,62.987815856933594,63.29413292049097,62.987815856933594,63.14535130065042,37600
2015-03-24,62.672752380371094,63.22412315997238,62.672752380371094,62.95281468262743,26600
2015-03-25,61.376182556152344,62.754337453264924,61.36740931970804,62.59633213461578,26600
2015-03-26,61.39376449584961,61.70977524676147,60.80562928340676,61.07775374493775,25200
2015-03-27,61.85024642944336,61.97313880614275,61.420123110995505,61.6307948000327,23900
2015-03-30,62.42079544067383,62.482241602873636,62.254010130218894,62.33301616569259,24000
2015-03-31,61.70978927612305,62.236471748337856,61.60445010282769,61.973127163664955,85700
2015-04-01,61.20064163208008,61.49909248789109,60.788071698470404,61.49909248789109,77100
2015-04-02,61.34988784790039,61.578119383703154,61.27088848769823,61.323554727833006,13900
2015-04-06,61.6571159362793,61.867794281487406,61.00754111471496,61.00754111471496,25600
2015-04-07,61.63956069946289,62.07846385830597,61.63956069946289,61.79756610453163,82000
2015-04-08,61.85024642944336,61.9819187465162,61.70102092875585,61.83269324582869,18400
2015-04-09,62.06092071533203,62.148706728475375,61.701023510547934,61.96436145858038,15800
2015-04-10,62.412025451660156,62.429585327732845,62.052128357735576,62.113574529729064,55200
2015-04-13,62.087249755859375,62.62270549968111,62.087249755859375,62.52615295682871,37200
2015-04-14,62.01700973510742,62.16623518267617,61.70977890272181,62.0082297978593,121000
2015-04-15,62.218910217285156,62.42958855827662,62.13991086226146,62.315469449290205,69000
2015-04-16,62.2540168762207,62.35057609830229,62.07845830723426,62.18379076977408,110700
2015-04-17,61.49909973144531,61.929229587899414,61.244535131848934,61.929229587899414,28700
2015-04-20,62.1662483215332,62.25402762117701,61.850237485110476,61.88535054439426,72600
2015-04-21,62.35060119628906,62.587612726668155,62.25404193533948,62.35938113741161,28200
2015-04-22,62.561256408691406,62.61392934440638,62.06090705075099,62.54370322820712,32900
2015-04-23,62.64902114868164,62.82457968249011,62.30667731976497,62.38567665084015,11500
2015-04-24,62.754337310791016,62.83334331849975,62.6490048966821,62.6490048966821,14100
2015-04-27,62.2628059387207,62.991386831338716,62.2101396997323,62.991386831338716,22500
2015-04-28,62.3242301940918,62.526128534414944,61.718541870251116,62.25400410205516,29800
2015-04-29,61.92046356201172,62.21014127805951,61.551786485477045,62.15746834060364,97200
2015-04-30,61.06898498535156,61.753672838598995,60.7793072944759,61.753672838598995,22800
2015-05-01,61.99946975708008,62.03458282021096,61.38500789511973,61.38500789511973,22000
2015-05-04,62.14866638183594,62.447117201946256,62.104773403759395,62.2978917918911,14500
2015-05-05,61.226985931396484,61.98189984209165,61.20943275313553,61.98189984209165,13600
2015-05-06,60.981204986572266,61.4903342500045,60.63008112568346,61.4903342500045,24500
2015-05-07,61.49909973144531,61.56054589706307,61.051423395000086,61.183088966231175,38400
2015-05-08,62.28914260864258,62.359368729384,62.06969100417422,62.06969100417422,18900
2015-05-11,62.087249755859375,62.42081377762878,62.05213669612607,62.35058765816216,29700
2015-05-12,61.86779022216797,62.04334880119156,61.46399343557879,61.75367111838518,14300
2015-05-13,61.93801498413086,62.30669874732675,61.85901562588744,62.05213409776836,19100
2015-05-14,62.807037353515625,62.85970358332685,62.20134892216685,62.31546131913447,13200
2015-05-15,62.93872833251953,63.0616207164364,62.73683657199867,62.9036219632284,55300
2015-05-18,63.272281646728516,63.37761411978693,62.94749089482658,62.94749089482658,20100
2015-05-19,63.254737854003906,63.44785636655758,63.16695853842473,63.43030318229474,27300
2015-05-20,63.23713302612305,63.48291758787383,63.02646150135482,63.28979923303336,35200
2015-05-21,63.32495880126953,63.43907123246748,63.123067061678405,63.123067061678405,34500
2015-05-22,63.22837829589844,63.44782984166908,63.20204518194671,63.20204518194671,32200
2015-05-26,62.58760070800781,63.15816952588394,62.47348158672736,63.15816952588394,22400
2015-05-27,63.412742614746094,63.430302495951416,62.8070606558108,62.8070606558108,13800
2015-05-28,63.32495880126953,63.34251868122734,63.06161417895804,63.32495880126953,10700
2015-05-29,63.12306213378906,63.3512869783679,62.80705129053837,63.237174556078486,50300
2015-06-01,63.17572021484375,63.39517178891386,62.807043177717304,63.33372561605945,23300
2015-06-02,62.90360641479492,63.1493911218759,62.83338029930579,63.02649876833541,19000
2015-06-03,63.000152587890625,63.17571785887782,62.92993317662605,63.052825517751934,24700
2015-06-04,62.50857162475586,62.965034547494355,62.35056625875085,62.8509154682452,34400
2015-06-05,62.3242301940918,62.50856866284141,62.16622483557374,62.39445628612844,16500
2015-06-08,61.95555114746094,62.262781918251335,61.92043810263796,62.16622271927027,10700
2015-06-09,62.00823974609375,62.060905983772216,61.455224159077105,62.043352803589706,21200
2015-06-10,62.763187408447266,62.815853674378296,62.148725315470124,62.157498561702276,10100
2015-06-11,62.93872833251953,63.13184684928394,62.9036219632284,62.92117514787397,21500
2015-06-12,62.59636688232422,62.75437228868334,62.5349207074696,62.71925923203345,13200
2015-06-15,62.55247116088867,62.71924978343714,62.10478812745907,62.315459738490155,12200
2015-06-16,62.965030670166016,63.01769688988153,62.62268015062924,62.62268015062924,17300
2015-06-17,63.06160354614258,63.28105512868978,62.7894857268659,63.23716883045883,21000
2015-06-18,63.95695495605469,64.0184011170663,63.30738029719913,63.30738029719913,17700
2015-06-19,63.90428924560547,64.07106785704768,63.82528321102394,63.913062485013945,104900
2015-06-22,64.19400024414062,64.43101179867703,64.15888717320436,64.26422638601315,14200
2015-06-23,64.3168716430664,64.35198470253754,64.13253310369147,64.35198470253754,19900
2015-06-24,63.75068283081055,64.29660978163172,63.70665342989892,64.29660978163172,23300
2015-06-25,64.10289001464844,64.19974931040832,63.89155697774912,63.935586373255454,12800
2015-06-26,63.909175872802734,64.28780585951458,63.73306499645826,64.15572438174198,26700
2015-06-29,62.72047424316406,63.59220150118756,62.614807686637434,63.36326065435235,54400
2015-06-30,62.90538787841797,63.2487958017072,62.738084170886474,63.18715865439748,17100
2015-07-01,63.495330810546875,63.51293854117861,63.23997504975207,63.41607922784459,38200
2015-07-02,63.35446548461914,63.67145849657669,63.125531312163545,63.67145849657669,19700
2015-07-06,63.222373962402344,63.477723032084945,62.817322217928705,62.817322217928705,37300
2015-07-07,63.61859130859375,63.627398530975185,62.45628651810945,63.44248716861886,205700
2015-07-08,62.68524932861328,63.32803571181747,62.65002714463783,63.32803571181747,49800
2015-07-09,62.94060516357422,63.380872386627374,62.8261313860958,63.380872386627374,85600
2015-07-10,63.91798782348633,64.00604663639812,63.47772063070427,63.47772063070427,121000
2015-07-13,64.59600067138672,64.63122285165883,64.30542272259974,64.36705985858995,228100
2015-07-14,64.96582794189453,65.03627230726899,64.64883501565394,64.65764224081185,54400
2015-07-15,64.84254455566406,65.01864872642555,64.69285533872245,64.93059664104481,58100
2015-07-16,65.21237182617188,65.2211790506982,64.81613405575884,65.12431973474052,45400
2015-07-17,65.21237182617188,65.21237182617188,64.91299337171651,65.21237182617188,121100
2015-07-20,65.42369842529297,65.56458041403646,65.2475875419345,65.33563962464208,427000
2015-07-21,65.05387878417969,65.42370833628608,64.80733022807163,65.42370833628608,95100
2015-07-22,65.0802993774414,65.11551484091926,64.67524765005992,64.71046983148197,232800
2015-07-23,64.75448608398438,65.32683465942759,64.69284895850237,65.28280526210779,71800
2015-07-24,64.60478973388672,65.64382024701226,64.49031600069783,65.64382024701226,39600
2015-07-27,64.10289001464844,64.45509830692885,64.10289001464844,64.34943850642175,119500
2015-07-28,64.92179870605469,64.94821366092063,64.18214638008953,64.55196918410023,37500
2015-07-29,65.34444427490234,65.34444427490234,64.98342873463572,65.10670298916024,65700
2015-07-30,65.2828140258789,65.35325838387013,64.82493913482347,65.15953975836615,44600
2015-07-31,65.29161071777344,65.56457416352737,65.22116637114576,65.42369218821467,41600
2015-08-03,65.22117614746094,65.5381690368584,64.88657552773856,65.4501169493466,278000
2015-08-04,64.97461700439453,65.14192064590557,64.78089841273807,65.1154989778176,53800
2015-08-05,65.23878479003906,65.37086628212556,64.89537694138043,64.93059912046641,137800
2015-08-06,64.06768798828125,65.34446024414244,63.96202143660415,65.34446024414244,208300
2015-08-07,64.02366638183594,64.17335564316343,63.47773254188535,64.03247360836858,86800
2015-08-10,64.50794982910156,64.73688392838847,64.35825388055969,64.43750546719292,141200
2015-08-11,64.12052917480469,64.41991443153665,63.8387583720871,64.12933640181188,55100
2015-08-12,63.91798782348633,64.02365436821395,62.878963697747125,63.556972218736036,119800
2015-08-13,64.14694213867188,64.46393512159295,63.997252873944035,64.02366783619652,114000
2015-08-14,64.30540466308594,64.33181961138565,63.970804121385925,64.00602629176626,75700
2015-08-17,64.95703125,64.95703125,64.01485954365602,64.19097048564984,221700
2015-08-18,64.86895751953125,65.14192770916434,64.81612761351214,65.08909108520193,76200
2015-08-19,64.61360168457031,64.99223168569883,64.21736395410844,64.68404603779032,157000
2015-08-20,63.028648376464844,64.0940940998538,63.028648376464844,64.0940940998538,90600
2015-08-21,60.93297576904297,62.62360686652939,60.93297576904297,62.62360686652939,117400
2015-08-24,58.52030944824219,60.52792660057587,48.42938705976149,60.1492965784818,262900
2015-08-25,58.3618278503418,60.83612774163502,58.33541288918776,59.10148035238157,108100
2015-08-26,60.67762756347656,60.792094614818595,58.810892252861805,59.80589368729574,129100
2015-08-27,62.16571807861328,67.18476744516613,60.9593904289693,61.628591636821675,294800
2015-08-28,62.05125427246094,62.236165672515924,61.69023197858428,61.9103655574036,112300
2015-08-31,61.37323760986328,62.07766773230084,61.24996334612823,61.91036406668463,532900
2015-09-01,59.70901870727539,60.756856498070654,59.41844754270348,60.756856498070654,744600
2015-09-02,61.05625534057617,61.05625534057617,60.07006105925587,60.29900189653866,64400
2015-09-03,61.04744338989258,61.804703409929004,60.83611032527072,61.31159964375476,67600
2015-09-04,60.439857482910156,60.659990998427155,59.91153838925773,60.492687376892874,329100
2015-09-08,61.91035461425781,61.96319123203686,61.073849849780714,61.293983389689686,135700
2015-09-09,61.0738525390625,62.50032035894399,61.02982314196495,62.447483738838365,39000
2015-09-10,61.40846252441406,61.822314735943465,61.021031985956945,61.021031985956945,38700
2015-09-11,62.139305114746094,62.139305114746094,61.28518577117794,61.28518577117794,157000
2015-09-14,61.787078857421875,62.34181966390125,61.76066390814997,62.34181966390125,68000
2015-09-15,62.57957458496094,62.755678763841324,61.822314523476415,62.01603315101112,95300
2015-09-16,63.01103210449219,63.02864655246965,62.35943860614057,62.65001653627677,117600
2015-09-17,63.178321838378906,64.0060260442608,62.8789434682169,62.8789434682169,302600
2015-09-18,62.262569427490234,63.01102211725765,62.25376220489745,62.38584367201934,38300
2015-09-21,62.694061279296875,63.10791361911546,62.12171915957764,62.74689792387634,197300
2015-09-22,61.98078536987305,62.121674029136955,61.59334827483833,61.86631837267689,111000
2015-09-23,62.06005859375,62.262577714742385,61.80470284811073,62.0248364166332,88000
2015-09-24,61.59337615966797,61.71665043336265,60.86253774217634,61.58457565293554,75100
2015-09-25,61.22878646850586,62.23514140779047,60.831543579045906,62.23514140779047,66300
2015-09-28,59.32199478149414,60.893327157725444,58.91592239268739,60.875668029742904,97400
2015-09-29,58.8806266784668,59.78988343411025,58.47455418064812,59.29552874264708,94900
2015-09-30,60.2136116027832,60.257752702004886,59.42794852853747,59.65747012151517,471400
2015-10-01,60.72560501098633,60.72560501098633,59.86931906528726,60.30187345306862,718000
2015-10-02,61.60837173461914,61.61720129929808,59.67510790398547,59.939940964477714,111100
2015-10-05,62.2528076171875,62.35874222087611,61.89970574153194,62.01446317762134,131600
2015-10-06,61.45830535888672,62.26162066838963,61.08753771182367,62.19099761799812,142400
2015-10-07,61.643707275390625,61.77612385722765,61.06107700930258,61.75846472098958,315900
2015-10-08,62.05861282348633,62.15571787315651,61.069909924566076,61.511294064889626,1045900
2015-10-09,62.3940315246582,62.45582500437978,62.014441082087345,62.111546083790415,162700
2015-10-12,62.63240051269531,62.72068271986262,62.17336401636465,62.26163948854515,162400
2015-10-13,62.27926254272461,62.967820255800774,62.23512146471391,62.39401991657633,58800
2015-10-14,61.784934997558594,62.544116072429546,61.74962346675229,62.33225362257756,63700
2015-10-15,62.64122009277344,62.64122009277344,61.811415969611346,61.96149165687533,70700
2015-10-16,63.16206741333008,63.16206741333008,62.77364725007687,62.86192272309254,74000
2015-10-19,63.45337677001953,63.51517027557308,62.97668112646923,62.98551069440173,76300
2015-10-20,62.91489791870117,63.41807561342112,62.70303539855279,63.40042320965379,84900
2015-10-21,62.41169357299805,63.05611716262781,62.102726126594135,63.05611716262781,93600
2015-10-22,62.826622009277344,62.85310398224509,62.4117198061479,62.65007103283369,341500
2015-10-23,63.656394958496094,63.87708693748547,63.232663395443204,63.85942780757488,226300
2015-10-26,64.00951385498047,64.12427127807547,63.58578222319327,63.58578222319327,169000
2015-10-27,64.2302017211914,64.2302017211914,63.8064701167727,63.82412924840722,99900
2015-10-28,64.75102996826172,64.78634149565026,63.99184896687091,64.33612794017776,82700
2015-10-29,64.85697937011719,64.9982187769591,64.68925126044235,64.68925126044235,213700
2015-10-30,64.61860656738281,65.01585615711147,64.61860656738281,64.90109202153043,87700
2015-11-02,64.94524383544922,65.03351929163934,64.56565331234468,64.73338139359582,286600
2015-11-03,64.81282043457031,64.9893780632784,64.50385300306228,64.81282043457031,116800
2015-11-04,64.83048248291016,65.02469251573787,64.53033786808955,64.98055142282786,150300
2015-11-05,65.26304626464844,65.38663326053553,64.78635067980416,65.01587227287425,90600
2015-11-06,64.85697937011719,65.14829448639874,64.63628732474996,64.8746317703524,63800
2015-11-09,64.27434539794922,64.76870013060027,63.91241396679794,64.76870013060027,129600
2015-11-10,64.72454833984375,64.77751226370677,64.14192497239476,64.14192497239476,497400
2015-11-11,64.63627624511719,65.06000112799684,64.60979428181041,64.9805552380765,62500
2015-11-12,63.76234436035156,64.51269591640586,63.75351479334304,64.28317431908806,266300
2015-11-13,62.72066879272461,63.585777656977385,62.72066879272461,63.50633177015196,248800
2015-11-16,63.532798767089844,63.56811028680074,62.5529259838096,62.59706706719415,111700
2015-11-17,63.78881072998047,64.1948831582662,63.603430278044684,63.73584007586694,64900
2015-11-18,64.88346862792969,64.92760973595729,63.91242486620987,63.965388807852996,113900
2015-11-19,64.48622131347656,64.81284124523691,64.45090977639681,64.60980832576216,111200
2015-11-20,65.1218032836914,65.20125591916671,64.87462927996643,64.87462927996643,60900
2015-11-23,65.26304626464844,65.4837382908734,65.08649533766292,65.14828883560646,108300
2015-11-24,65.19242858886719,65.32484516254536,64.59214595851459,64.88346107360924,89000
2015-11-25,65.4131088256836,65.50138428053896,65.30718097385135,65.30718097385135,161300
2015-11-27,65.5543441772461,65.64261961760641,65.35130460293142,65.47489156643275,75600
2015-11-30,64.96290588378906,65.66912310819906,64.92760108405649,65.66912310819906,84900
2015-12-01,65.7132568359375,65.74856836669396,65.16593821169107,65.24539083963957,92200
2015-12-02,65.36896514892578,65.88979497283017,65.29834210111296,65.73972604746632,165800
2015-12-03,64.30083465576172,65.56319349436266,64.08014259820901,65.55437066125127,262800
2015-12-04,65.7132568359375,65.80153229533575,64.46855063296904,64.47738019940462,86100
2015-12-07,65.43955993652344,65.8456322253998,65.10411067222965,65.77501593579954,247700
2015-12-08,65.51022338867188,65.65146952500264,64.83931771107373,64.83931771107373,82100
2015-12-09,64.5921401977539,65.5896724601744,64.35379577437972,65.24539344030828,133500
2015-12-10,64.64508819580078,65.12177687539909,64.49501255298114,64.53915363645464,126200
2015-12-11,63.532798767089844,64.26549764737754,63.49748724737895,64.00066461703769,143600
2015-12-14,64.19488525390625,64.23019677947315,63.188530347696904,63.65639627523469,506900
2015-12-15,64.57450866699219,65.00706328955907,64.51271514948263,64.8216827370304,239100
2015-12-16,65.58967590332031,65.7132629048889,64.7157305901027,64.96290459323988,353800
2015-12-17,64.83930206298828,65.70441760176409,64.82164966770034,65.70441760176409,562500
2015-12-18,63.85060119628906,64.62743449173212,63.841771631856666,64.62743449173212,194300
2015-12-21,64.41558074951172,64.45971510763798,63.98302632395719,64.28316420516252,227900
2015-12-22,64.78633880615234,64.92758490984293,64.29199091320508,64.77750924092545,682300
2015-12-23,65.17475128173828,65.18357411095488,64.9452297574084,65.18357411095488,212500
2015-12-24,65.01720428466797,65.23850178972602,64.99950345578745,65.10572868946231,161200
2015-12-28,65.18538665771484,65.18538665771484,64.6985294892071,64.91097993735409,386000
2015-12-29,65.97321319580078,66.08829222425592,65.53061817180806,65.53061817180806,148600
2015-12-30,65.61910247802734,65.94662506058077,65.56599326324705,65.9289242401409,208900
2015-12-31,64.87555694580078,65.5837046867147,64.87555694580078,65.40666943985165,178800
2016-01-04,63.56549835205078,63.804503458855834,62.96356881928933,63.804503458855834,494400
2016-01-05,63.866455078125,64.14086179651093,63.5566399519694,63.786784472277425,319800
2016-01-06,63.53007125854492,63.83103931316585,63.043220903118744,63.043220903118744,262600
2016-01-07,62.11376190185547,63.17599363281554,61.99868966788935,62.388175311254216,212000
2016-01-08,61.52069854736328,62.66259433801048,61.37906492055601,62.59177752460685,568300
2016-01-11,61.89250564575195,62.10495618536404,61.09583300587214,61.777433335228395,460100
2016-01-12,62.556358337402344,62.73340034040131,61.83935679727668,62.45898692411838,211500
2016-01-13,60.626644134521484,62.75995467537185,60.51157189817666,62.75995467537185,338200
2016-01-14,61.30824661254883,61.76854233082078,59.95390731735896,60.741725688462374,347100
2016-01-15,60.148658752441406,60.4673276977719,53.76644293838087,59.61754609471186,322900
2016-01-19,60.573551177978516,61.06040837299706,60.0689931547155,60.86566549498964,279800
2016-01-20,60.007015228271484,60.49386554896049,58.263190303445896,59.688346371274825,883400
2016-01-21,60.21061325073242,60.86565863078627,59.75031748018651,60.157504018524826,942500
2016-01-22,61.396759033203125,61.50298423000798,60.90105495503691,60.96301796480768,793200
2016-01-25,60.74173355102539,61.538399060639144,60.697471354507734,61.30825454844375,489500
2016-01-26,61.27287292480469,61.396799025067644,60.71519872015542,60.95420388028109,371800
2016-01-27,60.361106872558594,61.47644138440749,60.02473035807982,61.27285147103058,525400
2016-01-28,61.237430572509766,61.423319619907225,60.40535000023925,61.19316838116942,278200
2016-01-29,62.40587615966797,62.42357698280004,61.06923777222921,61.131200783384024,302100
2016-02-01,62.74225616455078,63.00781582951858,62.12262595090969,62.13147974066537,426400
2016-02-02,61.84823226928711,62.46786261336625,61.63578179120491,62.370491165944635,758900
2016-02-03,61.20203399658203,62.281966840731336,60.29914319854283,62.08722396674199,611700
2016-02-04,60.582420349121094,60.954198617812565,60.157526075284146,60.927643991972516,406600
2016-02-05,58.76774978637695,60.396502516448756,58.564159916031834,60.396502516448756,427100
2016-02-08,57.431114196777344,57.87370911530404,56.58133276362159,57.847154500746434,631000
2016-02-09,57.7409553527832,58.34288491342089,56.820356803957054,56.820356803957054,609900
2016-02-10,58.36943054199219,59.20150454651328,58.307467512363345,58.316314549836235,668300
2016-02-11,57.91799545288086,58.28091992556498,57.280657423960605,57.46654655681813,304900
2016-02-12,58.705806732177734,58.74121514633431,58.21010244091457,58.49336300070273,506200
2016-02-16,59.71491622924805,59.72377002016447,59.042169942337736,59.40510108181031,146200
2016-02-17,60.670928955078125,60.812555856220136,59.97162798075398,60.13981625723295,205100
2016-02-18,60.166385650634766,60.77716911751637,60.06016038360048,60.77716911751637,125800
2016-02-19,60.5115852355957,60.529286062987964,59.71491293367737,59.927356629701144,92600
2016-02-22,61.423343658447266,61.503014283347206,61.0073032094911,61.0073032094911,189000
2016-02-23,61.122371673583984,61.609222117301705,61.07810947258069,61.41447923842914,118400
2016-02-24,61.47643280029297,61.55610339913676,60.20176399995619,60.617804312846985,110100
2016-02-25,62.40587615966797,62.40587615966797,61.458723415751905,61.63575866091947,248100
2016-02-26,62.193458557128906,62.74227209903085,62.07837952146724,62.70686368447838,107300
2016-02-29,61.60921859741211,62.485554748807665,61.60921859741211,62.1049295571657,240400
2016-03-01,63.0255126953125,63.0255126953125,61.954433819913326,62.13147583658823,295300
2016-03-02,62.90160369873047,62.98127431618041,62.52097170160442,62.92815832005905,288300
2016-03-03,62.857364654541016,62.86621169498362,62.31739803503858,62.76884697585304,268000
2016-03-04,62.768829345703125,63.06979071940313,62.53867804298518,62.92815707051083,573000
2016-03-07,62.104923248291016,62.48554840126751,61.73313837787744,62.45014675024014,334800
2016-03-08,61.87480926513672,62.45018436610742,61.635804079234006,61.75973019286257,608000
2016-03-09,62.18461608886719,62.22002450986749,61.830538632329954,62.211170716250976,75900
2016-03-10,62.25541305541992,62.72456266532973,61.671184425632426,62.45900296934203,125400
2016-03-11,63.246829986572266,63.26453757052442,62.689162654440715,62.777680313807934,163000
2016-03-14,63.37962341308594,63.49470247300375,63.05210732800529,63.05210732800529,231400
2016-03-15,63.34421157836914,63.406174625191994,62.972433297432005,62.972433297432005,194300
2016-03-16,63.689395904541016,63.813321921662705,63.12287503956717,63.32647164110219,281000
2016-03-17,63.653995513916016,63.78676856811852,63.30876531260485,63.592025750672775,454400
2016-03-18,63.7779541015625,64.00809868201074,63.56550359942797,63.94613564058775,187300
2016-03-21,63.89303207397461,63.963848914317396,63.56550925248843,63.73369755993615,234500
2016-03-22,63.91958236694336,64.13202612010227,63.59205956766346,63.59205956766346,286800
2016-03-23,63.8405876159668,64.04472426823968,63.63645096369392,63.74295792636351,82100
2016-03-24,63.82282638549805,63.82282638549805,63.35242581141301,63.6009420052476,253900
2016-03-28,64.00923919677734,64.19562135314452,63.884984425865895,63.95598231540304,262400
2016-03-29,64.73699951171875,64.78137233218472,63.902711939008356,63.902711939008356,404000
2016-03-30,65.05650329589844,65.21626032126531,64.96774412629267,65.07425106699523,143000
2016-03-31,64.87899017333984,65.1896269453943,64.79911504825746,65.03874719487838,426600
2016-04-01,65.58901977539062,65.63339258565256,64.58609810996789,64.58609810996789,366200
2016-04-04,65.26061248779297,65.64225377368417,65.1008555129694,65.64225377368417,416500
2016-04-05,64.58612060546875,64.87013242128624,64.49736818265875,64.71925262537165,308300
2016-04-06,65.3848648071289,65.40261934334355,64.63045953092379,64.63045953092379,180000
2016-04-07,64.75474548339844,65.18963703156128,64.47961098149183,65.127509667538,329500
2016-04-08,64.64823913574219,65.12751027901065,64.47073431440197,65.12751027901065,345400
2016-04-11,64.24886322021484,64.97664397277157,64.22223816863217,64.84351194348196,180900
2016-04-12,64.62159729003906,64.68372463849443,63.97369876634367,64.26658773965025,781000
2016-04-13,64.98551177978516,65.04763914821922,64.63937261688466,65.00325955446262,191000
2016-04-14,64.92337036132812,65.20738209433178,64.88786804828094,65.03874780020111,115100
2016-04-15,65.07424926757812,65.08312653856801,64.83461712184105,64.99437414279035,331400
2016-04-18,65.54463958740234,65.56239412844164,64.92336607849505,64.92336607849505,203300
2016-04-19,65.31389617919922,65.86417199162275,65.0387616586751,65.86417199162275,224600
2016-04-20,65.42928314208984,65.69554040071867,65.18964416081079,65.40265809336452,185500
2016-04-21,65.00325775146484,65.49140618374642,64.94113038475402,65.49140618374642,179800
2016-04-22,64.58612060546875,64.73700717275915,64.07135384462042,64.6393774762554,233100
2016-04-25,64.70148468017578,64.70148468017578,64.27546370356377,64.35534559915452,140000
2016-04-26,64.63048553466797,64.97662464503375,64.47960577299555,64.80799034000324,172900
2016-04-27,64.62159729003906,64.79023156643494,64.24883319930693,64.63047456021073,262500
2016-04-28,64.36425018310547,65.1719129807726,64.20449307869754,64.74589177855901,173600
2016-04-29,64.47071075439453,64.56834040186659,63.982562517034204,64.47958802362993,334600
2016-05-02,65.28726959228516,65.33164918484766,64.6038685578984,64.6038685578984,353100
2016-05-03,64.84349060058594,65.14525688574267,64.64823125807995,64.82574282916451,177200
2016-05-04,64.7813491821289,64.87010156271958,64.41746239029531,64.46183519490435,146500
2016-05-05,64.67485809326172,64.94999254304392,64.59497619957988,64.75473321557001,50600
2016-05-06,65.0831298828125,65.09200038288444,64.38197440880523,64.60385879533763,137300
2016-05-09,65.54463958740234,65.72215114092829,65.0653685499424,65.0653685499424,101500
2016-05-10,66.42332458496094,66.42332458496094,65.78430306766072,65.86417821805726,140800
2016-05-11,65.70442199707031,66.37895261845304,65.70442199707031,66.37895261845304,208500
2016-05-12,65.86415100097656,66.11266039468651,65.45588460111405,66.0327852772968,78000
2016-05-13,65.50028228759766,65.97954666717094,65.40265260288365,65.7754167964962,68000
2016-05-16,65.92626190185547,66.1037734040571,65.34936136960019,65.51799560384887,180400
2016-05-17,65.01213836669922,65.83754872193691,64.84350403208197,65.77542135203194,203000
2016-05-18,64.99437713623047,65.36714127848929,64.5683561369532,64.80798829372699,270100
2016-05-19,64.77247619628906,64.87897634035845,64.37308034191183,64.61271920881263,125800
2016-05-20,65.06537628173828,65.26063562813302,64.94112156519148,64.94112156519148,104600
2016-05-23,64.79913330078125,65.11864743385861,64.78137875373491,65.06539056409525,439800
2016-05-24,65.83753967285156,65.89966703421739,65.02987720372124,65.02987720372124,231500
2016-05-25,65.87303161621094,66.05053640033951,65.79314972339165,65.94403623841175,145500
2016-05-26,66.00614929199219,66.09490166483127,65.84639231233304,65.98839475460117,111300
2016-05-27,66.22806549072266,66.29906336034776,66.04168338662814,66.09493348169077,89600
2016-05-31,66.05054473876953,66.36118153589705,65.81978984454585,66.34343376379304,339200
2016-06-01,66.23694610595703,66.24582338028135,65.86418184085106,65.86418184085106,149300
2016-06-02,66.41442108154297,66.41442108154297,66.0594047896423,66.14815716977432,177600
2016-06-03,66.67184448242188,66.7783446887486,66.27244839456779,66.46770780133517,201100
2016-06-06,66.63632202148438,66.80494955434077,66.4499399453541,66.73395169536798,415600
2016-06-07,66.65404510498047,66.89368395079683,66.6274200713057,66.7339269773765,223900
2016-06-08,67.06233215332031,67.1155890085058,66.66294298198537,66.72507033689021,173600
2016-06-09,67.31084442138672,67.37297855029479,66.9025779616816,66.9025779616816,162800
2016-06-10,66.92035675048828,67.08898434124771,66.70734955767941,66.96472958116115,174200
2016-06-13,66.49432373046875,66.97359490731601,66.45882140943836,66.69846038354967,190500
2016-06-14,66.56531524658203,66.56531524658203,66.18367383498,66.3611786337546,163700
2016-06-15,66.41442108154297,66.7516828345937,66.36116423636571,66.6540531850367,423100
2016-06-16,66.6806869506836,66.7161892616583,66.03278839667222,66.22804772134637,224400
2016-06-17,66.26358032226562,66.73397430780014,65.95293665208106,66.73397430780014,216200
2016-06-20,66.65404510498047,66.96468178347229,66.60967230597977,66.7427974743536,159600
2016-06-21,66.78931427001953,66.93171865675424,66.74480907948693,66.81601466812363,139500
2016-06-22,66.62914276123047,66.92286088751338,66.60244234803066,66.86055765986633,159200
2016-06-23,67.23438262939453,67.23438262939453,66.82496041494167,67.00296771147141,223400
2016-06-24,65.81029510498047,66.67364463810026,65.25846169449612,65.65898145352138,309600
2016-06-27,65.49878692626953,65.58779737322513,65.1071694799485,65.42758807546625,337200
2016-06-28,66.29985046386719,66.32655088860231,65.77472400262181,65.97943178595474,277000
2016-06-29,67.05636596679688,67.10087118449148,66.67365097301172,66.67365097301172,423300
2016-06-30,67.99982452392578,67.99982452392578,67.1542729102345,67.17207771376728,295100
2016-07-01,68.06211853027344,68.28463101047413,68.04431372915387,68.07991654085102,178600
2016-07-05,68.28466033935547,68.36476160717177,68.01764253221127,68.01764253221127,209000
2016-07-06,68.70296478271484,68.71186039392681,68.04432286371168,68.07103006897633,324600
2016-07-07,68.3380355834961,68.6851545284175,68.14222350368557,68.67625891791147,352700
2016-07-08,69.15689086914062,69.16579327159772,68.48045767435671,68.7118658138938,282000
2016-07-11,69.29930114746094,69.45060803433363,69.12129384414523,69.28149634280336,403800
2016-07-12,69.13909149169922,69.45951006840339,69.13909149169922,69.39720683351888,340600
2016-07-13,69.24588775634766,69.37049420417907,69.1657797310034,69.30819098026336,243300
2016-07-14,69.37051391601562,69.53072322168599,69.22810262628907,69.39721433520334,178100
2016-07-15,69.2904052734375,69.57522105990303,69.13019596914165,69.53961823777684,425900
2016-07-18,69.44169616699219,69.46840337033832,69.27259128905452,69.39719774250014,330500
2016-07-19,69.6019058227539,69.6019058227539,69.24589126266116,69.27259167561388,226800
2016-07-20,69.72652435302734,69.82443041117222,69.61972268271923,69.76212717331126,219700
2016-07-21,69.37938690185547,69.71761020937848,69.23698244911566,69.71761020937848,136500
2016-07-22,69.86004638671875,69.86004638671875,69.39722321696141,69.39722321696141,225600
2016-07-25,69.67311096191406,69.8511250312533,69.46840327035194,69.82441782794561,220300
2016-07-26,69.45060729980469,69.7265206541889,69.26369759613699,69.67311982186764,138700
2016-07-27,69.21918487548828,69.61080904485978,68.94327155099974,69.56631061959465,212500
2016-07-28,69.54852294921875,69.62863099929741,69.15689868337688,69.35271081629782,97700
2016-07-29,69.82441711425781,70.10033722127781,69.61080702377647,69.67311024977279,209200
2016-08-01,69.9312515258789,70.09146085087413,69.76213979656593,69.79774262329208,190600
2016-08-02,69.62863159179688,69.91344739013888,69.41501465013216,69.91344739013888,211100
2016-08-03,69.35272216796875,69.63753801050586,69.21921325634769,69.55743673786043,155200
2016-08-04,69.50402069091797,69.67313241121674,69.34381816500694,69.41501702411922,138500
2016-08-05,69.72652435302734,69.77102957601815,69.61082028001233,69.69092832328707,337800
2016-08-08,69.55741882324219,69.81553417508616,69.46841516859962,69.77993135512041,120300
2016-08-09,69.73542785644531,69.97574519951905,69.50401291621898,69.58412096075814,400700
2016-08-10,69.84223937988281,69.86893979905146,69.69982809025801,69.78883854154553,101600
2016-08-11,70.05583953857422,70.09144235590587,69.8689298404903,69.91343505979064,164100
2016-08-12,70.02915954589844,70.1181632199123,69.90455304417003,69.97575869959914,244600
2016-08-15,69.83332824707031,70.08254118221662,69.81553023336409,70.08254118221662,131200
2016-08-16,69.15689086914062,69.69092636787158,69.13019045231276,69.69092636787158,166600
2016-08-17,69.38829040527344,69.39719280575552,68.8364570145972,69.16577792701491,187300
2016-08-18,69.41497802734375,69.41497802734375,69.24587319259122,69.33487680938845,161200
2016-08-19,69.18359375,69.29039541063241,69.02338446850835,69.24589698221658,275300
2016-08-22,69.28148651123047,69.36159453973494,69.06787641945584,69.18358726167982,117900
2016-08-23,69.31710052490234,69.57521587316708,69.29930251043805,69.4862122197587,166900
2016-08-24,68.92549896240234,69.27261804400219,68.79199005627662,69.27261804400219,146700
2016-08-25,68.88988494873047,69.06789226763077,68.5338635203859,68.74747366117506,176800
2016-08-26,68.68516540527344,69.31710016893425,68.40034964150317,68.94328075221266,270600
2016-08-29,69.13020324707031,69.14800805527986,68.73858574354128,68.74748135710135,145600
2016-08-30,68.83649444580078,69.20141836803948,68.68518750803892,69.09460987580107,179800
2016-08-31,68.78306579589844,68.81866861225551,68.5071524573098,68.75636538126636,260200
2016-09-01,68.89876556396484,68.90766117371604,68.57834705883516,68.80975514211853,129400
2016-09-02,69.26370239257812,69.42391169117951,69.05009225795752,69.10349309397672,237900
2016-09-06,69.66424560546875,69.67314801130526,69.29932845272418,69.4150325664147,366600
2016-09-07,69.47731018066406,69.64642187640497,69.29930287291621,69.64642187640497,199200
2016-09-08,69.14798736572266,69.38829788029143,69.07678173527907,69.37939547885031,648600
2016-09-09,67.29669189453125,68.74747118386753,67.28778949174385,68.74747118386753,245300
2016-09-12,68.31134033203125,68.39144157589162,66.9851676784031,67.06526892226347,193000
2016-09-13,67.35899353027344,67.93752746790281,67.18098622202295,67.91082705071959,151300
2016-09-14,67.4568862915039,67.78620721645741,67.25217181587503,67.38568066602063,200600
2016-09-15,68.08882141113281,68.20452546043887,67.31447550735217,67.40348593509464,177600
2016-09-16,67.99982452392578,68.1689294142297,67.74170919704379,67.99092212215939,152500
2016-09-19,68.09771728515625,68.39142858071185,67.97311084691046,68.17781851379644,91400
2016-09-20,68.16893768310547,68.43595544414305,68.11553684711545,68.3113489664705,263900
2016-09-21,69.13020324707031,69.17470847704949,68.21345255007472,68.33805904536277,213300
2016-09-22,69.65532684326172,69.74433050041225,69.40611388702276,69.40611388702276,107800
2016-09-23,69.34380340576172,69.51290829952343,69.29039578461423,69.47730548227278,218100
2016-09-26,68.9078140258789,69.14009951126322,68.8810131652747,69.14009951126322,129700
2016-09-27,69.35453033447266,69.50641327554126,68.95250369397952,68.96143958841658,80800
2016-09-28,69.46172332763672,69.4974600803983,69.10436261610961,69.40812160653867,177600
2016-09-29,68.88101196289062,69.50639490245653,68.75593673819515,69.42598550595885,187900
2016-09-30,69.12223815917969,69.35451684062754,68.96142617105248,69.10436637378277,97800
2016-10-03,68.87207794189453,68.98822409375896,68.6666001312076,68.98822409375896,312500
2016-10-04,68.20201873779297,68.93461184198907,67.9608042107703,68.93461184198907,181900
2016-10-05,68.15740203857422,68.47902618380174,68.06806351292047,68.36287996596855,95800
2016-10-06,68.36283874511719,68.43431224898072,67.96081221403966,68.09482332976167,136600
2016-10-07,68.09481048583984,68.4432352313447,67.76425070488696,68.37176174096237,90100
2016-10-10,68.39857482910156,68.46111244034931,68.30923635818883,68.30923635818883,571600
2016-10-11,67.54988098144531,68.25566682178822,67.38906893154324,68.25566682178822,375000
2016-10-12,67.99653625488281,68.10374649063652,67.58557390862443,67.58557390862443,129800
2016-10-13,67.92506408691406,68.1037478166493,67.42476327583009,67.61237607998657,193400
2016-10-14,67.85360717773438,68.34497903448326,67.85360717773438,68.13056532248784,226800
2016-10-17,67.72852325439453,67.93400786342153,67.67492153729538,67.86253436323057,140700
2016-10-18,68.08589172363281,68.31817721776697,67.94295152299642,68.13949344686034,201700
2016-10-19,68.05015563964844,68.17523087247044,67.89827954494872,68.15736590324828,154600
2016-10-20,67.9697494506836,68.10376056905673,67.80893747185357,68.01441527941556,329900
2016-10-21,68.02337646484375,68.04124825585272,67.77322591944727,67.87150032172319,124500
2016-10-24,68.47900390625,68.48793980073613,68.24671836224321,68.24671836224321,334100
2016-10-25,68.09481048583984,68.56831043147018,68.08587459552025,68.4432352313447,282400
2016-10-26,67.6838607788086,68.00548472949838,67.58558641520402,67.89827447390563,145300
2016-10-27,67.24607849121094,67.94293480211581,67.22821352656133,67.89826216636094,164400
2016-10-28,67.38904571533203,67.83574494271298,67.2192978277787,67.2192978277787,430100
2016-10-31,67.78215026855469,67.85361697214309,67.46052624609186,67.51412797780567,206900
2016-11-01,67.12997436523438,67.95189949165206,66.81728619932447,67.85362509435312,292800
2016-11-02,66.66539764404297,67.12996185883291,66.60286002251183,67.03168747984263,189500
2016-11-03,66.2901611328125,66.67432273240318,66.21869443825938,66.55818338967637,214700
2016-11-04,66.21870422363281,66.59392998581939,66.17403156885769,66.29910682291987,170200
2016-11-07,67.5409164428711,67.56771730380724,66.94234116166784,66.99594288354015,142500
2016-11-08,68.03227996826172,68.23775775439313,67.54090819083805,67.54090819083805,177500
2016-11-09,67.74639892578125,67.88933911827908,67.00487665493868,67.29076385602288,335000
2016-11-10,66.87980651855469,67.94295282351013,66.38843465926712,67.94295282351013,742000
2016-11-11,66.79047393798828,67.02275264099316,66.59392517691519,66.88874831852482,157300
2016-11-14,66.2454833984375,66.90659621287372,66.1650740093898,66.90659621287372,396500
2016-11-15,66.8708724975586,66.89767336043552,66.38843651750605,66.44204505934916,300600
2016-11-16,67.06745147705078,67.06745147705078,66.71009057340501,66.71009057340501,224000
2016-11-17,67.43370819091797,67.46050904994314,67.08527657532586,67.13888510946448,179700
2016-11-18,67.24607849121094,67.55877330932054,67.15674003578843,67.51410067356568,212100
2016-11-21,67.70172882080078,67.71066471319472,67.32650313332114,67.32650313332114,707700
2016-11-22,67.93401336669922,68.04122362567068,67.76426549401657,67.90721250597852,253300
2016-11-23,68.07695770263672,68.07695770263672,67.67493113519988,67.79107047741542,221300
2016-11-25,68.193115234375,68.22885199549907,68.00550235054128,68.00550235054128,52400
2016-11-28,68.16629791259766,68.3539107511427,68.12162526795373,68.12162526795373,176200
2016-11-29,68.43433380126953,68.57728085401546,68.21992003824127,68.21992003824127,228800
2016-11-30,67.38011169433594,68.32711871763543,67.38011169433594,68.32711871763543,209100
2016-12-01,66.11148071289062,67.38010478800642,66.02214223730718,67.38010478800642,360900
2016-12-02,66.50458526611328,66.69219812964201,66.12042364571937,66.20082623747903,216900
2016-12-05,66.99596405029297,67.04957260519114,66.62967414162506,66.80835114837659,362700
2016-12-06,67.16569519042969,67.19249605313466,66.9691464424743,67.10315757208835,261500
2016-12-07,68.0412368774414,68.09483860932231,67.06742891303477,67.13890243293599,133300
2016-12-08,68.01441955566406,68.246705054376,67.93401696923823,68.05015631054967,151300
2016-12-09,68.21096801757812,68.2377688796093,67.99655430523968,68.2377688796093,432100
2016-12-12,68.13056182861328,68.15736268922717,67.8536036980628,68.02335157006902,155900
2016-12-13,68.69342041015625,68.93464185830202,68.3092587249643,68.3092587249643,193300
2016-12-14,68.2824478149414,68.98823344980812,68.19310932791427,68.77381971772508,191300
2016-12-15,68.63087463378906,68.79168664143862,68.32712240605649,68.33605148374991,204000
2016-12-16,68.4432601928711,69.05970734408679,68.29138408248423,68.77382009438047,140200
2016-12-19,68.67555236816406,68.85422936051125,68.53260532141404,68.58620705590012,289700
2016-12-20,68.8989028930664,69.02397815251851,68.79169260664013,68.9078319715341,262500
2016-12-21,68.81846618652344,68.91674053942413,68.7738003636244,68.90780464840923,421100
2016-12-22,68.79154205322266,68.93520963872278,68.60297449369327,68.85439790639913,405000
2016-12-23,68.91726684570312,68.91726684570312,68.67482475192264,68.67482475192264,177100
2016-12-27,69.22254180908203,69.28540450408637,68.94418119188322,68.94418119188322,119000
2016-12-28,68.51318359375,69.33030971125072,68.45930225303196,69.33030971125072,106800
2016-12-29,68.65686798095703,68.65686798095703,68.38748861456007,68.46830036924634,126900
2016-12-30,68.11809539794922,68.78257265438168,67.92952780561468,68.72869815679336,224000
2017-01-03,68.31562805175781,68.6568445396706,68.00134880621,68.36052117210821,284100
2017-01-04,68.71973419189453,68.83647143393065,68.459329302984,68.459329302984,215400
2017-01-05,68.94419860839844,68.98011722142893,68.59400069481985,68.72869378099045,393500
2017-01-06,69.33929443359375,69.47398751574845,68.78256622438256,68.93521518712967,248900
2017-01-09,69.31234741210938,69.4649963533282,69.21357295584453,69.36622189706337,158100
2017-01-10,69.27642059326172,69.50090672165805,69.15070890942161,69.33927643518177,182200
2017-01-11,69.50092315673828,69.50092315673828,69.06093215925199,69.33929283204083,175300
2017-01-12,69.42011260986328,69.43807534289616,68.84542846676827,69.2944008817347,168800
2017-01-13,69.59071350097656,69.68948796497537,69.23153425468763,69.45602042727143,1059900
2017-01-17,69.42909240722656,69.6086786288442,69.24052481929549,69.53684825066227,394900
2017-01-18,69.63565063476562,69.68952515268647,69.4111643423915,69.51891337823318,451700
2017-01-19,69.55479431152344,69.7882618472814,69.39316399457934,69.63561289538261,274300
2017-01-20,69.6984634399414,70.04866129151527,69.59968898428993,69.83314965149003,260000
2017-01-23,69.54580688476562,69.72539991614673,69.27642761385445,69.56376961329056,157400
2017-01-24,70.11151123046875,70.21028567779406,69.64457623388124,69.6535575974853,337800
2017-01-25,70.68621826171875,70.68621826171875,70.3449948411081,70.40785755608407,424600
2017-01-26,70.5874252319336,70.6772183213691,70.4706949007448,70.66823695719347,458000
2017-01-27,70.6951904296875,70.77600216566962,70.57845323223621,70.73110218960767,206100
2017-01-30,70.26417541503906,70.57845470169262,69.9588774939398,70.4886615984737,125100
2017-01-31,70.26417541503906,70.29111266092727,69.94091476283123,70.06662647749265,312100
2017-02-01,70.42578887939453,70.51558196111468,70.00375385945955,70.51558196111468,551300
2017-02-02,70.55152893066406,70.59642891496361,70.09357512375658,70.25520547614889,267200
2017-02-03,70.83888244628906,70.91970106091121,70.60541482166349,70.60541482166349,153100
2017-02-06,70.80294036865234,70.83885897983282,70.6233541635245,70.83885897983282,162000
2017-02-07,71.0184326171875,71.10823255463458,70.85680917163887,71.0184326171875,345300
2017-02-08,71.19804382324219,71.21599970485299,70.88376451423966,70.96457625765096,633900
2017-02-09,71.33277130126953,71.4584830854739,71.19807814654243,71.2519526681219,246100
2017-02-10,71.55721282958984,71.66496180532128,71.32374529754814,71.44945700308426,149600
2017-02-13,71.77271270751953,71.81761267817649,71.65598237489459,71.71883822335012,177900
2017-02-14,71.76371765136719,71.79065488831252,71.45841983162371,71.6649432153861,321900
2017-02-15,72.10496520996094,72.16782106759715,71.70986733294782,71.71884869854577,355800
2017-02-16,72.23068237304688,72.25761962109769,71.9343589429376,72.13190789634379,150600
2017-02-17,72.32046508789062,72.32046508789062,71.93434860285527,72.06006030953894,108100
2017-02-21,72.83229064941406,72.88616513582602,72.42821829977656,72.42821829977656,137000
2017-02-22,72.90414428710938,72.91311880301694,72.71557669141797,72.7335325740086,154700
2017-02-23,72.72452545166016,72.99391155054407,72.3922903605795,72.9759488235395,168100
2017-02-24,72.87718200683594,72.8951378832593,72.2935166868661,72.37432840693094,108700
2017-02-27,73.02983856201172,73.0388130757742,72.7514710675759,72.87718961876315,107400
2017-02-28,72.93108367919922,73.09271403036584,72.8053719450447,73.01189542939468,393500
2017-03-01,73.69434356689453,73.82903668282951,73.24537108096224,73.28128970193,256600
2017-03-02,73.25432586669922,73.6314609738429,73.25432586669922,73.6314609738429,431400
2017-03-03,73.37106323242188,73.38902596349635,73.09270255773914,73.27228876383614,79100
2017-03-06,73.23637390136719,73.32617385978709,72.9669945784324,73.1106621805093,226800
2017-03-07,73.23637390136719,73.45188558064498,73.08372493329331,73.08372493329331,154400
2017-03-08,73.20942687988281,73.43391304441123,73.11065241942839,73.21840824468069,192300
2017-03-09,73.33515167236328,73.38903301999288,73.04780960451482,73.17352133102507,165100
2017-03-10,73.775146484375,73.775146484375,73.41596720187334,73.64045339709001,227900
2017-03-13,74.03553771972656,74.04451908493672,73.74819568997086,73.77513978560134,142300
2017-03-14,73.76618194580078,73.91883094918421,73.559651584747,73.90087506381181,140300
2017-03-15,74.42168426513672,74.56535876341596,73.82006271784098,73.88291859814386,202900
2017-03-16,74.23308563232422,74.50247177874199,74.09839255911534,74.49349041365492,126100
2017-03-17,74.41265869140625,74.63714480286131,74.34980285422972,74.41265869140625,127100
2017-03-20,74.4486083984375,74.61023188947527,74.3049339387035,74.42166429915589,196800
2017-03-21,73.57760620117188,74.76289317746766,73.52372484944766,74.59228145676327,175900
2017-03-22,73.96372985839844,74.01760436450527,73.51475737210416,73.54169462515759,158700
2017-03-23,73.82003784179688,74.18819848149096,73.72126337020943,73.83800057341723,520400
2017-03-24,73.97764587402344,74.31083354591644,73.65345844648418,74.14873983214682,136200
2017-03-27,73.88758087158203,73.99563874599544,73.27522772505404,73.39229271247328,157800
2017-03-28,74.18474578857422,74.30181764465902,73.71647897547727,73.81553660581945,103500
2017-03-29,74.4009017944336,74.41890915618066,73.96864953792186,74.07671431965393,193400
2017-03-30,74.42786407470703,74.58995769841778,74.32880647852758,74.38283539629393,294700
2017-03-31,74.42786407470703,74.68901529459723,74.34681382764579,74.40084961582386,159300
2017-04-03,74.42786407470703,74.59895793777102,74.00461923110609,74.53592191023972,529300
2017-04-04,74.38286590576172,74.39187301922111,74.11271433571076,74.1847506321423,205700
2017-04-05,74.28382873535156,74.9772323840635,74.20278530313186,74.49095117949598,196800
2017-04-06,74.41888427734375,74.53594926560531,74.15773296160867,74.34684111360698,110600
2017-04-07,74.3918685913086,74.61699832149161,74.24778226619269,74.45490464094327,102400
2017-04-10,74.37385559082031,74.62600666392751,74.23878324681641,74.48192033643768,183700
2017-04-11,74.29279327392578,74.3288148466293,73.80651234804695,74.27478592278027,127000
2017-04-12,74.01364135742188,74.24777129551956,73.90557662955233,74.24777129551956,286400
2017-04-13,73.66243743896484,74.18473309912174,73.66243743896484,73.90557448158849,186900
2017-04-17,74.43692016601562,74.45492752698317,73.8155597211835,73.8155597211835,142100
2017-04-18,74.3918685913086,74.50893357765467,74.21176755532784,74.21176755532784,1459700
2017-04-19,74.50894927978516,74.81512934997426,74.41889874281739,74.65303563526605,381600
2017-04-20,74.9411849975586,75.04924286999366,74.42788949224988,74.66202633321595,177300
2017-04-21,74.92317962646484,75.01323702468933,74.7610859282416,74.90517226906887,156500
2017-04-24,75.6886215209961,75.78767915647114,75.46349178044633,75.57154965884497,143200
2017-04-25,76.12086486816406,76.20191514534672,75.84170619540947,75.86872066433226,241400
2017-04-26,75.86872863769531,76.19291603966762,75.83270705187451,76.17490181154973,241600
2017-04-27,76.22892761230469,76.35499971090961,75.94976207646742,75.95876918934323,181700
2017-04-28,76.34601593017578,76.60716732007204,76.19292931657266,76.55313836713357,128100
2017-05-01,76.74221801757812,76.82326141683014,76.3820091010485,76.51708830354882,297000
2017-05-02,76.60711669921875,76.77821743101799,76.49005175506812,76.77821743101799,1341700
2017-05-03,76.39099884033203,76.63413585320698,76.21989809804946,76.5170709018838,288300
2017-05-04,76.51709747314453,76.58013352581025,76.26495326248163,76.49908324643178,1751200
2017-05-05,76.91331481933594,76.92231506073364,76.60713485148251,76.76022140020258,167100
2017-05-08,76.8592529296875,76.98532497059391,76.67915197708147,76.98532497059391,476400
2017-05-09,76.83229064941406,77.05742042825909,76.72422588221883,76.9673698908042,1369300
2017-05-10,77.38158416748047,77.39059127959293,76.94033185975897,77.12043287952716,246300
2017-05-11,77.35456085205078,77.42660399988159,76.9313159465607,77.16545274180446,106300
2017-05-12,77.48966217041016,77.48966217041016,77.3005471357332,77.39960477469172,896700
2017-05-15,78.083984375,78.09299148672163,77.49864578053169,77.6517391981466,295200
2017-05-16,78.2100830078125,78.24610459651424,77.97594611645893,78.24610459651424,150800
2017-05-17,76.74221801757812,77.80483054261302,76.71520355116078,77.62472264914139,145300
2017-05-18,77.30952453613281,77.54366130826585,76.54408505961904,76.69717158083938,286000
2017-05-19,77.77781677246094,77.98493226379036,77.41760785270672,77.61572310209223,145300
2017-05-22,78.48922729492188,78.50723464917647,77.98493206041564,77.98493206041564,150900
2017-05-23,78.5972900390625,78.68734055675137,78.46221082732215,78.66933320137925,155100
2017-05-24,79.00252532958984,79.02953979705333,78.75037426896479,78.81341031651758,317200
2017-05-25,79.63288879394531,79.7589608937827,79.14660775010933,79.29069407587443,262200
2017-05-26,79.7589340209961,79.7589340209961,79.4707683369703,79.65987642301111,148100
2017-05-30,79.9390640258789,79.97508560826435,79.704934045995,79.7139342887806,134200
2017-05-31,79.98408508300781,80.20020768626651,79.68691220951855,80.1371716407155,120000
2017-06-01,80.55142211914062,80.55142211914062,79.91205445107181,80.16419867279869,652000
2017-06-02,80.97464752197266,81.15475540127316,80.42533051332903,80.56941681676943,366200
2017-06-05,80.83057403564453,81.19078295033299,80.79455245713432,81.03768952406121,428400
2017-06-06,80.63245391845703,80.91161254703161,80.53339630114093,80.63245391845703,714600
2017-06-07,81.11872100830078,81.19976438837098,80.8035408573411,80.8845842374113,323500
2017-06-08,81.38885498046875,81.51492701374733,80.94760286399372,81.2717900553988,260700
2017-06-09,80.5604248046875,81.98324640098285,79.80399218108606,81.66806614114891,338500
2017-06-12,80.29927825927734,80.36231431499314,79.58786741881927,80.20022061880756,2192200
2017-06-13,80.96564483642578,80.98365218860563,80.46134966002236,80.61443619999622,300000
2017-06-14,80.80358123779297,80.9746751935803,80.3173001031236,80.96567494934942,167000
2017-06-15,80.65049743652344,80.72254062149753,80.047151220802,80.10118017432443,143600
2017-06-16,80.55142211914062,80.73153004209894,80.29927789741375,80.73153004209894,134700
2017-06-19,81.75811004638672,81.7941316260834,80.83957694015581,81.01968483863924,162500
2017-06-20,81.06470489501953,81.68606510803114,81.028690186521,81.59601459595747,839900
2017-06-21,81.10070037841797,81.33483713080304,80.97462832799789,81.28980845404809,237400
2017-06-22,80.91162109375,81.1727723969495,80.79455611110771,81.0286929468062,235700
2017-06-23,80.76753997802734,81.03769151788019,80.63246077289404,80.97465547153982,107600
2017-06-26,80.6865005493164,81.26283215627893,80.41634897316098,81.09173821917157,222700
2017-06-27,79.98039245605469,80.82912978295995,79.98039245605469,80.57631411585156,173400
2017-06-28,81.03683471679688,81.13615617952452,80.35061558032756,80.3777019994873,203600
2017-06-29,80.28741455078125,81.29868453126412,79.55605365209593,81.29868453126412,355700
2017-06-30,80.26029968261719,80.72078932795067,80.16097825149211,80.6756407179081,177800
2017-07-03,80.26029968261719,80.81107965932509,80.26029968261719,80.71175822820001,80000
2017-07-05,80.99166870117188,81.06390372922887,80.35962942745176,80.49506838288077,1277900
2017-07-06,80.48605346679688,81.00071608994928,80.2874105440516,80.59440603067053,430100
2017-07-07,81.27157592773438,81.46118770568593,80.80205514438752,80.80205514438752,228700
2017-07-10,81.64176177978516,81.78623182104107,81.12709931305474,81.24448294375284,655900
2017-07-11,81.60563659667969,81.81331053928129,81.1993266990936,81.61466769558673,447000
2017-07-12,82.34605407714844,82.40023379886264,81.98489267218562,81.99391688521112,249600
2017-07-13,82.43634033203125,82.62595211098365,82.20157993911867,82.40022281860537,216700
2017-07-14,82.76140594482422,82.91490023794933,82.13839078145314,82.33703369665625,1932700
2017-07-17,82.74333190917969,82.8878019682017,82.56275122411373,82.78848052480195,207500
2017-07-18,82.68013763427734,82.68013763427734,82.18353035929469,82.49052582620553,315700
2017-07-19,83.10452270507812,83.11355380839403,82.80655829407414,82.89684866109289,203100
2017-07-20,83.02325439453125,83.46568889223524,82.64403072968206,83.20384201258796,167200
2017-07-21,83.00518798828125,83.0593608221046,82.74334114361453,82.80654507931254,148500
2017-07-24,83.05032348632812,83.10449631159173,82.8336184078512,82.97808846016915,326400
2017-07-25,83.29411315917969,83.50178714985088,83.19479171434281,83.38440350301913,210200
2017-07-26,83.31219482421875,83.69142541023416,83.16773160612408,83.57404172627379,285200
2017-07-27,82.84265899658203,83.61916839494941,82.12935353116492,83.60110619198531,370000
2017-07-28,82.8516616821289,82.9419519998461,82.49049352255048,82.55369743382349,439500
2017-07-31,83.05032348632812,83.44760235277997,82.95100204753734,83.30313918917327,518700
2017-08-01,83.30313873291016,83.57400974645583,83.12255116850183,83.35731155787705,356500
2017-08-02,83.3392562866211,83.72751093940019,82.90585302054,83.37536691080923,317600
2017-08-03,83.23993682861328,83.4837214355946,83.05032504791417,83.4837214355946,275600
2017-08-04,83.63720703125,83.88099850166705,83.50177497958572,83.51079919055623,408700
2017-08-07,84.05255889892578,84.0706211006166,83.7184839434726,83.95324434447245,483700
2017-08-08,83.96224975585938,84.5942957879916,83.75458270389636,84.1338061899497,1063500
2017-08-09,84.01643371582031,84.03448902567122,83.38438765167271,83.69138302882106,289800
2017-08-10,82.48147583007812,83.70041253915105,82.42730300838491,83.66430191716276,358200
2017-08-11,82.55371856689453,82.77944786332718,82.3370203711584,82.6710953211034,303400
2017-08-14,83.90808868408203,84.00741011890794,83.32119117521376,83.32119117521376,292600
2017-08-15,83.92613983154297,84.38662947118758,83.79973199143826,84.2963391409286,245800
2017-08-16,84.06159210205078,84.35052533792587,83.77265886617569,84.28732140785044,322600
2017-08-17,82.43634033203125,83.86294422444136,82.42730923149695,83.84488891208407,244600
2017-08-18,82.42732238769531,82.97810250010505,82.1113027056682,82.3460562473384,292800
2017-08-21,82.34605407714844,82.4814930483656,81.8675090157317,82.43635131710137,300600
2017-08-22,83.61013793945312,83.68237297444355,82.72528287131276,82.73430708415249,359900
2017-08-23,83.22187805175781,83.48372487074849,83.11353239473523,83.48372487074849,276300
2017-08-24,83.12255859375,83.59207941444221,82.93294680071685,83.59207941444221,253100
2017-08-25,83.1586685180664,83.63721350756403,83.05934708001469,83.49275034503229,212000
2017-08-28,83.22187805175781,83.411489840259,83.04129736424574,83.411489840259,152500
2017-08-29,83.24895477294922,83.39342481710689,82.4995388071916,83.01420128425929,200400
2017-08-30,83.80879211425781,83.91714468131771,83.1767526948576,83.3573334179111,270100
2017-08-31,84.26927185058594,84.35053109964275,83.97130749328657,84.22412323085736,275600
2017-09-01,84.48594665527344,84.63944089787095,84.42274273839737,84.48594665527344,379600
2017-09-05,83.42955780029297,84.13383217439329,83.02324089228054,84.13383217439329,280900
2017-09-06,83.6823501586914,83.85390659784127,83.3482683794812,83.83584439966222,631300
2017-09-07,83.22187805175781,83.8358620334952,83.05032846523484,83.8358620334952,221100
2017-09-08,83.25798797607422,83.50177945957101,83.07740730502633,83.07740730502633,194300
2017-09-11,84.31439208984375,84.35050959867782,83.953230778924,83.953230778924,203200
2017-09-12,84.7207260131836,84.81101635915421,84.43179277285053,84.54916953374114,185800
2017-09-13,84.8290786743164,84.88325839734001,84.50402789102432,84.60334934640315,182800
2017-09-14,84.71172332763672,85.02774308889532,84.64851937538499,84.74784085588257,274200
2017-09-15,85.13606262207031,85.13606262207031,84.57625148466083,84.7297457535805,172500
2017-09-18,85.70489501953125,85.89450679614436,85.40693070397727,85.40693070397727,281200
2017-09-19,85.9035415649414,86.02994942141486,85.60557723666334,85.87645515122732,266400
2017-09-20,85.88548278808594,86.00285953901678,85.44304841956168,86.00285953901678,236000
2017-09-21,85.6417007446289,86.00286902641926,85.37082969982015,86.00286902641926,321800
2017-09-22,85.6778335571289,85.71395108062694,85.37084494046543,85.43404888440868,129800
2017-09-25,84.87421417236328,85.53334673899015,84.4949906133945,85.53334673899015,251600
2017-09-26,84.89775848388672,85.37766150581844,84.74382172109371,85.37766150581844,429100
2017-09-27,86.01148223876953,86.26501535356032,85.38670617968063,85.56779928788568,633200
2017-09-28,86.10204315185547,86.13826316118863,85.66741685637831,86.13826316118863,179300
2017-09-29,86.63627624511719,86.67249625302513,86.10203976380035,86.28313980334,256000
2017-10-02,86.98942565917969,87.03470240288152,86.65439571726512,86.93509909334641,337400
2017-10-03,87.26107788085938,87.33351100384516,87.02565123343612,87.32446118113545,489100
2017-10-04,87.2882308959961,87.35161418881509,86.98942098345195,87.2338974248221,272300
2017-10-05,87.82245635986328,87.83151308934006,87.33349659202415,87.64136321989048,252700
2017-10-06,87.91300964355469,87.91300964355469,87.66853319509528,87.81341324474604,278400
2017-10-09,87.8043441772461,88.10315405646946,87.60513759109719,88.10315405646946,347800
2017-10-10,87.96733093261719,88.09409750437364,87.57797448843382,88.0578774969775,206900
2017-10-11,88.08504486083984,88.08504486083984,87.70474512793224,88.08504486083984,489100
2017-10-12,87.82245635986328,88.15748626789947,87.74096651935366,88.14842953842269,581200
2017-10-13,88.01261138916016,88.11221469446271,87.63231162796545,88.06694486094574,421600
2017-10-16,88.50157928466797,88.50157928466797,88.18466278800389,88.20277624967699,219500
2017-10-17,88.53779602050781,88.66456261447829,88.4472494402805,88.66456261447829,363300
2017-10-18,88.76414489746094,88.93618819491957,88.52871831803222,88.8094216309794,401800
2017-10-19,89.03581237792969,89.06297566111189,88.13938258334957,88.65551259685637,268000
2017-10-20,89.95938110351562,90.0499276659856,89.62435813155071,89.72395451448575,364200
2017-10-23,89.76924133300781,90.27630766640287,89.6877514901096,90.27630766640287,414400
2017-10-24,90.28533935546875,90.36683608402448,89.95936625776336,89.99558625842604,326500
2017-10-25,89.74205780029297,90.25818074695877,89.09916829888533,90.25818074695877,555100
2017-10-26,89.90507507324219,90.17671482266817,89.71492517616555,89.72397499869672,433300
2017-10-27,91.009765625,91.10936894361434,90.24010926973978,90.24010926973978,321200
2017-10-30,90.7562484741211,91.10938506322847,90.2401252355593,90.2401252355593,323200
2017-10-31,91.00069427490234,91.27234090171379,90.91014770205209,91.19084415036608,438000
2017-11-01,90.79243469238281,91.61642442837537,90.50268150233003,91.61642442837537,472900
2017-11-02,91.14559173583984,91.19086157678561,90.45742521580122,90.910165074831,327800
2017-11-03,91.58924865722656,91.58924865722656,90.98257907769404,91.45342535672793,720700
2017-11-06,91.73414611816406,91.81564288339077,91.49872637031328,91.63454279858801,638100
2017-11-07,91.47152709960938,92.01482027305484,91.24515724676033,91.96048681075449,767200
2017-11-08,91.42627716064453,91.59832049687502,91.0912472185802,91.48060372650208,319600
2017-11-09,90.72901153564453,91.0730980470853,89.93219234015157,90.77428825817871,511500
2017-11-10,90.99165344238281,91.09125676239809,90.75623369349387,90.82866681947253,502900
2017-11-13,91.2179946899414,91.32665470714034,90.58416186026358,90.81958844339808,452800
2017-11-14,91.06409454345703,91.10031456100164,90.5932481319012,90.94638466763357,365600
2017-11-15,90.7562484741211,91.00978172699173,90.18579174689916,90.70191498546095,343400
2017-11-16,91.61641693115234,91.82468025770736,91.21800373683516,91.3628837741361,782000
2017-11-17,91.28141021728516,91.62549693916428,91.19992035679515,91.62549693916428,369700
2017-11-20,91.71603393554688,91.82469397976047,91.39911744191735,91.51682730861933,404200
2017-11-21,92.40418243408203,92.44945226250705,92.11442928077355,92.15969910919857,499500
2017-11-22,92.02385711669922,92.46754693966447,91.97858729746883,92.46754693966447,414800
2017-11-24,92.1959228515625,92.2955261496964,92.07821300297715,92.2955261496964,200800
2017-11-27,92.01481628417969,92.24118612721553,91.87899299670632,92.19590939530461,322300
2017-11-28,93.13761138916016,93.19193794237272,92.09630870027536,92.30457200135615,491500
2017-11-29,92.64868927001953,93.46362244009768,92.26838942673719,93.35496238133314,570400
2017-11-30,93.54508972167969,93.94350293271245,92.78449021871972,93.2643932729579,568900
2017-12-01,92.965576171875,93.65374250816205,91.37193726756627,93.65374250816205,918200
2017-12-04,91.79752349853516,94.05217277810497,91.79752349853516,93.97973274885729,680300
2017-12-05,91.70696258544922,92.62149881407174,91.57113927889968,92.21402889442312,506300
2017-12-06,91.91524505615234,92.09633823043376,91.29951859202905,91.5168317828191,269200
2017-12-07,92.51285552978516,92.70300543006293,91.81563922876663,91.96051238258045,315100
2017-12-08,93.04708862304688,93.19196177141075,92.81166198516158,93.10141519015066,338100
2017-12-11,93.14668273925781,93.18290274983839,92.85692956287383,93.16478929041779,424300
2017-12-12,93.21913146972656,93.45455812381246,93.04709502597231,93.29157150302403,298700
2017-12-13,93.15574645996094,93.72620307639392,93.11952644397617,93.49983315768537,494700
2017-12-14,92.68486785888672,93.63562395036098,92.68486785888672,93.3820839265777,288700
2017-12-15,93.71712493896484,93.88011151953692,93.02895860896493,93.33682522038335,329700
2017-12-18,94.45055389404297,94.53205063224362,94.26040404925419,94.4052840690511,448400
2017-12-19,94.10647583007812,94.66787555407002,93.98876599316065,94.66787555407002,358000
2017-12-20,94.08838653564453,94.62261617223062,94.00688978109524,94.52301286570425,391300
2017-12-21,94.0138931274414,94.55880146902712,93.9684887181742,94.55880146902712,289100
2017-12-22,93.99574279785156,94.1682975863867,93.65064014957944,94.1682975863867,239000
2017-12-26,93.75054168701172,93.85043417186262,93.51441517031381,93.85043417186262,220300
2017-12-27,93.99574279785156,94.0865585548918,93.52349670396349,93.85951569789216,923600
2017-12-28,94.18643188476562,94.27724761665775,94.06837212618551,94.27724761665775,326700
2017-12-29,93.65972137451172,94.60422053645948,93.65972137451172,94.44074939441471,414900
2018-01-02,94.39533233642578,94.39533233642578,93.9594070397539,94.3226769655142,930700
2018-01-03,95.33985137939453,95.42158349222376,94.63147175754627,94.6677994506256,1560300
2018-01-04,96.1390151977539,96.30248631030936,95.87564468703695,95.89380506452213,973200
2018-01-05,96.91098022460938,96.93822426108342,96.14811948814155,96.34791139855072,841900
2018-01-08,97.18343353271484,97.31057698759675,96.68393643939407,97.06536680403977,1006400
2018-01-09,97.54669189453125,97.77373474102764,97.16525464653098,97.42862517992253,660600
2018-01-10,97.44680786132812,97.52853997313824,96.77475594093907,97.26516939819639,1212300
2018-01-11,98.1097640991211,98.1097640991211,97.53761855978618,97.79190546615726,2537000
2018-01-12,99.04518127441406,99.06334858448659,98.27323688749925,98.44579168919502,512100
2018-01-16,98.82720947265625,100.06232310598728,98.3549634028757,99.7353808542939,1775500
2018-01-17,100.47098541259766,100.53455712453994,98.99066873234328,99.45383802152105,949100
2018-01-18,100.3620376586914,100.6889799635944,100.14407150289013,100.48918111850936,1437300
2018-01-19,100.95236206054688,100.95236206054688,100.48919258760505,100.74347953626341,1018000
2018-01-22,101.56989288330078,101.56989288330078,100.62540066110215,100.934175632052,712300
2018-01-23,101.69703674316406,101.89682863160738,101.36101082973124,101.66978578088741,701900
2018-01-24,101.47000122070312,102.15112982205481,100.86152107094215,102.0239794419746,698600
2018-01-25,101.69703674316406,102.07846706946212,101.31559948806807,101.996728040228,668100
2018-01-26,103.1319580078125,103.1319580078125,101.92409512382929,102.142054353667,549600
2018-01-29,102.35091400146484,103.1682696471684,102.23285421384018,103.00479851802768,1237100
2018-01-30,100.77978515625,101.31560297657546,100.49825422887886,101.03407204920434,900000
2018-01-31,101.36100006103516,101.8604970510712,100.90691440783772,101.69702593876825,1011700
2018-02-01,101.26109313964844,101.82416180214602,100.80700752018814,100.86149557730843,1002800
2018-02-02,98.92713165283203,100.7162307951321,98.89080395774783,100.58908732673713,904800
2018-02-05,94.69503021240234,99.40844206445966,93.7232870773614,97.62842692591731,2125000
2018-02-06,96.99271392822266,97.24700082639279,91.43470214285315,91.76164442015715,2300600
2018-02-07,96.66575622558594,98.33678810622139,96.49320145987787,96.85647136878038,959000
2018-02-08,92.57898712158203,97.15617143271211,92.53357578379648,96.70208577004601,1300200
2018-02-09,94.42257690429688,95.21268154885315,90.99876701522777,93.95032391948851,1856200
2018-02-12,96.07544708251953,96.73840828192104,94.74043410143756,95.476050671096,1440000
2018-02-13,96.49321746826172,96.71117667824413,95.3216754553089,95.73035676892408,815000
2018-02-14,98.26416015625,98.33681554406218,95.75761163592212,96.00281490878929,1317300
2018-02-15,99.48109436035156,99.48109436035156,97.81005540870801,99.05425270072529,975500
2018-02-16,99.38118743896484,100.24394741809678,99.17230498750489,99.37210378573687,825900
2018-02-20,99.3630142211914,100.15311872999334,98.96341667636517,99.1178041173039,1290300
2018-02-21,98.89080810546875,100.71623501941588,98.86356406521277,99.76265203765851,858800
2018-02-22,99.05426788330078,99.91702805991024,98.79089730978448,99.36304980455394,614200
2018-02-23,100.60723876953125,100.60723876953125,99.31763688823861,99.6718232228359,518900
2018-02-26,101.787841796875,101.82416948062686,100.81609877510343,101.10671331632118,820800
2018-02-27,100.83427429199219,102.27827049054463,100.82519063749108,101.89683321827904,998400
2018-02-28,99.88069915771484,101.71520243874234,99.81712743334256,101.35193247284431,830700
2018-03-01,98.09161376953125,100.28030366261171,97.33782969926402,100.00785634735317,1366400
2018-03-02,98.40945434570312,98.66374123138847,96.35698502313173,96.92913744472173,956600
2018-03-05,99.58101654052734,99.87163117308377,97.4922191054785,97.89181682354335,504700
2018-03-06,99.87162017822266,100.12590708761516,99.20865193976478,100.1077467064294,463700
2018-03-07,100.10774993896484,100.3438695459974,98.6728372710031,98.96345188094989,720100
2018-03-08,100.54367065429688,100.63448642280115,99.78988661099334,100.552754309787,519200
2018-03-09,102.5143814086914,102.55979274855875,101.08855263970757,101.2792677953146,705800
2018-03-12,102.45082092285156,102.9412343462375,102.26918940106349,102.87766262073183,1527300
2018-03-13,101.67887115478516,103.15011134670256,101.38825657810001,103.05929559063809,1301500
2018-03-14,101.13397979736328,102.18745514483648,100.70713807952203,102.1783784184815,729200
2018-03-15,101.22479248046875,101.78786129327686,100.83427846633379,101.36101958843184,475500
2018-03-16,101.34284210205078,101.74243973093617,101.34284210205078,101.45182516323712,619600
2018-03-19,100.18944549560547,101.07945631129273,99.35392966294972,101.07945631129273,790300
2018-03-20,100.95236206054688,101.32470882713956,100.44378123443047,100.44378123443047,498900
2018-03-21,100.59815979003906,101.83327365535361,100.59815979003906,101.09765691527622,521100
2018-03-22,97.30604553222656,99.69135721921126,97.18769299681097,99.69135721921126,913900
2018-03-23,94.86612701416016,97.50635658376311,94.83881542020242,97.50635658376311,2312100
2018-03-26,98.08904266357422,98.16187822302363,95.80388429019392,96.77803732339088,2333800
2018-03-27,95.46701049804688,98.95393423335669,94.70225113225972,98.65349280586959,1838700
2018-03-28,94.88432312011719,96.04055772413521,94.21971101508204,95.48519892219568,1267900
2018-03-29,96.43204498291016,97.3606807418329,94.95716351847183,95.47610457928889,518300
2018-04-02,93.39125061035156,95.81297367215215,92.189491786951,95.31224488089057,2400600
2018-04-03,94.49285888671875,94.72957094907885,93.10901123320771,93.92839379831553,4003400
2018-04-04,95.5853500366211,95.8402674751722,92.25320403187851,92.59005624168708,1255600
2018-04-05,96.40473175048828,96.91456662373729,95.88579069850863,96.39562557175763,1173400
2018-04-06,93.88288116455078,96.14072773142222,93.13633411399125,95.57626956269466,1610000
2018-04-09,94.27434539794922,96.0132504717315,94.14688667823656,94.4655334775182,776100
2018-04-10,96.39563751220703,96.71429129343825,95.3850668732819,95.81296702889634,1005600
2018-04-11,95.70375061035156,96.61417439374006,95.53076786879343,95.73106221249606,582800
2018-04-12,97.21500396728516,97.62469864138485,96.12249872831045,96.48666945662832,806400
2018-04-13,96.24996948242188,97.94335767686474,95.75833997958557,97.91604608437046,825300
2018-04-16,96.91456604003906,97.30604837134864,96.49577211868124,97.1603842424316,462100
2018-04-17,98.5260009765625,98.79912377219479,97.6337831738168,97.9251183234113,5679800
2018-04-18,98.75363159179688,99.14511394861263,98.35304305571202,98.91750808874254,1242900
2018-04-19,98.56243133544922,98.75361940062031,98.06169572715918,98.58974292390528,557700
2018-04-20,97.91604614257812,98.66259310377782,97.42441663944957,98.48961042323822,594500
2018-04-23,97.65204620361328,98.50783974254254,97.14220421776064,98.24382298688174,511500
2018-04-24,95.88581848144531,98.56246623352027,95.10285358724627,98.26202476216875,967200
2018-04-25,96.0314712524414,96.2954879478754,94.62941826664695,96.16802921698317,610400
2018-04-26,97.5792007446289,97.95247080496544,96.46848285244083,96.81444131640893,469400
2018-04-27,97.63382720947266,98.56246319300637,97.16040998259854,98.45320985789034,550800
2018-04-30,96.91456604003906,98.32572505768454,96.91456604003906,98.0343898538713,491100
2018-05-01,97.51542663574219,97.51542663574219,96.195315813012,96.90544477674149,868900
2018-05-02,96.65055084228516,97.69753218861447,96.486674353524,97.45172092846236,618900
2018-05-03,96.8599624633789,97.18771550224996,95.04822151504993,96.39564450064817,1214400
2018-05-04,97.87962341308594,98.16185244937304,95.88579390904628,96.4229473364727,607400
2018-05-07,98.66260528564453,99.01766992408055,98.1618695411934,98.34395147773164,781500
2018-05-08,99.08139038085938,99.1997429343615,98.43499053453856,98.63527786831598,578000
2018-05-09,100.38329315185547,100.49253952218059,99.09048655317643,99.37272255046922,615100
2018-05-10,101.07521057128906,101.26640561242884,100.46522851349592,100.80208769790906,1101300
2018-05-11,101.14806365966797,101.43939894272555,100.82031059798057,101.15716984082069,532800
2018-05-14,101.166259765625,101.72161864502274,100.96596548833665,101.5213243677344,574000
2018-05-15,100.51985168457031,100.71103976649165,100.07373921410782,100.71103976649165,4503800
2018-05-16,100.93865966796875,101.15715937115216,100.51986567604207,100.68373524394438,984700
2018-05-17,100.6837387084961,101.18447444758469,100.21942769150182,100.82940981295116,607100
2018-05-18,100.51985168457031,100.82028612988707,100.29224583285738,100.58358104521075,437800
2018-05-21,101.51222229003906,101.85818072643879,101.15715767358192,101.384763553156,624800
2018-05-22,101.11162567138672,101.94011434116406,100.99327312398124,101.90369656981322,2383900
2018-05-23,101.53953552246094,101.53953552246094,100.14658862835073,100.60180039484324,728000
2018-05-24,101.48490142822266,101.63056556593828,100.36507754674948,101.50310684069477,553400
2018-05-25,101.1935806274414,101.47580970984554,100.98418015128377,101.30282700980143,680300
2018-05-29,99.90985107421875,100.97505161498437,99.32718071744743,100.5107337867521,743800
2018-05-30,101.26638793945312,101.43026441327339,100.5380465122567,100.71102916406103,551000
2018-05-31,100.25582122802734,101.14803221616624,100.1374617477791,101.1298268055013,675000
2018-06-01,101.84907531738281,101.84907531738281,101.01148045238754,101.13893918154295,700200
2018-06-04,102.57742309570312,102.58652927637809,101.93102318739473,102.14042366703468,452500
2018-06-05,103.05992889404297,103.05992889404297,102.51367622843797,102.75038826372595,891200
2018-06-06,104.05232238769531,104.05232238769531,103.00533377488101,103.33308685273559,600800
2018-06-07,103.1510009765625,104.29812975947812,102.59564200163526,104.26171198043586,1020600
2018-06-08,103.49694061279297,103.54246456480162,102.85054078095325,102.86874619416879,1009500
2018-06-11,103.40592193603516,103.80650362691082,103.36039797421728,103.62442167160201,499200
2018-06-12,103.69722747802734,103.84289161128237,103.32395054697375,103.72453906888894,1445300
2018-06-13,103.66991424560547,104.33451943264542,103.62439029757073,104.02497881314282,1425400
2018-06-14,104.10690307617188,104.41645061040887,103.86109184114184,104.2616733703011,724300
2018-06-15,103.8155746459961,104.0067627181091,103.18738030478265,103.55155103803652,658400
2018-06-18,103.92483520507812,103.97035220867566,102.92337082819894,103.18738750861132,730800
2018-06-19,103.24202728271484,103.28754429056481,102.0675801228953,102.85965107607038,727700
2018-06-20,103.80645751953125,104.1615289828408,103.46049917971517,103.82466987456162,484200
2018-06-21,102.85054016113281,104.14333981702129,102.70486907236688,104.02498726688383,505900
2018-06-22,102.10400390625,103.36038592173387,102.06758613023851,103.36038592173387,975300
2018-06-25,99.80973815917969,101.52133899647374,99.08140343661239,101.52133899647374,1298200
2018-06-26,100.27550506591797,100.78692616303032,99.95585991263287,100.19330840811641,2638600
2018-06-27,98.87820434570312,101.28920611532162,98.86907680418747,100.64078835308575,984100
2018-06-28,99.99237823486328,100.33941990729586,98.66816007688661,98.80514984402637,843700
2018-06-29,100.18415832519531,101.16134175105044,100.16589627496133,100.61338966537642,1468200
2018-07-02,100.6133804321289,100.63164944827516,99.07911055248766,99.29829694071367,1241200
2018-07-03,99.79146575927734,101.27094277567693,99.68187951423323,100.98783568586052,797400
2018-07-05,100.46726989746094,100.52206301440826,99.65447281399521,100.35767669597763,1403200
2018-07-06,101.38052368164062,101.52664097982525,100.10196422647981,100.48552997275151,635600
2018-07-09,102.54035949707031,102.56775605609256,101.73669690619975,102.04720053190357,609900
2018-07-10,102.79607391357422,103.11571902789171,102.4947047852811,102.97872925998264,2905100
2018-07-11,102.25723266601562,102.69559146082271,101.88279451817996,101.97412565405324,942100
2018-07-12,103.68191528320312,103.70931183853742,102.82345272226051,102.8782528005169,1018400
2018-07-13,103.52665710449219,103.83716066924227,103.09742585050098,103.76410551538703,904100
2018-07-16,103.59062194824219,103.87372906109387,103.43537011007126,103.72761173328297,615800
2018-07-17,104.1476821899414,104.31206849673761,102.69560198531022,102.91478837276391,637700
2018-07-18,104.41254425048828,104.50386844306179,103.8828541789369,104.22988889775198,761600
2018-07-19,103.70020294189453,104.33034473063455,103.67279941404577,104.08376872070829,545900
2018-07-20,103.79149627685547,104.1933239871908,103.71843415949014,103.87368593320122,647500
2018-07-23,103.9832992553711,104.0289648294686,103.26182638367827,103.5997335162701,554200
2018-07-24,103.90108489990234,104.85087154496301,103.50838471942136,104.65908870811238,588100
2018-07-25,105.28924560546875,105.31664216038394,103.7367068069275,103.90109310400626,613800
2018-07-26,104.9696044921875,105.32577363099068,104.53123872342107,105.02439760043798,479700
2018-07-27,103.38967895507812,105.29838702803923,102.7412682316821,105.088335147249,907000
2018-07-30,101.57231903076172,103.44448938471353,101.20701528904767,103.41709282341311,1866200
2018-07-31,101.94673919677734,102.48556372475198,101.27093187723918,102.12026002287591,1006500
2018-08-01,102.15678405761719,102.67733953249063,101.7001562036023,102.21157717047079,936100
2018-08-02,103.21614837646484,103.2618139450616,101.38050957434508,101.46269923671424,832400
2018-08-03,103.24359130859375,103.53583294344078,102.75043224336625,103.39884315294589,477200
2018-08-06,103.78237915039062,103.78237915039062,102.96044761135188,102.96044761135188,819000
2018-08-07,104.27552795410156,104.55863496934458,104.02895200011369,104.16593477033612,771300
2018-08-08,104.45818328857422,104.63170409926035,104.04722101520892,104.2937969857105,976900
2018-08-09,104.47644805908203,104.84175171366797,104.36685487242994,104.5403756760655,325000
2018-08-10,103.9559097290039,104.28468237549511,103.62713708251272,103.85545103326555,389000
2018-08-13,103.48099517822266,104.62256473748322,103.46273313101305,104.17507142117762,613800
2018-08-14,104.21162414550781,104.29381382641716,103.48101668867567,104.07463437640315,450000
2018-08-15,102.83260345458984,103.7458592702924,102.24812028994732,103.65453508223993,750300
2018-08-16,103.59973907470703,104.09289803754848,103.47188382148022,103.75499088682692,377600
2018-08-17,103.67280578613281,103.86459565491684,102.98786386718545,103.51755395672623,883200
2018-08-20,104.22074127197266,104.41252412969635,103.59059261974626,103.92849973150017,1708000
2018-08-21,104.55867004394531,104.99703595847109,104.12031109700936,104.40341820722175,613700
2018-08-22,105.00615692138672,105.20706734838451,104.36687366882994,104.36687366882994,376800
2018-08-23,105.1340103149414,105.59063821542182,104.77784110997379,104.97875153341057,485300
2018-08-24,106.30297088623047,106.35776400170151,105.48103931622273,105.49930136551694,562100
2018-08-27,107.17053985595703,107.27099852616708,106.7230465771222,106.99702603543817,578400
2018-08-28,107.30754089355469,107.6454479987426,106.96963378836678,107.53585481034948,1731600
2018-08-29,108.23907470703125,108.32127135244835,107.41715005839312,107.58153638163851,786300
2018-08-30,107.70938873291016,108.28473736496376,107.42627470364907,107.91943366009015,1033200
2018-08-31,107.92857360839844,108.10209444466629,107.53587332519523,107.67286309237569,440200
2018-09-04,108.28472137451172,108.36691800557487,107.45366236204603,107.82809355274729,923500
2018-09-05,106.43081665039062,108.22079692802635,106.1842337175662,108.20253488035941,788100
2018-09-06,106.4947509765625,107.09749613376685,105.91940237637812,106.7321994167161,945200
2018-09-07,106.18426513671875,106.96053826021948,105.70937511339595,106.12947200991724,571600
2018-09-10,106.5586929321289,106.91486215647387,106.23905477792049,106.91486215647387,542800
2018-09-11,107.12490844726562,107.2801602615084,106.03813181238849,106.29384232233868,638100
2018-09-12,107.27101135253906,107.38060454248689,106.23903494231823,107.23448028922311,1999000
2018-09-13,107.88288116455078,108.2390502899714,107.57237760601477,107.919412224541,815200
2018-09-14,108.06555938720703,108.47652170599207,107.6911211685724,108.22081119940682,543500
2018-09-17,106.76874542236328,108.18428781798609,106.6317556505058,108.17515330850513,705800
2018-09-18,107.91030883789062,108.20255041563513,106.92399090015708,107.00618057784047,522100
2018-09-19,107.46279907226562,108.20254094461019,107.27101620686909,107.88289586802777,455400
2018-09-20,108.1751480102539,108.31213777540185,107.66372698579639,108.12948940026385,766300
2018-09-21,108.06555938720703,108.73223221257732,107.92856962508245,108.60437695928469,530500
2018-09-24,108.27558898925781,108.3760476694219,107.28014366274358,107.92855434624683,735400
2018-09-25,108.64090728759766,108.75962803125029,108.27560358028131,108.59524867892605,576200
2018-09-26,108.47157287597656,109.3868675424241,108.30681955669024,108.86514986187477,552200
2018-09-27,108.77360534667969,109.1031119565891,108.64546466317532,108.96582335507978,474200
2018-09-28,108.9200668334961,109.36855927105951,108.55394756515801,108.57225736930424,1740300
2018-10-01,109.48754119873047,109.88111815114151,109.14887968702773,109.6339847016671,1151600
2018-10-02,109.00244903564453,109.61570182876675,108.85600550606021,109.51501884705166,2931500
2018-10-03,109.35942077636719,109.83537097802156,109.17635763485026,109.81706815544229,1106900
2018-10-04,107.62035369873047,109.14889418877372,106.87896023494774,109.10312666000702,1232400
2018-10-05,106.5311508178711,107.96816323431936,105.570088578395,107.52882568375189,3572900
2018-10-08,105.5426254272461,106.43961727017565,104.2795213053844,106.16502607783245,753700
2018-10-09,105.5700912475586,106.2657172005467,105.20397894054399,105.29550701729764,715500
2018-10-10,100.8380126953125,105.1765144838172,100.69156917850897,105.15820467975165,3019000
2018-10-11,98.90673065185547,101.70753683138113,98.09211902959865,100.26136971066813,3524900
2018-10-12,101.41466522216797,101.86315771264698,99.74882898867233,101.3872005127082,1956000
2018-10-15,100.14237976074219,101.39632882119055,100.00508418203398,101.26818814323441,983400
2018-10-16,103.10796356201172,103.24525918256273,101.11262056168694,101.14007828916807,3786100
2018-10-17,103.08049011230469,103.76696112721127,101.97298437956604,103.29100397964858,1948500
2018-10-18,101.0119400024414,103.05304360329394,100.46276449016987,102.63200881111425,1253700
2018-10-19,99.88612365722656,101.82655123743638,99.70306748196802,101.26822082480868,1340800
2018-10-22,100.21562957763672,100.70988962675469,99.33694737358658,100.22478448127188,1208800
2018-10-23,99.18134307861328,99.73967345396086,97.06701436802669,98.10129495715427,2105800
2018-10-24,95.42861938476562,99.38269187827103,95.2547111717249,99.3643820752437,1188200
2018-10-25,98.14707946777344,98.71455786123839,95.95037021561447,96.37140504994679,1529600
2018-10-26,95.9778060913086,97.52465642194949,94.69639207074566,96.02357362113551,2399800
2018-10-29,94.650634765625,98.05552541713195,92.92072123957557,97.60703293867573,1675900
2018-10-30,96.17916870117188,96.23408414853668,93.99161492797846,94.30281177390484,1915400
2018-10-31,98.18363189697266,99.38267236668148,97.51547086367322,97.51547086367322,2562400
2018-11-01,99.89524841308594,99.95016385246123,97.79922301816097,98.54976428324449,1917200
2018-11-02,99.20877838134766,101.14005049238772,98.53146235142992,100.04169979613499,2011400
2018-11-05,99.76712799072266,99.97764885631432,98.41248868487044,99.21795253602654,2929900
2018-11-06,100.0142593383789,100.30715339392552,99.26371788459417,99.5291542135497,1706800
2018-11-07,102.98896789550781,103.07134805880095,100.86548423734719,100.97532212735634,1705500
2018-11-08,102.7967529296875,103.17202713563817,102.28419009535962,103.08049905567175,1905600
2018-11-09,101.37804412841797,102.43978236176248,100.63665066409568,102.15604323600691,1476000
2018-11-12,98.65962219238281,101.29566856518126,98.46741113236942,101.07599977990093,1813100
2018-11-13,98.48571014404297,99.90441974852791,98.12874576309544,98.9250546807485,1553500
2018-11-14,97.54296875,99.69391018173648,96.8473427310777,99.36440348767567,2131800
2018-11-15,98.961669921875,99.22710623477194,96.23408852080753,97.14938326190948,1894700
2018-11-16,98.38501739501953,98.89758713412544,97.53379311350028,97.53379311350028,1039900
2018-11-19,95.16319274902344,98.16535830049057,94.7696157417796,98.1104428521315,1843100
2018-11-20,93.50650787353516,94.61401359850977,92.17017149538493,92.59121319340962,2403700
2018-11-21,93.89093780517578,94.96183099441102,93.77194501760866,94.61402150084554,1226300
2018-11-23,93.2319564819336,93.93673061395246,92.90244969775284,93.08550591867673,452700
2018-11-26,95.30964660644531,95.3920267710606,94.17468299071602,94.33943633680134,1093700
2018-11-27,95.6025390625,95.6300037723407,94.37604738246408,94.8886102358349,1476600
2018-11-28,98.888427734375,98.888427734375,96.06016383740668,96.37136762733044,1957600
2018-11-29,98.46741485595703,99.08981559040834,97.66195097422884,98.6138583906335,2390900
2018-11-30,99.57489776611328,99.64812300815146,98.11957575896422,98.476540084971,1657000
2018-12-03,100.8380126953125,102.13772945819969,100.07831643890812,102.13772945819969,1524400
2018-12-04,97.82669830322266,100.81971598317077,97.67109987495846,100.42613896964423,1574100
2018-12-06,98.15621185302734,98.15621185302734,95.09913058987034,95.70322152328878,2640100
2018-12-07,95.30048370361328,98.21112103809834,94.906906715571,97.93652984341055,1593900
2018-12-10,96.00527954101562,96.38970171520708,93.91840832895255,95.07168183467269,1633600
2018-12-11,96.17000579833984,97.62532788073563,95.48353483081105,97.62532788073563,1537800
2018-12-12,96.76497650146484,98.02808093068543,96.75582159732059,97.41483503279075,1710600
2018-12-13,96.92972564697266,97.66195733433064,96.24325451205522,97.15854935861181,1288400
2018-12-14,94.72386169433594,96.17918413128123,94.41266479848397,95.78560706802136,1459100
2018-12-17,92.34043884277344,94.42613522279707,91.73402065573845,94.13211619543765,2484500
2018-12-18,92.4415283203125,93.25926913418922,91.66972382712203,93.02037643272931,2321700
2018-12-19,91.26547241210938,94.16891070295561,90.48448468574068,92.51505557828713,2151400
2018-12-20,89.49211883544922,91.25623281499003,88.38035928553134,90.9254605675804,5691400
2018-12-21,87.6269760131836,90.84281335420889,87.2962036115949,89.93318574485541,3945300
2018-12-24,85.26560974121094,87.47074914023436,85.26560974121094,86.94702748147121,2311600
2018-12-26,90.02506256103516,90.02506256103516,85.54126250161963,85.63314215645046,3268100
2018-12-27,90.89793395996094,90.89793395996094,87.41564090562873,88.56415416853638,2833400
2018-12-28,90.87037658691406,92.18427612428387,90.19964171400399,91.64217418426573,2650700
2018-12-31,92.0924072265625,92.1291534888544,91.02658336087977,91.46761561805157,2068300
2019-01-02,91.47676849365234,91.88104734516068,90.3006922092291,90.50283163498327,2288000
2019-01-03,88.95004272460938,90.91629664404219,88.78465655335017,90.91629664404219,2204400
2019-01-04,91.92698669433594,92.34963865263572,90.00666924274785,90.19043553546555,1742800
2019-01-07,92.80904388427734,93.39708200113317,91.8902334504442,92.03723947467451,1426900
2019-01-08,93.95755004882812,94.14130931815656,92.69877732303128,93.6083976231506,1273600
2019-01-09,94.50885772705078,94.88556642328427,94.04026236396027,94.21483861902641,1356900
2019-01-10,94.63748931884766,94.7018057787627,93.35115311057838,93.91162812268165,1530500
2019-01-11,94.7018051147461,94.7018051147461,94.0770136471086,94.13214003808686,1032600
2019-01-14,93.87487030029297,94.34346563404584,93.75542745481276,93.85649717405296,972800
2019-01-15,95.35417175292969,95.46443155870152,94.15053199895634,94.20565839685764,5383500
2019-01-16,95.20716094970703,95.84113552392436,95.18878081134197,95.39092027354445,1991100
2019-01-17,95.9330062866211,96.30052487334795,94.83961956419586,94.86718275720361,1183500
2019-01-18,96.94369506835938,97.19177081193783,96.15351749997227,96.75074571002777,1354600
2019-01-22,95.87786102294922,96.59453199231241,95.11524673094814,96.36482939905667,1658800
2019-01-23,96.1718978881836,96.78749926982378,95.20715102366572,96.38322739753598,1165900
2019-01-24,95.88705444335938,96.43833928446233,95.34495265913174,96.153510302052,1091200
2019-01-25,96.5118637084961,96.91614260497626,96.32809738738311,96.64968669683873,1232000
2019-01-28,95.54710388183594,95.94219268529639,94.95906571063452,95.61142033774959,869600
2019-01-29,95.1520004272461,95.56546930299925,94.67422211544933,95.54708916987234,573600
2019-01-30,97.14583587646484,97.37553849821855,95.89625305332724,96.07082227908202,1165600
2019-01-31,98.03707885742188,98.22084516586074,96.9436991145742,96.97126230834806,1346100
2019-02-01,98.22087097167969,98.43219351944582,97.89009853955295,98.17492763000719,1142000
2019-02-04,98.40459442138672,98.40459442138672,97.58685370970223,98.11976543483534,812000
2019-02-05,98.56079864501953,98.83644459731298,98.37703935013575,98.56998871275405,1113000
2019-02-06,98.63430786132812,98.68944125927354,98.13814933962713,98.45054856142463,1010500
2019-02-07,98.19328308105469,98.39541550766842,97.46742192695127,98.00033371249069,1400200
2019-02-08,98.56999969482422,98.56999969482422,97.59606270548801,97.59606270548801,1154400
2019-02-11,98.56999969482422,98.93752533550703,98.3311069768851,98.80889241276333,827500
2019-02-12,99.59906005859375,99.75525616191754,98.87319891906999,99.13046473865454,1922500
2019-02-13,99.64501190185547,99.94822109787575,99.3877460421906,99.82877823730819,1002100
2019-02-14,99.52558135986328,99.93904339836169,99.13049245219979,99.23156219671625,696200
2019-02-15,100.572998046875,100.5913781827417,100.0768395279924,100.0768395279924,988600
2019-02-19,100.64651489257812,100.94972407576442,100.38005897492671,100.38005897492671,782800
2019-02-20,100.60973358154297,100.8853794912325,100.20545478332276,100.64648683683268,835600
2019-02-21,100.80271911621094,100.90378885206376,100.1595544425741,100.35250384466516,859900
2019-02-22,101.51937103271484,101.58368748785496,100.87620648131369,101.00483939159392,724800
2019-02-25,101.3264389038086,102.180933101723,101.26212243772768,101.96961057458675,1683500
2019-02-26,101.3264389038086,101.6020849069948,101.05998297005367,101.20699604107806,938100
2019-02-27,101.10590362548828,101.22534646142343,100.6740615886934,101.02320703909668,760300
2019-02-28,101.3631820678711,101.69395443473616,100.95890317282083,101.03240970100603,1037100
2019-03-01,101.86851501464844,101.97876777999598,101.32641321514305,101.96958472286187,1077000
2019-03-04,101.0875015258789,102.27276760018917,100.26057790144633,102.19926810710504,1646000
2019-03-05,101.04158020019531,101.23452954183556,100.83025072508438,101.12426977091242,927100
2019-03-06,100.48111724853516,101.13347186498618,100.2973579517766,101.07834547795218,952700
2019-03-07,99.87469482421875,100.44435983657881,99.5898658230225,100.28816373979167,1963100
2019-03-08,99.5898666381836,99.64499302339085,98.8823856581426,99.22234104687747,1322800
2019-03-11,100.89459228515625,100.9129724232018,99.83796567650619,99.83796567650619,753100
2019-03-12,101.30806732177734,101.51938985214025,100.98648498646259,101.05998451312799,2136100
2019-03-13,101.88687133789062,102.25439685170164,101.4825925717019,101.602042394421,963800
2019-03-14,101.9052505493164,102.09819986508334,101.57447829086848,101.92362367035638,513100
2019-03-15,102.47494506835938,102.74140098348268,101.9696034444788,102.05229303367128,742400
2019-03-18,102.50251770019531,102.686284043042,102.09824576587103,102.50251770019531,941800
2019-03-19,102.72303771972656,103.127309655657,102.35551204254223,102.77816411781498,746800
2019-03-20,102.40190887451172,103.04780022014263,101.98668697544525,102.6418073516388,843100
2019-03-21,103.5091552734375,103.63833354516049,102.02359810893533,102.06973622298833,925400
2019-03-22,102.33731079101562,103.5091441412424,102.3004017116803,103.03856217932575,1470500
2019-03-25,102.44804382324219,102.73408042431466,101.96823981115082,102.09741808516341,935900
2019-03-26,103.12162780761719,103.45380254134649,102.67872581608201,102.90940232341134,1144200
2019-03-27,102.61412811279297,103.30615757703329,102.05127691870248,103.18620833751922,1059900
2019-03-28,102.83557891845703,103.05703342279944,102.37422592727563,102.77098978127916,827600
2019-03-29,103.5091552734375,103.5552933874905,102.88171493663107,103.30615883510485,1155000
2019-04-01,103.86900329589844,104.247316095458,103.58296671845696,104.14581788287799,1210700
2019-04-02,103.67521667480469,104.03507134733233,103.43531121322424,103.79516588575189,972500
2019-04-03,103.62911224365234,104.03510515059885,103.45380288448864,104.01665412741417,873900
2019-04-04,103.39842224121094,103.77673504416332,102.92784729468778,103.67523683067303,924800
2019-04-05,103.83208465576172,103.95204091759662,103.55527713395362,103.62908824929042,779700
2019-04-08,103.89669799804688,103.93360708416152,103.25080659026158,103.6567924581459,795800
2019-04-09,103.73059844970703,103.80441661326815,103.35229268090953,103.66600931651294,1511500
2019-04-10,104.03512573242188,104.15507500607339,103.71217996513724,103.89671839224567,577000
2019-04-11,103.73059844970703,104.18272942175318,103.4076527837366,104.1365913096056,1024300
2019-04-12,104.07200622558594,104.28422465447157,103.95205698489787,104.191955466274,716600
2019-04-15,104.3303451538086,104.35802520162574,104.01662855896559,104.12734875023412,484500
2019-04-16,103.67521667480469,104.8193698120801,103.40763116759689,104.7455516639498,639900
2019-04-17,102.79867553710938,103.98896004395135,102.56799904451881,103.97050902200677,623300
2019-04-18,103.0201187133789,103.11238789863928,102.17123094548336,102.84480233360289,848700
2019-04-22,103.0201187133789,103.232337135509,102.70639503586854,102.7986712608165,433900
2019-04-23,103.8413314819336,103.94282970256454,102.91862550506163,103.09394189336744,582400
2019-04-24,104.01665496826172,104.27501153306588,103.78597845830254,103.84133856799245,561300
2019-04-25,104.5149154663086,104.67178085139606,103.67525658705948,104.04434043011253,646700
2019-04-26,105.34534454345703,105.35457357476358,104.51490771807448,104.66254406022615,562400
2019-04-29,105.17003631591797,105.3914837918348,105.05008002670976,105.29921459684348,420400
2019-04-30,105.84359741210938,105.9820047108893,105.02238968961953,105.2253861225384,855400
2019-05-01,105.03163146972656,106.01892666266082,104.97626431968108,105.97278854423766,1899900
2019-05-02,104.98548889160156,105.34534367301256,104.30268841401252,104.8932196983633,830900
2019-05-03,105.73289489746094,105.81594211202979,105.23463976880504,105.47453830047216,478900
2019-05-06,105.66828918457031,105.7790164400757,104.09969178319571,104.19196097627277,581200
2019-05-07,104.1181411743164,105.16080345484355,103.43534070862039,104.85630878674156,896900
2019-05-08,104.0535659790039,104.63487533958067,103.63835104118252,103.97052580731524,1069500
2019-05-09,103.89669799804688,104.09969445183322,102.85404271413964,102.95554094103281,843200
2019-05-10,104.78248596191406,104.98548239829594,102.74330664681135,103.62910351855136,1013700
2019-05-13,103.17698669433594,103.67524878902698,102.71563368514293,102.99244830653404,1062300
2019-05-14,103.71214294433594,104.31190317788422,103.3799682623611,103.49069550291512,669000
2019-05-15,104.15504455566406,104.4318591550879,103.14929845448694,103.26002570219401,646500
2019-05-16,105.30843353271484,105.825153681111,104.36727650761263,104.36727650761263,496400
2019-05-17,105.01317596435547,105.714434551275,104.64409916673445,104.64409916673445,753100
2019-05-20,104.66253662109375,105.03162041055121,104.3395909452014,104.37650002811591,536800
2019-05-21,105.2623062133789,105.58525191784787,105.08698981394359,105.14234992337016,766100
2019-05-22,105.60369110107422,105.6959673260239,104.93934874337464,104.93934874337464,380400
2019-05-23,104.88398742675781,105.18848209075617,104.31191422254173,104.90244548864813,710700
2019-05-24,105.04084014892578,105.47451306426164,104.81939269587532,105.16079642574746,484600
2019-05-28,104.17350769042969,105.84360327981375,104.17350769042969,105.19771190261771,2186200
2019-05-29,103.5091552734375,103.89669008860646,103.03857326091072,103.67524262846531,3204400
2019-05-30,104.30269622802734,104.45032554033084,103.58298661128707,104.17351793987851,1111100
2019-05-31,103.51839447021484,104.04433663950513,103.08472149840402,103.34307806722191,1119400
2019-06-03,102.81713104248047,104.0351026948818,102.18969067368656,103.4353423800557,1166600
2019-06-04,104.81938171386719,104.81938171386719,103.28769368452025,103.60141029016609,757900
2019-06-05,106.5817642211914,106.60944427281302,105.2715164470386,105.6313782371823,2331200
2019-06-06,107.4122085571289,107.71669618616676,106.5448626667052,106.7478591125225,1091200
2019-06-07,108.80549621582031,109.28530730620379,107.86433913805045,107.86433913805045,1141200
2019-06-10,109.03618621826172,109.68208475988403,109.03618621826172,109.1653645186483,1636200
2019-06-11,108.63018798828125,109.87583976646945,108.10424581350452,109.75588347277514,646800
2019-06-12,108.93466186523438,108.99925099994583,108.50098894373417,108.51021797431801,693500
2019-06-13,109.11920928955078,109.38679486391207,108.70398738187797,109.34065674983026,626700
2019-06-14,108.90699005126953,109.18380467222224,108.63940446159879,108.87930999711192,312400
2019-06-17,108.82640075683594,109.11354646658248,108.60410009994384,109.0857527010118,849400
2019-06-18,109.65077209472656,110.021277899502,109.40994932841141,109.57667658721984,1027200
2019-06-19,110.43810272216797,110.62335209642127,109.40995244139768,109.82676706687292,816900
2019-06-20,111.56812286376953,111.83673937347407,110.66039113686024,111.38287351001944,1027200
2019-06-21,110.91976928710938,111.61446512815598,110.84566670136296,111.4292157306015,473200
2019-06-24,110.89196014404297,111.45697987910165,110.75301959058737,111.04942280678127,749600
2019-06-25,109.61373138427734,111.02165216491319,109.53963586962108,110.79008689793595,976900
2019-06-26,109.02090454101562,110.13242185536903,108.97459573634036,110.01200341623178,719300
2019-06-27,109.39143371582031,109.53037429319085,109.11355962789055,109.42848500757322,671800
2019-06-28,109.85455322265625,109.9564424980345,109.28953344712615,109.79897982401742,528200
2019-07-01,111.00310516357422,111.59591865332054,110.44735002542265,111.02163433937159,1390600
2019-07-02,111.7533950805664,111.7533950805664,110.93828084850668,111.05869930559415,1235200
2019-07-03,112.89268493652344,112.89268493652344,111.89232845565002,111.89232845565002,829000
2019-07-05,112.4758529663086,112.55921304901183,111.4106515975306,112.37396370957622,1560000
2019-07-08,111.92013549804688,112.11464948987407,111.69782773583435,112.09612030961718,601900
2019-07-09,112.27208709716797,112.3832409534333,111.47550212762499,111.47550212762499,991000
2019-07-10,112.85564422607422,113.28173053272371,112.66113025137479,112.8278575249473,611600
2019-07-11,113.06867980957031,113.17056908475497,112.56849802233938,112.99457723365227,1052200
2019-07-12,113.44844818115234,113.45770570286851,112.6240694057329,113.2354050459025,907800
2019-07-15,113.68927764892578,113.78190233921981,113.42992568937812,113.59665295863174,538300
2019-07-16,113.1890869140625,113.78189336536336,113.06867553285805,113.7077978590585,619700
2019-07-17,112.7259521484375,113.49475041496808,112.7259521484375,113.26318518289092,2444600
2019-07-18,113.4206314086914,113.49473396825218,112.43879722834274,112.54068648103654,938500
2019-07-19,112.494384765625,113.9300920037787,112.45734054799374,113.92082741596593,1003400
2019-07-22,113.03162384033203,113.31876247660918,112.64259593309002,112.77227190217069,666400
2019-07-23,113.2724380493164,113.71703929148306,112.49437527531076,113.44842986886242,608200
2019-07-24,113.61518859863281,113.61518859863281,112.70744962177757,113.14279346441164,786900
2019-07-25,113.20762634277344,113.49476500608502,112.80933380972301,113.1520529413095,762200
2019-07-26,113.96714782714844,114.04125039898206,113.49475276522183,113.5040173534036,1879300
2019-07-29,113.79112243652344,114.03195219057339,113.38357254521752,114.02268760512312,2307300
2019-07-30,113.5595703125,114.1431191271606,113.35579181003497,113.43915895504745,1639200
2019-07-31,111.8274917602539,113.65221996347036,110.80859902392683,113.58738197723233,826200
2019-08-01,111.6607894897461,113.59667198839148,111.28101900906711,111.97571490286441,3194900
2019-08-02,110.5029525756836,111.26248639857818,109.90088144449379,111.19764840394612,1827900
2019-08-05,107.10356140136719,109.02092146952947,106.23288083009106,108.66894481874216,1337400
2019-08-06,109.03944396972656,109.22469333946692,107.83530186598277,108.00202912547329,1932800
2019-08-07,109.36365509033203,109.68784508359752,106.98316418719422,107.82606523649633,1580800
2019-08-08,111.6422348022461,111.67928608946784,109.91013129219478,109.91013129219478,1761100
2019-08-09,111.2902603149414,111.79044210184219,110.45662400344013,111.24394443832055,600000
2019-08-12,109.91939544677734,110.90123695037492,109.4470074065182,110.7900830820023,512500
2019-08-13,111.54959869384766,111.82747978614783,109.38214454761153,109.8174882943706,3042100
2019-08-14,108.48369598388672,110.51220286418989,108.40959340435494,110.14170410015288,1030400
2019-08-15,108.94682312011719,109.29879976173872,108.18728937054702,108.63189070029941,1049000
2019-08-16,110.4566421508789,110.66042073459347,109.47480759313974,109.61374111220718,1249500
2019-08-19,111.51255798339844,111.81822580054836,111.09574337223793,111.79043910204571,823100
2019-08-20,110.91976928710938,111.79971452571047,110.85493129128415,111.33658396501272,579000
2019-08-21,111.93862915039062,112.07756969974402,111.5310791569132,111.68854181500242,464600
2019-08-22,111.81822204589844,112.42955059286058,110.91974780149316,112.26282334063269,444600
2019-08-23,108.9653549194336,112.21653334961623,108.49295978111033,111.31805895455855,1497000
2019-08-26,110.37325286865234,110.37325286865234,109.33583811065506,109.90085782823814,566200
2019-08-27,110.46587371826172,111.34581872109159,110.08610336817517,111.0308934162673,594300
2019-08-28,110.97533416748047,111.08648803756083,109.66930976138843,110.25285167898559,1070200
2019-08-29,112.29061889648438,112.57775753169831,111.49403390833253,112.0868403553092,594700
2019-08-30,112.12389373779297,113.25392619003657,111.53108727973355,112.90194956394204,1510400
2019-09-03,111.53107452392578,111.84599982702228,111.07720161043784,111.49402324118331,717400
2019-09-04,112.86489868164062,112.86489868164062,112.06831367574017,112.36471690583264,1046200
2019-09-05,113.95789337158203,114.27282579647218,113.5410787348745,113.76337940333113,757900
2019-09-06,113.92083740234375,114.39323248686692,113.8189481279013,114.26355651336024,853500
2019-09-09,112.0312728881836,114.3747193167292,111.61445823601834,114.3654547273801,1430500
2019-09-10,110.37325286865234,111.42918973535947,109.57666792474208,111.42918973535947,2601900
2019-09-11,110.85493469238281,110.91050809999187,110.21581223763155,110.59558270112484,2791700
2019-09-12,111.88307189941406,112.33693783042789,111.48477936943556,111.48477936943556,2358700
2019-09-13,111.24393463134766,111.96641701535309,111.1235232562834,111.96641701535309,2501000
2019-09-16,110.73451232910156,111.02165099574994,110.22506592039213,110.67893186018077,1234400
2019-09-17,111.7256088256836,111.75339552610352,110.80860531096049,110.80860531096049,1169700
2019-09-18,111.86454772949219,112.04053959639789,110.5399940999653,111.6515116381117,570400
2019-09-19,111.98497009277344,112.60556334310101,111.9108675076208,112.02202138534976,642900
2019-09-20,111.55887603759766,112.41103445343725,111.07721636477663,112.36471857715466,1414000
2019-09-23,111.63298034667969,111.87381020207597,111.2532169851039,111.2995328650378,517900
2019-09-24,110.8753890991211,112.48349437499147,110.43850471988043,112.13026508531516,5964800
2019-09-25,111.11707305908203,111.34945776756469,109.85289967759094,110.72666845086762,2054600
2019-09-26,111.34017944335938,111.69340879945291,110.60584278789402,111.35877419463782,1980400
2019-09-27,110.17823028564453,111.66549091294478,109.42530614440899,111.6004234821197,1421300
2019-09-30,110.8475341796875,111.13568902221866,110.28981215563805,110.44783209561834,1590300
2019-10-01,109.65769958496094,111.36804766981312,109.63910483648897,111.04271048974,6123600
2019-10-02,107.70568084716797,109.35096167067509,107.04570904272052,108.93267197929073,1954200
2019-10-03,108.88618469238281,108.91406972431115,106.78542482134839,107.62201123829297,2659600
2019-10-04,110.65230560302734,110.76385281813045,109.28588235824351,109.28588235824351,2684300
2019-10-07,110.05740356445312,110.81032777934757,109.94585634706111,110.33626097020499,1732600
2019-10-08,108.03102111816406,109.87150432250895,107.97525104888682,109.28589731963913,3234400
2019-10-09,109.23941040039062,109.6205247604162,108.69098584345916,108.78393831679104,1084600
2019-10-10,109.62982177734375,110.01092904430584,108.89548518432707,108.89548518432707,1484000
2019-10-11,110.50359344482422,111.46102456916188,110.46641103391423,110.75457294551167,1490800
2019-10-14,110.30838012695312,110.89399417572206,110.18754262238795,110.49429216299843,1888500
2019-10-15,110.89398956298828,111.22862412213138,110.57794266076702,110.57794266076702,669200
2019-10-16,110.26190948486328,110.46640209058292,109.71347783311658,110.46640209058292,995100
2019-10-17,110.550048828125,111.14495308772355,110.37343418824419,110.763845870708,653600
2019-10-18,109.92728424072266,110.68950593784736,109.3974472938411,110.24332409697983,865300
2019-10-21,110.47570037841797,110.54076781982533,109.96445822216553,110.37345052880363,1496200
2019-10-22,109.13713836669922,111.05198575256864,109.07206385182285,110.84748611100642,986600
2019-10-23,109.08139038085938,109.36025489240396,108.64450595562178,108.91407309229645,998100
2019-10-24,110.31765747070312,110.48497472685364,109.71345587394752,109.88077313009804,623700
2019-10-25,110.63370513916016,110.94045464598275,109.84359857549872,110.12246305294076,355300
2019-10-28,111.1542739868164,111.50749624951828,110.8568217940623,111.12638895184254,444700
2019-10-29,111.2286376953125,111.75847462997504,111.09849571370346,111.14497549940809,510800
2019-10-30,112.02803802490234,112.10240284751347,110.92189142879592,111.27511369846908,740900
2019-10-31,111.56327056884766,112.08381724485946,111.06132573655978,111.9815673848475,683500
2019-11-01,111.99085998535156,112.26971742564062,111.60974559759096,111.92579254010215,804700
2019-11-04,111.34017944335938,112.76237296791365,111.2007471760498,112.5578732547689,815500
2019-11-05,110.67089080810547,111.39592996066834,110.29908094963521,111.27509246584735,2576400
2019-11-06,111.07060241699219,111.07989979180545,110.56865055436239,110.72667755891148,870600
2019-11-07,111.20072174072266,111.76774096408418,111.05199922361139,111.57253867122797,809700
2019-11-08,111.95366668701172,111.96295696984409,111.2843975484956,111.31228258063061,1004200
2019-11-11,112.02803802490234,112.11170022329482,111.41454596791002,111.49820107448268,476000
2019-11-12,112.38127136230469,112.78097343320573,112.08381915315647,112.2604267483313,638900
2019-11-13,113.24571990966797,113.3665574072329,112.07449897179906,112.10238400263569,527400
2019-11-14,113.1341781616211,113.1899482259894,112.62293602400068,112.98545562603262,678800
2019-11-15,113.60824584960938,113.6268335072674,113.31079368434764,113.5803608172128,577700
2019-11-18,113.82201385498047,113.98004082775569,113.39442689319185,113.59892654705112,599900
2019-11-19,114.53779602050781,114.75158601779302,114.06372914767147,114.25893148547003,625300
2019-11-20,114.21244812011719,114.76087267148122,113.58036137933038,114.38905569010915,753100
2019-11-21,113.46880340576172,114.1287751165482,113.32008088239637,114.1287751165482,603100
2019-11-22,113.56177520751953,113.73838988267093,113.12489075329421,113.73838988267093,561400
2019-11-25,114.35188293457031,114.43554513105452,113.69191110554453,114.02654570784206,385000
2019-11-26,115.2442398071289,115.31859753184007,114.41694363391196,114.50060582546347,611600
2019-11-27,115.66250610351562,115.69968850426288,115.08618952965993,115.59743867516238,1116400
2019-11-29,115.23495483398438,115.75549442208043,115.16059000945064,115.5602920765444,203100
2019-12-02,113.88711547851562,115.39297121578757,113.57107562170411,115.39297121578757,944500
2019-12-03,113.97075653076172,113.98005390477228,112.93896786196129,112.94826523597185,930300
2019-12-04,114.50061798095703,114.71441507822401,114.1102132904556,114.24964556329753,605500
2019-12-05,114.70510864257812,114.70510864257812,114.14738668708036,114.70510864257812,466700
2019-12-06,114.98395538330078,115.45802219271428,114.90030028907304,115.30929966125872,662000
2019-12-09,114.62145233154297,115.08622183361469,114.58426992035886,114.9932693515643,339800
2019-12-10,114.43553161621094,114.79805121058307,114.2403293032274,114.6865039923844,318000
2019-12-11,114.70510864257812,114.79806111985785,114.27752157363585,114.73299367658011,307900
2019-12-12,114.80734252929688,115.40224681133928,114.35186339787501,114.77016012519192,812200
2019-12-13,115.30931091308594,115.36508098134644,114.43554202063416,114.5749742831049,762300
2019-12-16,115.92997741699219,116.0886432573595,115.62197399453247,115.88331476319419,461200
2019-12-17,115.71530151367188,116.29396678210077,115.71530151367188,116.13530095822878,698100
2019-12-18,115.66864013671875,116.19130741601283,115.66864013671875,115.96730817071645,275400
2019-12-19,116.37797546386719,116.38730372153462,115.64997260059421,115.64997260059421,415200
2019-12-20,117.2273178100586,117.37665539267594,116.68597975428247,116.68597975428247,390600
2019-12-23,116.76998138427734,117.60065208729281,116.73264698943524,117.47932064466177,635900
2019-12-24,116.9566421508789,117.02197555936772,116.58331245711857,116.85397434885257,235100
2019-12-26,117.33932495117188,117.33932495117188,117.00332249976793,117.02198613782011,246000
2019-12-27,117.51665496826172,117.60065201599973,117.18065253569425,117.50731958935492,245300
2019-12-30,116.9379653930664,117.51663774675484,116.59262763219975,117.4232982129808,258800
2019-12-31,117.18997955322266,117.31131811530337,116.58331522604969,116.67664765170649,541200
2020-01-02,117.58199310302734,117.94599456613179,116.9753216242506,117.78732160157222,777600
2020-01-03,117.56330871582031,117.90864650113542,116.54597323708144,116.64864103485601,661700
2020-01-06,117.69398498535156,117.72198400139334,116.9286476900427,116.9286476900427,637500
2020-01-07,117.40465545654297,117.79665593319864,117.26465325179224,117.51665864450513,480100
2020-01-08,118.02998352050781,118.49665276127567,117.45131109846498,117.45131109846498,737400
2020-01-09,119.0566635131836,119.23400011686921,118.68333378872046,118.6926620472664,1265800
2020-01-10,119.0566635131836,119.51400453102461,118.93533206481388,119.41133672055483,600500
2020-01-13,120.1673355102539,120.1673355102539,119.2899950150545,119.2899950150545,483400
2020-01-14,119.93399810791016,120.17666099266447,119.7099917393263,120.16733273457925,658000
2020-01-15,120.95132446289062,121.21265808555427,120.00865776982636,120.04598504094359,648200
2020-01-16,121.91266632080078,121.94066533555477,121.24066148347553,121.40866981361427,480900
2020-01-17,122.62201690673828,122.66867243852953,121.98733931996262,122.13667689821752,641600
2020-01-21,123.25667572021484,123.39668503528694,122.26733922347714,122.42600505393368,589500
2020-01-22,123.54598236083984,124.23665780828118,123.49932684058462,123.62999362884521,785600
2020-01-23,123.77934265136719,123.84468317988193,123.13533683196088,123.49935250520338,988300
2020-01-24,123.22866821289062,124.20867638439623,122.78066976708747,124.03133980916208,673700
2020-01-27,122.13667297363281,122.61267046720796,121.34332957605936,121.40867010505205,709500
2020-01-28,123.20997619628906,123.52732202218557,122.48197350687659,122.59398378020944,917100
2020-01-29,122.82735443115234,123.58335635063177,122.59401980209743,123.58335635063177,761500
2020-01-30,123.69534301757812,123.79801081622678,122.28600709214155,122.35133337767371,858400
2020-01-31,121.57666778564453,123.34067697956708,121.19400982457864,123.33134872155605,894300
2020-02-03,122.73400115966797,123.07000355760235,122.12733688860418,122.12733688860418,805100
2020-02-04,124.25537109375,124.61003007379261,123.56469540989157,123.86337059478711,1169500
2020-02-05,124.17134857177734,125.11402957747003,123.77934810825167,125.11402957747003,1673400
2020-02-06,124.79664611816406,124.91797038930108,124.18996779604105,124.50729933841399,469000
2020-02-07,124.32069396972656,124.8433612873,124.19936964061462,124.60069838745984,669500
2020-02-10,125.59003448486328,125.59003448486327,124.18069838478716,124.26469543728616,833400
2020-02-11,125.69267272949219,126.37400573107422,125.47800889861811,126.15001364376663,724900
2020-02-12,126.01937866210938,126.17804451121536,125.32870298810406,126.17804451121536,1702500
2020-02-13,126.8873291015625,127.25133044039717,125.68332905514355,125.68332905514355,771100
2020-02-14,127.74600982666016,127.77400883660799,127.07400510468733,127.1393456223072,1798700
2020-02-18,127.6433334350586,127.73667295633173,127.26067557770611,127.49401013927755,827000
2020-02-19,127.94203186035156,128.51136886415918,127.9046903483826,127.92336110436707,3795600
2020-02-20,127.4100112915039,128.0073472576817,125.91667849686588,127.90467947091928,1122000
2020-02-21,126.2527084350586,127.12070644225652,125.90736349057244,127.01803863307673,1108400
2020-02-24,123.11668395996094,124.44202291027727,122.46334986355362,122.50067713694182,1250600
2020-02-25,119.70064544677734,123.82599931575457,119.41131283195789,123.57399396926753,1942400
2020-02-26,119.0006332397461,121.63265408149317,118.86063107059692,119.55129941871171,2128800
2020-02-27,113.77397918701172,118.05800003425315,113.74598016774482,116.94733191875088,2673800
2020-02-28,112.84063720703125,112.84063720703125,108.70594695926995,109.58328751448691,2381300
2020-03-02,118.28199005126953,118.28199005126953,112.93395736677833,112.93395736677833,2639800
2020-03-03,115.98597717285156,120.40999985634468,115.06197401255413,118.83266256670723,1653800
2020-03-04,121.29669189453125,121.48335676801183,117.52599593878556,118.2913333133495,1545300
2020-03-05,117.91795349121094,120.17663039326912,116.94728795772934,118.86996251327241,1144800
2020-03-06,116.29398345947266,116.72331834371141,112.9713004557417,114.48331149043237,1258900
2020-03-09,108.360595703125,112.14995476006119,107.80059404135737,108.40726547527542,2251600
2020-03-10,113.02727508544922,113.1392782532431,107.69791385183804,112.00060430349518,5786300
2020-03-11,107.3899154663086,110.73126869213681,106.01790686056977,110.01260124764869,2367400
2020-03-12,97.76719665527344,104.61789704110197,96.13385446771517,99.59653905084187,2102700
2020-03-13,105.597900390625,105.92456738909142,97.49652322462504,101.83654797798333,2065900
2020-03-16,92.54049682617188,102.59254750521733,90.70181917709036,95.1071772331868,2008900
2020-03-17,98.9898681640625,99.99787534239557,92.54050353990489,95.26584995171781,2252900
2020-03-18,93.66053009033203,96.06854546457168,89.56317407455947,93.02585953714038,1758600
2020-03-19,93.03518676757812,95.39653215514839,90.21650748522511,92.85785016476505,2013100
2020-03-20,87.55645751953125,94.24849807421758,87.55645751953125,94.24849807421758,1170700
2020-03-23,84.33646392822266,87.61248392103653,82.90845722183919,87.50981612063443,2053900
2020-03-24,93.31519317626953,93.54852781830573,88.47116372893957,88.58316692060788,2313200
2020-03-25,95.47614288330078,98.96368590024568,92.28861033483076,93.91987791762513,1863500
2020-03-26,101.77622985839844,102.11373451658092,96.55429192545343,97.30430386644649,2227900
2020-03-27,99.78870391845703,102.89186399708586,98.2605559392595,98.2605559392595,1284300
2020-03-30,102.96686553955078,103.2106133223067,100.21995720463192,101.07308874956449,1118500
2020-03-31,99.82618713378906,102.76997147628474,99.50742963384174,102.76997147628474,1086000
2020-04-01,94.96052551269531,97.46367910090022,94.02301416256817,96.01991076338716,1007300
2020-04-02,96.47929382324219,96.7230416176725,93.8730063332983,93.99488738315723,671800
2020-04-03,94.76362609863281,97.1261509831544,93.70423395117864,96.76052221712895,896000
2020-04-06,101.54183959960938,102.09497494777325,97.97930119729688,98.85118693217247,1619900
2020-04-07,100.76373291015625,104.9544030467112,100.66060607934838,104.92627884788082,1228200
2020-04-08,103.61373901367188,104.06374755567018,100.84808371897033,102.11372246141606,1357900
2020-04-09,104.43875122070312,105.58251605223562,103.63249100020128,105.32938401764113,1222800
2020-04-13,104.87000274658203,105.08562631574989,102.90123066945657,103.92311443777989,1003500
2020-04-14,108.95755767822266,109.33256360551191,107.01690969359214,107.01690969359214,1074500
2020-04-15,107.56067657470703,108.37630684301838,106.6231652574618,107.38254713558445,1027800
2020-04-16,109.29505157470703,109.77317711126543,107.82315935543295,108.01065872436067,722600
2020-04-17,111.08568572998047,111.62006675881825,109.55754524640902,111.62006675881825,1062900
2020-04-20,109.89505767822266,111.4138211570471,109.50130471353799,109.51067467509543,887600
2020-04-21,105.77940368652344,108.8825638590825,105.37627353383031,108.40443108434329,741100
2020-04-22,108.60128021240234,109.20129388479793,107.35439591042037,108.01065080620036,748300
2020-04-23,108.3106689453125,110.17631425044554,108.16067087108897,109.44505665107896,708500
2020-04-24,109.88570404052734,109.96070666486523,107.77630351137113,108.18881079258551,635200
2020-04-27,111.28260040283203,111.6951077079892,110.82322181922615,111.2451062411308,860800
2020-04-28,109.89505767822266,112.82946499024284,109.70755115743776,112.45445910131545,1415200
2020-04-29,112.56697845458984,113.24198771672162,111.22633704581237,112.00447312036114,1028800
2020-04-30,111.5075912475586,112.67948031934597,111.104461120758,112.1544691513878,958600
2020-05-01,108.77943420410156,110.06382725071987,108.1981817800173,109.39819509087408,1656900
2020-05-04,110.24192810058594,110.28880651718913,108.29191042586672,108.29191042586672,861200
2020-05-05,111.9857177734375,113.08261138979266,111.10446204789694,111.26383724635559,749700
2020-05-06,111.95758819580078,113.19510272031651,111.8638385043126,112.79197260953866,544100
2020-05-07,112.76384735107422,113.53260625823678,112.42634274279379,113.04510357552222,2927000
2020-05-08,114.0482406616211,114.25449427321075,113.28885171416435,113.8701112420404,984200
2020-05-11,115.63263702392578,116.19514951006121,113.42948696203993,113.60761639282572,834900
2020-05-12,113.59822845458984,116.43888619783564,113.59822845458984,116.12013582852747,3344300
2020-05-13,112.49198913574219,114.80764340219253,111.22635019593224,113.47637895150783,1368500
2020-05-14,113.44823455810547,113.52323001957991,110.9732055133748,111.4888323919853,928600
2020-05-15,114.80763244628906,114.80763244628906,112.34198031283705,112.34198031283705,800600
2020-05-18,115.92327117919922,117.02953477548232,115.77326594116056,117.02953477548232,866400
2020-05-19,115.3888931274414,116.80453004798257,115.3888931274414,115.78264615887761,989100
2020-05-20,116.52326965332031,117.02952656722763,116.05451404629238,116.8420200328307,668700
2020-05-21,115.44512939453125,116.60764128783445,114.99512802089775,116.60764128783445,830000
2020-05-22,115.98889923095703,116.0170234255463,114.8826356103693,115.71702009552135,943600
2020-05-26,115.11699676513672,118.03265705939559,114.99512288868412,118.03265705939559,1382100
2020-05-27,115.9513931274414,115.96077024279806,112.37947750938648,115.004504750431,3086300
2020-05-28,116.2326431274414,117.88265770947342,115.99826532460975,116.15764051390097,1060500
2020-05-29,118.0513916015625,118.3138935553696,115.91386751754263,116.48574983946887,738800
2020-06-01,118.68891143798828,118.89516503763284,117.67639766844731,118.2764113913417,643600
2020-06-02,118.810791015625,118.98891327007172,117.254519075597,118.98891327007172,850300
2020-06-03,118.66078186035156,119.43891780454008,118.1451478846502,119.43891780454008,713600
2020-06-04,117.3201675415039,118.99831368449074,116.46703594856064,118.34205861299591,682500
2020-06-05,118.67017364501953,119.08267372393426,116.59827467744215,118.00454152759681,622400
2020-06-08,119.61707305908203,119.61707305908203,117.79830585300655,118.5295635820378,1682700
2020-06-09,120.07646179199219,120.72334694664097,119.31707269442576,119.34520404463844,1095400
2020-06-10,121.84830474853516,122.5514379923844,120.95767216738263,121.23892832597882,1380500
2020-06-11,116.1857681274414,120.62956939725787,116.01701581832721,119.80456208194573,949200
2020-06-12,116.65452575683594,119.02642808778832,114.7982503245966,118.91392416222607,796700
2020-06-15,118.40882110595703,118.54043812132414,114.86455061056073,115.12778464129497,757500
2020-06-16,120.58989715576172,121.03175727098619,118.54981944988306,121.03175727098619,862500
2020-06-17,120.93773651123047,121.74624496666944,120.58989468749625,121.34199791153787,815200
2020-06-18,120.9565658569336,121.19159726221513,120.2232618474802,120.65571877248752,526100
2020-06-19,121.84025573730469,122.35731322335283,120.52407159008453,122.33852104416287,1173600
2020-06-22,122.91204071044922,122.92143680330133,121.42664036455945,121.76508619457458,538800
2020-06-23,123.11884307861328,124.27519343904902,122.91201431883755,123.8145267749709,434100
2020-06-24,120.76850891113281,123.50426278043216,119.9787998864834,122.79916876712497,734100
2020-06-25,122.21627807617188,122.31969242373553,119.65913634111818,120.64627068692174,609300
2020-06-26,119.81898498535156,122.21630773691861,119.71557061269021,122.03768160730574,820000
2020-06-29,120.65570068359375,120.65570068359375,118.65323599293987,120.52408369017546,499200
2020-06-30,123.15641784667969,123.63587659922472,120.68388364601965,120.68388364601965,602600
2020-07-01,124.82984161376953,125.2341029698364,122.93078440855322,123.3632483772324,674300
2020-07-02,125.78881072998047,126.55031018637646,125.5067701751579,126.12725652673186,645800
2020-07-06,128.42112731933594,129.0040004403032,127.27417325569604,127.39637979530818,582000
2020-07-07,127.97930908203125,129.85956037846222,127.88529077913812,128.383556225078,740300
2020-07-08,129.4552764892578,129.52109215893003,128.1109039306262,128.9100019862258,954600
2020-07-09,130.32960510253906,130.72445609853162,128.1673135429043,130.19798810387488,487700
2020-07-10,131.14749145507812,131.2038966830566,129.01340281045043,130.5270052569648,561800
2020-07-13,128.43994140625,134.0148930888459,128.10149565195096,132.38847998813114,999900
2020-07-14,130.17916870117188,130.33898830194408,126.16482912119714,128.22370609644466,954100
2020-07-15,130.45175170898438,131.27906637473765,129.00396538908652,131.27906637473765,585400
2020-07-16,129.81253051757812,130.16978279736358,128.30832398233298,129.36127429507525,674200
2020-07-17,130.58340454101562,130.90305806030196,129.3988517718612,130.2073601414926,567000
2020-07-20,133.70462036132812,133.9678542958394,130.60220402438978,130.64921315808968,518300
2020-07-21,132.34146118164062,134.6259590974831,131.9278036960126,134.6259590974831,552400
2020-07-22,132.95257568359375,133.26281888814117,131.86202642127796,132.59532332468828,395000
2020-07-23,130.2919464111328,133.62939369882372,129.65266816873466,133.21573632072048,516100
2020-07-24,128.8253631591797,129.3988401412705,127.15194134491588,128.26128226542139,669600
2020-07-27,130.87486267089844,130.96886660338035,129.12622886077378,129.44586805252746,442200
2020-07-28,129.66209411621094,131.1098952729861,129.51167060859206,130.56462081674906,437500
2020-07-29,131.1757049560547,131.6739703047851,130.38600300846423,130.5082239093447,583600
2020-07-30,131.1757049560547,131.38253370592497,129.20143574190234,129.71850761657808,635000
2020-07-31,131.79620361328125,132.49188734181453,129.7091237373264,132.49188734181453,511000
2020-08-03,133.44142150878906,133.71405160364583,132.68931820738183,132.7739260631811,643500
2020-08-04,133.9866485595703,133.9866485595703,132.7456764002653,133.3943650885227,714200
2020-08-05,134.18406677246094,134.46610720358277,133.71400416898197,134.46610720358277,589400
2020-08-06,134.6541290283203,134.74814728684228,133.3567660007847,134.24047164309914,392200
2020-08-07,133.53541564941406,134.78578424783126,132.27565096054607,134.3533345642742,672800
2020-08-10,132.48251342773438,134.0243190194439,131.138140547147,133.96791377203184,1616900
2020-08-11,129.81253051757812,132.39787563772174,129.56810305230087,132.39787563772174,1772600
2020-08-12,133.32862854003906,133.8456861790409,131.00651700259075,131.13813402172966,782900
2020-08-13,134.0242919921875,134.89861618629863,133.6764501398387,133.74225146682335,558700
2020-08-14,133.9208526611328,134.5977440578287,133.4789926009237,134.38151924490967,396500
2020-08-17,136.35577392578125,136.44039610928715,134.52253236939256,134.52253236939256,450200
2020-08-18,137.23951721191406,137.53095382325418,136.06436033058986,137.25832373866476,916300
2020-08-19,136.55320739746094,137.68135495098684,136.31817605942746,137.46513013664486,457400
2020-08-20,138.1514129638672,138.39585472808272,135.89511793297478,136.1583518750731,353400
2020-08-21,138.84715270996094,139.0915802026663,138.09504935794212,138.38648599986956,635700
2020-08-24,138.3958740234375,140.30432754231666,137.49334727814457,140.24790796528038,901900
2020-08-25,139.3077850341797,139.39240722867711,137.86939421501424,138.39587652731294,523700
2020-08-26,141.836669921875,141.97769729464883,139.60857801472093,139.8530053776233,633900
2020-08-27,141.67691040039062,142.7862659531667,140.54876266608616,142.09996400760772,745100
2020-08-28,142.278564453125,142.6640192824961,141.5828808876177,142.57941144536807,568900
2020-08-31,144.29042053222656,144.93910925525412,142.35376479663145,142.4289765386667,581300
2020-09-01,145.96389770507812,146.0109068548266,144.75114197456676,145.36221788576162,1237200
2020-09-02,147.01681518554688,147.36465699437576,144.23403767939,146.73477469546995,1029500
2020-09-03,139.6273956298828,145.05190758528292,138.45223915589585,144.90149845894317,951600
2020-09-04,137.6813507080078,140.52992928957408,132.70809406035855,139.73083137199097,1701600
2020-09-08,131.8619842529297,135.2088427475169,131.8431920733399,133.22517756747663,1225300
2020-09-09,135.94212341308594,136.73182521814894,133.85504411029547,134.71995766038924,1681900
2020-09-10,133.51661682128906,137.81298255231462,132.87732407305566,137.25831199463053,614100
2020-09-11,133.05592346191406,134.9455700214218,131.51411864916244,134.6729400149429,616800
2020-09-14,136.00794982910156,136.61903999083395,134.50375768635703,134.7575812343674,677400
2020-09-15,138.17965698242188,138.59331454258162,137.3429457703454,137.86941381230207,561300
2020-09-16,136.43099975585938,138.70610160746807,136.3934010500007,138.53688591334034,745700
2020-09-17,134.99264526367188,135.6413342892265,133.30982657948812,134.01492085158148,731600
2020-09-18,134.45675659179688,136.11137235140572,132.48248725137805,136.11137235140572,808600
2020-09-21,134.9362030029297,134.9362030029297,131.11929601890463,132.35085804777052,1411900
2020-09-22,135.99855041503906,136.20537916070293,133.4978132866857,135.1148302008709,4076900
2020-09-23,132.23086547851562,135.79984508684055,131.9012856970655,135.67742193917718,657100
2020-09-24,132.43807983398438,133.78469179234446,130.64889080924948,131.12914318058307,944100
2020-09-25,135.6021270751953,135.81870978264325,132.362740629372,132.6358362929928,771900
2020-09-28,137.52313232421875,137.89038746072032,136.34603068557058,137.89038746072032,743800
2020-09-29,137.43836975097656,138.07872044573003,137.00520444088932,137.4289581116842,581100
2020-09-30,138.8037872314453,139.96206532037473,137.4383525216488,137.79619593470795,952600
2020-10-01,140.54591369628906,140.70599776986438,139.4912353908921,140.34815432957,1549100
2020-10-02,137.29710388183594,139.7266427844373,137.01459668499152,137.51368650622106,970600
2020-10-05,140.3669891357422,140.3669891357422,138.36120369939604,138.36120369939604,572100
2020-10-06,138.19174194335938,140.73427878505848,137.7303128962578,140.55535702457178,714500
2020-10-07,140.7154083251953,141.14858797952746,139.48180830914978,139.48180830914978,523000
2020-10-08,141.2709503173828,141.99603415018828,140.9601939452199,141.99603415018828,610900
2020-10-09,143.02256774902344,143.02256774902344,141.82662841362676,141.9019646457456,585800
2020-10-12,145.64044189453125,146.66687112351687,144.25616915239144,144.4915894912735,455000
2020-10-13,145.8664093017578,146.56325854904412,145.2072353483327,146.22425274886626,454900
2020-10-14,144.9059295654297,146.42203710143846,144.1714192678768,146.04535594313126,563600
2020-10-15,143.95480346679688,144.23731070650817,142.48578306299626,142.66470479377728,505000
2020-10-16,143.64404296875,145.73457636833646,143.64404296875,145.05656475934006,463000
2020-10-19,141.51583862304688,144.9247197049031,141.00733713676374,144.3408820041866,876000
2020-10-20,141.23330688476562,142.73059053712782,140.9037271688819,142.0337414513183,684100
2020-10-21,140.46119689941406,142.17504952465794,140.39527230629213,140.96028687707258,586300
2020-10-22,140.329345703125,141.12976615457018,139.12399483713577,140.9508444157425,487800
2020-10-23,140.69659423828125,140.69659423828125,139.45356813336815,140.5930087295385,442200
2020-10-26,139.12403869628906,140.86614095904707,137.37251042183232,139.57604182130106,766800
2020-10-27,139.34059143066406,139.792594458357,138.66257970466606,139.12400874202828,861200
2020-10-28,134.66981506347656,137.4006989990353,134.4532324239213,136.7791859962274,1213600
2020-10-29,135.39492797851562,136.8168614827357,134.34024958433466,134.8016641973311,768600
2020-10-30,132.99366760253906,135.31021029956807,131.71298025152277,134.82053192064217,875600
2020-11-02,134.04835510253906,135.3384540423589,132.44748520274388,133.9918421477775,1257200
2020-11-03,136.4684295654297,137.47603528585904,134.89582378035766,135.58324699168418,1021500
2020-11-04,142.59881591796875,143.87009163053864,140.28228758389213,140.80962689997725,1373000
2020-11-05,145.22608947753906,146.03593596049245,144.24673289080113,146.03593596049245,1576000
2020-11-06,145.1978302001953,145.74400703428208,143.52163877130474,145.01890846864262,778400
2020-11-09,140.98849487304688,149.1528682528585,140.98849487304688,149.1528682528585,1573800
2020-11-10,139.23696899414062,140.79073707243748,137.47602992288242,140.2068993844082,1345700
2020-11-11,142.07144165039062,142.19386480754932,139.4535689974867,140.74368204507977,1101600
2020-11-12,141.68536376953125,143.00371174007026,141.03560142372444,141.83602184551057,2177200
2020-11-13,142.3445587158203,142.5423037560626,141.13920771700003,142.39164565789807,420000
2020-11-16,142.5705108642578,143.09786434301282,141.71359199522118,143.09786434301282,636100
2020-11-17,142.6176300048828,143.30505333055572,142.41988497848473,143.13555759364309,3719000
2020-11-18,141.93959045410156,143.51219619203093,141.91134117016196,143.0884425640235,586400
2020-11-19,143.08847045898438,143.38038936254517,141.56295135319368,142.1844644588552,1020700
2020-11-20,142.4010467529297,143.540473074675,142.33512216511954,143.144968654563,730900
2020-11-23,142.4857635498047,143.65345327520444,141.79834037681692,143.13552580148226,1165000
2020-11-24,143.19203186035156,143.56871293772878,141.93959421978587,143.50278836084505,1008600
2020-11-25,144.77407836914062,144.9529857340592,143.3144695798228,143.3144695798228,605000
2020-11-27,146.431396484375,146.71390366005647,145.41437927326876,145.41437927326876,416700
2020-11-30,147.1282958984375,147.4107888017788,144.33150120402456,147.0152843681842,1230500
2020-12-01,147.222412109375,148.6820206126494,146.29015706470676,148.6820206126494,862000
2020-12-02,146.50672912597656,146.61031460891007,144.46328311620746,145.84755531135934,707900
2020-12-03,146.96815490722656,148.00399534598853,146.70447101798243,146.90223034268772,690800
2020-12-04,147.73097229003906,147.80630852103627,146.9211257679653,147.53321288755683,765300
2020-12-07,149.0587158203125,149.13405204310664,147.84395335393094,147.84395335393094,868000
2020-12-08,149.727294921875,150.0474630473826,148.14527757072224,148.47485733442244,1399800
2020-12-09,146.064208984375,149.849772402983,145.34853626155476,149.80268545711834,1213700
2020-12-10,147.5896759033203,147.86277147099085,144.44446445391466,145.1601369225544,720900
2020-12-11,147.40135192871094,147.50493743184293,145.53682724124937,146.66684176792566,762700
2020-12-14,148.33547973632812,149.34507059925872,148.1278976154586,148.20338333190463,875900
2020-12-15,149.74134826660156,149.8545840312536,148.48642532262616,149.71304292479533,612500
2020-12-16,150.4301300048828,150.6754621546813,148.9298893550411,150.01498020796734,641600
2020-12-17,152.4493865966797,152.4965525806492,151.24162930203676,151.57187757440934,847000
2020-12-18,152.7701416015625,153.31740217753224,151.09062421898443,153.31740217753224,1691700
2020-12-21,152.67579650878906,153.0154750253107,150.33579694909986,151.21329138494784,607000
2020-12-22,153.6570587158203,153.6570587158203,151.7510844851381,153.58157301983618,547300
2020-12-23,152.17572021484375,153.7986271252604,152.01531846639222,153.6948360648002,606900
2020-12-24,152.60972595214844,153.26076311842425,152.18511709065646,152.58142061437232,299200
2020-12-28,151.9209442138672,154.1382919459006,151.2038515673547,154.10055628973763,504600
2020-12-29,151.47747802734375,152.79845638118007,150.60941394207106,152.57199924689826,629000
2020-12-30,152.03421020507812,152.27009769592075,151.3076727020024,152.18516725717072,375300
2020-12-31,152.1851348876953,152.21345462620835,151.25102983699583,151.78884571506117,568800
2021-01-04,151.0340118408203,153.32683076862654,148.835539247339,152.81732025047836,1049100
2021-01-05,152.40219116210938,152.5342875785247,150.335814478775,150.335814478775,811800
2021-01-06,151.2227325439453,153.32684459542122,150.04329527782667,150.58111118451444,1130400
2021-01-07,155.9027099609375,156.25183313360606,152.7795628163973,152.7795628163973,788900
2021-01-08,158.4786376953125,158.5824287537629,156.24241478095897,157.55394848459875,1287000
2021-01-11,156.53489685058594,158.1672482746868,155.8744149089339,157.18594847786673,982700
2021-01-12,157.4595947265625,157.6860374634833,155.8744235809803,156.79909835073732,700700
2021-01-13,158.00685119628906,158.62015278928249,156.66699784995464,157.19539781625474,787600
2021-01-14,157.08216857910156,159.01644857206185,156.81797578368946,158.56354869384504,8034600
2021-01-15,155.35549926757812,157.68606888226702,154.94034936802936,157.336959995003,2269300
2021-01-19,157.1199493408203,157.20486538506384,155.79897070816708,156.6764796909747,1266500
2021-01-20,160.29022216796875,160.60159528602395,158.62956553834107,158.84659232807445,1469800
2021-01-21,160.94125366210938,161.21487669675636,160.02600944677087,160.78083756886883,1078100
2021-01-22,160.99789428710938,161.29039239845864,160.11095524145276,160.11095524145276,661300
2021-01-25,161.49806213378906,163.24362143500525,158.09184519992814,162.28121055874146,732600
2021-01-26,159.7618408203125,161.960298933765,159.50707837209745,161.960298933765,1318400
2021-01-27,154.32696533203125,157.99737258263565,153.40229078491114,157.96906724733572,1144200
2021-01-28,156.88401794433594,158.79942274817728,154.39304722817508,154.39304722817508,897100
2021-01-29,154.6100616455078,156.98781103194054,153.05321032669949,156.21409333100686,1054700
2021-02-01,158.42201232910156,158.73338550389872,154.94975582971745,156.34620556121516,1120800
2021-02-02,161.6489715576172,162.13017681097705,160.21477171578843,160.29025743350874,2604900
2021-02-03,161.1772003173828,163.0926054565113,160.88468775547062,163.0926054565113,1052700
2021-02-04,162.98878479003906,162.98878479003906,161.33757277016997,161.84708328714774,613600
2021-02-05,164.2814483642578,164.3946697276436,162.95103975476832,163.5171753665505,709400
2021-02-08,165.87606811523438,166.25348229991664,164.91364322763783,165.44202884516432,2841300
2021-02-09,165.78172302246094,166.11197126330916,165.28164270169964,165.31939276218895,1216700
2021-02-10,165.21560668945312,166.8479441179656,163.63986555852733,166.77245839213327,825700
2021-02-11,166.7535400390625,167.20645427639016,165.37596549344664,166.40443124553713,768800
2021-02-12,167.98960876464844,168.0745391930955,165.7817055735873,166.51767330394102,525100
2021-02-16,167.55557250976562,169.2539650018636,166.63089775195618,168.61234366154787,1805300
2021-02-17,166.13082885742188,166.4421876379174,163.75307920618644,165.9609823979053,712800
2021-02-18,164.96083068847656,165.50809135798153,162.93218976571055,164.16825222812957,578800
2021-02-19,164.75318908691406,166.4893168202402,164.49842667468374,166.14020809055606,629800
2021-02-22,158.8749237060547,162.73403902436493,158.723952279085,162.67742833860822,821400
2021-02-23,157.49734497070312,158.2710627866491,150.64717799327934,154.98749882290633,4211000
2021-02-24,158.58241271972656,158.66732874148352,154.83651907634217,156.65756317534297,1673700
2021-02-25,152.4776611328125,158.67677614495025,151.60015228787222,157.40299248913306,2155800
2021-02-26,153.7042694091797,155.51589784517128,151.41145011577962,153.80806047168517,2657800
2021-03-01,158.42201232910156,158.59185878691272,155.38378069342647,156.22355387230328,1506700
2021-03-02,155.55361938476562,159.1957221601182,155.49700870079766,159.08250079218232,1169700
2021-03-03,149.29786682128906,155.41207931803456,149.29786682128906,155.157316864647,2812700
2021-03-04,145.18399047851562,150.11876586902176,142.88172686337168,149.3073125357731,3596400
2021-03-05,146.5050048828125,146.75975300336316,139.3434498146429,146.75975300336316,3726500
2021-03-08,141.53248596191406,147.5806443174028,141.4947503005263,146.457817625183,2951900
2021-03-09,148.60911560058594,149.4677495016613,145.74073011687852,145.8822568489549,2181100
2021-03-10,148.29771423339844,151.8265955232003,148.0901321341497,151.22272425195672,2115300
2021-03-11,153.2607879638672,153.83635392099634,150.91135816302753,151.25103666883209,1544300
2021-03-12,151.87376403808594,151.96811036838255,149.50544510805832,150.80754828401214,1453800
2021-03-15,153.5816192626953,153.6571049814079,151.31709089360348,152.00589267782016,872400
2021-03-16,152.96835327148438,155.31779844418458,151.958762047749,154.74223224833915,856000
2021-03-17,153.4211883544922,154.4307790558824,150.08101432398686,151.20384078064188,822900
2021-03-18,148.25051879882812,151.6189980145785,148.10899210800892,151.6189980145785,1138000
2021-03-19,149.6375732421875,150.06216781218725,147.2881432360554,148.49588594057542,1325200
2021-03-22,151.75112915039062,152.94944153102603,150.5433864540157,150.74152386654592,838000
2021-03-23,150.95855712890625,152.87396231782094,150.49621248428127,151.79831598317216,3722600
2021-03-24,147.2220916748047,151.38315024372545,147.2220916748047,151.37370553024718,1756900
2021-03-25,146.9407196044922,147.50718920718697,144.4482792832918,145.656734323515,1232300
2021-03-26,149.555908203125,149.60311640744092,146.2892935038092,147.48831274501117,848800
2021-03-29,148.56459045410156,149.5086968971485,147.24284719620428,148.69676477989128,1229100
2021-03-30,148.7628631591797,148.97055332880586,146.7519117713421,147.42221929667366,796400
2021-03-31,151.86900329589844,152.8036741086164,149.77308528380956,149.8580514288044,825200
2021-04-01,154.27642822265625,154.98450801320718,153.73828066699585,153.73828066699585,1431300
2021-04-05,156.46678161621094,156.8727549422603,155.36217863116838,155.86255397295886,847600
2021-04-06,157.42031860351562,158.3172168723044,156.3157157580488,156.3723598415207,834100
2021-04-07,157.33534240722656,158.03398640311244,156.5611825685786,157.01434965476088,771200
2021-04-08,159.8089141845703,159.8277859426485,158.5438005031444,158.5438005031444,940100
2021-04-09,160.84742736816406,160.88519969725877,158.70431588452536,158.8459261038239,627500
2021-04-12,161.59326171875,161.76319396309836,159.59174627003605,160.52641683171515,538400
2021-04-13,164.76547241210938,164.9920487550675,162.30135384098506,162.30135384098506,759400
2021-04-14,162.3201904296875,165.43574412362616,162.06529209908743,165.21860370669754,916800
2021-04-15,165.69070434570312,165.73791255576117,164.0479537147758,164.30286652435075,965400
2021-04-16,165.1903076171875,165.73789108990863,164.15178475410923,165.54907268005476,922700
2021-04-19,162.8961639404297,164.64276710059855,161.94262135803464,164.2651301823634,903500
2021-04-20,161.36666870117188,163.6514045247684,160.38480435614096,162.9810970292171,675600
2021-04-21,162.73561096191406,162.8677852779442,160.1865266350927,160.33758711224715,660800
2021-04-22,161.64048767089844,164.21789450130854,160.90407131343008,163.14161361782456,1429000
2021-04-23,164.22732543945312,164.79379511094749,162.18805190917996,162.18805190917996,1104400
2021-04-26,165.79454040527344,165.93615061565322,164.0196156035979,164.41613859858296,582300
2021-04-27,165.24697875976562,166.47432023368253,164.97319418153177,166.1721992037051,774100
2021-04-28,164.60494995117188,165.63402242816923,164.18954084701005,165.1525189638363,810900
2021-04-29,163.88742065429688,166.09662609382536,162.2918785904419,166.09662609382536,801100
2021-04-30,162.5845947265625,164.07627039295994,162.35800396924918,162.3674398485829,648400
2021-05-03,161.47055053710938,163.54758217453008,161.27229621855963,163.36819961570276,839900
2021-05-04,158.31724548339844,159.95054594433518,155.928656825857,159.95054594433518,1212800
2021-05-05,157.45809936523438,160.15824484781888,157.02381839167052,159.47848693570504,1210800
2021-05-06,157.7035675048828,157.7035675048828,155.3905091078316,157.30704444303896,1363400
2021-05-07,159.28964233398438,160.76244609970527,158.84591114739908,159.1857900476363,1702100
2021-05-10,155.23941040039062,158.71372948740716,155.22997452240264,158.71372948740716,1380400
2021-05-11,155.5604248046875,155.9569477875375,151.3969118758806,151.51020004071736,1986300
2021-05-12,150.76437377929688,154.28588709549973,150.42449485293935,153.0019016410293,1847700
2021-05-13,151.2080841064453,153.2662291384996,149.7447163088902,152.27491453977385,2006200
2021-05-14,154.75791931152344,155.09779819165536,152.4354256355557,153.41728995264768,1179700
2021-05-17,153.76661682128906,154.3991664302029,152.0389002450371,153.76661682128906,1528500
2021-05-18,153.0019073486328,155.14503328105482,153.0019073486328,154.23868464165002,1164400
2021-05-19,153.03965759277344,153.0963016734512,149.81080093493398,149.8296870971335,1242800
2021-05-20,156.44789123535156,156.8349639438885,153.42673897276146,153.42673897276146,831600
2021-05-21,155.83421325683594,157.79795646360608,155.8058912149146,157.4203196340402,683000
2021-05-24,158.51551818847656,159.08198800308338,156.88221753818723,157.02384219480183,737500
2021-05-25,158.78929138183594,159.65786772525033,158.4210903840198,159.3651969841559,1402200
2021-05-26,159.96942138671875,160.214883911642,158.76096611553427,159.5068039759047,928800
2021-05-27,160.8662872314453,161.07399178973904,159.80889268443735,160.35647611940084,1639400
2021-05-28,160.8662872314453,161.49883678409614,160.2714955957932,161.49883678409614,901000
2021-06-01,162.0086669921875,162.64121656315055,161.44219737936533,162.46183403889285,938400
2021-06-02,161.5743408203125,162.37683688411164,161.01732159791533,162.37683688411164,1121800
2021-06-03,160.5264129638672,161.59325782519664,159.5823065466682,160.14877615935586,873500
2021-06-04,162.1219482421875,162.19747848107247,161.08342546491915,161.08342546491915,591900
2021-06-07,162.18804931640625,162.23525752259644,161.48941972611007,162.1691775586677,478500
2021-06-08,162.0936279296875,162.77338568097184,160.9418169847846,162.77338568097184,449200
2021-06-09,160.76246643066406,162.1314180831625,160.67750029633976,161.90484172496434,478500
2021-06-10,160.61697387695312,162.1570118280237,160.23905735211446,161.30667802224977,851200
2021-06-11,161.41055297851562,161.46723899652997,160.63582003800897,160.68306319188306,2182900
2021-06-14,160.75868225097656,161.70348794017795,160.0406351171562,161.70348794017795,553600
2021-06-15,159.94613647460938,160.75866988146612,159.2942327091571,160.44689671461876,500700
2021-06-16,159.5492706298828,160.19174574754913,158.15096278543515,159.96498727956364,546400
2021-06-17,158.02818298339844,160.01228055419597,156.56374580407467,159.6154639233544,783400
2021-06-18,155.84567260742188,156.8377213183557,155.51499931483633,156.82827845282648,572300
2021-06-21,158.36830139160156,158.59505991316382,156.0913309768222,156.0913309768222,617000
2021-06-22,159.4737548828125,159.96505790540266,157.90538830736833,158.76515057616172,492600
2021-06-23,160.66419982910156,161.1271453599286,159.61546500598212,159.61546500598212,549300
2021-06-24,162.6765899658203,163.04507791879638,161.6845558101009,161.7790277019574,612000
2021-06-25,163.03565979003906,163.5553057780927,162.95063074197304,163.42303356445998,633500
2021-06-28,163.30018615722656,163.45135850368519,162.30813745640097,163.2340572660187,404600
2021-06-29,163.50804138183594,164.27333154824132,163.16791081714595,163.92375811830013,467200
2021-06-30,163.85763549804688,164.04660815963345,163.07345950214045,163.34744679489702,427700
2021-07-01,164.14109802246094,164.43398549672105,163.40415069477692,163.94269688932607,768300
2021-07-02,164.32061767578125,164.74577738867146,163.87655781085826,164.74577738867146,377400
2021-07-06,162.563232421875,163.99934082204027,161.54284074938295,163.99934082204027,491300
2021-07-07,161.92079162597656,163.15848468042967,160.6736412887144,162.54435237801798,705400
2021-07-08,160.02175903320312,160.66423449511234,158.0376754374384,158.6801364827547,668200
2021-07-09,163.30963134765625,163.46078926633456,161.07988986054318,161.89242314186203,555600
2021-07-12,165.076416015625,165.23703121859344,162.71440229564018,162.7616454533574,1324900
2021-07-13,163.37576293945312,164.8591144727105,163.2718337593103,164.8591144727105,645000
2021-07-14,162.18533325195312,164.63237630345486,161.68458743574897,164.3300315905674,477700
2021-07-15,161.8074188232422,162.837267991777,160.59806868183097,161.7696329385816,458300
2021-07-16,160.0028076171875,163.06396802739377,159.6910200908541,163.06396802739377,303800
2021-07-19,157.80142211914062,157.88645115603066,155.75119586901496,157.7258359474868,2235400
2021-07-20,161.44839477539062,161.98692650156562,157.97150247190243,158.21716116857013,759100
2021-07-21,164.2166290283203,164.23552917351245,162.14750283567832,162.31757530923394,942300
2021-07-22,163.66868591308594,164.33950429739673,162.8278094242571,163.56475671035022,404600
2021-07-23,165.20872497558594,165.37878308131036,164.14108992323546,164.53790658651658,6137000
2021-07-26,165.8606414794922,166.14408606932616,165.24650913208683,165.31265245023738,2147900
2021-07-27,164.17884826660156,164.9535812445608,162.39316652989325,164.9535812445608,754200
2021-07-28,165.31263732910156,166.01179866452767,164.15053047532993,164.64181900840725,644700
2021-07-29,166.35191345214844,167.06051758629474,165.35040749928774,165.35040749928774,610000
2021-07-30,165.36932373046875,166.7770892705344,164.9252639432195,165.1614653442419,710100
2021-08-02,165.23703002929688,167.73131592298463,165.13310084970206,166.1534924993817,936600
2021-08-03,167.1455535888672,167.2211397629837,164.09382127734065,166.1346047287209,1082300
2021-08-04,166.82427978515625,167.8918999775611,166.19124754359933,166.6636501965562,752100
2021-08-05,168.85565185546875,169.2241254494287,167.4101004932728,167.54237269580744,678600
2021-08-06,169.78158569335938,170.14061648173333,169.1202245699794,169.14856758836774,615500
2021-08-09,171.236572265625,171.9073761688507,169.10130238136614,169.48867613764543,608300
2021-08-10,171.8034210205078,172.70098332227872,171.31213256229697,171.86956432252882,639500
2021-08-11,171.68063354492188,172.24750826033593,170.36735432515016,172.11523605174705,688800
2021-08-12,171.96405029296875,172.08687962586816,170.83028653390673,171.56723369812647,413900
2021-08-13,171.14207458496094,172.8049271419498,170.8302870274152,172.8049271419498,417500
2021-08-16,169.76266479492188,169.98942333090685,168.09981211413387,169.98942333090685,561500
2021-08-17,167.67465209960938,168.7328297653329,165.93621324403802,168.50608564644327,931800
2021-08-18,166.4180450439453,168.46827130871299,166.37080188425074,167.68408099086554,495100
2021-08-19,164.78353881835938,166.06847493821078,163.87651915045723,164.87801072305243,928700
2021-08-20,165.98341369628906,166.10624301747552,164.9724793665289,165.1141944166771,407000
2021-08-23,169.1863555908203,169.49812877042623,167.3723160462992,167.44790222870344,501000
2021-08-24,170.5185089111328,170.65078111711932,169.800461852433,169.82880486681657,487000
2021-08-25,171.91680908203125,172.4647835661778,170.42401471449847,170.42401471449847,350600
2021-08-26,170.86810302734375,172.50261272175212,170.65078735367527,171.78456563681075,427400
2021-08-27,173.23013305664062,173.24901879093449,171.1987921259469,171.23659242771677,534600
2021-08-30,172.71990966796875,173.7780873281221,172.32309304541124,173.494657181002,563400
2021-08-31,172.181396484375,173.10730203656027,171.85070872172764,172.8900007615414,556900
2021-09-01,171.9923858642578,172.73879027815323,171.53888326357196,172.73879027815323,783800
2021-09-02,172.77658081054688,173.66470030590565,172.38922150399543,172.68210890850992,478100
2021-09-03,172.99391174316406,173.09784093619803,172.1341351841185,172.25696452586482,285100
2021-09-07,173.0222930908203,173.46635297611098,172.50264701052353,172.83332039500868,310400
2021-09-08,171.4822235107422,172.757716890268,170.60356118627016,172.67267342613363,379300
2021-09-09,172.14358520507812,173.21122019456635,171.3688520747429,171.3688520747429,563700
2021-09-10,171.0003662109375,173.74973947760745,170.8964370210229,173.28679397246975,628300
2021-09-13,171.38771057128906,172.24748702943722,169.58314303723733,171.8601133175347,471800
2021-09-14,170.0839080810547,172.42702193147852,169.6209481472665,171.482216331854,1032700
2021-09-15,172.36087036132812,172.45535668339926,169.9705134621328,170.31064403836476,510400
2021-09-16,172.3797607421875,172.96554995597867,171.33102605960835,172.37031787715088,570800
2021-09-17,171.03811645507812,172.5309106825621,170.32006955764706,172.42698151430102,593600
2021-09-20,166.4842071533203,167.42901278756366,164.17887909911215,167.13611093101272,653200
2021-09-21,166.49363708496094,168.09980365507514,165.8889621026854,167.74077292864663,3432900
2021-09-22,169.2997283935547,170.27287706928885,167.8069337218969,167.8069337218969,831500
2021-09-23,172.78607177734375,173.46633303761604,170.46184340198158,170.46184340198158,649800
2021-09-24,173.1305694580078,173.38612328638544,171.6255835857005,171.6255835857005,315100
2021-09-27,173.575439453125,173.95404734118353,173.07377750211313,173.07377750211313,1195300
2021-09-28,169.3160858154297,172.66681138933367,168.9374633723813,172.27872880132261,3834900
2021-09-29,168.03823852539062,170.1016908760662,167.85839469173453,169.9407673300819,806000
2021-09-30,166.21139526367188,169.0415230051667,166.1451309434405,168.87115379822484,1144800
2021-10-01,167.896240234375,168.76704996115606,164.8767938395887,166.514293953918,1105300
2021-10-04,165.60562133789062,167.95302198726353,164.8389165438418,167.44188545789765,719900
2021-10-05,167.92465209960938,168.90904140773654,165.96531918383357,166.62789029920447,698700
2021-10-06,167.80157470703125,168.19911732102253,165.24593536396438,166.3533785978612,1173100
2021-10-07,169.73255920410156,171.03876688307577,169.41072652449893,169.41072652449893,629900
2021-10-08,169.4391326904297,170.51818142389175,169.07945940792237,170.08278364954865,312100
2021-10-11,168.05715942382812,170.73585309162064,168.01928996566602,169.25926196856136,240400
2021-10-12,168.2180633544922,169.04154350718136,167.62174217194288,168.7386600660062,624000
2021-10-13,168.94691467285156,169.21194312496948,167.26208475168735,168.8144004467926,598200
2021-10-14,172.1461944580078,172.17458933255,170.38564002155292,170.91571137993196,700300
2021-10-15,174.10548400878906,174.5408816050884,173.12108046043866,173.53755777374352,597400
2021-10-18,175.42117309570312,175.44956796433584,173.4050507649908,173.56595983489785,551800
2021-10-19,176.27304077148438,176.58539875652818,175.4211658617025,176.16892144313644,1218600
2021-10-20,176.49078369140625,176.8693916165397,175.70515852593613,176.05537157883288,503300
2021-10-21,176.88836669921875,177.03034109279076,175.69572402133443,176.02701686362892,543000
2021-10-22,176.8126220703125,177.7118268274503,175.5915846527834,176.44347424609938,938700
2021-10-25,179.7468719482422,180.0213750049215,177.51305024660553,178.22295102751164,634400
2021-10-26,179.47239685058594,181.70621872045157,178.77195616120648,180.70289451875226,1302100
2021-10-27,177.2764129638672,179.55756422535407,177.21016306937148,179.22628586693943,880400
2021-10-28,180.163330078125,180.17280466435489,178.2229319296488,178.41225033864498,528500
2021-10-29,180.48513793945312,180.73124607988203,179.42502423596244,179.60486804844018,792600
2021-11-01,182.34039306640625,182.34039306640625,180.12550595377758,181.6020973621967,1123800
2021-11-02,182.31198120117188,182.44449543206787,181.2139978920518,181.4979610848198,1902200
2021-11-03,183.39105224609375,183.44784200301095,181.12883545675103,182.00910557490684,683200
2021-11-04,182.70004272460938,183.34367907404334,181.2897015100443,183.34367907404334,742100
2021-11-05,182.4634246826172,183.80750168218293,181.4506260288573,183.2490499003924,689600
2021-11-08,182.96505737304688,183.8642619431203,182.34034135650376,182.70002896171923,764700
2021-11-09,180.1917266845703,182.75684094429337,178.9612436720572,182.61485213618013,2870300
2021-11-10,178.30813598632812,180.40944328694738,176.81261005975432,179.1221560617299,1239400
2021-11-11,178.80979919433594,179.73739877008944,178.6299553653397,179.25467147354746,630500
2021-11-12,179.60487365722656,179.69953285926542,178.45956086160857,179.3209104940764,879900
2021-11-15,179.055908203125,179.97404771368323,178.4501267733414,179.97404771368323,594200
2021-11-16,179.98348999023438,180.41890211980734,178.5920834244467,179.06535057082436,592700
2021-11-17,178.6110076904297,179.81311021583468,178.10934570009653,179.78471534415291,4786800
2021-11-18,178.56369018554688,179.28306549812453,177.08709898620768,179.28306549812453,631900
2021-11-19,177.38998413085938,178.46903257911364,176.8883221426426,177.87271139037944,592800
2021-11-22,177.8443145751953,180.11599093312515,177.03029456572668,178.88550799764334,1332500
2021-11-23,177.88218688964844,179.07482937007657,176.13110707263635,178.0620307203776,738700
2021-11-24,178.6962127685547,178.94232094193444,176.24469227952102,177.10604200041433,704700
2021-11-26,175.1561737060547,176.10270799850247,174.2948240336151,174.85327579984718,739200
2021-11-29,177.8443145751953,178.4027663004329,175.76194217326528,177.62661574794384,1133300
2021-11-30,173.3577880859375,177.24804546287797,172.96971991717376,176.4056303346826,1514700
2021-12-01,169.6472930908203,176.01747762197255,169.61889822486563,176.01747762197255,1049500
2021-12-02,172.48692321777344,173.23469332381603,169.73251967249436,169.73251967249436,1653700
2021-12-03,168.74815368652344,174.01088270233285,166.99705924847865,173.60387983811003,1938200
2021-12-06,168.2748565673828,169.00369197853325,165.7286771428037,168.7007940881453,1849000
2021-12-07,173.9635009765625,173.9729755613369,171.06710885665012,171.06710885665012,5275500
2021-12-08,174.1244354248047,174.40838412658022,172.83714835254887,173.7931426821126,993200
2021-12-09,171.25643920898438,174.26642570971188,171.25643920898438,173.77422384335412,1001200
2021-12-10,173.07379150390625,173.24416073442603,171.28484236861695,172.62891925581616,1919700
2021-12-13,170.35536193847656,173.0311076572637,170.31741456747824,172.73696847786582,1085300
2021-12-14,168.3153533935547,169.0080051173231,166.4556137022903,168.10660665846777,1814900
2021-12-15,172.01583862304688,172.09174784346664,167.290601857994,168.4292112078834,1635500
2021-12-16,169.29261779785156,173.86604939798616,168.41968370981002,173.4675369541976,2091500
2021-12-17,167.4329376220703,169.35908885212228,165.9622272378199,167.84093339517923,1394400
2021-12-20,164.68128967285156,165.5826881795494,163.30546937544918,165.5352575830422,1203500
2021-12-21,168.45767211914062,168.5240981150579,164.7192408131686,166.58846370525617,837800
2021-12-22,170.45970153808594,170.55459166408886,168.27737342202377,168.27737342202377,839400
2021-12-23,171.93043518066406,172.50923028090997,170.81080682705533,170.81080682705533,581500
2021-12-27,175.01417541503906,175.02367311580318,172.39537264596407,172.39537264596407,558500
2021-12-28,173.5909423828125,175.86817582332006,173.33475054413682,175.86817582332006,587500
2021-12-29,173.75218200683594,174.15069445899292,172.5756255704296,173.79962706789746,573400
2021-12-30,173.03111267089844,174.30255957013136,172.9172560764011,173.4011610812186,520700
2021-12-31,172.51873779296875,173.42013625197146,172.49975686844775,172.7274700498865,485900
2022-01-03,172.88880920410156,174.06536607335443,171.66479277812726,173.79020778308873,1385300
2022-01-04,172.29100036621094,173.79965802053053,170.82029008057881,173.5055188590446,1200900
2022-01-05,166.5125732421875,171.90199809167248,166.40819986413456,171.90199809167248,1704000
2022-01-06,167.10084533691406,168.10661722654103,164.56743468713552,166.41767679335533,1592500
2022-01-07,165.56370544433594,168.08761811915056,164.81411098097237,167.28110984121827,799700
2022-01-10,166.14251708984375,166.28483783593953,161.28442810218274,163.91272887964936,1578900
2022-01-11,168.01173400878906,168.08762875181665,164.5769105195462,165.8009268043687,1198100
2022-01-12,168.69485473632812,169.947334922047,167.6226715838635,168.79922808513803,769700
2022-01-13,163.98858642578125,169.207224485066,163.628021345025,169.0743870045031,1304600
2022-01-14,163.34336853027344,164.14040790681074,161.2748970829404,162.17629532355068,2067900
2022-01-18,159.10205078125,161.52160429242875,158.71303599943928,160.7245793291372,1882200
2022-01-19,157.28982543945312,161.2465019621744,157.20441850234522,160.430495794631,1557300
2022-01-20,155.5534210205078,160.65820418609076,155.36365519746622,158.10581260329928,2585400
2022-01-21,151.8054656982422,155.92344271293953,151.63466635204182,154.41478513281152,3182100
2022-01-24,152.61199951171875,152.81126303599058,143.61696633413183,148.0290832355085,4551100
2022-01-25,150.21139526367188,152.32731197664947,147.86775092416977,149.50926041874007,3220100
2022-01-26,150.3727264404297,155.25927956226997,148.47503928123828,153.29516640296893,4223900
2022-01-27,148.50350952148438,153.39954606778613,147.90574788699965,152.34632907210732,3185200
2022-01-28,152.38426208496094,152.38426208496094,146.0839422295309,148.0290596967953,2657300
2022-01-31,156.938720703125,156.97668255372315,152.2988762244681,152.35581900036533,1854300
2022-02-01,158.7509765625,158.9597232551137,155.6387715721507,157.82111414516646,2253000
2022-02-02,159.99398803710938,160.43994564510444,158.1532293110366,160.17427062053756,1766400
2022-02-03,156.24606323242188,159.2444122789681,155.7526605401312,157.65984531228025,2406400
2022-02-04,158.27658081054688,159.79473619120088,155.52494047108956,156.26503723765265,1934600
2022-02-07,157.88758850097656,159.51960085023475,157.41316664312723,158.54229298132162,1285800
2022-02-08,158.95973205566406,159.3867086857581,156.52121207069064,157.2423278353339,1741900
2022-02-09,162.83102416992188,162.94488075029327,160.2596520636523,160.2596520636523,1773300
2022-02-10,159.78526306152344,163.83682945509707,158.8174529737772,160.10788090231046,1364300
2022-02-11,155.16436767578125,160.57277242616308,154.34836173251648,159.6903549702964,1805900
2022-02-14,153.9783477783203,155.54393402392108,152.55508229024497,154.51919561332747,1184300
2022-02-15,157.58389282226562,157.66928524223306,155.82852697253793,155.82852697253793,737400
2022-02-16,157.707275390625,158.1911803355044,155.65777007430867,156.51172338367283,915800
2022-02-17,152.3557891845703,156.1891100871863,152.05215235202198,156.10371765735746,946000
2022-02-18,150.59097290039062,153.12438355438061,149.75598590616318,152.3842867106624,1310700
2022-02-22,148.77867126464844,151.68213020584736,147.36488916557028,149.4238779279355,1851500
2022-02-23,145.52410888671875,150.76172855402706,145.23946744681186,150.12600520789928,1246600
2022-02-24,149.64208984375,149.93622896327076,140.57113533214633,140.7893797251201,1410500
2022-02-25,152.5740509033203,152.70688842569137,148.92099732081005,149.79393167899187,960500
2022-02-28,152.73532104492188,153.61773844460944,150.58144250420983,150.72377769906984,684900
2022-03-01,150.3442840576172,152.89667597276863,149.3290288091308,152.5361107272956,1247200
2022-03-02,153.6746826171875,154.22499904544384,150.73326230154905,151.3595024169871,2162900
2022-03-03,151.4449005126953,154.1965406697095,150.52452122690607,154.13961238039496,1177300
2022-03-04,149.03485107421875,150.34424522020467,147.51669572796555,150.05010606044118,1115900
2022-03-07,143.12353515625,148.97789720402483,143.04762594677302,148.90198799454785,2550200
2022-03-08,142.39297485351562,146.03653102925128,141.42515026745278,143.07612896803647,2584200
2022-03-09,148.10501098632812,148.90203622670586,145.30592494186914,145.98909357025178,1322300
2022-03-10,147.3838348388672,147.66849073090484,145.1445640214111,146.04596228103026,1497200
2022-03-11,144.53733825683594,148.58890422853017,144.43296488825635,148.16191305275694,1001300
2022-03-14,142.8768310546875,146.15033766326243,142.30751926267433,144.67014437786858,1200700
2022-03-15,146.52989196777344,146.757619615594,143.0950831961446,143.60746678419022,863000
2022-03-16,151.63465881347656,151.68210387829578,147.00429846857972,148.24729546275896,1283300
2022-03-17,154.3294219970703,154.41482893349755,150.74279396971366,150.9325742922579,689500
2022-03-18,157.33721923828125,157.47005673490054,153.6462045202283,153.6462045202283,768000
2022-03-21,157.13796997070312,158.1911868171137,155.43004880379377,157.24234333307544,995500
2022-03-22,159.99398803710938,160.39250057395972,157.57444866896103,157.57444866896103,574100
2022-03-23,157.3277130126953,159.7377832213029,157.24232058625344,158.63712146427267,1181000
2022-03-24,160.00672912597656,160.00672912597656,157.40096795659534,157.91451922538005,542000
2022-03-25,159.94969177246094,160.47274794301558,158.5231828588751,160.01625464260476,628800
2022-03-28,161.97531127929688,161.98481611305814,159.16032778792834,160.08280455465135,453400
2022-03-29,164.27676391601562,164.62863145441682,161.96581203986062,163.66812072221978,531700
2022-03-30,162.35569763183594,164.02946247451624,161.5663611431232,163.68709983496848,1168000
2022-03-31,160.02572631835938,163.28766876366765,159.89258610653442,162.18449871643548,855100
2022-04-01,160.28248596191406,160.90064834150047,158.89402583835283,160.52023737455622,579300
2022-04-04,162.0513916015625,162.11796897666994,160.46321356785876,160.4727329135585,494100
2022-04-05,158.5231475830078,161.8706918184354,158.08567856192974,161.4902808194119,685100
2022-04-06,155.7842559814453,156.9064503583391,154.35774729787988,156.55456834877918,777300
2022-04-07,157.0110626220703,157.84793785439274,154.3672676718037,155.3563073140745,865100
2022-04-08,156.23123168945312,157.66724522366442,155.77475296851128,156.65918139728592,807500
2022-04-11,152.91220092773438,154.6905914637637,152.77906070947722,154.5479319012911,942000
2022-04-12,152.10385131835938,155.94590789420715,151.30501002702397,154.30067212512932,883400
2022-04-13,154.215087890625,154.57646018923697,151.82805429497498,151.8851268264146,895000
2022-04-14,151.3430633544922,154.4053032100625,151.2955101619628,153.77763589554752,633500
2022-04-18,151.46670532226562,152.4081918236754,150.43961726611147,150.9626733842267,818000
2022-04-19,154.33868408203125,154.57643546915762,151.25743539203702,151.31449340315646,831700
2022-04-20,153.96783447265625,155.75573003483728,153.71107335262158,155.41336736359403,2093600
2022-04-21,150.42056274414062,156.77328806680345,150.00211793405452,156.02198547291394,820200
2022-04-22,145.7321014404297,150.43005685288693,145.54188871399055,150.17329579234269,1578800
2022-04-25,146.8258056640625,146.8543346812049,143.18345119316052,144.1915151620558,1771600
2022-04-26,141.34800720214844,146.00793016398134,141.29094917169954,145.7606738616369,1275400
2022-04-27,141.29092407226562,143.57333195195346,140.56815045178135,141.5381803306866,1890500
2022-04-28,145.1234893798828,146.12203385057268,140.71082309407987,143.116866582239,1662600
2022-04-29,139.7312774658203,146.05547484379326,139.54107920501448,144.32463729470683,2355400
2022-05-02,141.59527587890625,141.80449834963534,137.96244068126333,139.76934618897903,2374400
2022-05-03,142.68890380859375,143.56384191421108,141.41455951962467,141.642806135594,1090100
2022-05-04,147.3773956298828,147.70073417545498,140.68230550669776,142.9837527129922,1292500
2022-05-05,141.05319213867188,146.0459727627267,139.37941258515573,145.77967777914216,946500
2022-05-06,139.4650115966797,141.1387912938437,137.03043877665786,140.09267898311617,1649800
2022-05-09,132.78895568847656,137.38231583092923,132.0757012783665,136.70709527109784,1995600
2022-05-10,133.5877685546875,136.24106800751125,131.3719235868364,135.1474172838846,2825100
2022-05-11,130.3923797607422,135.66094445494184,130.1546283582546,132.96961134863304,2531200
2022-05-12,130.5445556640625,132.2658736482207,127.59643220851076,128.69009746320685,3044700
2022-05-13,135.38516235351562,136.27910996939696,132.81745004932515,132.83645971390544,1434800
2022-05-16,133.64483642578125,135.35664967211795,133.2359109200654,134.51025513798425,1717800
2022-05-17,136.83070373535156,136.94481977491483,134.54828136571916,135.8796980424702,768100
2022-05-18,130.5160369873047,134.80506778230898,129.9168987091338,134.5197631493135,721200
2022-05-19,130.60162353515625,132.34196582760063,129.2131487324117,129.27972610137996,1384600
2022-05-20,130.32582092285156,132.49412737196786,126.74053971190571,132.3895161595596,1203600
2022-05-23,133.2549285888672,133.59729125869333,130.5350514094698,131.2578251075455,967700
2022-05-24,130.94398498535156,131.5906619346496,128.81372686593,131.35291049543187,946800
2022-05-25,132.98866271972656,133.67338813452506,130.3924206534815,130.43997385113113,784400
2022-05-26,137.0113983154297,137.5914978623217,133.06471594936122,133.06471594936122,885900
2022-05-27,140.69178771972656,140.71081189715062,137.63905299136823,137.69611101244482,1091400
2022-05-31,138.89439392089844,140.6727700455792,138.70419567145174,140.52060564154334,1325600
2022-06-01,138.50450134277344,139.87395218673936,137.28721492840344,139.6837539053438,7100500
2022-06-02,139.1416473388672,139.21772953932393,136.6785459577643,138.46644139050727,1732000
2022-06-03,138.54251098632812,139.29381365667984,138.1050564666769,138.1050564666769,1430100
2022-06-06,138.67567443847656,139.61716090496816,138.2572295595038,139.3699046179375,1106900
2022-06-07,140.91050720214844,140.97708456386428,137.88631616225567,138.01945637449256,1511500
2022-06-08,139.59812927246094,140.90101703264625,139.32234398669692,140.45404316407993,1156000
2022-06-09,136.5309600830078,139.62960274869275,136.50235839148542,138.90500231651797,975000
2022-06-10,134.3953094482422,135.73010374436902,134.1092779424531,135.05316299894037,1159200
2022-06-13,129.7616424560547,131.89731327797182,129.21818115344203,131.48734594989537,1733100
2022-06-14,129.11326599121094,130.90571595267468,128.04543088982598,130.4385308217377,1867000
2022-06-15,129.21817016601562,130.54343526805948,127.25410968150682,129.73302972978237,2260800
2022-06-16,125.9097671508789,127.04434940952206,125.06121635588636,126.59623684437452,1528900
2022-06-17,124.18407440185547,126.57717493609856,123.58340973206107,125.69049332655999,1832000
2022-06-21,128.34100341796875,128.8367902822928,125.77627857611837,125.77627857611837,1437600
2022-06-22,127.62591552734375,129.09418873930028,126.00509029259233,126.00509029259233,1417900
2022-06-23,128.05499267578125,128.85586920657965,126.69159676369584,128.30289342209923,1560700
2022-06-24,130.71505737304688,130.71505737304688,128.75098237942439,129.06561554032268,926900
2022-06-27,131.76380920410156,132.38354642702237,130.9820054382258,131.18221726624608,1077400
2022-06-28,130.81039428710938,133.4227937541797,130.31460736710488,132.64097535924316,1366200
2022-06-29,130.40042114257812,131.6780118520319,130.15252041961594,131.2585009807093,1163300
2022-06-30,130.01905822753906,130.71507160538349,128.97982450752448,129.19910901996644,1417500
2022-07-01,131.41104125976562,131.53499161014133,128.79864214396557,129.7902158506449,1145000
2022-07-05,129.4183807373047,129.90462400081296,127.05386774870404,129.6662668925546,1563500
2022-07-06,129.7902374267578,130.4481054755561,128.34102190970688,129.05609334567623,1202900
2022-07-07,131.08689880371094,131.39198837984785,130.39088547570833,130.39088547570833,806200
2022-07-08,131.29666137695312,131.95451490286834,130.87715045735536,131.08690591715424,640300
2022-07-11,130.74363708496094,131.37288875280515,130.18110328983616,130.59108505414193,713400
2022-07-12,129.44700622558594,130.7055244235268,128.9321466301182,129.92372052974775,951000
2022-07-13,129.03701782226562,130.12392579876789,128.035914924606,128.035914924606,1082800
2022-07-14,128.49354553222656,128.64608301486334,126.42460771456116,127.00619960234083,982200
2022-07-15,130.533935546875,130.54346459717263,129.21819919738226,129.78071867647876,829800
2022-07-18,129.29444885253906,131.63034593747128,128.97028663056724,131.4015323916867,583500
2022-07-19,131.6112518310547,131.74473122705135,129.98089739053583,130.1143767865325,6425500
2022-07-20,131.2013397216797,131.62085072769133,130.46719546115932,131.15366537132942,619200
2022-07-21,131.29666137695312,131.32526307163786,129.39933318992365,130.26695672380393,914000
2022-07-22,131.125,132.20237869245946,130.43853042316096,131.7065918762619,730800
2022-07-25,132.77444458007812,132.82211891360058,131.48732486395633,131.55405729235653,532600
2022-07-26,132.51702880859375,133.29883259205147,132.17379397610492,132.69816799815501,441700
2022-07-27,134.013916015625,134.41435426489497,131.9068470457879,132.76492693019995,711600
2022-07-28,135.1484832763672,135.5965958133412,132.99374020891182,134.3666649614206,463500
2022-07-29,136.74069213867188,136.95044753941355,135.33915130106251,135.62518271554316,574600
2022-08-01,135.74916076660156,136.34028180854045,135.32010628321748,135.73008812223304,691300
2022-08-02,135.0054931640625,136.40703434484266,134.92921713164714,135.7300936497599,828600
2022-08-03,135.30105590820312,135.73009586790607,134.67178954161702,135.49173871827492,547000
2022-08-04,133.7374267578125,135.167569582554,133.55627300563881,134.81479112636546,498200
2022-08-05,134.20458984375,134.36667094227113,132.6409676924215,132.81259238672664,492000
2022-08-08,134.70989990234375,135.4059131486373,134.2713309603521,134.63363842838635,748300
2022-08-09,135.49169921875,136.04468939046254,134.8719766296413,134.8719766296413,601100
2022-08-10,136.62628173828125,136.635810784183,135.7491294259842,136.4260553890509,660800
2022-08-11,136.90280151367188,137.89437534910064,136.74072040653095,137.0458245245598,641000
2022-08-12,138.84779357910156,138.86685167393853,137.13161941311608,137.3223021986336,540400
2022-08-15,138.88592529296875,139.0575499848554,137.07441699557603,137.60833461804276,481200
2022-08-16,139.2387237548828,139.6487056691981,138.75248034541684,138.75248034541684,458100
2022-08-17,139.27684020996094,139.96330990950833,138.59989955829224,138.59989955829224,812800
2022-08-18,140.22076416015625,140.3828452913742,139.54382339032395,139.54382339032395,411500
2022-08-19,140.08724975585938,140.7260596862316,139.76308754067938,139.88703790749267,450500
2022-08-22,138.67617797851562,139.4389237187469,138.34248671902785,138.93360775732873,565000
2022-08-23,138.93357849121094,139.61050446380125,138.6380180343198,138.87637511867226,408400
2022-08-24,139.5723876953125,139.63913466872674,138.72383697204918,138.74290961419086,343700
2022-08-25,140.7928009033203,140.7928009033203,139.32452724709063,139.77263985704045,616900
2022-08-26,137.76087951660156,140.94532699114893,137.64645821189455,140.71649892989828,874000
2022-08-29,137.45578002929688,138.51408620718885,136.7025779432703,136.94093505947876,555200
2022-08-30,135.30105590820312,136.96001235881,134.90061764260264,136.96001235881,596800
2022-08-31,134.013916015625,135.58708186793407,134.013916015625,134.97688817168958,588200
2022-09-01,134.53831481933594,134.64319255076379,132.77446603118548,133.29885468832478,694600
2022-09-02,133.813720703125,136.3689025756424,133.298861070314,136.05426936629505,682900
2022-09-06,133.47998046875,134.84337614327669,133.11767300920826,134.3762055224606,1086300
2022-09-07,134.74807739257812,134.93876021937263,132.66006625098552,132.75541493846634,931900
2022-09-08,135.55845642089844,135.6919503764213,134.05205220135062,134.20458970392878,750200
2022-09-09,137.32229614257812,137.64645831847838,136.08283626912984,136.4165420401917,329600
2022-09-12,138.4569091796875,138.92409445371499,137.77996843962046,138.15180502975122,418300
2022-09-13,134.1474151611328,137.15072429460267,133.69930250834366,136.61679200221857,709000
2022-09-14,135.19615173339844,135.85401966539507,134.24272332138315,134.68129224393888,891300
2022-09-15,134.08065795898438,135.17709494210138,133.74695215638457,134.6717789883346,808200
2022-09-16,133.29884338378906,133.6706799367418,132.19286277310107,133.38464846181697,1293300
2022-09-19,133.77557373046875,133.83277712269285,131.79244036042098,131.84011470333004,488400
2022-09-20,132.86981201171875,133.3369972691547,131.76383132972722,132.86981201171875,543300
2022-09-21,131.03921508789062,134.24273542297655,131.0296714920858,133.57533838403455,994200
2022-09-22,131.29666137695312,132.2977497872514,130.8294761168254,131.2775887311079,765800
2022-09-23,128.31243896484375,129.68537865022225,126.95857192736433,129.68537865022225,1028800
2022-09-26,126.77325439453125,128.53146048044542,126.43699460354632,127.61873439041923,999900
2022-09-27,126.67718505859375,128.58910276443598,126.19680136805702,127.87814428493557,987600
2022-09-28,129.40577697753906,129.96302388700198,126.85013190797936,127.47462491919458,1127500
2022-09-29,127.56108856201172,128.83891093076488,126.63874543098014,128.67556757598535,835100
2022-09-30,126.0334701538086,128.06069010957216,125.8893608968235,127.42659471868953,1040600
2022-10-03,129.50181579589844,129.92455574659922,127.6475419741327,127.89733619038982,1139700
2022-10-04,132.68199157714844,132.69159397405804,130.52026480050506,131.06789462731112,788500
2022-10-05,132.8549041748047,133.69076705408466,131.19278081181668,131.83649315863693,643700
2022-10-06,131.9710235595703,133.31609218708363,131.80769484481146,132.36494175053798,856900
2022-10-07,129.8380889892578,131.57707541181537,129.1079111377292,131.22159621122375,521200
2022-10-10,129.1367645263672,130.65477895125375,128.5987370664375,130.1263538887697,477700
2022-10-11,129.32888793945312,130.81808019914902,128.09910695780448,128.09910695780448,5231900
2022-10-12,128.944580078125,129.96299102544066,128.91574357306698,129.165552442507,1158500
2022-10-13,132.47061157226562,132.83569320921714,126.94619911530408,127.0518841139301,1392600
2022-10-14,129.8573455810547,133.46022389368284,129.46342736710483,132.52827819733776,930800
2022-10-17,131.66354370117188,132.24000994242638,131.1543382074601,131.21199655970196,569400
2022-10-18,133.0470733642578,133.68118340442646,131.75004609316517,133.1911972789223,760600
2022-10-19,133.19117736816406,133.79645080679907,132.21119060350605,132.71079371139092,573700
2022-10-20,132.61474609375,134.17118486096643,132.26886918324084,133.6908010774898,8255000
2022-10-21,135.9678192138672,136.21761348347454,132.4898309331045,132.69159855635738,2796400
2022-10-24,137.73558044433594,138.12949849779932,136.49619726019574,136.49619726019574,1173700
2022-10-25,138.60992431640625,138.67717041472642,137.05347107625917,137.4281697958941,810400
2022-10-26,139.4938201904297,140.54105313077832,138.69638149470686,138.69638149470686,761800
2022-10-27,139.54188537597656,140.79087147302783,139.30169348652063,139.98383024289177,751800
2022-10-28,142.2992401123047,142.2992401123047,140.1567332175993,140.1567332175993,634400
2022-10-31,141.8477020263672,142.71238684472146,141.23281146083474,141.3000722174488,661900
2022-11-01,141.6074981689453,142.81805974407604,140.68515506874127,142.71237474988752,2266200
2022-11-02,139.20556640625,142.82766304723737,139.1191008720977,141.31925142634915,1353600
2022-11-03,139.30166625976562,140.0991049361165,137.69718651101627,137.96620020181575,575700
2022-11-04,140.07025146484375,141.21356684235673,138.28322378657657,141.03101871853266,685800
2022-11-07,141.54026794433594,141.79006220398884,140.04145840597488,140.16636286587527,662900
2022-11-08,142.4529571533203,143.07744997059748,141.1078742743589,141.7708059893989,635400
2022-11-09,139.20556640625,142.04944391957702,139.0326353379454,141.61708692852585,419600
2022-11-10,142.88531494140625,143.05824601964088,140.79083459075332,142.24160260551238,749600
2022-11-11,142.28001403808594,143.44254882431412,140.8484802633144,143.36568568752557,1749300
2022-11-14,142.22239685058594,144.047849043978,142.18397260510432,142.29926000169627,715600
2022-11-15,142.76043701171875,143.48101262513563,141.5498752588318,143.27925966306202,5334400
2022-11-16,142.08787536621094,143.21197134764233,141.99179277218272,142.29924534495655,1206000
2022-11-17,142.6547088623047,142.6835307053136,140.81003760901578,140.81003760901578,454700
2022-11-18,143.58668518066406,143.86531593670097,142.52023277890126,142.9045485354785,360900
2022-11-21,143.59629821777344,143.88451670195496,142.09748879929597,142.79885953786223,361200
2022-11-22,145.6715545654297,145.76763717349132,144.25922525578028,144.25922525578028,339600
2022-11-23,145.5946807861328,145.84448968480402,144.73959841331623,145.10469470513004,280600
2022-11-25,145.786865234375,146.0943032100575,145.46019314376736,145.46019314376736,115400
2022-11-28,144.06707763671875,145.1143106492598,143.84610522584956,144.403352111642,291800
2022-11-29,144.21119689941406,144.68196355694178,143.5098261212177,144.22079929604712,340400
2022-11-30,146.76681518554688,146.76681518554688,143.4233489106292,144.7395954895747,497800
2022-12-01,146.04624938964844,147.34329126318605,145.67155068442713,147.32407181005624,912900
2022-12-02,146.67074584960938,146.843676934183,144.93175930738116,145.05664909285784,359800
2022-12-05,144.43215942382812,146.44976208982817,143.86531019815286,146.25761154927767,411600
2022-12-06,142.74122619628906,144.7107877284307,142.11671856158142,144.12471900116697,515600
2022-12-07,143.17355346679688,144.11510135749154,142.58748480153724,142.58748480153724,319000
2022-12-08,143.36570739746094,144.3264747625906,142.87572131889758,144.25921401016117,392600
2022-12-09,140.90614318847656,143.20237657051064,140.89652613247478,142.7796365905301,482900
2022-12-12,142.85650634765625,142.85650634765625,140.9926152552176,140.9926152552176,405000
2022-12-13,142.51058959960938,144.83921428937737,142.2303720446127,144.54935439612078,478500
2022-12-14,142.27870178222656,143.4961576918045,141.5346935767766,142.65553442640342,474300
2022-12-15,140.38485717773438,141.49604086881075,139.650520848818,141.17718023103947,646900
2022-12-16,139.4089813232422,139.84378598559164,138.25915439274445,139.070791728282,421200
2022-12-19,139.16738891601562,140.24957177638288,138.5006817096695,140.017683874096,372700
2022-12-20,139.7084503173828,140.3848144597352,138.9354564074233,138.98377129122684,399400
2022-12-21,141.70860290527344,141.9501626341818,140.10464276684934,140.83897903502185,375300
2022-12-22,140.15296936035156,141.34143919756784,138.49103710724464,141.09022236624222,366200
2022-12-23,141.6796112060547,141.6796112060547,139.97902134716531,140.35585391932645,436600
2022-12-27,141.93084716796875,142.307679791005,141.53468563657145,142.15307801139085,329100
2022-12-28,140.25927734375,142.31735668983916,140.17231935947282,141.98883892014368,302500
2022-12-29,141.02255249023438,141.54432970821148,140.52977600093095,140.52977600093095,366800
2022-12-30,141.00323486328125,141.15783662494596,139.79543624459225,140.53944432192262,450300
2023-01-03,138.75192260742188,140.781015607277,137.6987109202673,140.63608565858615,589200
2023-01-04,138.6263427734375,139.3800081893549,137.78571936575437,138.41376896447204,493700
2023-01-05,138.52969360351562,139.06112805169798,137.7857001196988,138.2108329346062,422200
2023-01-06,140.84866333007812,141.39941189405886,139.51524879048725,139.51524879048725,434400
2023-01-09,138.96450805664062,141.467063672231,138.7712484506057,141.467063672231,373800
2023-01-10,139.67950439453125,139.72781929219104,138.52967765095696,138.89685318080737,398900
2023-01-11,140.31724548339844,140.33657439392056,139.46695034409095,140.09501461512994,1470700
2023-01-12,140.7037353515625,141.3124707125966,139.64088117016388,140.44286140566692,560700
2023-01-13,141.04193115234375,141.21584712393494,139.95007618522297,140.10467798906367,451000
2023-01-17,140.58779907226562,141.73762604221702,140.37522527562052,141.20619155060425,1161300
2023-01-18,138.2108154296875,141.09021816837435,138.1142003791155,140.73269972471175,949600
2023-01-19,138.05624389648438,138.58766359337238,137.4764945534306,137.58278144153584,428300
2023-01-20,138.85821533203125,139.05146018630265,137.41851389198033,138.1818362266254,381300
2023-01-23,139.14810180664062,140.03704010090775,138.73262602781972,139.31236070131214,432400
2023-01-24,139.58287048339844,139.66015661684767,137.94025264672447,139.12873704530173,526200
2023-01-25,140.0080108642578,140.0369968517984,138.64562521894456,139.0417719632108,319700
2023-01-26,141.331787109375,141.331787109375,140.0177014382432,140.76169487625612,464400
2023-01-27,139.66986083984375,141.35110738959875,139.6312030205171,140.80035878511845,372800
2023-01-30,138.52969360351562,140.0080382315984,138.46206453391338,139.22538692774734,380300
2023-01-31,140.23025512695312,140.23025512695312,138.52966524094842,138.57798013428,597200
2023-02-01,139.14810180664062,140.14332700259405,137.7084148353737,139.718194139489,803200
2023-02-02,136.4909210205078,138.38475601969554,135.45705291790028,138.38475601969554,701400
2023-02-03,136.36532592773438,137.6407538452336,136.2010670535524,136.5682278778728,1333800
2023-02-06,136.56820678710938,137.12862713557902,136.13340221746589,136.14305929905404,609100
2023-02-07,138.16250610351562,138.4330518169741,135.8048808202611,136.02711163982295,1000400
2023-02-08,137.44747924804688,138.18181548148775,137.30254931501088,137.91126977739714,807800
2023-02-09,137.16729736328125,138.56834098943625,137.08999647267194,138.1045356457804,542300
2023-02-10,139.83412170410156,139.95973750324467,137.78569955976502,137.78569955976502,377700
2023-02-13,140.53945922851562,140.53945922851562,139.42829027891764,139.83410888860482,454800
2023-02-14,140.07568359375,140.9646217970671,139.3220182747716,140.23028538831957,338100
2023-02-15,139.20603942871094,139.3316404546511,138.4716884602841,139.09008074001278,441500
2023-02-16,137.89195251464844,139.14805122240816,137.8436376235112,138.10451149710974,394100
2023-02-17,137.582763671875,137.88229538776574,136.84842737667074,137.17694508160662,480100
2023-02-21,136.51025390625,137.6697378353741,136.4522819213395,136.71317059707482,510900
2023-02-22,136.05612182617188,136.99337490864994,135.77591898155185,136.41362556604804,392700
2023-02-23,136.6261749267578,137.28322504719983,135.5729780614228,136.65516091434424,350200
2023-02-24,135.8725128173828,136.26867431481926,135.04154675273767,135.62129600477323,324100
2023-02-27,135.9788055419922,136.87741544696428,135.6599449140109,136.2493512729515,512700
2023-02-28,134.56809997558594,136.23003211549525,134.54877106875833,136.15273123182084,551500
2023-03-01,135.28309631347656,135.45702697346582,133.95935380466287,133.95935380466287,712000
2023-03-02,135.8725128173828,136.30733212822747,134.7613439518899,135.08020456614588,464700
2023-03-03,137.21559143066406,137.2832352358097,135.48603015389205,135.77590479490522,280700
2023-03-06,137.38955688476562,137.5924588642818,136.68420638323727,136.92576618794538,494900
2023-03-07,135.52467346191406,137.4281654240669,135.29278554360863,137.2928925571765,672200
2023-03-08,134.7227020263672,135.8145568575547,133.89175060736363,135.46671021403887,375000
2023-03-09,132.79989624023438,135.582669398085,132.38440578564303,134.93527626579353,404900
2023-03-10,131.49545288085938,133.901393132239,131.13794919353853,132.77089534963008,696600
2023-03-13,130.6451873779297,132.3650916934871,129.5726614513843,129.68860541847968,605700
2023-03-14,131.83367919921875,132.66464550343667,130.4519494724149,131.7273922971569,550000
2023-03-15,129.58230590820312,130.08475428938974,128.19091946407795,129.53399101207506,691400
2023-03-16,130.80943298339844,130.9157198570056,128.2295767716279,128.40349270463804,592900
2023-03-17,128.67405700683594,130.5582202713195,128.27789544404652,130.09442963936317,9754400
2023-03-20,130.92539978027344,131.31188952792573,128.91562065647614,128.91562065647614,2574500
2023-03-21,132.62596130371094,132.87719288242596,131.82398115557692,131.87229605484035,680000
2023-03-22,130.46157836914062,132.9544764614518,130.45190654436487,132.59695804836207,641700
2023-03-23,129.60035705566406,131.6999388602577,128.83244744722774,130.5237797062539,546100
2023-03-24,130.9806671142578,131.0778757684617,128.35619660229327,128.69639722809043,482800
2023-03-27,132.2442626953125,132.82746993606952,131.4277636590806,131.83601317719655,352400
2023-03-28,132.7205810546875,133.33296290781198,132.0207351493475,132.0207351493475,427000
2023-03-29,133.8189697265625,133.8189697265625,133.19687297282184,133.6342822035532,434900
2023-03-30,134.0814208984375,134.3535873005941,133.40100489304595,134.3535873005941,378300
2023-03-31,135.150634765625,135.16036452859535,134.34386536469586,134.34386536469586,426100
2023-04-03,137.8626251220703,138.26115984983116,136.71562526714177,136.7836742932291,673000
2023-04-04,136.65728759765625,137.98897482177168,136.05463553673007,137.98897482177168,694000
2023-04-05,138.29029846191406,138.34861771429158,136.8128131298728,136.8128131298728,448500
2023-04-06,138.0959014892578,138.54302566319694,137.86260963853505,138.26114432153594,366400
2023-04-10,138.6888427734375,138.6985725385218,138.06674591836025,138.15423964432406,601300
2023-04-11,139.17481994628906,139.70943776731127,138.8249044619346,139.05818145150425,332000
2023-04-12,139.40811157226562,140.24405539161276,139.17481975106816,139.58308414615252,360700
2023-04-13,140.42877197265625,140.66206384215815,139.02905041956106,139.4567447643355,613100
2023-04-14,139.65110778808594,140.59397510035313,139.17480925105846,140.3509683669225,336200
2023-04-17,139.47616577148438,139.85525572506288,138.8832286818405,139.6316788261137,414100
2023-04-18,139.6414337158203,139.71919767310547,139.13597540944585,139.49562073392627,462600
2023-04-19,138.93182373046875,139.1942751955934,138.5138592044889,139.1942751955934,424800
2023-04-20,138.5333251953125,138.61108915367257,137.7848600740606,138.02786688195135,1277000
2023-04-21,138.4263916015625,139.00959899917294,138.00841220958213,139.00959899917294,446900
2023-04-24,139.3303680419922,139.37897236585596,138.22225768490145,138.37778558848262,343600
2023-04-25,138.21253967285156,139.2623307506941,138.04729684096296,139.08735815507524,304400
2023-04-26,136.0837860107422,137.50295201948612,135.753300375814,137.50295201948612,382600
2023-04-27,137.4348907470703,137.6001335497937,135.656079637348,136.42398923865844,1252000
2023-04-28,138.3874969482422,138.67910805194015,136.9294562617092,137.17246304279803,1185800
2023-05-01,138.6693572998047,139.09705149715424,137.94033714485514,138.105579933476,355700
2023-05-02,136.3170928955078,138.17365348026513,135.35478067722082,138.17365348026513,412900
2023-05-03,135.37420654296875,136.85167692688077,135.22839359153383,136.02546286323692,386000
2023-05-04,134.26609802246094,135.354763546773,133.72176526030492,135.03399284794062,900500
2023-05-05,136.59898376464844,137.1044420709777,135.46171369937625,135.52974789202077,331000
2023-05-08,136.56011962890625,137.06556314186992,136.3559873714698,136.9586395464431,443200
2023-05-09,136.46287536621094,137.00720813475567,136.132389732731,136.132389732731,257900
2023-05-10,136.37538146972656,137.05579735545504,135.5199930236942,136.83223531413438,261000
2023-05-11,135.81161499023438,135.86993423770716,135.01454572289265,135.70469142588257,462400
2023-05-12,136.0837860107422,136.76420197440478,135.39364028419868,136.16154995401158,273100
2023-05-15,136.33651733398438,136.51148992669044,135.6852609490449,136.37540672434423,304000
2023-05-16,134.33413696289062,135.91854581971515,134.33413696289062,135.91854581971515,288800
2023-05-17,135.5589141845703,135.79219121038835,134.2369566544243,134.86876837529135,345300
2023-05-18,135.46170043945312,135.60749857510413,134.159187654448,135.03400613226773,371400
2023-05-19,136.01576232910156,136.89059572983876,135.61724243956715,135.73388096021543,284400
2023-05-22,135.45196533203125,136.83224186110903,135.35475670143867,136.13238125031543,321200
2023-05-23,134.79100036621094,135.71442317351784,134.48967432895935,135.21869467661588,329200
2023-05-24,134.3924560546875,135.26728930837263,134.23694299728302,134.93680366744874,439800
2023-05-25,133.05108642578125,133.52737025611447,132.1956977529182,133.38157211049366,331200
2023-05-26,132.87612915039062,133.81899681941468,132.61367762603354,133.19689993972494,409300
2023-05-30,132.5261688232422,133.17742518846063,132.1373639231571,132.46784957142506,380700
2023-05-31,131.70968627929688,131.97213777759873,131.22367267679024,131.52499873723107,601200
2023-06-01,133.02191162109375,133.50792516032763,131.52498161435798,131.6221902549872,473500
2023-06-02,134.5188446044922,134.7521364737136,133.49821307059094,133.78982419912816,479000
2023-06-05,134.25636291503906,134.8006956555254,134.02308593023335,134.38273116977868,421600
2023-06-06,133.96478271484375,134.3341429289703,133.381560519129,134.05226159461398,479200
2023-06-07,133.10604858398438,134.66741588368419,132.9596769141447,134.00384446000814,622700
2023-06-08,134.32583618164062,134.4234272028804,132.94013004377172,132.94013004377172,411200
2023-06-09,134.6478729248047,135.18459377793167,134.25753860814854,134.6478729248047,361800
2023-06-12,136.3165740966797,136.3165740966797,134.81375581867573,134.96014234435847,620500
2023-06-13,137.23390197753906,137.59496200656054,136.5605625469736,137.27292945758134,456100
2023-06-14,138.35610961914062,138.52200244958325,136.941129096883,137.58519412587194,372000
2023-06-15,139.8394012451172,140.249256731639,137.96576978231772,138.08286709552416,574300
2023-06-16,139.0977325439453,140.59079760275264,139.029430747566,140.3956155781309,385600
2023-06-20,138.49273681640625,139.03921085460226,137.95601592521348,138.41466696947813,283300
2023-06-21,138.13168334960938,138.609840710541,137.64375795091087,138.11216216437703,712800
2023-06-22,138.52200317382812,138.52200317382812,137.53639933241,137.53639933241,600100
2023-06-23,137.45834350585938,138.00481756831914,137.126557809409,137.48761783846962,248500
2023-06-26,136.63861083984375,138.03407010829008,136.59956847565977,137.58518715226782,292200
2023-06-27,138.6879119873047,138.79525617173425,136.94114559373457,137.10703844416176,207900
2023-06-28,138.4732208251953,139.20510891600566,138.02433780140038,138.092639613586,268500
2023-06-29,139.00991821289062,139.23435968680752,138.2975514276682,138.4341699192218,213700
2023-06-30,140.7664337158203,141.10798734473306,139.84913186929745,139.84913186929745,321700
2023-07-03,140.2785186767578,140.81523946540673,140.01503485500328,140.81523946540673,320400
2023-07-05,139.90773010253906,140.3956555223181,139.63449305868699,140.02484232869148,482800
2023-07-06,138.4829559326172,138.82449469293243,137.94623514892433,138.78546722243559,463400
2023-07-07,137.9462432861328,139.14653537115973,137.91696895895888,138.34634561124133,463500
2023-07-10,139.45883178710938,139.47833808074748,138.05360434954025,138.05360434954025,521700
2023-07-11,139.82962036132812,139.98576002479018,138.95136081237536,139.59542575643292,315700
2023-07-12,141.41053771972656,141.72280222110612,140.77622578923837,140.88356996884093,796000
2023-07-13,142.10337829589844,142.44493200693742,141.50810875599933,141.98628097339383,307800
2023-07-14,141.97653198242188,143.1377818752845,141.77159677173972,142.1229036398371,293700
2023-07-17,142.8352508544922,143.18655767421413,141.77157724960864,141.85940023196443,684800
2023-07-18,143.8403778076172,143.9184476453425,142.48394601902567,142.55226271089742,279000
2023-07-19,143.42080688476562,143.90873233109326,143.00118325796635,143.81114128570655,422400
2023-07-20,142.15216064453125,143.0987369545746,141.99602096878618,142.66936029142516,480500
2023-07-21,141.84963989257812,142.85476479158456,141.76181691467613,142.69862512622677,209300
2023-07-24,141.7423095703125,142.2595092332866,141.52762123206293,142.04482089503702,254800
2023-07-25,142.7962188720703,143.13775764499056,141.5080889436671,141.5080889436671,290700
2023-07-26,141.9667205810547,142.41561834384606,141.1274885908505,142.36682284284538,318100
2023-07-27,141.615478515625,143.65501822294095,141.32273515647722,143.44032983269716,300500
2023-07-28,142.9425811767578,143.10847397968746,142.29853114488307,142.6498230402889,275400
2023-07-31,143.20608520507812,143.36222488527682,142.7279130183319,143.0206711961296,346200
2023-08-01,143.2255859375,143.38171070510728,142.61079534093642,142.76693499884104,393800
2023-08-02,140.8542938232422,142.46445649654493,140.63960546680184,142.2595212871061,366400
2023-08-03,140.8152618408203,141.58617735770622,140.12240127805174,140.12240127805174,314300
2023-08-04,140.70790100097656,142.5522580472886,140.581035657536,141.42026777275356,339500
2023-08-07,142.60107421875,142.60107421875,141.30319094027206,141.30319094027206,229100
2023-08-08,142.3180389404297,142.57176961019314,141.58615103666133,142.0545700160873,224800
2023-08-09,141.03968811035156,142.3473243599976,140.77620427517556,142.12288288796552,245700
2023-08-10,141.11778259277344,142.84504265124232,140.54203420338425,141.43004710096878,322500
2023-08-11,140.52247619628906,141.02015460564388,140.10286761610124,140.25899238413777,251200
2023-08-14,142.230224609375,142.230224609375,140.21997476063706,140.21997476063706,441300
2023-08-15,141.40074157714844,142.11312321396207,141.1177514636991,141.71302090675957,264100
2023-08-16,140.00527954101562,141.7618135083386,140.00527954101562,141.13726975221238,650700
2023-08-17,138.1707000732422,140.58105254639204,138.1707000732422,140.28829435190374,231500
2023-08-18,138.5415496826172,138.8831034444154,137.15584322927756,137.15584322927756,451300
2023-08-21,140.0540771484375,140.25899742836023,138.60005444721858,138.7952215820062,683400
2023-08-22,139.45883178710938,140.66887716589352,139.29293894938252,140.52250551210528,295100
2023-08-23,141.21534729003906,141.40074639672966,139.50760873505297,139.50760873505297,368100
2023-08-24,138.90260314941406,142.43519326876046,138.8928500016522,141.9960484843439,333200
2023-08-25,139.70278930664062,140.25901646077736,138.0048037339549,139.25389143444787,693300
2023-08-28,140.903076171875,141.02994152254385,140.12239266598084,140.43467202445825,273700
2023-08-29,143.23536682128906,143.28416233512118,140.67864271172823,140.67864271172823,534400
2023-08-30,143.6842803955078,144.0941359539222,143.1085170938835,143.17683379877016,264000
2023-08-31,143.6452178955078,144.42590142179367,143.58666923683884,143.908701749818,369900
2023-09-01,143.70376586914062,144.59179356218633,143.10849635834404,144.38687325782175,268400
2023-09-05,142.9816436767578,143.67448931068742,142.78647652171986,143.66473616454036,667900
2023-09-06,142.58154296875,142.91332862515725,141.76183197399104,142.73768265069447,327300
2023-09-07,142.15216064453125,142.35709583023404,141.50809564980707,141.65448217968023,414700
2023-09-08,142.35711669921875,142.92311193904303,142.0546053395526,142.13266029856865,273600
2023-09-11,143.17681884765625,143.30368420616833,142.3668609631182,142.99140482838484,378800
2023-09-12,141.83987426757812,142.66933824750217,141.74228326274152,142.23996165069596,246400
2023-09-13,141.93746948242188,142.43516282764688,141.49833968215768,141.64471131881282,284200
2023-09-14,143.0987548828125,143.2646477252135,142.16193160127045,142.5913083182147,249800
2023-09-15,140.5127410888672,142.65960955050724,140.5127410888672,142.49371672609362,226500
2023-09-18,140.80548095703125,141.25437879890092,140.11263534777675,140.11263534777675,312800
2023-09-19,140.62985229492188,140.7664708044233,139.73207139101225,140.29806661331847,196000
2023-09-20,139.205078125,141.2446171368914,139.17580379906693,140.8054724672993,288600
2023-09-21,136.72642517089844,138.50246548109467,136.71667202561923,138.0438294082013,229900
2023-09-22,137.01919555664062,137.9950462224263,136.9118513877922,137.05822303154028,398400
2023-09-25,137.47787475585938,137.5071490906128,136.38491166062204,136.38491166062204,629400
2023-09-26,135.9794464111328,136.97771626768272,135.7641330120014,136.449214312123,227000
2023-09-27,136.24371337890625,136.83091959064728,135.01055196030734,136.47858989014105,327500
2023-09-28,137.34962463378906,137.94662732043906,136.14583771710778,136.14583771710778,225700
2023-09-29,136.72325134277344,138.4848996966701,136.36114012940263,138.3674614509613,739600
2023-10-02,136.781982421875,137.3104844410673,135.8424465067729,136.7330597709885,354300
2023-10-03,134.6190948486328,136.77221437804988,134.16888993353882,135.85224145903803,313000
2023-10-04,135.7152099609375,135.92074183980122,134.384188320943,134.69737691089648,555200
2023-10-05,135.4998779296875,136.02837986923797,134.66799885247195,135.6075346259921,1911200
2023-10-06,137.5159912109375,137.829179781894,134.34503906509454,134.5211964360178,921000
2023-10-09,138.3283233642578,138.47513612409867,136.772206672066,136.8602853677777,493100
2023-10-10,139.1895751953125,140.2074082881288,138.48491577195716,138.54363490162768,356500
2023-10-11,139.65933227539062,139.76698898260946,138.69043684407455,139.51253446266193,226900
2023-10-12,138.72959899902344,140.0214796816664,137.92706434459572,139.80616623455924,439400
2023-10-13,137.8096160888672,139.44402991261362,137.33984811725048,138.9546839198636,223100
2023-10-16,139.4342498779297,139.78657959386902,138.3381196210761,138.3381196210761,304500
2023-10-17,139.2874298095703,139.8844174955467,138.0640650098108,138.08362809437727,348400
2023-10-18,137.5258026123047,139.16021644351954,137.21261400735938,138.51427614606084,361600
2023-10-19,136.6156005859375,138.77851628501878,136.4002871703311,138.13257603819955,543900
2023-10-20,135.1377716064453,136.91898299695868,135.0888340275167,136.43943355095436,530700
2023-10-23,135.54884338378906,136.72327080904756,134.55057335217458,134.71694920183452,898500
2023-10-24,136.87985229492188,137.23218198286668,135.9598795023075,136.0968957735275,636700
2023-10-25,134.8050537109375,136.83093856960562,134.78547568773436,136.61562511533955,288000
2023-10-26,132.61277770996094,134.4527236112012,132.48554295995635,134.4527236112012,318800
2023-10-27,132.49533081054688,133.62082066317836,132.0451259093012,133.48380437734798,470800
2023-10-30,133.93397521972656,134.36458705593702,133.03356564620572,133.15101881394617,279500
2023-10-31,134.5016632080078,134.63869445367453,133.2293752823517,133.95359795997294,396100
2023-11-01,136.58627319335938,136.71350795081804,134.609310881546,134.609310881546,347200
2023-11-02,139.1014862060547,139.21892445670426,137.9270439649453,138.04449714924831,333200
2023-11-03,140.6869659423828,141.33290620487347,139.86486829938772,139.93336896947707,242300
2023-11-06,141.4209747314453,141.4503342927527,140.83375363799206,140.9316287981185,270500
2023-11-07,141.6265106201172,141.95926228016154,140.8239760984951,141.19588379716419,195900
2023-11-08,142.22354125976562,142.53671496212377,141.31334985329832,141.78311787366357,261900
2023-11-09,141.4014129638672,142.8890289535742,141.30355272614645,142.59541837310312,243200
2023-11-10,143.8774871826172,144.00472190514935,142.00819705074872,142.0571196975815,293900
2023-11-13,144.30809020996094,144.77785805115266,143.45663319774147,143.53493032688183,451800
2023-11-14,146.67654418945312,146.97015473400353,145.8740246302448,145.9425252949034,249500
2023-11-15,145.86424255371094,147.03868484785258,145.7174447337703,146.9016685713566,397500
2023-11-16,146.4514617919922,146.48082135559767,145.59020810315465,145.59020810315465,271000
2023-11-17,146.7842254638672,147.1952743215887,146.3535985842575,146.56891202406234,283800
2023-11-20,148.26205444335938,148.55565009244978,146.51998390170152,146.51998390170152,1082200
2023-11-21,147.77268981933594,148.01736278516682,147.36164102877837,147.73353378195748,339500
2023-11-22,148.00759887695312,148.61439812061914,147.5671904282795,148.02717689995035,271300
2023-11-24,148.08587646484375,148.24247076081468,147.8705630412972,147.92928216887282,100400
2023-11-27,147.6650390625,148.08586941251983,147.4986632310745,147.7628992925809,336200
2023-11-28,147.16592407226562,147.79228640944532,146.794031234777,147.2148616632567,354800
2023-11-29,147.03868103027344,148.1348112137823,146.8527271740738,147.8314191046792,277000
2023-11-30,146.9114532470703,147.18548580590485,145.7761669698104,147.12676667667665,433800
2023-12-01,147.30291748046875,147.6258876104427,146.12849014743404,146.54933544418327,501100
2023-12-04,145.6685333251953,146.18723896040007,144.65070007884734,146.18723896040007,529100
2023-12-05,145.64895629882812,145.8251136975565,144.51366995039402,144.58217062756992,316000
2023-12-06,144.26895141601562,146.44164824999203,144.17107626961462,146.41228869280187,234800
2023-12-07,146.35357666015625,146.40251424071823,144.89533532151827,144.89533532151827,218200
2023-12-08,147.58676147460938,147.6846217176575,145.78597171904676,145.78597171904676,200700
2023-12-11,149.14288330078125,149.24075848081756,147.64548563489143,147.66506365762984,321800
2023-12-12,150.47389221191406,150.47389221191406,148.6731025493575,148.6731025493575,258600
2023-12-13,151.44277954101562,151.91254743920496,150.12153959364613,150.44450969041762,273900
2023-12-14,150.5325927734375,151.7070200200818,149.38752508793533,151.7070200200818,489300
2023-12-15,151.21771240234375,151.7559960490851,150.34667702258284,150.34667702258284,354800
2023-12-18,152.8912811279297,153.23382933655182,151.57004081885157,151.57004081885157,249100
2023-12-19,153.7818603515625,153.83078299878915,152.96954429664996,152.96954429664996,200600
2023-12-20,151.24026489257812,154.1144067865502,151.24026489257812,153.1923272367288,361000
2023-12-21,153.25115966796875,153.3296361047605,151.95633588052905,152.6233631414844,199600
2023-12-22,153.38848876953125,153.79067489273092,152.65278901785618,153.55524558376896,191300
2023-12-26,154.24192810058594,154.4773424683177,153.50622826572126,153.50622826572126,135000
2023-12-27,154.62448120117188,154.69313873127416,154.0359153850215,154.3694290291765,241100
2023-12-28,154.53619384765625,154.88933036204926,154.44791346102082,154.56563561105264,288400
2023-12-29,153.8986053466797,154.8501117245976,153.31985836526434,154.33021833887162,503700
2024-01-02,151.0833282470703,152.73128875769805,150.26915193484874,152.46643261568573,718700
2024-01-03,149.79830932617188,150.71056997965204,149.62173357423407,149.62173357423407,269200
2024-01-04,149.41571044921875,150.91653662833312,149.33723401900934,149.47456402991364,300900
2024-01-05,149.7296142578125,150.6124479809115,149.2391477521242,149.32742813086412,277200
2024-01-08,153.27081298828125,153.28061693188548,150.2004872727871,150.2004872727871,195500
2024-01-09,153.79067993164062,154.2320968035386,152.28004964455963,152.28004964455963,311800
2024-01-10,155.29150390625,155.62501754056177,153.96725331077096,153.96725331077096,282600
2024-01-11,156.1841583251953,156.69424769209112,154.05553544499483,155.83102183547518,266900
2024-01-12,156.498046875,156.97870944153692,155.8996771361887,156.66481865952198,236400
2024-01-16,156.8904571533203,157.66538778929325,156.1351344043372,156.26266050903442,296100
2024-01-17,155.99777221679688,156.23320152284464,154.6833256023584,155.99777221679688,342800
2024-01-18,158.0381317138672,158.25393819244067,156.39015632911068,157.1945286524939,476400
2024-01-19,161.4419708251953,161.4419708251953,158.71497801423376,158.92096558251112,539000
2024-01-22,161.8735809326172,163.089928371491,161.56949407289872,162.56023109453804,640100
2024-01-23,162.01092529296875,162.0795828313073,160.63760987982243,161.82454559656765,1335100
2024-01-24,163.6098175048828,165.3951228478847,163.3645842413617,163.66868606112234,536100
2024-01-25,164.7183074951172,165.67961787716158,163.7569971130728,164.91449114910637,1033900
2024-01-26,163.9629669189453,164.75753532833878,163.57059965354375,163.78640613987014,268700
2024-01-29,165.83653259277344,165.83653259277344,164.11989982199174,164.11989982199174,267900
2024-01-30,165.47360229492188,166.00329956789753,165.09103899559202,165.72863950519152,533900
2024-01-31,162.4915771484375,164.5711656920915,162.39349281002106,163.64908609743162,433000
2024-02-01,165.26760864257812,165.40493868130886,163.32536524685722,163.5411717316986,559700
2024-02-02,169.59353637695312,170.0447722242392,166.93520088136322,167.15100737773668,674100
2024-02-05,170.0153350830078,170.48617878833554,168.49488575755095,169.69162535814138,649800
2024-02-06,169.2698211669922,171.31996784849227,168.18098477693798,171.17283386383033,1227900
2024-02-07,172.0066375732422,172.3303323480586,170.14285556707546,170.19190521921053,366600
2024-02-08,172.75213623046875,173.1837492077904,172.29109645631627,172.29109645631627,504400
2024-02-09,175.0573272705078,175.29274163462398,173.14449575495667,173.4682054734676,429100
2024-02-12,174.02734375,175.88130669842582,173.48782755488114,175.10636117238658,1107000
2024-02-13,171.9575653076172,172.8011683227036,169.7014163167721,170.2801632194412,850000
2024-02-14,175.40065002441406,175.49874932424376,173.53688307046298,173.72326275942842,730800
2024-02-15,175.7341766357422,176.09713209755756,174.6747819523998,175.90094845130352,960900
2024-02-16,173.99789428710938,176.40117706007817,173.8703682118262,176.39137311884454,376200
2024-02-20,171.8104248046875,173.41915447430685,170.368451964302,173.0365911677465,837400
2024-02-21,170.2605743408203,170.44693906666475,168.8676360935682,170.05457179308942,1260800
2024-02-22,176.9505157470703,177.38212869235687,174.8513195777818,175.0867489028065,1001700
2024-02-23,176.6267852783203,178.39246758884954,175.665475174529,177.52924179973547,784000
2024-02-26,177.09764099121094,178.15705044982792,176.92108023203315,177.19574028043198,723000
2024-02-27,177.20555114746094,177.62736014617576,176.37176702789782,177.49003011660943,1107400
2024-02-28,176.83282470703125,177.16633838869942,176.09712483801798,176.29330847618442,595800
2024-02-29,178.73582458496094,179.17724148107624,176.86223879423372,177.80392617689952,656000
2024-03-01,182.92442321777344,182.9734728724897,179.88353920745575,179.88353920745575,894200
2024-03-04,184.1505584716797,185.30806726141785,183.61104229713436,183.86609447120156,912600
2024-03-05,180.8056182861328,183.0911795169104,179.55982890579483,182.9146187218885,1825000
2024-03-06,182.58106994628906,183.79741732594812,181.79632052750407,183.43447689399827,839900
2024-03-07,185.59254455566406,185.83777783730946,183.23831103900895,184.26829381548993,945000
2024-03-08,182.1200408935547,186.99527954324665,181.39414501927814,186.09282289752105,1189400
2024-03-11,179.71678161621094,180.99198282646788,178.49061509261537,180.78599523250153,1678300
2024-03-12,183.49334716796875,183.61105435274325,179.75599437286263,180.92330718138166,979900
2024-03-13,182.4829864501953,183.12058698872775,181.87481270772736,182.84592691355826,732100
2024-03-14,181.5118408203125,183.21866967656567,180.2660666522563,182.71839922097345,2071600
2024-03-15,179.05953979492188,180.66826964468194,178.96145545560464,179.72658215440194,1057600
2024-03-18,180.3543243408203,181.21755008611237,180.00118789664157,180.52108113837022,468600
2024-03-19,181.12930297851562,181.26663302293824,178.18650348272917,179.0203026603429,684400
2024-03-20,183.25796508789062,183.3462454920262,180.7958129416224,181.36475604803107,592500
2024-03-21,185.16455078125,186.53904300049595,184.48711712289247,185.34126478907805,684400
2024-03-22,185.15472412109375,185.76344066144767,184.37912100432308,185.21362879061536,451500
2024-03-25,184.93875122070312,185.58673262026554,183.9471542165316,184.03551123078736,517500
2024-03-26,184.31039428710938,186.07760932859364,184.21222482865267,185.60635697781188,1094600
2024-03-27,184.30056762695312,185.6259825510946,182.71989415349265,185.46889345266402,728600
2024-03-28,183.93731689453125,184.83072933039418,183.75077545798405,184.0747661139595,2149900
2024-04-01,184.13368225097656,185.26272841082857,183.37770400661424,184.27113147896588,986600
2024-04-02,182.9261016845703,182.99481881195655,181.0607020802521,182.0130342773185,645800
2024-04-03,184.4871063232422,185.05654306097898,181.98355315967478,182.0424578255026,1164000
2024-04-04,180.96253967285156,186.76487511341347,180.87416767584685,186.15617347206825,781400
2024-04-05,184.16314697265625,185.16457140440963,181.62032859341775,181.73813794509113,1015100
2024-04-08,183.68203735351562,184.8601756216518,182.99479127883959,184.8601756216518,618500
2024-04-09,182.52352905273438,184.43800550706283,180.26542208931411,184.36927341290846,947000
2024-04-10,181.79701232910156,182.31735685341448,179.90217566147922,180.14762175713025,1393400
2024-04-11,183.82931518554688,184.31037995050198,181.3454018690874,182.6708018114726,924600
2024-04-12,180.5501708984375,182.37629074191724,179.88256460209854,182.1210321546423,667400
2024-04-15,177.4869842529297,182.54316796672603,177.11390138365653,182.16027264646613,1192100
2024-04-16,178.37060546875,179.27386041568965,177.08447013679884,177.55573749542205,1703600
2024-04-17,175.95542907714844,179.47021958038295,175.34672744715502,179.3622226801412,935500
2024-04-18,174.87545776367188,177.45755590206414,174.67910385151183,176.4954112458896,948100
2024-04-19,170.4181671142578,174.65946865805668,169.60328412510168,173.98204989003295,1847100
2024-04-22,172.11663818359375,173.2162320289928,169.97635516582164,171.63557336665295,1382600
2024-04-23,175.80816650390625,176.0732375461155,173.19661600632676,173.45187459614272,617200
2024-04-24,175.0030975341797,177.4673713826513,174.01150052330286,177.19247290476775,529100
2024-04-25,174.197998046875,174.76743479378322,170.75194021287834,171.31156450893747,1177200
2024-04-26,176.4070281982422,176.96665254271832,174.33547732678485,174.70854524226,421900
2024-04-29,176.4659423828125,177.10409628278305,175.24852427207708,176.93719472403447,537000
2024-04-30,173.8838653564453,177.22192689374776,173.83477313189954,176.21068998764787,727500
2024-05-01,172.09698486328125,175.64122722845713,171.25264966052674,173.05914438373176,910100
2024-05-02,173.98202514648438,174.27654849032805,171.2133858676219,173.55985005223928,844300
2024-05-03,176.8193817138672,177.25135427886354,175.7492253004628,176.2106651807131,949500
2024-05-06,180.41270446777344,180.41270446777344,177.71279724031692,178.02697545395228,509000
2024-05-07,180.30471801757812,181.10978850099426,179.56837964018942,180.54035169144586,1636400
2024-05-08,180.5599822998047,181.13923153152243,179.067665736996,179.067665736996,447100
2024-05-09,180.9330596923828,181.1785058184395,179.76474871626078,180.60908398912952,471800
2024-05-10,181.25704956054688,182.80827086794346,180.87415420485576,181.89521847392714,899100
2024-05-13,180.3341522216797,182.00319769394636,180.0101765513458,182.00319769394636,507900
2024-05-14,181.50250244140625,181.68904390024792,179.3229395722388,179.73530226064833,1592900
2024-05-15,185.73397827148438,185.78307049100152,182.55300618622502,182.7199077479097,627600
2024-05-16,184.15330505371094,185.86160030300138,184.08457295567052,185.63579408814454,567400
2024-05-17,183.98638916015625,184.77181967031586,182.97515243435956,184.6441978862641,397600
2024-05-20,185.55726623535156,185.7438076829991,184.1238543067248,184.1238543067248,1197800
2024-05-21,185.65545654296875,185.7438135533283,184.526395369729,184.54603525453425,624300
2024-05-22,185.31182861328125,186.1954286911531,184.3496839759119,185.7438162000961,736700
2024-05-23,185.25291442871094,188.00191394662917,184.43803151920545,187.619018601762,741800
2024-05-24,187.11830139160156,187.59938118233129,185.32163398643831,185.57690754026493,686800
2024-05-28,187.9233856201172,188.01174263483034,186.4212564466197,188.01174263483034,487100
2024-05-29,186.55870056152344,187.23613428407222,185.90090672420823,185.97943630345637,458500
2024-05-30,183.27951049804688,185.07617780555393,182.52354727193003,184.95836846763268,693100
2024-05-31,183.2009735107422,183.57404139267172,179.32291317827895,183.52494917691124,891800
2024-06-03,182.88681030273438,184.64421289743413,180.40289678626704,184.51657612216482,866000
2024-06-04,182.3959197998047,182.83771982037226,181.08033218981507,182.49410424030518,690500
2024-06-05,186.55870056152344,186.55870056152344,183.4955226413395,183.9667900018866,431000
2024-06-06,185.69468688964844,187.02991417273992,185.00744085736017,186.8139204224722,728200
2024-06-07,185.84197998046875,187.20665982571248,185.18418616824187,185.4885369639603,709400
2024-06-10,187.9037322998047,188.0706338648333,185.51800318806102,185.7143570892216,563500
2024-06-11,187.42018127441406,187.6265761197822,185.56268765152439,187.6265761197822,896500
2024-06-12,189.53321838378906,190.28996451426653,188.77645725695533,189.60200667003417,681700
2024-06-13,191.25311279296875,191.63640464763571,189.80839388006498,191.63640464763571,655300
2024-06-14,191.33175659179688,191.33175659179688,189.96566333677055,190.47672422966303,387100
2024-06-17,193.94598388671875,194.50618776515074,191.08602881508997,191.38087217235122,552900
2024-06-18,195.38088989257812,195.59710736550866,193.77891906941753,194.1916937914603,664900
2024-06-20,193.719970703125,196.71751775807607,192.3047343888951,196.26542254800222,823900
2024-06-21,192.0590057373047,192.67817528257308,190.5356609015677,192.550406329713,888200
2024-06-24,189.798583984375,192.31455293585364,189.798583984375,191.57745195414586,501800
2024-06-25,191.54795837402344,191.59710143598664,189.9361649175873,190.66344324411418,766700
2024-06-26,190.99757385253906,191.52829487694618,190.19168469937114,191.31207742201818,304500
2024-06-27,191.70518493652344,191.96072282654865,190.6535955314626,191.03688737014534,418000
2024-06-28,191.5184783935547,194.24084210627677,190.87966356757326,192.1769534438861,550600
2024-07-01,191.84280395507812,192.33420458764562,189.5627128180707,192.33420458764562,450300
2024-07-02,193.0123291015625,193.0123291015625,190.58480891227967,190.63395197206864,398000
2024-07-03,194.64378356933594,194.7617149162651,192.9042212203485,192.95336428035446,502900
2024-07-05,195.1745147705078,195.4103924911099,194.1229251334185,195.01726295677312,315700
2024-07-08,196.0885009765625,196.6486898663242,195.57744015005494,196.02953530357246,481300
2024-07-09,196.52093505859375,197.53321909750298,196.3538456573682,196.92387215440502,305500
2024-07-10,198.12289428710938,198.28014608139242,196.30472102841486,197.35631053542517,363900
2024-07-11,195.32192993164062,198.66344825337566,194.76172600910724,198.58482235215916,726000
2024-07-12,195.9017791748047,197.61185878526734,194.6437947474611,195.28260957515562,756700
2024-07-15,196.87474060058594,198.37842521410414,196.03935359469537,196.9828343344469,648400
2024-07-16,197.91651916503906,198.04427312913924,196.12781370406807,197.63149840653597,392400
2024-07-17,190.48651123046875,194.20149808793607,190.3489046837029,194.20149808793607,1122100
2024-07-18,189.0418243408203,192.09833679429812,187.59710531962412,191.96074522067735,822700
2024-07-19,187.91160583496094,190.2801605705434,187.597117216608,188.84526407205195,626100
2024-07-22,191.03689575195312,191.2137927638658,189.0418105814855,189.74942862184753,741900
2024-07-23,191.34156799316406,192.99266681061752,190.80102433398957,190.8305071702758,998300
2024-07-24,184.42262268066406,189.6904372411926,184.12779434412812,189.1204107966317,966400
2024-07-25,182.41775512695312,186.17204840256875,180.3735265647353,184.5406095949899,1239700
2024-07-26,184.85507202148438,186.10323373036982,184.13763135256548,184.72731806444918,486100
2024-07-29,184.1671142578125,186.49634827755304,183.73467933511589,185.84771088986415,278800
2024-07-30,181.7789306640625,186.03444699367552,180.44232032843126,185.12044900496193,585000
2024-07-31,187.68553161621094,188.6879929604217,185.84769831545373,186.62410460405044,1345200
2024-08-01,182.5552978515625,189.4250826956466,180.8845390400788,187.98036393016818,617200
2024-08-02,176.31454467773438,178.23101918217122,174.26049358949442,178.23101918217122,1395300
2024-08-05,172.4423065185547,174.49635744372605,165.59218090049725,165.59218090049725,1803500
2024-08-06,175.32188415527344,178.51598766698467,172.66832423712268,173.52335637834736,1368500
2024-08-07,172.99267578125,179.12534582608473,172.81576376268777,178.24083072234328,858800
2024-08-08,179.646240234375,180.0197095214005,175.22363445316444,176.81578273192335,747700
2024-08-09,181.4742431640625,182.32929044131146,179.7543409921992,179.7936614398016,554100
2024-08-12,181.98529052734375,183.18430915233074,180.61919750331506,182.16220253573573,501500
2024-08-13,185.9066925048828,186.0148012448282,183.3219203565975,183.5283152224414,805900
2024-08-14,187.39071655273438,188.05902921515843,185.62167126556164,187.03690749529983,442700
2024-08-15,191.68556213378906,192.04920881834545,189.61185075653054,189.67083143244957,673300
2024-08-16,191.5184783935547,192.06884470449694,190.55533734940576,190.68310631314492,433400
2024-08-19,193.6609649658203,193.73959085549876,190.61427547528996,191.47914526539768,444600
2024-08-20,193.3071746826172,194.80103673848078,192.46196503215765,193.53321476461318,377800
2024-08-21,194.25064086914062,194.79118449971565,192.84524242600096,193.5135400082716,431900
2024-08-22,192.61920166015625,195.57742770565946,191.94106647120722,195.20395847201092,500800
2024-08-23,194.4668731689453,195.2727773699436,192.73714841539586,193.66098396430357,568100
2024-08-26,192.69784545898438,194.9877591410985,192.11798133275934,194.5651618080491,364900
2024-08-27,193.33665466308594,193.74942937051085,191.43001792186863,191.67571822364704,416500
2024-08-28,191.54795837402344,193.1204463787033,190.16222000334653,192.61922313793562,690300
2024-08-29,191.18431091308594,193.83787107993078,190.73223077163283,192.00003768593615,588600
2024-08-30,193.97547912597656,194.15239115018787,191.09587864373094,192.42265134170884,463500
2024-09-03,188.265380859375,193.05161753303207,187.3219001785677,192.6191976355358,746300
2024-09-04,188.0196990966797,189.1695747251156,187.08604093646485,187.13518399676175,746200
2024-09-05,186.90914916992188,188.29490264011275,185.7985938679395,187.72487607089187,1682300
2024-09-06,182.8304901123047,187.18430684720553,182.4668584988099,186.5258169037646,583800
2024-09-09,185.94598388671875,186.43738448631174,184.32436790660435,184.4816196975996,588200
2024-09-10,186.31944274902344,186.73221743009574,184.0688197304596,186.56514303511568,414400
2024-09-11,189.29734802246094,189.6118366221293,183.39071795045803,186.1622096577351,591300
2024-09-12,191.80348205566406,191.90175317593648,188.86490112620606,189.30715865832164,396100
2024-09-13,193.37596130371094,194.0147910900822,191.96074015369234,192.35385464041588,341400
2024-09-16,193.90667724609375,194.01478597654685,192.34402695747238,193.14009351973775,543900
2024-09-17,193.7887420654297,194.75189808178627,192.70766969500133,194.4177492580006,458900
2024-09-18,193.17941284179688,196.08851116340315,193.06148148969024,194.00496229925756,538100
2024-09-19,196.93373107910156,197.47425980191818,195.3907258258542,196.52095632892045,586100
2024-09-20,198.10325622558594,198.10325622558594,196.49144777041954,196.7076652462903,475500
2024-09-23,199.2137908935547,199.37104267730186,198.2408273488744,198.3784189105643,318500
2024-09-24,199.5086212158203,199.5774244903518,197.8870054163025,199.39068988388578,357700
2024-09-25,199.89276123046875,200.58221343515498,199.479089907657,199.5874334704599,277200
2024-09-26,200.23748779296875,202.11871912221167,199.3510363933751,201.8724851271463,577900
2024-09-27,198.8979949951172,200.24735261949752,198.5040115445789,200.24735261949752,524700
2024-09-30,199.70562744140625,199.74503329948035,197.33194299057456,198.12973878386413,555300
2024-10-01,198.5926513671875,199.50863463735013,197.725902874098,199.39044712608546,844600
2024-10-02,199.17376708984375,199.57759447294137,197.56831653636326,198.19867500042218,455900
2024-10-03,198.7600860595703,199.73516307248812,198.02138406606022,198.7502270811413,373100
2024-10-04,200.69053649902344,200.87767672738002,198.80932032458736,199.86319393790637,360000
2024-10-07,199.25254821777344,200.66099943024955,198.6714396068468,200.27687500603514,463200
2024-10-08,201.2322540283203,201.6065344846068,199.7745530848334,199.7745530848334,524300
2024-10-09,202.8475799560547,203.0741110433227,200.88756680159662,201.23228540762506,529000
2024-10-10,201.91188049316406,202.6407385453593,201.3898656142035,202.54223893354646,450200
2024-10-11,204.236328125,204.2855779304398,201.75428521435276,201.75428521435276,546700
2024-10-14,205.81224060058594,205.9895218730974,204.6697111924082,204.98488290873894,343900
2024-10-15,203.7143096923828,206.52136820625026,203.51732550299513,206.27513421228312,581600
2024-10-16,205.5068817138672,205.66447507415845,203.7044621354073,204.39391430051901,438200
2024-10-17,205.5068817138672,207.17142588823475,205.5068817138672,206.82670732014392,611400
2024-10-18,206.17666625976562,206.3933533942465,205.08338663722355,205.88118243738884,293600
2024-10-21,205.56602478027344,206.4820081604916,204.7977607779539,206.15697743653055,280900
2024-10-22,204.92576599121094,205.25079664967924,203.83248651415553,204.77803161414784,261000
2024-10-23,204.45301818847656,205.2409700000629,203.2513950573168,204.10828457436665,319700
2024-10-24,203.85223388671875,204.93566965116835,203.2415782898105,204.93566965116835,308800
2024-10-25,202.6407470703125,204.86669711897844,202.41420095939844,204.8371502399777,301100
2024-10-28,203.40899658203125,203.71432435189342,203.18245047044914,203.4188405320834,403100
2024-10-29,203.2021484375,203.65522562066917,202.12857177970628,202.66043061923173,386700
2024-10-30,202.01040649414062,203.01503052700104,200.8186271628149,201.51793842860533,592600
2024-10-31,199.3608856201172,201.1140703769128,199.22299519078257,201.1140703769128,601700
2024-11-01,198.6615753173828,201.00572765469752,198.5532317632482,200.04049464536251,614600
2024-11-04,198.28733825683594,199.34121204429465,197.87365187899147,198.74040043610282,570600
2024-11-05,201.65579223632812,201.72472993792917,198.8388748122633,198.9570623172536,995100
2024-11-06,206.31454467773438,206.97444999284068,204.39392248765918,206.97444999284068,828900
2024-11-07,207.28964233398438,207.58511111819666,206.61003407243408,207.36842399048697,492100
2024-11-08,210.61871337890625,211.2786187040378,208.20562315323278,208.31396671580248,13786600
2024-11-11,210.38235473632812,211.65291567909864,210.03762109341793,211.4657754174578,1426300
2024-11-12,209.30874633789062,210.66796284265772,208.03818549612245,210.43157278954536,1206400
2024-11-13,208.77688598632812,210.20504018645232,208.57990179129905,209.69286925623214,948800
2024-11-14,206.619873046875,209.14130680431077,206.51152948562907,209.14130680431077,717400
2024-11-15,205.27053833007812,206.33427113254712,204.68942963201422,205.75314740555086,1087400
2024-11-18,206.25546264648438,206.61988417715577,204.60076226094944,205.54630748538818,654500
2024-11-19,207.8116455078125,208.00862969582465,205.36899348388522,205.56599270082756,613100
2024-11-20,208.42230224609375,208.68823916741258,206.45243029632826,208.31395868769943,1111400
2024-11-21,210.58917236328125,211.2687806356894,208.59959735385604,209.99821975648425,912900
2024-11-22,211.672607421875,211.89913850239478,210.6482655266938,210.8058588996342,583700
2024-11-25,211.22938537597656,212.97271130983688,210.2838401844317,212.9530234102752,936700
2024-11-26,213.00225830078125,213.1598516709439,211.3771198791553,211.51501032081487,626100
2024-11-27,212.0074920654297,213.46519326154169,211.2786339529077,213.23866217033927,735100
2024-11-29,213.2583770751953,213.80009495756093,212.58861268547068,212.79545588744037,400400
2024-12-02,211.55438232421875,213.62275379399438,211.55438232421875,213.3371289863048,882700
2024-12-03,212.0271759033203,212.5097849224721,211.55439580477528,211.879426486676,541300
2024-12-04,213.396240234375,213.43563106217482,212.1650702178316,213.11060037433566,480800
2024-12-05,213.32730102539062,214.4402836001714,213.21895745590814,213.61294090354073,382000
2024-12-06,214.27284240722656,214.48952954228443,213.52428138468787,213.74096851974573,391600
2024-12-09,209.7815399169922,214.4205804116593,209.56485277828887,214.4205804116593,1654100
2024-12-10,207.8018035888672,209.5155977260183,207.60481938468382,209.20041097617982,1338900
2024-12-11,210.13609313964844,210.47096775920414,208.90492318928472,209.46632887160695,698600
2024-12-12,208.59959411621094,210.0474512752351,208.59959411621094,210.03760732540053,935200
2024-12-13,211.0619354248047,211.7415436906773,210.23459276588633,210.87481020325714,836700
2024-12-16,212.79542541503906,213.32728424133293,211.66273999976056,211.66273999976056,993500
2024-12-17,210.2335968017578,211.07369189317401,209.3539589524259,211.07369189317401,968500
2024-12-18,202.9593048095703,210.6586063670669,202.78139254185808,210.54000824268877,1253700
2024-12-19,202.8011474609375,206.18132946163936,202.8011474609375,205.202849771511,1628400
2024-12-20,206.67550659179688,207.85165482337476,201.87208693109642,202.188368675886,1269700
2024-12-23,207.48594665527344,207.6737370511073,204.5406446206469,206.26039262965148,632100
2024-12-24,210.15452575683594,210.2138248123939,208.07896832544702,208.44465588881673,400400
2024-12-26,210.45103454589844,210.945213482133,208.93884820751225,209.42314899423405,365600
2024-12-27,207.9010772705078,209.3144217399991,206.5865595361373,209.3144217399991,758600
2024-12-30,205.46971130371094,206.83364995252367,203.7005574010841,205.36099133777452,936900
2024-12-31,204.51101684570312,206.19122227580243,203.9377674483949,206.13192321420934,1508600
2025-01-02,205.5586700439453,207.20922591295272,203.86858649498296,205.78600321740612,920700
2025-01-03,208.8004608154297,208.8894244779978,206.5371281171355,206.81386709122012,795000
2025-01-06,209.4330291748047,210.54987840749203,208.88944440459048,209.9371013465847,794200
2025-01-07,206.39878845214844,210.20395743618306,205.66739815430913,210.20395743618306,915200
2025-01-08,207.3376922607422,207.53536079896804,204.78772739854313,206.34933448847013,943300
2025-01-10,204.49122619628906,206.29992281017613,203.60171019391862,206.0231838280545,1026100
2025-01-13,204.4319305419922,204.5406505068593,202.23777494641513,202.4255653476532,660300
2025-01-14,206.55690002441406,207.1499056499094,204.89645109451243,205.88480888481436,1055800
2025-01-15,210.50045776367188,210.8365109056655,209.1958331999038,210.21384061321686,1275500
2025-01-16,211.90391540527344,212.72425422430788,210.8859080339624,211.7161400833542,1021800
2025-01-17,214.81961059570312,215.00738594165165,213.0504413857425,213.98937844006812,738100
2025-01-21,218.19976806640625,218.5259279685855,216.1439819164286,216.50966949713987,679200
2025-01-22,219.3956756591797,220.34450584964765,218.97068901422398,220.34450584964765,2978500
2025-01-23,221.17471313476562,221.17471313476562,219.06950613904868,219.40555926161701,1482600
2025-01-24,220.41371154785156,221.4218409278148,219.91953254920335,221.15498004582383,584800
2025-01-27,211.42950439453125,213.56436091883563,209.62080776264642,212.91204113399647,1325500
2025-01-28,213.7719268798828,214.1079800327791,210.40163785013797,212.70451360268973,842500
2025-01-29,213.82135009765625,215.5806259994964,212.6056740713611,213.91029869152405,631200
2025-01-30,217.33001708984375,217.9724436896134,215.9463220682731,215.9463220682731,657500
2025-01-31,216.578857421875,219.88984712368523,216.1340843307739,217.89337515345116,1044500
2025-02-03,216.51956176757812,217.37942827241912,212.1016009648709,212.1016009648709,1069400
2025-02-04,217.80441284179688,218.43696125750728,216.83582637924053,217.41895388661624,976000
2025-02-05,221.20437622070312,221.49100845330176,218.6741824436043,219.35615179844547,864800
2025-02-06,223.4677276611328,223.52702672226604,221.57006721800028,222.7659869150516,1279100
2025-02-07,222.25201416015625,224.89092768235727,222.09388837346924,224.29792204970877,1082200
2025-02-10,224.43630981445312,224.45608119482768,222.69680537010382,223.77411184277793,1208200
2025-02-11,223.329345703125,223.62584099225583,222.05435563528675,223.21073250632875,1533900
2025-02-12,222.86483764648438,223.21075387730423,220.31487234780923,220.6113827464729,998900
2025-02-13,225.05897521972656,225.1775733371098,222.785749122635,224.37700588248467,810300
2025-02-14,225.64210510253906,226.08686312853027,224.19909597429938,225.147926166739,518900
2025-02-18,226.808349609375,226.808349609375,225.51360327074542,226.31417069654577,673300
2025-02-19,226.53163146972656,227.0950027211412,225.49385264106192,226.53163146972656,489800
2025-02-20,222.5485382080078,225.23687280193226,220.66077107015204,225.23687280193226,750900
2025-02-21,217.3596649169922,222.83517606189693,216.9445564137738,222.83517606189693,1002600
2025-02-24,215.1259765625,218.4567377423135,214.25621681514335,217.83406746126096,1239700
2025-02-25,214.32540893554688,215.42248676831733,211.56788204832787,214.74051742887298,851900
2025-02-26,215.65968322753906,217.63639895846268,214.65155398204763,215.2544528832251,1242500
2025-02-27,211.96322631835938,217.8933732832756,211.7556645388841,217.0829126257881,1328800
2025-02-28,215.8870086669922,216.17364090317955,211.3603427604056,211.765558037377,1004300
2025-03-03,211.85452270507812,218.01198822283075,210.06558223109687,217.48815974032541,1244500
2025-03-04,207.495849609375,211.646949566495,204.03659713158433,209.04756359293194,4982000
2025-03-05,210.14463806152344,210.77718647270717,206.25050577845903,208.0394461280531,1076700
2025-03-06,202.0203399658203,207.14991965733105,201.36803524178106,206.21098270928215,2427000
2025-03-07,201.97093200683594,202.9790461520525,196.46577156173424,201.37791126635477,2401900
2025-03-10,193.83673095703125,198.0669012228589,191.35595825644828,197.59249369167412,2102600
2025-03-11,194.48904418945312,196.95993865784354,192.28501054636894,193.02627888688605,7860700
2025-03-12,197.552978515625,199.78666190239574,195.07219057691526,198.66981266843814,2110800
2025-03-13,194.4495391845703,197.46401872255095,193.29316224827858,197.29599968884818,1181800
2025-03-14,199.63841247558594,199.85585241444147,196.27798665400132,196.69309515150434,1467500
2025-03-17,201.98081970214844,203.18661753860997,199.15411552372717,199.23318596493797,991100
2025-03-18,198.5393524169922,200.9869090217721,197.90516862790756,200.60045351155077,921100
2025-03-19,202.3246612548828,204.2569541992604,198.717737609587,199.20329054804202,955600
2025-03-20,202.03729248046875,204.06866757190872,201.03647558806534,201.03647558806534,654000
2025-03-21,202.8696746826172,202.89940087186076,199.7086588518637,200.14466312095206,874600
2025-03-24,208.547607421875,209.00341904560773,205.82259600823443,206.2883113211314,937600
2025-03-25,209.13223266601562,209.42950964831135,207.80441261458154,209.21150753597018,701200
2025-03-26,205.1289520263672,209.29079988583285,204.1975062469118,208.74579455946122,1081000
2025-03-27,202.95887756347656,205.81269770108153,202.5327769647903,203.6921437582138,711000
2025-03-28,199.03482055664062,202.9390208779345,198.1826346229565,202.50301666254236,970000
2025-03-31,200.29330444335938,200.6599375154377,194.07037030681252,195.54682140473005,1336100
2025-04-01,201.69046020507812,202.31474034135226,197.84572738266857,199.3420008278718,807400
2025-04-02,204.2272186279297,205.41631145589602,198.9456494042425,199.01500546647156,833500
2025-04-03,193.21817016601562,197.60790838105103,192.93079687095576,194.981994451079,940100
2025-04-04,179.5138397216797,187.71859984375783,178.73100982299866,186.59886308444385,2172500
2025-04-07,181.0497589111328,187.76814925267456,169.9614376928849,171.75498818038685,2204100
2025-04-08,179.19674682617188,190.13643747119224,176.49155791259608,188.59061523486324,1666500
2025-04-09,197.97454833984375,199.6293867461081,177.41309873726806,178.51301303165707,1825600
2025-04-10,191.50387573242188,195.03153935429884,185.8358511329485,194.1496121087282,1009500
2025-04-11,194.2784423828125,195.1306283519439,189.135600381205,190.62197020270378,710100
2025-04-14,196.0026397705078,198.28174322181965,194.1892667465563,198.19254953988346,712200
2025-04-15,197.0926513671875,199.14384917713866,196.1215605567488,196.1215605567488,577700
2025-04-16,192.93080139160156,196.18099555170443,190.6021643908699,194.595543467828,650500
2025-04-17,193.5749053955078,195.37835961039758,192.47499110615837,194.12981438470467,514400
2025-04-21,188.2140655517578,192.38580187645778,185.99441442346674,191.51380849616967,724800
2025-04-22,193.99107360839844,194.98198676861074,190.552603732851,190.59223360640013,680200
2025-04-23,198.5096435546875,202.6120236058234,197.8952822079416,200.54101864264692,1042300
2025-04-24,202.95887756347656,203.43451173305445,198.1331193158163,198.52949372391257,845200
2025-04-25,204.9109344482422,205.35685748538015,202.52284512203153,202.90930066611836,606500
2025-04-28,205.8721466064453,206.9126086199423,203.17686115744672,205.44606113509042,452100
2025-04-29,207.40805053710938,207.84405478759,204.71276527971662,205.17849571817217,444100
2025-04-30,207.7251434326172,208.31968229335305,201.95802122662357,203.63266698994752,707900
2025-05-01,209.59796142578125,211.9464208391599,209.08268233520354,210.3312275068475,652700
2025-05-02,214.413818359375,215.28581175592606,212.51126669398647,212.64999394708346,1021800
2025-05-05,214.07688903808594,215.21644833255505,212.3328871844637,212.6400678686681,2675400
2025-05-06,212.1248016357422,213.24452329989566,210.66815798330526,210.92578997892355,1548100
2025-05-07,213.7201690673828,214.50299902620606,211.64916394009845,212.36262271162533,879000
2025-05-08,215.662353515625,217.7730035216687,214.41380829634983,216.09835775350592,1422000
2025-05-09,215.2362823486328,216.75237847254488,214.42372619326198,216.6037324069801,661600
2025-05-12,221.22137451171875,222.479838524214,218.88281872730457,222.479838524214,861700
2025-05-13,225.4030303955078,226.29484624162552,221.74655821018084,221.74655821018084,1470100
2025-05-14,226.42367553710938,226.81013109624035,225.23458267210145,226.28494828819407,1203300
2025-05-15,226.85968017578125,227.47404154773807,224.92740237677498,225.43276268724242,530800
2025-05-16,228.57394409179688,228.59376658926678,226.47321296404965,227.21639785774914,624500
2025-05-19,229.09912109375,229.28739701462547,225.19492079812684,225.19492079812684,611500
2025-05-20,228.23704528808594,228.79195427573805,227.0677598182739,228.47486990570937,1074800
2025-05-21,224.07522583007812,228.33614085670354,223.47076812181493,226.6615101070552,1868300
2025-05-22,224.20401000976562,225.7993808297189,223.4905513126353,223.7481984155705,777100
2025-05-23,223.6788330078125,224.99674938179606,221.43937461299953,221.44927830177755,791100
2025-05-27,228.48477172851562,228.57395028934505,225.75976037773162,226.98849821187946,1021500
2025-05-28,228.02894592285156,229.2477800730222,227.70194274501085,228.74240465266118,773200
2025-05-29,228.2271270751953,230.496311566753,227.07766417670186,230.4665853814588,806000
2025-05-30,229.43603515625,229.86213569375678,226.4533918742443,227.76140455295115,880100
2025-06-02,231.37823486328125,231.4376872367439,227.78121506743435,229.03967907955786,1165000
2025-06-03,232.1709747314453,232.50788160359653,230.76387974763486,231.70524429988615,1580700
2025-06-04,231.5962371826172,232.6466027684074,231.2196853235091,232.61687658165,952500
2025-06-05,229.30723571777344,232.23042674180974,228.1379502360773,231.82414868595808,1499300
2025-06-06,230.6251678466797,231.65571103011553,229.89188655837344,230.9818972409723,875000
2025-06-09,229.3468780517578,230.16933789725178,227.78123323842266,230.16933789725178,1880600
2025-06-10,229.2576904296875,230.17923249574764,227.20649274179428,229.89187430572545,1447800
2025-06-11,230.2584991455078,231.35841341998741,228.89104918922683,229.9017697829702,1360800
2025-06-12,230.17921447753906,230.6746710644141,229.3072211663309,229.42612590873767,1053100
2025-06-13,228.16766357421875,229.79276058597134,227.51367236617497,227.86048290738367,1014300
2025-06-16,230.08505249023438,231.44538132153463,229.46943187772666,229.7673030443417,642800
2025-06-17,228.3374786376953,229.7375185903952,227.85093047470573,229.11197398212596,868400
2025-06-18,228.64529418945312,230.0651973030862,228.1190349087654,228.8538040132806,662100
2025-06-20,228.67507934570312,230.05527134095422,228.00980847112737,229.6680236631824,812200
2025-06-23,232.57733154296875,232.68655601844296,228.59563048454956,228.59563048454956,861800
2025-06-24,235.21856689453125,235.70511503995516,233.61000202973,234.34477109087274,897100
2025-06-25,233.5404815673828,236.09235552961687,233.36175887722135,236.09235552961687,1208100
2025-06-26,235.45687866210938,235.67532761273546,234.1461849583528,234.2355463060288,1067500
2025-06-27,236.03280639648438,237.51228377055307,234.92069842976701,236.05265437452826,871500
2025-06-30,238.6243896484375,239.05134843956793,237.27398474798818,237.49241856245683,2799400
2025-07-01,235.13912963867188,238.00873796663146,234.00717377940026,237.85980238690905,2121200
2025-07-02,235.22850036621094,235.5561738057933,234.17598182453128,235.2582874833432,1391800
2025-07-03,237.6810760498047,237.79030053059935,235.91363637958412,235.95336263685192,710100
2025-07-07,236.88671875,237.264027265029,235.83418511025582,236.65833066199667,1000400
2025-07-08,234.76181030273438,236.99593494657978,233.927740738636,236.97608696966844,1296300
2025-07-09,236.21151733398438,236.32074181229567,234.7320248825183,235.57603359229893,961600
2025-07-10,235.9334716796875,236.7178909302333,234.56320383700188,236.44980690537173,1082900
2025-07-11,234.58309936523438,235.40724498219788,234.11641431525348,235.22850712314246,539800
2025-07-14,237.522216796875,237.5817910317298,234.74196967833765,234.74196967833765,655400
2025-07-15,235.55618286132812,237.60164578905716,235.55618286132812,237.49242130499744,558500
2025-07-16,236.4796142578125,236.65833695634913,234.23555047978144,236.12215370961192,417300
2025-07-17,237.58177185058594,237.79028165574368,236.21150395504267,236.71790006155243,1076300
2025-07-18,237.38319396972656,238.05838880097974,236.9363569271963,238.05838880097974,655700
2025-07-21,237.8598175048828,239.28965976560477,237.59171829321542,237.8200912470138,694300
2025-07-22,235.8838348388672,237.50233882318827,234.99019106964656,237.50233882318827,660400
2025-07-23,238.66409301757812,238.66409301757812,236.39025723265803,236.88672938362228,710500
2025-07-24,237.90945434570312,238.65416255193824,237.45269331271624,238.43571359935243,676900
2025-07-25,239.5875244140625,239.9151978524746,237.97895949015552,238.1179710866521,712200
2025-07-28,239.04141235351562,240.16342909152326,238.41585260631612,239.98470639296764,1417400
2025-07-29,238.99176025390625,240.40173930792275,238.67401081299292,239.96484140223058,1912200
2025-07-30,239.64712524414062,240.6698567138784,238.594591504826,239.02156545446724,738400
2025-07-31,239.5875244140625,242.49685910298516,239.19035275296596,241.40461430827816,729700
2025-08-01,237.09523010253906,238.85274569181374,235.04976734325285,237.2044545776042,1063100
2025-08-04,240.63011169433594,240.66983794992214,238.34633683420049,238.34633683420049,843000
2025-08-05,239.42868041992188,241.8713150817504,238.80312061941834,241.15639392435455,868200
2025-08-06,242.3379669189453,242.50676562030668,239.30948398010517,239.98469393667725,1530000
2025-08-07,242.14932250976562,243.6685260824293,240.90814213006473,243.47987939166202,927900
2025-08-08,243.9267120361328,245.02888086787138,242.90398057032738,242.90398057032738,649600
2025-08-11,243.96641540527344,245.04872107341748,243.61889398535828,244.3636022223409,542600
2025-08-12,246.1111602783203,246.25017186607062,244.1451349226728,245.1976533943717,653200
2025-08-13,244.52247619628906,247.1438487387773,243.49974470270155,246.9750500132572,931500
2025-08-14,244.22457885742188,245.24731024151262,243.5692320041811,243.67845647972123,477200
2025-08-15,243.13235473632812,244.50262279101037,242.66566967860675,244.50262279101037,439400
2025-08-18,243.11248779296875,243.2514993940797,241.94082074805192,242.71531611868838,412100
2025-08-19,240.40174865722656,242.57629913077335,239.92513962844836,242.57629913077335,941500
2025-08-20,241.14645385742188,241.63300201994434,238.09810757688535,240.20315980048275,1448200
2025-08-21,239.82583618164062,241.06701655982206,239.1009910830984,240.09393538564356,1365100
2025-08-22,241.94081115722656,243.42028846373162,240.5109689446928,240.73934189079463,720800
2025-08-25,241.1265869140625,242.0897440841243,241.05708869258896,241.74222267450173,621600
2025-08-26,243.44015502929688,243.50966840364234,240.87835688752332,240.97765737912323,656400
2025-08-27,243.04298400878906,243.67846776377897,242.25854951600485,243.1919195954555,480900
2025-08-28,244.58204650878906,244.869993688422,242.86424196617278,243.39050123149087,574000
2025-08-29,242.01031494140625,244.17494143821995,241.04715773863694,244.15507830949838,568400
2025-09-02,240.779052734375,240.8584900912227,237.80022003265572,238.82295138148922,694500
2025-09-03,240.95779418945312,241.78193978591415,239.49816483984628,241.05709468102782,973700
2025-09-04,243.21177673339844,243.37065145601457,241.38476287669542,241.38476287669542,594300
2025-09-05,242.5762939453125,246.3494852910408,240.0442829665259,245.6742752928382,1087200
2025-09-08,244.7409210205078,245.37640480333076,243.80755090017726,243.80755090017726,626400
2025-09-09,246.6870880126953,246.88567384544552,244.52246152767282,244.98914656775614,530200
2025-09-10,252.5752410888672,253.58804853461095,251.0163263896283,251.32413670374456,1074400
2025-09-11,252.16812133789062,253.4093016156479,251.90994614339618,253.3199251207933,837300
2025-09-12,251.7312469482422,252.52560543036404,251.13547429886884,252.39651782106998,368700
2025-09-15,252.82347106933594,253.0220720488647,251.9199032774412,252.17806333925006,459300
2025-09-16,252.21035766601562,253.53411554125768,251.5236097642618,253.33505751811947,717800
2025-09-17,251.9316864013672,252.73788130834416,249.7420176595046,252.57864399390567,2305200
2025-09-18,253.48434448242188,254.5791863785079,252.41937571727777,253.19571263008294,998500
2025-09-19,255.6043701171875,255.87309163283805,253.41470133652845,254.35029081602076,507700
2025-09-22,256.4802551269531,256.77883460208466,254.53941260282124,254.71856028790015,904700
2025-09-23,255.58447265625,256.78878364061063,254.469720322483,256.549920073282,1228200
2025-09-24,253.9521484375,256.23140614408294,253.44454818744924,255.93282669532013,477400
2025-09-25,252.39947509765625,253.3549748972124,250.5681169345905,251.80230101169346,931700
2025-09-26,253.46444702148438,254.13129973865648,252.07101051294956,253.05636821052505,577600
2025-09-29,254.43984985351562,255.53467658658047,253.81280264583094,254.74839207089894,540200
2025-09-30,255.24606323242188,255.4650316193115,253.49431613730482,254.2308323594299,920000
2025-10-01,254.69862365722656,255.01712864738968,253.06632355052503,253.9820026165133,1094300
2025-10-02,254.6090545654297,255.52474883562448,253.2654014794353,255.52474883562448,828200
2025-10-03,253.07627868652344,255.13655272603708,252.58857363023597,255.10669478250452,618400
2025-10-06,253.01657104492188,254.29056063434,252.52886597274076,254.00191358791415,1147600
2025-10-07,253.30520629882812,254.17111707540238,251.3743115301026,253.95214868799098,751500
2025-10-08,254.71853637695312,254.73844673581132,253.07628866926927,254.11139952258654,496600
2025-10-09,254.83798217773438,255.1564567950857,253.66351400493372,254.76830351562623,639100
2025-10-10,248.79647827148438,256.1716945218691,248.76662032611068,254.9673835593859,1399900
2025-10-13,253.54408264160156,253.77299861276,251.69281413922624,252.1108405510976,755700
2025-10-14,252.92698669433594,254.69862897443096,248.64718590653695,251.13544924230573,690000
2025-10-15,253.66351318359375,256.719092603266,251.86201299342238,255.10670285288572,1060300
2025-10-16,251.7027587890625,255.5048171691549,250.72736383940688,254.75835337514133,888100
2025-10-17,251.61318969726562,252.1705582504282,248.9955318274263,250.89656864686972,539000
2025-10-20,253.02650451660156,253.66349927577835,252.0411468414198,252.48903117117405,1459000
2025-10-21,252.3795623779297,253.43458352488068,251.9018049177929,253.43458352488068,468500
2025-10-22,249.74200439453125,252.92697832144918,247.61205165710922,252.24021523356691,825600
2025-10-23,251.77243041992188,252.41937277734004,249.6026570112647,249.6026570112647,479400
2025-10-24,254.30050659179688,254.93751656958094,253.73317527551563,254.17111204166528,522400
2025-10-27,256.70916748046875,256.93806826984513,255.80343597324807,256.7489578246942,766200
2025-10-28,256.739013671875,257.51535058904955,256.33093485493225,257.3063146070473,501300
2025-10-29,256.8086853027344,257.7442747974929,254.75837382034874,257.2267269304326,628400
2025-10-30,252.36961364746094,255.48492414831202,252.3098977584095,253.6535660106827,547500
2025-10-31,253.02650451660156,254.61899900812003,251.80228329869914,253.31513635977336,426900
2025-11-03,252.32980346679688,254.54933002950943,251.03590354163063,254.4597561975831,521200
2025-11-04,248.0400390625,250.69750237569025,247.60210230308522,249.27420790759228,1056300
2025-11-05,248.97561645507812,250.14013702888806,247.12434797669178,247.8409690126577,608600
2025-11-06,245.77072143554688,248.47795296734185,244.9844369596994,248.47795296734185,894200
2025-11-07,247.01486206054688,247.1044510797823,241.99853003096797,244.3673615048224,796900
2025-11-10,251.4340362548828,251.7823992072293,249.03536186929747,249.72210981341448,653700
2025-11-11,250.5880126953125,251.12547086008416,248.82631811068595,250.7572127691694,462400
2025-11-12,250.4088592529297,251.56341705723887,249.63252232624166,251.24491206826235,399200
2025-11-13,244.63607788085938,249.64247740718392,243.9194720520497,249.64247740718392,1041800
2025-11-14,244.91477966308594,246.4276327670535,240.46576380793633,241.5506429276265,772700
2025-11-17,242.21749877929688,245.51195689730056,240.66482493890933,243.73036708997222,770100
2025-11-18,240.9036865234375,243.19289173560503,239.4604968854906,240.77430716256458,7568600
2025-11-19,241.80941772460938,243.12322800026686,239.8088595544802,241.09279669918774,1802100
2025-11-20,236.90257263183594,246.97505744508288,236.74332013833194,245.9299838387991,1081600
2025-11-21,236.71347045898438,238.77374461219443,233.5384439994786,237.5694336575121,1513700
2025-11-24,241.1624755859375,241.55064404280927,237.3504544904259,237.64904911582423,666200
2025-11-25,243.06350708007812,243.47157069923176,236.7134545868509,240.6150494293903,647900
2025-11-26,246.5172119140625,247.40304821971313,244.62613789974685,244.79533798000423,722400
2025-11-28,249.0751495361328,249.0751495361328,247.0049127045429,247.48265499270872,466900
2025-12-01,246.4873504638672,247.80116074433735,245.23327125836218,246.59683465390637,740200
2025-12-02,247.6419219970703,249.85150109166156,246.7561008420066,247.91065869429207,676500
2025-12-03,248.6272735595703,248.91590542186393,245.0043627791438,246.60680496205288,424200
2025-12-04,250.41880798339844,250.73729776736164,248.39833953273342,249.21448194370086,477300
2025-12-05,251.6032257080078,252.73787316779095,250.36905682830047,250.73731493761264,332000
2025-12-08,252.19046020507812,253.2653917448497,251.15533419471134,253.04642336523955,532400
2025-12-09,252.3098907470703,253.53411200006732,251.4240696473971,251.65298561145104,385300
2025-12-10,254.71853637695312,255.534678844292,251.59327827098917,252.57863600789187,412000
2025-12-11,254.85787963867188,255.17638463319204,249.78183158252745,252.4492425694407,389700
2025-12-12,248.28887939453125,253.7331856890679,247.1343215431437,253.7331856890679,551800
2025-12-15,247.1741180419922,250.28942853480413,247.1741180419922,250.06051256497966,649200
2025-12-16,247.21505737304688,248.43260568112663,245.43859998084088,246.51644386033982,508300
2025-12-17,241.3966827392578,248.14316949444208,241.25696309495308,247.9236078779205,767100
2025-12-18,245.5783233642578,247.7140467213021,244.81983220959737,245.78789522561416,606300
2025-12-19,250.7479705810547,251.2968746568424,247.00546355745686,247.00546355745686,603100
2025-12-22,252.88369750976562,253.36273415154844,251.30685270108438,253.1132336798261,757000
2025-12-23,253.8118438720703,253.87172154797446,251.89566687333684,252.16513164320563,448800
2025-12-24,254.95953369140625,255.14915647932534,253.43259208004676,253.6421639405786,244000
2025-12-26,254.52040100097656,255.52839257762335,254.05133893087933,255.52839257762335,541900
2025-12-29,252.98350524902344,253.98150714166945,251.9555645178621,252.48450430270043,656100
2025-12-30,252.28488159179688,253.50244507010493,252.16512624255336,253.10325042042678,1185800
2025-12-31,249.80984497070312,252.4046559170381,249.6900896196815,252.33478847674215,1276500
2026-01-02,252.22500610351562,253.1731048259444,250.0793081933716,252.19506726594526,1144300
2026-01-05,254.6102294921875,255.82779297889613,253.8916669351693,254.60025495578165,1052000
2026-01-06,257.59423828125,257.7838610658895,253.55234304361647,255.11921322970113,1564300
2026-01-07,255.95755004882812,258.0034417734776,255.71803933750166,257.0753073104865,729900
2026-01-08,252.8238067626953,256.3767060881173,251.7459629531807,256.1571444660885,687700
2026-01-09,256.47650146484375,257.02542079007515,253.35276583740293,253.9216190081852,1064300
2026-01-12,258.4325866699219,258.84174061937875,254.72999317144803,254.72999317144803,409400
2026-01-13,258.39263916015625,259.6002127610856,257.4445253061642,259.14114047964574,466000
2026-01-14,255.21900939941406,257.2848653147541,253.02340837023203,257.1850894948136,549400
2026-01-15,256.696044921875,259.35073347296276,256.53636097256907,258.04335349815705,492800
2026-01-16,257.86370849609375,259.00141470421704,256.56628788948575,258.5922303137436,582600
2026-01-20,252.3347930908203,256.04736132337666,252.07531808276215,253.49247893286483,563200
2026-01-21,254.88966369628906,256.53636064001057,251.94556131566296,253.51243151313457,742000
2026-01-22,255.55833435058594,257.6341647433534,254.34077090718816,257.3048375423763,574500
2026-01-23,254.9794921875,256.21701993480417,253.60224479358885,254.72000196644464,536400
2026-01-26,256.43658447265625,257.5443518937374,254.80983660355943,254.97949508863402,875600
2026-01-27,259.7000427246094,259.86971644007804,257.8637229746989,258.3627238998897,559100
2026-01-28,259.5703125,260.8776925624637,258.9316071165511,260.0194255410728,527100
2026-01-29,260.5982360839844,261.5762888534225,255.10922595353202,261.23697188196826,945300
2026-01-30,255.37869262695312,260.6381666370733,254.17110368875979,258.81180619702485,1140200
2026-02-02,257.84375,259.13118094756754,255.09926006998336,255.09926006998336,444800
2026-02-03,255.9375762939453,260.84772814223794,252.47449356753737,260.22897189324647,866700
2026-02-04,246.5563507080078,254.3507424234449,243.62222294410776,254.3507424234449,1821500
2026-02-05,243.64218139648438,247.60424971341706,241.76593316184255,244.25096309634378,983700
2026-02-06,252.98350524902344,253.51244503386178,247.13521354898586,247.13521354898586,879500
2026-02-09,256.9156188964844,258.1531619489513,251.71603758424547,252.38469702227331,1023000
2026-02-10,254.55035400390625,257.8637275150987,254.37072097725846,257.7239926344171,782000
2026-02-11,254.64015197753906,258.35271987429076,252.39464793813116,257.59422876375726,850300
2026-02-12,249.70005798339844,257.4345874921745,249.61024147235256,255.618216828982,1056400
2026-02-13,250.97750854492188,252.94357346699306,246.91564881160994,249.54038340104242,906800
2026-02-17,251.1471710205078,252.32482117642633,247.61425100935313,249.05137617602637,731200
2026-02-18,252.98350524902344,255.02939694630746,250.93759832343906,251.60625776411584,617100
2026-02-19,252.7938690185547,253.41262528605625,250.92759522324263,251.64615776602488,620000
2026-02-20,254.27090454101562,255.34874834274243,251.30683789334176,251.68608346106953,609700
2026-02-23,249.25096130371094,253.53238252715465,248.34277596809267,252.72400346756245,576100
2026-02-24,251.6361846923828,252.51443118939892,247.25495720016772,249.38070600394553,509900
2026-02-25,255.8677215576172,256.2769059747177,253.84177900152415,254.02141202661227,587400
2026-02-26,254.3806915283203,255.75792372927597,250.6282100457908,255.43857105524992,851300
2026-02-27,252.45455932617188,252.9635347968583,250.22900419530572,250.41862698682615,554100
2026-03-02,253.19305419921875,253.68208056453602,249.5802925479289,250.11920682072227,815400
2026-03-03,246.5164337158203,248.00346196795698,242.16514500133502,246.7858984816813,1287400
2026-03-04,250.2090606689453,251.2968790748036,247.30487151278385,248.6721292297195,580300
2026-03-05,246.53639221191406,249.889678988416,242.96354381333228,248.552360183602,948000
2026-03-06,240.9974822998047,244.88969864896995,240.26894521375544,242.05536182351176,843100
2026-03-09,246.74598693847656,247.2849012458971,237.77394467707796,238.18312909710647,1314600
2026-03-10,247.7838897705078,251.266921592114,246.89566876299725,246.89566876299725,865600
2026-03-11,248.29286193847656,249.72001243588758,246.99547177684707,247.91363160847212,615400
2026-03-12,243.4126434326172,245.76792839138628,242.2948862414385,245.73798955435825,1260500
2026-03-13,242.9535675048828,247.135197601764,242.58431170148737,245.10925510868734,699800
2026-03-16,246.28689575195312,248.18309317892243,245.8078591270461,246.49648284126854,882300
2026-03-17,247.9560546875,248.59534778821703,245.53872717410277,247.65638271236236,611700
2026-03-18,245.96826171875,249.21467510712256,245.85838250208093,247.58646905337636,507600
2026-03-19,246.5875701904297,247.87613986232054,240.75401877132194,241.89276007739397,972400
2026-03-20,241.2534637451172,246.8173087891981,239.3855171052409,246.5775834071024,1106400
2026-03-23,244.25015258789062,248.5354114478218,243.4310502217691,245.08922190785694,920300
2026-03-24,245.26902770996094,246.33785422796058,241.66301091455648,242.28233707829327,646200
2026-03-25,246.90721130371094,248.43553685833965,245.79845090293796,247.05705491280585,828300
2026-03-26,237.94712829589844,244.27012936457908,237.90716390270276,243.5309557519103,1014000
2026-03-27,235.49981689453125,238.975987445797,235.07029874568545,236.90826451916737,1030800
2026-03-30,230.5153350830078,238.64635147223015,229.1668187959925,238.13690453440435,1610200
2026-03-31,239.72515869140625,240.1846425117374,233.14241966214595,234.08138474101813,1847700
2026-04-01,244.9693603515625,246.9571544467404,242.3922057923446,242.3922057923446,1018700
2026-04-02,245.5786895751953,246.53762159752037,238.67631169367468,239.2157090509888,918200
2026-04-06,247.41665649414062,247.66638059892426,245.67857123774468,246.4577092253136,521100
2026-04-07,249.00489807128906,249.2046743066689,244.7296226179719,246.61753623991828,1044700
2026-04-08,259.3534851074219,259.88289899880317,256.15700432073106,259.10376099858354,1076500
2026-04-09,262.12042236328125,262.73973328783586,259.2435956960206,259.2435956960206,657700
2026-04-10,263.1492614746094,265.0571571944694,261.8407096719872,263.34905294165463,1000000
2026-04-13,265.7563781738281,265.9861353227528,261.90065265643574,261.90065265643574,535400
2026-04-14,270.0316467285156,270.0316467285156,265.406782065857,267.2747134310422,685400
2026-04-15,269.6920471191406,269.95176995516687,266.1559755776648,269.7719759074107,662800
2026-04-16,270.5211486816406,270.93069989144,268.2536341904076,269.5322204496271,1027200
2026-04-17,274.1571044921875,274.92627424975666,272.2692060990354,273.158208066378,595700
2026-04-20,273.2580871582031,274.8163630488201,271.80967523546013,273.8973954640449,416400
2026-04-21,271.290283203125,274.39686701431845,270.4012812142346,273.8474556764666,682200
2026-04-22,275.6854248046875,275.8352836611148,272.9284912984985,274.9862155715972,563000
2026-04-23,275.5755615234375,278.09276963995364,272.65877043397205,275.1160776852268,647400
2026-04-24,280.5899963378906,281.1493758905045,277.5433744715509,279.9507184851459,776600
2026-04-27,280.4401550292969,281.1993260230481,278.10274118863424,280.46012198243324,559500
2026-04-28,275.9051818847656,277.83307521476576,272.6787658379745,275.19597393570484,654000
2026-04-29,277.40350341796875,278.2126070419925,275.2658810297758,277.8530189797145,777000
2026-04-30,283.6666259765625,284.1660742035545,279.32142030495226,280.74983491801316,916900
2026-05-01,284.775390625,286.5534251200635,282.15828675423364,282.6976993828644,687300
2026-05-04,283.97625732421875,286.86305197946655,282.328084411883,285.4346374877021,911000
2026-05-05,290.77874755859375,292.0473350098677,287.9818193538158,287.9818193538158,706300
2026-05-06,298.8498229980469,299.1395114947364,293.5157197844064,296.9419271817461,1050000
2026-05-07,293.5856628417969,297.7610427373513,291.87755842705207,297.7610427373513,1334200
2026-05-08,301.4669189453125,301.6767091360627,297.1117453079832,297.70109052126037,803400
2026-05-11,306.32159423828125,307.52025170837976,303.42480058066695,303.9242488141833,1070900
2026-05-12,302.90533447265625,303.77436946292113,295.90309144021563,302.6656090915898,1126600
2026-05-13,305.0629577636719,306.5912680528506,301.0574038853874,305.7222330528724,605500
2026-05-14,306.9109191894531,307.6201270986303,303.38481611348357,304.1939197595347,895800
2026-05-15,297.9408264160156,300.90755002464624,297.5912370535576,300.31820479056876,1059400
2026-05-18,293.9952087402344,300.7277610185421,290.5390050952803,300.7277610185421,1615200
2026-05-19,292.26708984375,295.49353614387326,287.0628482095691,289.8697446147689,1384700
2026-05-20,299.2593688964844,299.8087802069679,295.07399054067383,295.8531285135224,2801300
2026-05-21,301.8265380859375,302.5157790365478,297.5112983474812,297.5112983474812,902600
2026-05-22,303.26495361328125,305.6622988802683,302.7754736474609,304.66340247869874,943900
2026-05-26,313.7033996582031,314.4026393260381,308.698949464225,309.8876386092053,978400
2026-05-27,312.98419189453125,316.8998791490998,309.89760571313263,316.8998791490998,889000
2026-05-28,314.3027648925781,316.20066206889436,310.39707607776955,312.9242829010103,6632700
2026-05-29,315.46148681640625,317.629105535309,313.43372823338774,316.0708295052013,1686200
2026-06-01,316.5802307128906,318.2683680781449,311.91540156674245,312.95423188082265,1968900
2026-06-02,325.6701965332031,325.989850701717,318.4981275991062,319.74674811620804,1199000
2026-06-03,329.1363830566406,331.124177254092,324.9809701314538,328.4171763872063,1087300
2026-06-04,325.5103759765625,327.6679959314501,317.0497219636592,320.54585948165396,1399400
2026-06-05,306.13177490234375,318.39822123357055,306.03187916753,317.66901590171847,1849200
2026-06-08,314.7322692871094,317.8188860378586,312.2550256855442,315.4415076907569,1280400
2026-06-09,311.2861022949219,320.6357583356523,298.89979254285237,318.97758658814155,2051900
2026-06-10,304.58349609375,314.64235942276036,303.87425771905646,308.6689786096446,1956800
2026-06-11,318.657958984375,319.75672066713537,309.0185840751244,309.1484454880797,1512400
2026-06-12,324.0419921875,326.13968076392536,318.26837210573655,319.3571655442465,885900
2026-06-15,333.6300048828125,334.6099853515625,331.2799987792969,333.1400146484375,1126200
2026-06-16,326.04998779296875,336.1000061035156,325.80999755859375,333.8999938964844,1226800
2026-06-17,328.2699890136719,335.4100036621094,327.8800048828125,330.8500061035156,1920500
2026-06-18,338.5199890136719,339.8299865722656,336.32000732421875,338.5299987792969,1484300
2026-06-22,345.2200012207031,345.5899963378906,340.6000061035156,343.4100036621094,1782600
2026-06-23,329.760009765625,334.1600036621094,327.0,328.3699951171875,1679700
2026-06-24,328.4100036621094,332.20001220703125,323.3500061035156,330.5899963378906,1282900
2026-06-25,339.29998779296875,343.0199890136719,330.3900146484375,343.0199890136719,2095900
2026-06-26,325.739990234375,332.510009765625,325.0799865722656,330.989990234375,2091100
2026-06-29,336.0,336.8399963378906,321.010009765625,327.4100036621094,1623700
2026-06-30,342.8299865722656,344.4599914550781,336.2699890136719,336.2699890136719,2435100
2026-07-01,328.1000061035156,335.8500061035156,326.8299865722656,333.489990234375,1677100
2026-07-02,316.5299987792969,330.04998779296875,312.42999267578125,328.7900085449219,2299600
2026-07-06,321.7099914550781,327.0,321.17999267578125,322.1499938964844,1908000
2026-07-07,312.44000244140625,314.32000732421875,306.6199951171875,312.70001220703125,2822200
2026-07-08,314.8500061035156,316.3299865722656,309.9800109863281,310.1300048828125,1266700
2026-07-09,321.20001220703125,326.9200134277344,320.4599914550781,324.94000244140625,1795700
2026-07-10,321.7699890136719,322.9800109863281,316.9100036621094,318.25,1102400
2026-07-13,314.6300048828125,318.1099853515625,313.04998779296875,316.1499938964844,1254700
2026-07-14,319.760009765625,323.6700134277344,318.4700012207031,323.6700134277344,1301100
2026-07-15,312.6700134277344,321.54998779296875,306.239990234375,321.1499938964844,4327600
2026-07-16,303.4100036621094,309.7300109863281,301.6600036621094,306.95001220703125,3222900
2026-07-17,302.0899963378906,305.7300109863281,293.2699890136719,296.55999755859375,3692500
2026-07-20,302.6400146484375,309.17999267578125,302.260009765625,306.5799865722656,1193500
2026-07-21,314.4800109863281,315.3999938964844,309.3999938964844,311.5299987792969,1581100
2026-07-22,314.239990234375,316.92999267578125,309.3699951171875,309.3699951171875,1141100
2026-07-23,313.9800109863281,317.3299865722656,311.7099914550781,311.7099914550781,1036800
2026-07-24,306.3900146484375,313.44000244140625,304.8399963378906,312.25,1305700
2026-07-27,302.3299865722656,308.82000732421875,295.8399963378906,308.1600036621094,1754300
2026-07-28,292.32000732421875,295.05999755859375,287.29998779296875,294.6499938964844,3138800
2026-07-29,283.1099853515625,294.6199951171875,282.6499938964844,292.5400085449219,2656100
2026-07-30,298.7699890136719,300.0299987792969,292.6499938964844,293.67999267578125,2459800
2026-07-31,299.5899963378906,309.3900146484375,297.5299987792969,307.92999267578125,2347900
