Price,Close,High,Low,Open,Volume
Ticker,QUAL,QUAL,QUAL,QUAL,QUAL
Date,,,,,
2013-08-01,41.57004165649414,41.57004165649414,41.57004165649414,41.57004165649414,0
2013-08-02,42.06766128540039,42.06766128540039,41.876897432763776,41.876897432763776,3400
2013-08-05,42.07596206665039,42.44919713864443,42.05108078316664,42.44919713864443,800
2013-08-06,41.852020263671875,42.00961016006821,41.793961827298745,42.00961016006821,75600
2013-08-07,41.6778564453125,42.15891580954565,41.57003224920018,42.15891580954565,16100
2013-08-08,41.87691879272461,42.03450557816563,41.72762471643372,42.03450557816563,3900
2013-08-09,41.785667419433594,41.84372585344259,41.72760898542459,41.84372585344259,96800
2013-08-12,41.652984619140625,41.95986553200969,41.61980744911449,41.95986553200969,72100
2013-08-13,41.901798248291016,41.93497541133509,41.901798248291016,41.91838682981305,700
2013-08-14,41.61980056762695,41.95156588513552,41.61980056762695,41.95156588513552,61000
2013-08-15,41.022605895996094,41.337782490130785,40.98942874630884,41.337782490130785,24300
2013-08-16,40.90650177001953,41.088972986154666,40.88991319001197,41.05579582613952,28800
2013-08-19,40.85675048828125,41.05581035486676,40.85675048828125,41.05581035486676,5500
2013-08-20,41.180213928222656,41.271446384159276,41.07238972618124,41.271446384159276,1200
2013-08-21,41.15532302856445,42.847320176173135,40.798676477922974,42.847320176173135,7700
2013-08-22,41.47050476074219,44.18267615176854,41.14703532984014,41.18021249299636,2800
2013-08-23,41.43733215332031,41.50368648692792,41.34609652658423,41.478802029850684,35300
2013-08-26,41.3792724609375,41.89350587528533,41.3792724609375,41.89350587528533,17500
2013-08-27,40.71574783325195,41.3958639606512,40.64110078688136,41.3958639606512,11300
2013-08-28,40.86502456665039,41.064081163114054,40.80696612901953,41.064081163114054,9100
2013-08-29,40.96456527709961,41.06409360548841,40.93968398598953,41.030919605324485,8300
2013-08-30,40.70744705200195,41.04750504827727,40.649385437271185,41.04750504827727,20200
2013-09-03,40.88161849975586,41.08897099387438,40.78208702453643,41.08897099387438,26300
2013-09-04,41.22998046875,41.28803892989615,40.96456945666793,40.96456945666793,26000
2013-09-05,41.279747009277344,41.3460981815921,41.279747009277344,41.30462830340176,1900
2013-09-06,41.487083435058594,41.50367201267529,41.10555564171757,41.10555564171757,41000
2013-09-09,41.719322204589844,41.76079207163858,41.48708841795846,41.48708841795846,2300
2013-09-10,41.95985794067383,42.341385835101505,41.934976649630265,42.341385835101505,4100
2013-09-11,42.10914993286133,42.10914993286133,41.88520883269589,41.88520883269589,900
2013-09-12,42.15890884399414,44.240726404965514,42.0759659514777,44.240726404965514,2600
2013-09-13,42.26673889160156,42.39944438404189,42.192091854357095,42.39944438404189,4000
2013-09-16,42.33308792114258,42.50726326492937,42.33308792114258,42.42432352901607,1200
2013-09-17,42.56532287597656,42.56532287597656,42.507264426461155,42.53214571512542,1700
2013-09-18,43.12932586669922,43.17079573955058,42.79756055599137,42.79756055599137,11800
2013-09-19,43.1873779296875,43.37814184772921,43.12931948349863,43.37814184772921,6000
2013-09-20,43.013206481933594,43.34496860960165,42.88050099807671,43.34496860960165,8400
2013-09-23,42.780975341796875,42.88050366990394,42.53214977560646,42.53214977560646,7100
2013-09-24,42.648651123046875,42.8566933236471,42.648651123046875,42.690258928272506,1000
2013-09-25,42.473907470703125,42.6070543866986,42.45726370939458,42.6070543866986,4500
2013-09-26,42.71522903442383,42.78180089238428,42.59040243584861,42.78180089238428,14300
2013-09-27,42.52381896972656,42.948226781132306,42.465567415137016,42.948226781132306,36900
2013-09-30,42.257537841796875,42.44061602479388,41.883064357626765,42.44061602479388,7200
2013-10-01,42.465579986572266,42.59040659734426,42.36572060263822,42.52383155840651,3600
2013-10-02,42.53215789794922,42.56544541966619,42.34907970297866,42.407331278746966,1800
2013-10-03,42.22426223754883,42.88999689379774,41.98293243263571,42.88999689379774,41700
2013-10-04,42.41565704345703,42.590411780225885,42.141039736129144,42.590411780225885,10700
2013-10-07,42.09110641479492,42.39900803305387,42.066139188009416,42.39900803305387,29500
2013-10-08,41.44200134277344,41.99123256730583,41.44200134277344,41.80815760877618,25900
2013-10-09,41.47529602050781,41.94963201573365,41.19235848173519,41.94963201573365,8600
2013-10-10,42.07444763183594,42.19927102330327,41.932977312140565,42.19927102330327,20300
2013-10-11,42.440616607666016,42.49886818042461,42.299149409387326,42.299149409387326,25800
2013-10-14,42.765159606933594,42.82341117644417,42.31578763544708,42.73187208879257,91300
2013-10-15,42.498870849609375,43.08138978825364,42.44061927319223,43.08138978825364,33700
2013-10-16,43.056427001953125,43.1146785800858,42.7734894048203,43.1146785800858,45300
2013-10-17,43.222843170166016,43.29773848367103,42.79011504485613,43.29773848367103,45600
2013-10-18,43.638938903808594,43.71383423681716,43.38096855914667,43.71383423681716,39200
2013-10-21,43.72215270996094,43.921871458856025,43.60564957736009,43.921871458856025,46400
2013-10-22,43.88858413696289,44.14655443464208,43.74711378950187,44.14655443464208,69900
2013-10-23,43.83866882324219,43.888600112486806,43.68055783567737,43.888600112486806,37600
2013-10-24,43.96348190307617,44.138236599837306,43.83865530569122,44.138236599837306,127900
2013-10-25,44.071659088134766,44.229773192521606,44.02173099156802,44.229773192521606,42900
2013-10-28,44.279701232910156,44.521030947583434,44.16319810843949,44.521030947583434,55300
2013-10-29,44.56263732910156,44.56263732910156,44.30466704015038,44.56263732910156,36400
2013-10-30,44.47110366821289,44.93711938239593,44.329636482792814,44.93711938239593,48700
2013-10-31,44.31299591064453,44.512717852361845,44.246420871914566,44.246420871914566,27800
2013-11-01,44.34627914428711,44.77900733079434,44.121593171996494,44.77900733079434,14700
2013-11-04,44.545997619628906,44.87054296390519,44.36292263087976,44.87054296390519,45200
2013-11-05,44.53767776489258,44.60424962296214,44.2547402255343,44.53767776489258,54300
2013-11-06,44.762367248535156,45.01201729120151,44.57928906915932,45.01201729120151,49200
2013-11-07,44.18815994262695,44.82893026958166,44.113264627152454,44.82893026958166,14300
2013-11-08,44.57096481323242,44.57096481323242,44.31299132654954,44.354599134215235,30600
2013-11-11,44.72074508666992,44.7789966387839,44.61256227225617,44.7789966387839,43500
2013-11-12,44.745723724365234,44.83726281453446,44.57096901102719,44.83726281453446,50700
2013-11-13,45.16182327270508,45.16182327270508,44.670843313293055,44.670843313293055,39400
2013-11-14,45.43642044067383,45.43642044067383,45.29495325213526,45.29495325213526,21200
2013-11-15,45.64446258544922,45.72768137956792,45.41145631086167,45.72768137956792,32700
2013-11-18,45.369850158691406,45.7360033427744,45.35320639925956,45.68607523895139,32200
2013-11-19,45.4280891418457,45.56123600593441,45.34487354221713,45.519628206120125,27000
2013-11-20,45.26997375488281,45.51962370354605,45.15346748266673,45.45304869085115,31500
2013-11-21,45.66111373901367,45.71104502357118,45.419787133168015,45.71104502357118,47900
2013-11-22,45.819210052490234,45.819210052490234,45.64445221179454,45.65277567655093,59200
2013-11-25,45.769290924072266,46.16041133507282,45.769290924072266,46.16041133507282,32100
2013-11-26,45.927406311035156,46.002301648574786,45.77761563595589,46.002301648574786,12400
2013-11-27,46.068870544433594,46.20201744068163,45.969011165865666,46.20201744068163,9900
2013-11-29,46.13544464111328,46.243627491580135,46.13544464111328,46.218663439346464,6000
2013-12-02,45.91908264160156,46.38509839363751,45.91908264160156,46.38509839363751,11400
2013-12-03,45.810909271240234,45.89412808765196,45.6611185761724,45.85251709220947,32900
2013-12-04,45.769290924072266,45.944045636636226,45.444745550889905,45.944045636636226,67900
2013-12-05,45.65278244018555,45.8108933747932,45.594530876147346,45.8108933747932,158100
2013-12-06,45.99397277832031,46.085511859851074,45.810894615258796,45.90243369678955,30700
2013-12-09,46.13544464111328,46.36013063463403,46.060549309939695,46.36013063463403,26200
2013-12-10,45.91908264160156,46.185376450058506,45.86915136208866,46.185376450058506,37200
2013-12-11,45.486351013183594,46.01893859033395,45.486351013183594,46.01893859033395,20200
2013-12-12,45.38648986816406,45.536280515211914,45.28662732048401,45.536280515211914,19000
2013-12-13,45.27831268310547,45.386495536032626,45.1451657773769,45.386495536032626,10700
2013-12-16,45.577884674072266,45.71103155251427,45.47802530885876,45.644456526057276,126100
2013-12-17,45.40314483642578,45.83587312646592,45.32824949440974,45.83587312646592,64300
2013-12-18,46.05222702026367,46.08551453811341,45.1867706030051,45.56124724263356,302700
2013-12-19,46.127132415771484,46.168740234928656,45.960697964669706,46.093844890656506,188900
2013-12-20,46.435020446777344,46.50991576904925,46.18537043069505,46.18537043069505,36800
2013-12-23,46.68968200683594,47.1155017196955,46.539396256156934,46.7648264746916,106200
2013-12-24,46.781524658203125,46.82327406119718,46.68968106766783,46.82327406119718,29500
2013-12-26,47.08208465576172,47.08208465576172,46.72306158448277,46.72306158448277,217600
2013-12-27,47.0069580078125,47.24909053078148,46.95686382032393,47.24909053078148,75500
2013-12-30,47.0069580078125,47.14054781616913,46.915114417373765,47.14054781616913,55800
2013-12-31,47.190635681152344,47.2991783738965,47.03199881101213,47.232381890659596,55200
2014-01-02,46.83998107910156,47.39103956761924,46.70639123900737,47.14055901557175,78500
2014-01-03,46.74812698364258,47.232388818008005,46.67298252149579,47.232388818008005,76100
2014-01-06,46.56443786621094,46.73977387554616,46.44754719332078,46.73977387554616,63200
2014-01-07,46.940162658691406,46.97355772055684,46.773174609235745,46.848319072239185,86100
2014-01-08,46.92347717285156,47.07376614253769,46.756489074863296,47.07376614253769,71200
2014-01-09,46.89841842651367,47.0821056196634,46.68968413794625,47.06540649437411,72600
2014-01-10,46.99860763549805,47.090451221241395,46.789873371547564,46.88171695729091,17100
2014-01-13,46.34736633300781,47.05706492163986,46.25552590897975,47.04036579408033,40400
2014-01-14,46.881717681884766,46.8984136204306,46.480945086077334,46.58113982754527,19800
2014-01-15,47.11551284790039,47.19065733350442,46.9735718484114,47.082114590957914,39400
2014-01-16,47.14054870605469,47.14889986081527,46.95686470674203,47.14889986081527,17400
2014-01-17,47.01531219482422,47.23239445301809,46.93181656857083,47.23239445301809,25100
2014-01-21,47.19898223876953,47.482860913981035,46.856658234987854,47.482860913981035,27300
2014-01-22,47.08208465576172,47.12383085788068,46.94014693155105,47.12383085788068,25800
2014-01-23,46.73141860961914,46.981899038846954,46.472587027899245,46.981899038846954,27100
2014-01-24,45.76290512084961,46.430854186076125,45.76290512084961,46.39745593655671,355400
2014-01-27,45.3955192565918,45.879784196958774,45.1032926098404,45.76289353825821,66000
2014-01-28,45.47903060913086,45.53747595872139,45.27029630772678,45.53747595872139,37100
2014-01-29,45.08660125732422,45.37047998523458,44.90291408484336,45.320382615003766,33100
2014-01-30,45.420570373535156,45.52910988146933,45.195137019697704,45.512410760626004,24100
2014-01-31,45.21183395385742,45.43726411176025,44.91960413078044,44.91960413078044,43900
2014-02-03,44.151466369628906,45.32872733004395,44.09302103851148,45.32872733004395,52300
2014-02-04,44.4937858581543,44.552231183321055,44.24330543814942,44.24330543814942,366100
2014-02-05,44.36856460571289,44.48545531018639,44.02624046331216,44.48545531018639,70000
2014-02-06,44.911277770996094,44.911277770996094,44.50215709586474,44.50215709586474,11700
2014-02-07,45.612613677978516,45.612613677978516,45.053204176864575,45.22019223025824,20700
2014-02-10,45.712791442871094,45.746189680478864,45.48735811656552,45.746189680478864,36100
2014-02-11,46.205421447753906,46.23881969775645,45.76290578283369,45.81299997280508,31900
2014-02-12,46.30561065673828,46.44755161951104,46.22211822101237,46.31396181133023,24800
2014-02-13,46.60618209838867,46.65627946393943,46.105221183008446,46.15531536352738,22900
2014-02-14,46.806556701660156,46.873349987370595,46.53102603739813,46.70636199554795,34200
2014-02-18,46.973567962646484,46.981919118707815,46.75648568054412,46.93182173743828,35900
2014-02-19,46.631229400634766,47.08209613754571,46.622881432187604,46.940158378721065,54100
2014-02-20,46.98191452026367,46.98191452026367,46.539398843309655,46.58949303464331,34300
2014-02-21,46.881717681884766,47.157245258341206,46.881717681884766,47.08210079475633,21100
2014-02-24,47.14054870605469,47.340935014888515,46.998610925447984,47.08210336285989,62900
2014-02-25,47.08208465576172,47.2657717671224,46.9985922515238,46.9985922515238,18800
2014-02-26,47.24074172973633,47.424425722348545,47.06540252151564,47.34093328798228,34500
2014-02-27,47.36597442626953,47.4160717916102,47.08209572606937,47.39102151642396,14000
2014-02-28,47.42443084716797,47.6498642663565,47.140552080600834,47.19899742797943,61000
2014-03-03,46.973567962646484,47.34929035958599,46.70638829927457,47.34929035958599,82700
2014-03-04,47.766746520996094,47.80849273531411,47.57471138710759,47.658207000775626,28200
2014-03-05,47.641510009765625,47.86694339920838,47.59141263932319,47.86694339920838,27200
2014-03-06,47.67491149902344,47.8669498524265,47.59141905539542,47.8669498524265,27600
2014-03-07,47.54129409790039,47.95876244391823,47.44945373720227,47.95876244391823,12300
2014-03-10,47.62480545043945,47.62480545043945,47.38267296515263,47.5413098425655,14500
2014-03-11,47.50791549682617,47.81684128801271,47.41607191930351,47.80014216618751,5300
2014-03-12,47.52461624145508,47.574713611998774,47.148897109989896,47.574713611998774,23100
2014-03-13,46.89841842651367,47.616464888790816,46.756480639103415,47.616464888790816,30800
2014-03-14,46.756473541259766,46.99860604364896,46.7063761729969,46.7063761729969,18200
2014-03-17,47.24074172973633,47.32423416410259,46.85666825056777,46.85666825056777,24900
2014-03-18,47.658199310302734,47.683246397845366,47.34092239962627,47.45781305486721,12500
2014-03-19,47.31587600708008,47.816840094233534,47.03200049823438,47.816840094233534,52500
2014-03-20,47.37433624267578,47.491226936415245,47.1155045743723,47.1155045743723,12000
2014-03-21,47.12385177612305,47.68326132493796,47.0403593348229,47.58306975837129,212500
2014-03-24,47.03199768066406,47.34927141331926,46.68132252216155,47.34927141331926,25000
2014-03-25,47.193721771240234,47.57918109164614,46.88367868278776,47.57918109164614,24200
2014-03-26,46.79989242553711,47.59595213412145,46.79989242553711,47.59595213412145,44200
2014-03-27,46.640663146972656,46.724457526409935,46.41441448663117,46.64904130629611,15000
2014-03-28,46.75798416137695,47.09316812674071,46.674189768311614,46.942335661982135,18400
2014-03-31,47.20210647583008,47.29427903559754,47.05127400122673,47.09317120049401,9300
2014-04-01,47.662986755371094,47.662986755371094,47.43673802118202,47.51215426591171,13600
2014-04-02,47.78867721557617,47.872474816899185,47.629466567889914,47.872474816899185,12600
2014-04-03,47.604331970214844,47.84733703841759,47.453499474612116,47.63784781636401,8900
2014-04-04,46.87529754638672,47.70487610178189,46.757984117584634,47.70487610178189,202700
2014-04-07,46.473087310791016,46.80827133790047,46.23007905096426,46.60716028232444,196200
2014-04-08,46.498226165771484,46.649055455195764,46.25521791652675,46.330634159514716,31300
2014-04-09,47.1434440612793,47.1434440612793,46.64067130362789,46.76636609131636,10800
2014-04-10,46.271976470947266,47.269143932705546,46.11276262987845,47.269143932705546,13200
2014-04-11,45.70217514038086,46.18818853384771,45.61837752319537,45.86976717819959,29800
2014-04-14,46.04573440551758,46.17980738780278,45.785966603848486,46.06249392787223,26900
2014-04-15,46.43955993652344,46.473078972530715,45.66864128766343,46.15465772011525,28800
2014-04-16,46.97584915161133,46.97584915161133,46.64904338551804,46.72445960899329,25400
2014-04-17,47.06804275512695,47.143459012347286,46.75799956279992,46.96748881101726,44100
2014-04-21,47.1685905456543,47.176968707439215,46.90882277859922,46.90882277859922,42900
2014-04-22,47.4283561706543,47.528913293618736,47.22724831782879,47.35293992670681,24900
2014-04-23,47.20210647583008,47.30266039338184,47.176965599028584,47.30266039338184,20200
2014-04-24,47.243995666503906,47.52890104839751,46.950708928246776,47.43672530770386,15300
2014-04-25,46.89207077026367,47.10156001051312,46.84179539839717,47.076422324579866,16900
2014-04-28,47.23562240600586,47.26076328285456,46.74122778200022,46.9507169752814,30100
2014-04-29,47.487022399902344,47.52054144760022,47.33619307836654,47.45350654875679,332700
2014-04-30,47.55405044555664,47.61270716835566,47.23562595282505,47.23562595282505,91400
2014-05-01,47.62108612060547,47.788674922105294,47.48700996492322,47.71325868280977,39600
2014-05-02,47.51215362548828,47.788677721402024,47.49539410504629,47.730020998130875,8000
2014-05-05,47.730010986328125,47.73839234306689,47.285894975703464,47.285894975703464,26000
2014-05-06,47.34457015991211,47.662994712659426,47.32781063644622,47.49540267455282,6600
2014-05-07,47.3110466003418,47.42836005686111,46.89206814331457,47.42836005686111,9800
2014-05-08,47.32780838012695,47.713267811809054,47.277529812126296,47.311048857460065,9300
2014-05-09,47.52890396118164,47.52890396118164,47.30265527376376,47.42834685796188,10200
2014-05-12,48.03167724609375,48.03167724609375,47.7719095212676,47.7719095212676,9200
2014-05-13,48.115474700927734,48.21603181171379,48.04843982362167,48.16575325632076,10700
2014-05-14,47.830570220947266,48.115472431750895,47.830570220947266,48.115472431750895,39500
2014-05-15,47.33618927001953,47.65461060787439,47.193734927040616,47.65461060787439,24500
2014-05-16,47.57080841064453,47.57080841064453,47.176967687682556,47.31942200735985,11200
2014-05-19,47.7384147644043,47.780311978123024,47.4870250889869,47.50378461378489,71700
2014-05-20,47.44511032104492,47.67135902727929,47.31941872639338,47.61270231046497,53900
2014-05-21,47.780303955078125,47.780303955078125,47.58757424709223,47.58757424709223,12200
2014-05-22,47.897605895996094,48.00654116442269,47.78029246686801,47.889227735294604,42200
2014-05-23,48.14063262939453,48.14063262939453,48.01493779466368,48.01493779466368,9400
2014-05-27,48.32497787475586,48.366878281320595,48.232805291349216,48.232805291349216,19600
2014-05-28,48.316593170166016,48.44228797973894,48.283074128073,48.41714709989328,16700
2014-05-29,48.50093078613281,48.50093078613281,48.35847649639548,48.37523601263228,14400
2014-05-30,48.66015625,48.66015625,48.459048386868176,48.55960231843409,43000
2014-06-02,48.69367218017578,48.80260746373089,48.500942491763915,48.80260746373089,267000
2014-06-03,48.584739685058594,48.635018248789294,48.47580439525134,48.56798016381503,12900
2014-06-04,48.69367218017578,48.84450466615927,48.36686952606212,48.39200720820882,11100
2014-06-05,48.99534606933594,49.05400280272158,48.676921519133764,48.78585682251518,10100
2014-06-06,49.18806457519531,49.19644273667447,49.112648335676866,49.12102649715603,14300
2014-06-09,49.22996139526367,49.33051531499405,49.188064195088636,49.305377634199324,14000
2014-06-10,49.12941360473633,49.255105220942255,49.05399735639202,49.255105220942255,18600
2014-06-11,48.970191955566406,49.06236771071236,48.878019396971816,49.04560819190842,12900
2014-06-12,48.50093078613281,48.995325327190216,48.391995528869074,48.995325327190216,53100
2014-06-13,48.55960464477539,48.676918103314385,48.509326078307815,48.60150185188903,7700
2014-06-16,48.64340591430664,48.74395986486083,48.44229801319827,48.44229801319827,5100
2014-06-17,48.735565185546875,48.752324704385245,48.551213674876195,48.5931140702478,24000
2014-06-18,48.87803649902344,48.87803649902344,48.567990087494834,48.651787710834654,11200
2014-06-19,49.0120964050293,49.07913128923865,48.90316112206851,49.003715046658364,13500
2014-06-20,49.079139709472656,49.112658755603825,49.00372345395362,49.095899232538244,25600
2014-06-23,49.079139709472656,49.1629341282484,48.97858576763133,49.1629341282484,23500
2014-06-24,48.77747344970703,49.23834913438362,48.71043855569783,48.97858452483883,21000
2014-06-25,48.99700927734375,48.99700927734375,48.74466480693257,48.76989829135348,13300
2014-06-26,48.91289138793945,48.91289138793945,48.69419051233563,48.744660685644305,9900
2014-06-27,49.02223587036133,49.089529431002525,48.86241847693885,48.86241847693885,54200
2014-06-30,48.946529388427734,49.13999355098278,48.92970599924033,49.11476007156838,24200
2014-07-01,49.468040466308594,49.510097331202985,49.123169040201574,49.123169040201574,33700
2014-07-02,49.510108947753906,49.5521658225161,49.47646216445061,49.510108947753906,15200
2014-07-03,49.787681579589844,49.787681579589844,49.62786418904039,49.62786418904039,3800
2014-07-07,49.63627624511719,49.787683551099946,49.61945606332679,49.7708601605759,9100
2014-07-08,49.37552261352539,49.4680496587268,49.14841165041295,49.4680496587268,27500
2014-07-09,49.53535079956055,49.611054470415716,49.38394345785021,49.38394345785021,34100
2014-07-10,49.249359130859375,49.434413260130434,48.963367844137906,49.123188486229964,12500
2014-07-11,49.29983139038086,49.35871166876807,49.12319055521923,49.33347818052627,12500
2014-07-14,49.61104202270508,49.66151219352339,49.543751670347596,49.543751670347596,24200
2014-07-15,49.38394546508789,49.61105648688446,49.34188858151102,49.51011932455305,9400
2014-07-16,49.45964050292969,49.611047824357,49.41758362669631,49.611047824357,12200
2014-07-17,48.870819091796875,49.49327157210262,48.870819091796875,49.37551107254739,13800
2014-07-18,49.510108947753906,49.510108947753906,49.08953378266423,49.14000074888532,38500
2014-07-21,49.32505798339844,49.38393825355469,49.18206395837157,49.38393825355469,4800
2014-07-22,49.66992950439453,49.7792799526961,49.60263914225562,49.66151941240245,19700
2014-07-23,49.913856506347656,49.93908998732743,49.821329464443714,49.82974276392603,6900
2014-07-24,49.77086639404297,49.88021684177785,49.72039942488384,49.79610308735659,16400
2014-07-25,49.543758392333984,49.69516571659793,49.51852169913397,49.6278721463766,12700
2014-07-28,49.72040939331055,49.812936466965084,49.383947890700355,49.66993920529861,28800
2014-07-29,49.543758392333984,49.80451295510652,49.47646482211266,49.80451295510652,10300
2014-07-30,49.55216598510742,49.7119833932217,49.41758206018648,49.53534259340057,19100
2014-07-31,48.57644271850586,49.26618589088371,48.551209229603,49.26618589088371,30700
2014-08-01,48.374568939208984,48.643740079600754,48.172694594833715,48.49233271695188,22700
2014-08-04,48.68577194213867,48.68577194213867,48.23155008766823,48.52595135886211,12700
2014-08-05,48.3240966796875,48.63532146503711,47.945578314405815,48.48391411892443,11300
2014-08-06,48.45027160644531,48.576445475590106,48.09698990681553,48.18951698302374,13100
2014-08-07,48.139034271240234,48.601666323202316,48.05492051951402,48.55119935566017,20400
2014-08-08,48.6942024230957,48.70261572507195,48.1390432158416,48.18951340149545,200300
2014-08-11,48.81195831298828,48.97177894790783,48.81195831298828,48.92130876708046,16100
2014-08-12,48.769901275634766,48.862428335818635,48.58484715526703,48.75307788208004,10400
2014-08-13,49.081138610839844,49.140018899001426,48.87085095062419,48.87926425392445,44000
2014-08-14,49.316650390625,49.32506048304464,49.15682975604389,49.207299936764386,8700
2014-08-15,49.36709213256836,49.61102640161522,49.14839454535115,49.51849938861589,27700
2014-08-18,49.86338806152344,49.89703484315011,49.653100489457316,49.653100489457316,49800
2014-08-19,50.23349380493164,50.283960766189594,50.031616333699176,50.040029633064535,25700
2014-08-20,50.443782806396484,50.443782806396484,50.1998484575763,50.1998484575763,23400
2014-08-21,50.4942512512207,50.544721424133975,50.4942512512207,50.511074642191794,17600
2014-08-22,50.48583984375,50.59519027784406,50.47742654411695,50.48583984375,13600
2014-08-25,50.67930603027344,50.81388995113311,50.637249156642376,50.721362903904506,9100
2014-08-26,50.77183532714844,50.83912568619295,50.679308275820055,50.6877183674254,12600
2014-08-27,50.64565658569336,50.780240499478644,50.595189623482376,50.780240499478644,22600
2014-08-28,50.603599548339844,50.66247980988199,50.46060554423282,50.47742572575892,4500
2014-08-29,50.687721252441406,50.72978133906384,50.4942570471678,50.72978133906384,7100
2014-09-02,50.805477142333984,50.81388723311684,50.56995288687733,50.81388723311684,61100
2014-09-03,50.595191955566406,50.9821203244421,50.5615451733858,50.9821203244421,233900
2014-09-04,50.47742462158203,50.85594287231126,50.418544361327875,50.670892000969715,21200
2014-09-05,50.696136474609375,50.72978326168887,50.334441535340346,50.46061538252135,10600
2014-09-08,50.6708869934082,50.729767247843505,50.544713186056434,50.704530561133225,7600
2014-09-09,50.376487731933594,50.696125723937605,50.29237399080632,50.60359868345748,6700
2014-09-10,50.687721252441406,50.687721252441406,50.3007928418942,50.3007928418942,6700
2014-09-11,50.53631591796875,50.58678288672695,50.35967190111296,50.553136101732136,9000
2014-09-12,50.334434509277344,50.48584182126627,50.191437288517236,50.469018430074854,521900
2014-09-15,50.199851989746094,50.27555564785373,50.08209145685285,50.23349877306813,81900
2014-09-16,50.612022399902344,50.67090588502437,50.0316297289097,50.06527651791245,21100
2014-09-17,50.603599548339844,50.74659676118047,50.351255111911584,50.72136007142413,21000
2014-09-18,50.95689010620117,50.95689010620117,50.75501260892009,50.75501260892009,543300
2014-09-19,50.95689010620117,51.11670751869546,50.83071626930875,51.05782725047473,31600
2014-09-22,50.5867805480957,50.79706813149067,50.443786531579384,50.763421348051345,9400
2014-09-23,50.3176155090332,50.569959981457565,50.30079211637371,50.37649577897442,18500
2014-09-24,50.82807922363281,50.82807922363281,50.28807038121124,50.30494595928886,16100
2014-09-25,49.96745681762695,50.48215081506328,49.96745681762695,50.48215081506328,56600
2014-09-26,50.48214340209961,50.48214340209961,50.05182416110637,50.17838940108974,140100
2014-09-29,50.40620803833008,50.40620803833008,49.62151122645674,50.026515513441694,42400
2014-09-30,50.296512603759766,50.490576934518046,50.16151119024585,50.330263761810144,11500
2014-10-01,49.58776092529297,50.22901691947825,49.419008331448,50.22901691947825,233600
2014-10-02,49.59619140625,49.71431724275831,49.12368806021675,49.47806556974169,80700
2014-10-03,50.11089324951172,50.18683175911133,49.72276451986401,49.790263629125796,21000
2014-10-06,50.0096321105957,50.32182226281371,49.90838185935776,50.32182226281371,16100
2014-10-07,49.28401184082031,49.773394090162384,49.28401184082031,49.773394090162384,125600
2014-10-08,50.18683624267578,50.18683624267578,49.07307348150623,49.191199347283536,38200
2014-10-09,49.292442321777344,50.051827373033305,49.18275587335323,50.051827373033305,221000
2014-10-10,48.6005744934082,49.43589830586528,48.54995095359738,49.317772421388085,100700
2014-10-13,47.7736701965332,48.67649275914786,47.714607278880855,48.56680632275784,26600
2014-10-14,47.84117889404297,48.27993435418605,47.73148922433519,48.01836767063305,72000
2014-10-15,47.59649658203125,47.672435102978234,46.6346107958286,47.16618044245746,97200
2014-10-16,47.5796012878418,47.84116791134805,46.52490183308848,46.52490183308848,34600
2014-10-17,48.10272979736328,48.389608168745724,47.77366409286019,48.01835513112199,185000
2014-10-20,48.34742736816406,48.37274234640668,47.86648462449356,47.86648462449356,33700
2014-10-21,49.292442321777344,49.33463288360443,48.76931218573878,48.76931218573878,249300
2014-10-22,49.030879974365234,49.45275985269405,49.030879974365234,49.45275985269405,185900
2014-10-23,49.72277069091797,49.908398897130326,49.46964336706656,49.528706302008935,20900
2014-10-24,50.07713317871094,50.11088433668286,49.714316277231774,49.7902547733248,10100
2014-10-27,50.17839813232422,50.18683431440342,49.89151966130669,49.99276993969866,51500
2014-10-28,50.67621612548828,50.67621612548828,50.313399144121966,50.330274726823696,62500
2014-10-29,50.58338928222656,50.81964094313526,50.355573801198545,50.642452197453736,39400
2014-10-30,51.15714645385742,51.2415211280394,50.507451162856206,50.507451162856206,91100
2014-10-31,51.63808822631836,51.87433988462469,51.45246008411341,51.87433988462469,84700
2014-11-03,51.562164306640625,51.747792501310194,51.519976958403454,51.747792501310194,68900
2014-11-04,51.42715835571289,51.50309686336243,51.20777901419731,51.49465746324133,16500
2014-11-05,51.54528045654297,51.8152833043826,51.41027903262315,51.8152833043826,71600
2014-11-06,51.78997039794922,51.78997039794922,51.444029055636875,51.56215489661849,49000
2014-11-07,51.73091125488281,51.83216152330502,51.61278218658757,51.83216152330502,20400
2014-11-10,52.00936508178711,52.05155243739779,51.78154949906278,51.798425085044826,23300
2014-11-11,52.06840896606445,52.152786865091954,51.99247046628357,52.135911285286454,28200
2014-11-12,52.13591384887695,52.16122561048595,51.90809833833232,51.90809833833232,10300
2014-11-13,52.186546325683594,52.35529894230134,51.975606359583516,52.28779982686731,41400
2014-11-14,52.119041442871094,52.20341613249903,51.857474755123555,52.20341613249903,470400
2014-11-17,52.00936508178711,52.144366550954615,51.984053312158494,52.09374301169738,180500
2014-11-18,52.2540397644043,52.36372942933622,52.07685099552897,52.07685099552897,143200
2014-11-19,52.13591384887695,52.23716411400083,51.95872508023821,52.152789429512254,21000
2014-11-20,52.28778839111328,52.338411911944924,52.000909971212224,52.000909971212224,44600
2014-11-21,52.549354553222656,52.99654939541626,52.42279252590168,52.99654939541626,50800
2014-11-24,52.72655487060547,52.77717840205571,52.63374077136213,52.77717840205571,127500
2014-11-25,52.68434143066406,52.89528130329936,52.68434143066406,52.89528130329936,208300
2014-11-26,52.802486419677734,52.81092260091023,52.6590455892214,52.81092260091023,35000
2014-11-28,52.81935119628906,53.030291102374385,52.751852100059274,52.81091501626816,8100
2014-12-01,52.55780029296875,52.75186466655456,52.515612945439365,52.59155145846758,30800
2014-12-02,52.82780075073242,52.878424277964854,52.599985222122,52.64217256771175,64500
2014-12-03,53.08091735839844,53.1062291169197,52.819350718491236,52.98810328557048,105000
2014-12-04,53.072486877441406,53.19061272147513,52.86154695061324,53.055611297052614,159300
2014-12-05,53.13155746459961,53.25811950774255,53.0724945340619,53.08936689819698,37200
2014-12-08,52.734981536865234,53.156861389160156,52.591543932055124,53.02185996517329,133900
2014-12-09,52.81935119628906,52.827790594997495,52.161219719282876,52.25403379295042,36500
2014-12-10,51.93341827392578,52.743426959782674,51.857479758458666,52.743426959782674,22400
2014-12-11,52.21185302734375,52.76873432075579,51.58746941051792,52.1696656845541,24200
2014-12-12,51.469356536865234,52.279365309878145,51.469356536865234,52.05998914086209,14600
2014-12-15,51.21620178222656,51.87433315567376,50.996822511952814,51.78151909661079,39600
2014-12-16,50.60871124267578,51.52840953206887,50.59183566082503,50.844962951210036,54400
2014-12-17,51.45245361328125,51.55370385143791,50.591818542232076,50.591818542232076,55700
2014-12-18,52.91217041015625,52.91217041015625,52.17810036689996,52.26247505005573,21900
2014-12-19,53.13998794555664,53.300301137147194,52.7940465815122,53.072488840193024,30200
2014-12-22,53.13998794555664,53.13998794555664,52.878421267888704,52.886860667739136,28800
2014-12-23,53.15685272216797,53.32560527930914,53.04716307722311,53.32560527930914,16000
2014-12-24,53.055606842041016,53.13998151821231,52.895290451152945,52.895290451152945,4400
2014-12-26,53.18217086791992,53.2581093668215,53.08092060894705,53.08092060894705,29200
2014-12-29,53.19905090332031,53.258113827558724,53.12311239805835,53.24123824653518,18200
2014-12-30,52.99656295776367,53.07250148106485,52.85312209433312,53.07250148106485,34200
2014-12-31,52.5240364074707,53.19904346053603,52.515600227483176,53.08091762858554,30300
2015-01-02,52.51560592651367,52.91217080271333,52.11059843203526,52.9037346218103,29700
2015-01-05,51.72247314453125,52.23716711809955,51.587471710373016,52.23716711809955,21300
2015-01-06,51.27528381347656,51.89966426765346,50.96309358638811,51.76466282739725,26800
2015-01-07,51.857479095458984,51.86591849634099,51.35966066013665,51.35966066013665,18500
2015-01-08,52.82780075073242,52.82780075073242,52.35529411153806,52.35529411153806,511700
2015-01-09,52.37217330932617,52.83624058022925,52.220296279766856,52.83624058022925,68400
2015-01-12,51.941837310791016,52.41434058294879,51.798396518395165,52.41434058294879,41900
2015-01-13,51.79840850830078,52.73498230910047,51.51153007579176,52.31310245062766,532900
2015-01-14,51.595909118652344,51.69715938569022,51.17402925085858,51.42715652779725,51000
2015-01-15,51.11497116088867,51.95873097627194,51.11497116088867,51.89122864607091,92400
2015-01-16,51.80683517456055,51.80683517456055,50.954636267438495,50.954636267438495,32700
2015-01-20,52.0430908203125,52.12746549029998,51.45245847433813,52.12746549029998,272200
2015-01-21,52.144351959228516,52.24560222809872,51.86591291516345,51.88278849642315,36500
2015-01-22,52.97966003417969,52.97966003417969,51.9840235618607,52.43121506904756,250400
2015-01-23,52.86155700683594,53.13999608950084,52.86155700683594,52.97968287334156,34200
2015-01-26,52.95436096191406,52.97123654330581,52.633734571534966,52.819359529468116,26400
2015-01-27,52.06840896606445,52.431225885163364,51.840593466721806,52.22028596562622,1670800
2015-01-28,51.57903289794922,52.46497996558989,51.57903289794922,52.41435322335491,70700
2015-01-29,52.07684326171875,52.119030597754225,51.20776868968838,51.579024971650355,26100
2015-01-30,51.61277389526367,52.279344760895384,51.570586558422264,51.992466364211325,42900
2015-02-02,52.07684326171875,52.11059119933467,51.114957837885306,51.857463964434416,107100
2015-02-03,52.86155700683594,52.86155700683594,52.20342212122274,52.51561558977441,40400
2015-02-04,52.48186111450195,52.76030017961609,52.389047019901156,52.515612279572835,99800
2015-02-05,53.12309646606445,53.12309646606445,52.76027962958957,52.76027962958957,39000
2015-02-06,52.768733978271484,53.21592560257768,52.6927954742678,53.165298860345914,28600
2015-02-09,52.5999870300293,52.86155373157705,52.464985588289096,52.464985588289096,31400
2015-02-10,53.15685272216797,53.16528890161573,52.70966118162808,52.91216167524764,81500
2015-02-11,53.18217086791992,53.2665487659704,52.954355371215186,53.09779618855715,104200
2015-02-12,53.62092971801758,53.66311706040255,53.31717570294519,53.31717570294519,60200
2015-02-13,53.94999694824219,53.94999694824219,53.68843348719592,53.83187109890672,57600
2015-02-17,53.98375701904297,54.05969553738844,53.7728170479376,53.992196420352755,186600
2015-02-18,54.09343338012695,54.110305741213224,53.848742301435536,53.96686814116581,24900
2015-02-19,54.1946907043457,54.287498352968875,54.00906253234753,54.00906253234753,24200
2015-02-20,54.59123992919922,54.59123992919922,54.00905022117547,54.21999010720387,28100
2015-02-23,54.63344192504883,54.63344192504883,54.38875083351718,54.60813016340345,34300
2015-02-24,54.7515754699707,54.82751720296132,54.55751431181734,54.63344960743126,31300
2015-02-25,54.8359375,54.94563037371796,54.641876386672436,54.641876386672436,25300
2015-02-26,54.80219650268555,54.90344999626602,54.66719828195466,54.90344999626602,91300
2015-02-27,54.717811584472656,54.886567375569946,54.69249982515187,54.700939224050536,40700
2015-03-02,55.13968276977539,55.14812216735221,54.80217767781853,54.81061707539535,31900
2015-03-03,54.8275146484375,55.12282929102681,54.56594473296434,55.12282929102681,92100
2015-03-04,54.59968948364258,54.75156648732989,54.346565435747486,54.75156648732989,51300
2015-03-05,54.768463134765625,54.79377490406642,54.565956105603796,54.72627256101247,36300
2015-03-06,53.94155502319336,54.57437476469615,53.88249210481477,54.49843304828066,51200
2015-03-09,54.24531936645508,54.33813346124512,53.97531648271402,53.97531648271402,290300
2015-03-10,53.34249496459961,53.857188951594104,53.34249496459961,53.83187396918102,39500
2015-03-11,53.072486877441406,53.494366731097735,53.038735716663815,53.37623766837617,28700
2015-03-12,53.62937545776367,53.63781163976282,53.16530498060301,53.16530498060301,26300
2015-03-13,53.26655578613281,53.528119257842285,53.02186467756939,53.528119257842285,24900
2015-03-16,54.05125045776367,54.05125045776367,53.5365596860354,53.54499586777041,33100
2015-03-17,53.81499099731445,53.98374357591338,53.64624163740325,53.89936889595778,43600
2015-03-18,54.47312545776367,54.641881264172184,53.40998962689322,53.798118325569106,35900
2015-03-19,54.46468734741211,54.50687146699511,54.295931556954585,54.45624794854544,49400
2015-03-20,54.98780822753906,55.12281284523087,54.75155658395288,54.75999598190224,32800
2015-03-23,54.97937774658203,55.03844066014236,54.90343603636173,54.97093834825205,17100
2015-03-24,54.59968948364258,55.03000873365257,54.59968948364258,54.776878248381834,16300
2015-03-25,53.81650924682617,54.891823751262805,53.76570584231437,54.781748093194125,25400
2015-03-26,53.73181915283203,53.94349509014692,53.460874211462446,53.460874211462446,876800
2015-03-27,53.75721740722656,53.85035209775677,53.68101394776136,53.74028294624339,94500
2015-03-30,54.37531661987305,54.40918554552768,54.172106295863806,54.172106295863806,40000
2015-03-31,53.85883331298828,54.28218524504457,53.85036446559256,54.12130944371508,555200
2015-04-01,53.537071228027344,53.82495059728907,53.24072624345708,53.70641260346096,84900
2015-04-02,53.638675689697266,53.78261699177851,53.435468619594296,53.61327561341393,51000
2015-04-06,53.93502426147461,54.08743118000602,53.26612758902207,53.342331048287775,34700
2015-04-07,54.03662109375,54.316034819701365,54.03662109375,54.07049001142612,36600
2015-04-08,54.1043586730957,54.256765571999345,53.90961401233836,54.036620838063975,29000
2015-04-09,54.37531661987305,54.400716699154756,54.03663382316382,54.19750960506404,41100
2015-04-10,54.51079559326172,54.595471152432076,54.349926242482105,54.3837951741826,18100
2015-04-13,54.33298110961914,54.76480185489517,54.316049876005536,54.68013276715252,26700
2015-04-14,54.197513580322266,54.36685176117891,54.00276885848336,54.273713823756495,76900
2015-04-15,54.536190032958984,54.67165926985626,54.39224549021988,54.39224549021988,27200
2015-04-16,54.40072250366211,54.519260526182684,54.32452225768649,54.37532242167024,217100
2015-04-17,53.71488571166992,54.07050297267878,53.55401315902219,54.07050297267878,72300
2015-04-20,54.30757522583008,54.38378191854094,53.98582691293729,53.98582691293729,30000
2015-04-21,54.358375549316406,54.570051476626574,54.32451308560303,54.570051476626574,31600
2015-04-22,54.68013000488281,54.790199167404175,54.307578285830516,54.536191917007876,31000
2015-04-23,54.94260787963867,55.06961473886553,54.58699384167322,54.62086276812286,49800
2015-04-24,55.14580154418945,55.21353938058682,54.95953218385011,55.14580154418945,244300
2015-04-27,54.93414306640625,55.391363917290406,54.866411668371235,55.391363917290406,562200
2015-04-28,54.993412017822266,55.07808756999072,54.493859851184276,54.97648078329118,201300
2015-04-29,54.68013000488281,54.90026832992553,54.4430539872448,54.6970612376411,44400
2015-04-30,53.95197296142578,54.51079417030093,53.7995660026711,54.48539408714816,579700
2015-05-01,54.722469329833984,54.773275955222566,54.32452393329069,54.32452393329069,42300
2015-05-04,54.84099197387695,55.120405725709716,54.84099197387695,54.984936502292584,977000
2015-05-05,54.27370834350586,54.82406706547414,54.1975081077659,54.76479806217521,78800
2015-05-06,53.968894958496094,54.443050190625094,53.69794680448076,54.43458134491804,23400
2015-05-07,54.25677490234375,54.36684405832189,53.850354282098166,53.867288743768256,115500
2015-05-08,55.06961441040039,55.06961441040039,54.798669460256505,54.798669460256505,16200
2015-05-11,54.90026092529297,55.06113668406518,54.86639846434356,55.00186768764954,17800
2015-05-12,54.730926513671875,54.891802283415295,54.307574664735775,54.527719434936785,38800
2015-05-13,54.7140007019043,55.05267704673255,54.663194082310305,54.83253871456163,30300
2015-05-14,55.37443161010742,55.39136284432879,55.02727994011265,55.03574878714211,39200
2015-05-15,55.4167594909668,55.43369718397595,55.23049008672613,55.31515917226046,17800
2015-05-18,55.56916809082031,55.6792437191605,55.28976074618425,55.43369884188121,29900
2015-05-19,55.61997604370117,55.797783070850954,55.51836925968523,55.797783070850954,33700
2015-05-20,55.56069564819336,55.70463371783955,55.46755773022555,55.65383356616117,13800
2015-05-21,55.653831481933594,55.70463163170952,55.43368673317805,55.5014245727699,36500
2015-05-22,55.48448944091797,55.65383404770478,55.48448944091797,55.59456505028845,30300
2015-05-26,54.807132720947266,55.39135387462407,54.68858826124379,55.39135387462407,19900
2015-05-27,55.25589370727539,55.31516271693118,54.84100417984733,54.96801104620618,85200
2015-05-28,55.22203063964844,55.25589957159448,55.08655491186426,55.22203063964844,37300
2015-05-29,54.77326583862305,55.25588670172812,54.75632814667592,55.25588670172812,26600
2015-06-01,54.917198181152344,55.10347401408104,54.612384356330125,55.10347401408104,19700
2015-06-02,54.86640548706055,55.08654381058925,54.68859201521798,54.798667636819275,25600
2015-06-03,54.968017578125,55.19663125670488,54.883348477103624,55.137362240006084,36300
2015-06-04,54.468448638916016,54.849462706463676,54.40071079495846,54.84099386100989,20800
2015-06-05,54.358375549316406,54.46845116581315,54.138234006077894,54.434582242263126,22600
2015-06-08,54.01123046875,54.24830647411954,54.01123046875,54.197506318636535,19000
2015-06-09,54.00275421142578,54.104360968283686,53.84188169127759,54.053557589854734,45300
2015-06-10,54.73939895629883,54.824068039682295,54.2737093079343,54.2737093079343,26900
2015-06-11,54.95954895019531,55.010349113072984,54.83254208316354,54.98494903163415,20700
2015-06-12,54.51925277709961,54.70552863168072,54.45998377426351,54.70552863168072,24000
2015-06-15,54.23137283325195,54.26523529551199,53.96042468639886,54.12976606696272,27500
2015-06-16,54.58700180053711,54.654739663312675,54.12131206875278,54.12131206875278,36500
2015-06-17,54.79866027832031,54.90026058020213,54.40917738148915,54.7563225126455,24100
2015-06-18,55.3659553527832,55.459093278128826,54.91720341784702,54.91720341784702,37900
2015-06-19,55.18815231323242,55.43369718316439,55.07808314802312,55.43369718316439,25400
2015-06-22,55.38289260864258,55.55223076620898,55.30668591585205,55.46756168742578,27500
2015-06-23,55.289756774902344,55.48449501748439,55.179681154468526,55.48449501748439,42100
2015-06-24,54.98691940307617,55.31867783761109,54.96140052196597,55.31867783761109,14500
2015-06-25,54.782752990722656,55.2591226677563,54.75723411374587,55.2591226677563,33700
2015-06-26,54.731712341308594,54.95288677305023,54.604117948044696,54.910357471979104,34700
2015-06-29,53.515262603759766,54.3404075755894,53.498248937378996,54.19579303386537,43000
2015-06-30,53.761962890625,54.12774865282034,53.58332423793206,54.12774865282034,52600
2015-07-01,54.03417205810547,54.289370582598686,53.855533415462745,54.289370582598686,29800
2015-07-02,54.119232177734375,54.22131417417062,53.90656621936302,54.22131417417062,38200
2015-07-06,53.88956069946289,54.153267695915424,53.591829610746714,53.68540316577908,34000
2015-07-07,54.26384353637695,54.26384353637695,53.37064721257349,54.01715026031915,16200
2015-07-08,53.43870544433594,53.96611614885275,53.404678109844475,53.96611614885275,26500
2015-07-09,53.60032653808594,54.22981920053848,53.52376666353124,54.03416690890424,54600
2015-07-10,54.161773681640625,54.246842026078994,53.991643482814965,54.212814688303645,41700
2015-07-13,54.88484573364258,54.90186265033751,54.442503250356374,54.442503250356374,17400
2015-07-14,55.123016357421875,55.20808143867336,54.86781462361773,54.92736082949874,50500
2015-07-15,55.0889892578125,55.310157171983434,54.995415721028756,55.19106475972225,60200
2015-07-16,55.480308532714844,55.48881699014609,55.310171834346946,55.463291617852335,42600
2015-07-17,55.863101959228516,55.863101959228516,55.62491708344886,55.718490640369595,34900
2015-07-20,55.982200622558594,56.109801531644884,55.86310817142522,55.88862705523211,156000
2015-07-21,55.8205680847168,56.084271819878246,55.70997762283574,56.084271819878246,106100
2015-07-22,55.590885162353516,55.795042683325846,55.47179273428211,55.47179273428211,141700
2015-07-23,55.29316329956055,55.68446798410508,55.16556239393584,55.641938675597956,45200
2015-07-24,54.468017578125,55.2080976311824,54.42548502502448,55.2080976311824,25300
2015-07-27,54.119232177734375,54.348911802178435,54.05118075846854,54.348911802178435,46000
2015-07-28,54.84230041503906,54.918857047665064,54.19579406042404,54.45949778175835,24000
2015-07-29,55.30167007446289,55.37822672147711,55.01244093117798,55.02094938864116,94000
2015-07-30,55.480308532714844,55.50582741495717,54.95289450285152,55.191079390515135,15300
2015-07-31,55.310184478759766,55.65895992260862,55.225119355154874,55.65895992260862,485900
2015-08-03,55.0889892578125,55.38672028846546,54.850804433290136,55.38672028846546,172600
2015-08-04,55.10599136352539,55.29313840885547,54.969888551498165,55.14852714293631,119900
2015-08-05,55.55685043334961,55.8120521681392,55.454774931473544,55.454774931473544,116900
2015-08-06,54.88484573364258,55.64194276531581,54.7487428503438,55.64194276531581,68900
2015-08-07,54.765743255615234,54.79977059272643,54.45100174492581,54.79977059272643,31600
2015-08-10,55.3952522277832,55.48031734545356,55.02095792197071,55.131541925936915,39000
2015-08-11,54.96139907836914,55.27614708058058,54.71470575069818,55.27614708058058,37000
2015-08-12,55.03794479370117,55.046453248842404,54.14475170536303,54.646640227850696,115400
2015-08-13,55.046470642089844,55.293163998736574,54.859323510147384,55.0634875577492,35800
2015-08-14,55.17405319213867,55.19957206708547,54.859305257679104,55.01242499740949,34800
2015-08-17,55.463279724121094,55.463279724121094,54.81677987911499,55.02944583893149,24800
2015-08-18,55.3952522277832,55.59090134941976,55.36972685143488,55.50583623174941,86800
2015-08-19,55.18256759643555,55.47179019708016,54.867819628042625,55.242113807747685,139700
2015-08-20,54.03417205810547,54.79126566530495,54.03417205810547,54.6976921158182,34000
2015-08-21,52.12868881225586,53.540790920576605,52.04362371037926,53.52377725119616,126900
2015-08-24,50.138126373291016,51.68633432755956,34.962283092143544,49.125837555507765,141900
2015-08-25,49.55118179321289,52.00960042220421,49.55118179321289,50.640030758157614,120400
2015-08-26,51.83094787597656,51.839453086540146,50.1551390777744,50.274231495814654,83500
2015-08-27,52.87728500366211,52.89429867657024,51.899019904115505,52.34136566464802,86700
2015-08-28,52.894287109375,53.013379548661874,52.57954234197033,52.63908856161377,46300
2015-08-31,52.31583023071289,52.7496673950589,52.213751470577115,52.588042421091814,65700
2015-09-01,50.886722564697266,51.796932827027675,50.63152400194566,51.796932827027675,58500
2015-09-02,51.77140808105469,51.77140808105469,51.0993827873971,51.38860865776711,78700
2015-09-03,51.88200378417969,52.3498683802311,51.72888398983181,52.077656133618426,51600
2015-09-04,51.14191818237305,51.422638856752194,50.86970596511026,51.40562518754507,445200
2015-09-08,52.39239501953125,52.39239501953125,51.788424368369725,52.01810403395768,80700
2015-09-09,51.54172134399414,52.86875808068211,51.54172134399414,52.86875808068211,384100
2015-09-10,51.87348556518555,52.21375243193683,51.55874082270707,51.55874082270707,57600
2015-09-11,52.196739196777344,52.196739196777344,51.6778336809416,51.73737989636288,29500
2015-09-14,51.98407745361328,52.33284956310382,51.89050389459925,52.33284956310382,49300
2015-09-15,52.656097412109375,52.79220350812833,52.026604689880905,52.20524333246354,63500
2015-09-16,53.013370513916016,53.08142517906786,52.62206592436808,52.74115834335875,49300
2015-09-17,52.95383071899414,53.702415901219176,52.92831183898349,53.03039060405154,65000
2015-09-18,52.15420913696289,52.69863355822533,52.04362191232349,52.22226056710794,52900
2015-09-21,52.383880615234375,52.74966307954793,52.077641114855574,52.460437245304064,117700
2015-09-22,51.950050354003906,51.958558811240145,51.4991994712526,51.720370684010135,57100
2015-09-23,51.83094787597656,52.03510537975271,51.609773461023224,51.771401666956436,86200
2015-09-24,51.68635177612305,51.77142013723344,51.12491357289913,51.490699413108395,70400
2015-09-25,51.73161315917969,52.201433950531396,51.47534431062987,52.16726433624559,515200
2015-09-28,50.59549331665039,51.475339623536,50.51861332080452,51.475339623536,240800
2015-09-29,50.749267578125,51.03116206168802,50.47591712905477,50.71509795734263,1586900
2015-09-30,51.637657165527344,51.64619794126012,51.05678665786892,51.364306721758005,353000
2015-10-01,51.62911605834961,51.83413053209722,51.11658476187235,51.83413053209722,50000
2015-10-02,52.3124885559082,52.3124885559082,50.83468355377194,51.03969800044214,115100
2015-10-05,53.141082763671875,53.17525238260684,52.70543152733077,52.70543152733077,56800
2015-10-06,52.953155517578125,53.12399709229272,52.84210588713831,53.12399709229272,40500
2015-10-07,53.38025665283203,53.4742181990843,52.970227821033085,53.320458201808094,160600
2015-10-08,53.90134811401367,53.98677217601277,53.16672073239005,53.29485193749654,104800
2015-10-09,53.94405746459961,54.055103848434534,53.73050221455542,53.99530863910972,644600
2015-10-12,53.88425064086914,53.95258661168475,53.83299621881208,53.95258661168475,26600
2015-10-13,53.49131393432617,53.935509210702435,53.448603539377245,53.61090434362089,43300
2015-10-14,53.16670227050781,53.62797901074773,53.089822270702214,53.49130381760374,81400
2015-10-15,53.97821807861328,53.97821807861328,53.311926812195324,53.346096430625515,53600
2015-10-16,54.285728454589844,54.285728454589844,53.96112365452987,54.08925807151485,88900
2015-10-19,54.35408401489258,54.35408401489258,54.08073355119235,54.11489991520895,881900
2015-10-20,54.371158599853516,54.48220496456193,54.234483393709816,54.26864975130028,61700
2015-10-21,54.243019104003906,54.67012949064961,54.200308717058064,54.6103342972067,316400
2015-10-22,55.45601272583008,55.558521567932466,54.48220153601363,54.57616634531061,468500
2015-10-23,55.977081298828125,56.04542051879494,55.57559652800651,56.03687648700241,101500
2015-10-26,55.92584228515625,55.99418151996099,55.80625188284202,55.942923835263365,133000
2015-10-27,55.80625915527344,55.866054364222805,55.6354110459974,55.77208953341823,225800
2015-10-28,56.36149978637695,56.36149978637695,55.66103888499375,55.917301253487025,502100
2015-10-29,56.31877136230469,56.38711058285496,56.05396502915587,56.24188810988894,378200
2015-10-30,56.105220794677734,56.48961753677198,56.105220794677734,56.45544792369002,326900
2015-11-02,56.65193176269531,56.72027100115515,56.19065167887415,56.23336533220866,302800
2015-11-03,56.925289154052734,57.07904920077838,56.49817863728032,56.643394648857516,387400
2015-11-04,56.75442886352539,57.0106911788815,56.634838479588446,57.0106911788815,246600
2015-11-05,56.50669860839844,56.720253775839716,56.30168747246704,56.66899610396698,256600
2015-11-06,56.523780822753906,56.523780822753906,56.06250087356269,56.455441604239674,182500
2015-11-09,55.90021896362305,56.36149904144033,55.6781197001136,56.36149904144033,546900
2015-11-10,56.01980209350586,56.01980209350586,55.70373804869268,55.754989211618444,229500
2015-11-11,55.88312530517578,56.18210129315149,55.87458778922487,56.10522454646677,47400
2015-11-12,55.10580825805664,55.626883681373855,55.09726422173615,55.52437479709844,385000
2015-11-13,54.43950653076172,54.98621073400897,54.388252095227536,54.92641552184976,143200
2015-11-16,55.26808547973633,55.27662951290851,54.38823906144758,54.38823906144758,85800
2015-11-17,55.285179138183594,55.64395036145147,55.1741262472756,55.48164630070191,122700
2015-11-18,56.14793395996094,56.16501550776212,55.31079473958323,55.43892915824752,231800
2015-11-19,56.165008544921875,56.29314294770119,56.113757390684725,56.182090090605435,123100
2015-11-20,56.4383659362793,56.6519211284882,56.36148919533398,56.52378670972541,89700
2015-11-23,56.49817657470703,56.66901816830339,56.35296056843122,56.4896325398705,71000
2015-11-24,56.5323371887207,56.651927588619834,56.07105713888634,56.21627312202271,305100
2015-11-25,56.57504653930664,56.68609289729137,56.48108172978591,56.566502506480894,579800
2015-11-27,56.64337158203125,56.703166769341486,56.48961159792114,56.56649484856951,72400
2015-11-30,56.35295104980469,56.74589186245557,56.33586298301799,56.686096663078,311800
2015-12-01,56.72882080078125,56.78007197624069,56.446926301375996,56.55797268726785,357600
2015-12-02,56.284610748291016,56.805685983196106,56.216271516817734,56.75443481818506,1250000
2015-12-03,55.43893051147461,56.39565362418809,55.225375314217146,56.39565362418809,126400
2015-12-04,56.67755889892578,56.72027255342925,55.50728036491917,55.50728036491917,86200
2015-12-07,56.387123107910156,56.557964680047434,56.122310198752686,56.540883129708995,190500
2015-12-08,56.06251907348633,56.30170641593503,55.77208707629596,55.9343911436604,75300
2015-12-09,55.558528900146484,56.45545694745936,55.353517706073305,55.88313050052805,146800
2015-12-10,55.729366302490234,56.08814401173736,55.54143667316742,55.592694355738644,104200
2015-12-11,54.6188850402832,55.21684034244566,54.56763387003121,55.10579396783684,109600
2015-12-14,54.98619842529297,54.98619842529297,54.20885432404316,54.67867839811589,156600
2015-12-15,55.49019241333008,55.72083572063363,55.38768355261864,55.3962275869751,184200
2015-12-16,56.19063949584961,56.2846042990617,55.464553166909255,55.84041237975761,87400
2015-12-17,55.404754638671875,56.30168897269983,55.39621060693433,56.30168897269983,410400
2015-12-18,54.37969970703125,55.19975420750046,54.3626148988346,55.19975420750046,157100
2015-12-21,54.85807418823242,54.85807418823242,54.439504460441384,54.712858180966776,135500
2015-12-22,55.3193359375,55.404756706503456,54.7897167421795,55.1143182712674,802200
2015-12-23,55.96000289916992,55.99417251107475,55.6183132973087,55.68665252111837,475700
2015-12-24,55.899959564208984,56.03720367182508,55.822764661794366,55.899959564208984,63000
2015-12-28,55.762733459472656,55.762733459472656,55.42820905861584,55.62548932365418,174800
2015-12-29,56.35457229614258,56.44035314016707,56.07151776100439,56.07151776100439,141800
2015-12-30,55.97715377807617,56.29451928365349,55.959994994761594,56.29451928365349,79700
2015-12-31,55.38532257080078,55.89140217743829,55.36817032468338,55.87424338715984,99800
2016-01-04,54.57044219970703,54.57044219970703,53.93570451767756,54.5447105637566,196700
2016-01-05,54.71627426147461,54.84493574110802,54.330283278413276,54.70769486625071,543300
2016-01-06,54.06437301635742,54.33027862012992,53.78131516776889,54.055796893949406,180100
2016-01-07,52.77772521972656,53.60117346006001,52.666219296496784,53.060786268108565,166000
2016-01-08,52.177303314208984,53.198031859668085,52.108681258003465,53.09510204743954,541400
2016-01-11,52.25450134277344,52.51183079684598,51.654074675484,52.46894037311394,276200
2016-01-12,52.78631591796875,52.92355677540578,52.11726387489312,52.717693853210164,342700
2016-01-13,51.594032287597656,53.06937059929945,51.533989620544205,52.983596295531655,212800
2016-01-14,52.36601257324219,52.79489065045478,51.32812841168691,51.78273812646665,311400
2016-01-15,51.33668899536133,51.56828347960868,50.71052758480178,50.71052758480178,659700
2016-01-19,51.39674377441406,51.98859757562224,50.97644511914432,51.98859757562224,615000
2016-01-20,50.76200866699219,51.216618374485044,49.62977082306582,50.6419233308303,857800
2016-01-21,50.985023498535156,51.44821259684414,50.47894724788201,50.86493816313949,1410700
2016-01-22,52.09152603149414,52.1258370597863,51.602605330610075,51.739846171698936,700600
2016-01-25,51.29380798339844,52.031478664598716,51.29380798339844,51.95428049395963,228700
2016-01-26,52.057212829589844,52.10867936987913,51.45678621994629,51.482517854051125,307900
2016-01-27,51.40532684326172,52.23735136411427,51.12226574034402,51.83420492253333,771500
2016-01-28,51.585453033447266,51.80847145917444,51.13084333250488,51.79131594395851,338100
2016-01-29,52.829200744628906,52.88066729093011,51.808472116921635,51.842779875709105,365400
2016-02-01,52.8720817565918,53.09510015924893,52.40889270991587,52.55471293812701,346300
2016-02-02,51.98860168457031,52.42605588900833,51.825625919087834,52.42605588900833,688000
2016-02-03,52.36601257324219,52.468942395590794,51.36243944316313,52.271658872722604,215800
2016-02-04,52.468936920166016,52.65764430151252,52.04005888770922,52.25449790393762,495400
2016-02-05,51.51682662963867,52.28880506776496,51.2594972115171,52.280228947464664,677500
2016-02-08,50.985023498535156,51.19088641069914,50.32455088177902,50.93356022455415,616600
2016-02-09,51.113677978515625,51.50824493629279,50.51324814985336,50.51324814985336,155800
2016-02-10,51.17373275756836,51.9457146161759,51.13942172561244,51.482525501011374,362700
2016-02-11,50.54756164550781,50.82204330539083,50.03290935124704,50.341698764555815,358600
2016-02-12,51.43962860107422,51.46536023412585,50.796311598147646,50.95928406094043,539000
2016-02-16,52.26306915283203,52.28880078370419,51.76556914210898,52.02289853914736,129500
2016-02-17,53.03506851196289,53.10368730789839,52.62334264802867,52.657653682036575,199900
2016-02-18,52.923553466796875,53.18945577091269,52.85493140632832,53.11225758892553,501900
2016-02-19,52.8720817565918,52.906392783474374,52.52898130400489,52.68337438081724,125100
2016-02-22,53.49824905395508,53.57544723674324,53.2923894145733,53.326697173083616,210200
2016-02-23,52.914981842041016,53.44679307251168,52.8806740788497,53.395326519604076,1070400
2016-02-24,53.19802474975586,53.27522291662967,52.20302797231521,52.503241247891545,122900
2016-02-25,53.76414108276367,53.78129659373512,53.10366863471903,53.33526312471488,334900
2016-02-26,53.5411376953125,54.0986805056319,53.515406057694086,54.06436947408731,971800
2016-02-29,53.14656066894531,53.8928107405493,53.14656066894531,53.54112764137627,176000
2016-03-01,54.3474235534668,54.3474235534668,53.506823021726596,53.575441803868834,128900
2016-03-02,54.441795349121094,54.45895086838242,54.06438046953323,54.22735626647553,448100
2016-03-03,54.51040267944336,54.51040267944336,54.11583563573273,54.39031734197317,252500
2016-03-04,54.63047790527344,54.810609150217985,54.23591093459382,54.52754810250472,185500
2016-03-07,54.66480255126953,54.76773237968568,54.356009793940814,54.356009793940814,110500
2016-03-08,54.304542541503906,54.70768570332998,54.29596314771696,54.38174072518635,1532200
2016-03-09,54.407474517822266,54.66480071626477,54.2187671119937,54.53613925308359,104800
2016-03-10,54.45036315917969,54.8535096200664,53.9099758372371,54.63049117580047,173000
2016-03-11,55.23091125488281,55.25664288918637,54.87065528631449,54.94785018922515,115800
2016-03-14,55.22232437133789,55.325257438748864,55.07650743395781,55.07650743395781,326500
2016-03-15,55.282379150390625,55.282379150390625,54.93070254520941,54.93070254520941,100900
2016-03-16,55.53112030029297,55.668364398258184,55.093669462386096,55.145132727043666,122700
2016-03-17,55.968589782714844,56.088675122317355,55.45393739239548,55.539711700088674,692700
2016-03-18,56.09724044799805,56.19159412604615,55.95999635477951,56.19159412604615,104600
2016-03-21,56.21733474731445,56.277377411659465,55.98573693901254,55.98573693901254,81500
2016-03-22,56.19159698486328,56.36314556595564,55.94284696136815,55.94284696136815,763200
2016-03-23,55.65121841430664,55.831346426198266,55.599755137811975,55.77130375556773,88700
2016-03-24,55.582603454589844,55.582603454589844,55.27381070418521,55.299542342692206,178200
2016-03-28,55.6598014831543,55.80561847228968,55.582606563315814,55.69411251780275,123800
2016-03-29,56.14871597290039,56.165874760379204,55.42820395862991,55.54828929434166,141800
2016-03-30,56.4317626953125,56.59473841405028,56.294518607078935,56.4317626953125,495100
2016-03-31,56.28595733642578,56.54328023855172,56.22591467151376,56.388883879612294,768700
2016-04-01,56.7148323059082,56.740563940308235,55.91711891871064,55.98573442905763,255200
2016-04-04,56.51753616333008,56.74055453141428,56.40603025136709,56.74055453141428,153600
2016-04-05,56.12297821044922,56.38888048990975,56.07151494194957,56.20017311319869,133100
2016-04-06,56.654788970947266,56.66336181953919,56.09724623698848,56.15728889792809,157700
2016-04-07,56.045772552490234,56.36314462076364,55.82276070964179,56.33741298844719,201500
2016-04-08,56.183021545410156,56.517545882987484,56.04577743555312,56.39746055894225,76400
2016-04-11,56.03721237182617,56.62905968136933,56.02005358363057,56.337425723646646,161600
2016-04-12,56.54328155517578,56.594751372127185,55.94285489207451,56.09725125460909,424200
2016-04-13,57.01504898071289,57.04078061663228,56.68052462544136,56.81776219839803,180200
2016-04-14,56.989315032958984,57.13513199336013,56.86065031442174,56.989315032958984,589100
2016-04-15,56.997886657714844,57.07508810484297,56.86922848610011,56.98931380904672,225600
2016-04-18,57.34956741333008,57.36671965411841,56.80918348235068,56.80918348235068,244900
2016-04-19,57.478248596191406,57.649797229874096,57.28096177771152,57.56402291303275,615500
2016-04-20,57.43535614013672,57.66695398601764,57.33242303706068,57.4696671744954,263300
2016-04-21,57.10082244873047,57.46965782789979,57.05793202671745,57.452505585590345,1008400
2016-04-22,57.04936981201172,57.16087576820756,56.79204032028494,57.02363817167121,247400
2016-04-25,57.006465911865234,57.01504530467177,56.72340484668283,56.85206956214386,178000
2016-04-26,57.09225082397461,57.28095823585374,56.920702200899306,57.109409612778435,675600
2016-04-27,57.12654495239258,57.27236189327213,56.749136784478374,56.90352657306244,94300
2016-04-28,56.594757080078125,57.20376319812018,56.48324458556983,56.84350061976477,166700
2016-04-29,56.062923431396484,56.32025280659266,55.77128303656363,56.32025280659266,295600
2016-05-02,56.56901168823242,56.620481503816,56.140133641940565,56.26021897136952,340300
2016-05-03,56.12297821044922,56.25164292585761,55.91711859229137,56.19160026455493,94900
2016-05-04,55.77130889892578,55.942864076663035,55.67696173137141,55.83993097002068,133100
2016-05-05,55.797035217285156,55.977163207480565,55.7112543745792,55.93427278612759,76400
2016-05-06,55.92570114135742,55.96001217436159,55.4968230450459,55.63406717706258,83300
2016-05-09,56.045772552490234,56.17443725823128,55.89995560659115,55.92568723890761,69000
2016-05-10,56.68053436279297,56.69768660829931,56.26022909003811,56.26022909003811,397400
2016-05-11,56.0800895690918,56.611900689037746,56.0800895690918,56.611900689037746,111600
2016-05-12,56.19159698486328,56.44891985650182,55.882804303569934,56.38030435056021,68200
2016-05-13,55.69410705566406,56.29453374272402,55.61690559923631,56.04578367403916,84900
2016-05-16,56.225914001464844,56.36315157213127,55.711255115026866,55.711255115026866,79900
2016-05-17,55.70268249511719,56.303109139552056,55.53112735087893,56.24306647510857,117000
2016-05-18,55.616905212402344,55.98574061593383,55.32527126476166,55.634064000004756,277400
2016-05-19,55.38532257080078,55.42821300233586,54.99075546849006,55.3252798931483,191000
2016-05-20,55.64263153076172,55.82275949722346,55.53111906760066,55.582588875274475,54900
2016-05-23,55.548282623291016,55.77987387316224,55.548282623291016,55.6855201858401,714900
2016-05-24,56.397457122802734,56.4918108065409,55.90853646350449,55.90853646350449,188800
2016-05-25,56.63762664794922,56.7577119623281,56.500389093298566,56.543272966057415,167100
2016-05-26,56.620479583740234,56.757717150936706,56.56900976990207,56.73198551609733,196900
2016-05-27,56.81776809692383,56.86923791826564,56.65479887112914,56.67195111546949,75900
2016-05-31,56.66336441040039,57.01504754352639,56.4660841772181,57.01504754352639,95600
2016-06-01,56.74915313720703,56.79203702056265,56.41462219973475,56.51755529927703,112300
2016-06-02,56.792022705078125,56.792022705078125,56.42318737155732,56.654785151108804,224100
2016-06-03,56.68053436279297,56.77488807347991,56.423204871072066,56.67195496795939,310000
2016-06-06,57.040775299072266,57.10939735123324,56.72340321594707,56.80060466066794,228600
2016-06-07,56.997886657714844,57.16944179346663,56.9721550233919,57.04077707769261,137500
2016-06-08,57.1694450378418,57.212328916093945,56.98931704319959,56.98931704319959,114300
2016-06-09,57.10082244873047,57.160865113052935,56.8949628202191,56.997889362394986,76300
2016-06-10,56.63762664794922,56.80918177146107,56.440346436109124,56.67193767265159,439500
2016-06-13,56.19159698486328,56.62047498175306,56.15728595981304,56.39745659100589,1613300
2016-06-14,56.11441421508789,56.14014585639832,55.79704858004459,56.037219291156624,102700
2016-06-15,55.96000671386719,56.303110466268926,55.89996404800886,56.22591555766241,358500
2016-06-16,56.24306106567383,56.28595148364811,55.496810984370576,55.728408770777335,161400
2016-06-17,56.020042419433594,56.25164020479747,55.80560341884577,56.25164020479747,272900
2016-06-20,56.380306243896484,56.78344607741745,56.33741582510362,56.51754380454723,135200
2016-06-21,56.488990783691406,56.61838912519621,56.41997394701698,56.55800103855803,177800
2016-06-22,56.402732849121094,56.78231897940807,56.38548192583974,56.583897161719044,290400
2016-06-23,57.1187629699707,57.1187629699707,56.7478056244342,56.86858182234756,341900
2016-06-24,55.14320373535156,56.05766061451596,54.95341396488621,55.40201365209442,523000
2016-06-27,54.29776382446289,54.746363485414946,54.03895721377256,54.746363485414946,1835400
2016-06-28,55.19497299194336,55.19497299194336,54.6773596782318,54.90165790326543,159500
2016-06-29,56.10080337524414,56.135311810411814,55.609069692274076,55.634949373197074,178200
2016-06-30,56.93760681152344,56.93760681152344,56.14393265984572,56.17844109015476,147500
2016-07-01,57.04113006591797,57.179157200416086,56.937604778686996,56.954855702320565,228000
2016-07-05,56.704681396484375,56.82545760795979,56.55801892671289,56.82545760795979,80600
2016-07-06,56.93760681152344,56.94623556455322,56.376856337169144,56.52351222962501,117900
2016-07-07,56.90309524536133,57.25680170017917,56.71330218002588,57.03250020643638,160600
2016-07-08,57.68814468383789,57.73127528112158,57.25679922014425,57.291307647056875,180300
2016-07-11,57.843448638916016,58.00735549424869,57.74855207865473,57.82619112878943,112900
2016-07-12,58.15399932861328,58.26614678117661,57.990085944104976,58.03321654194801,517500
2016-07-13,58.1453742980957,58.343789540854814,58.024598085509304,58.240270833957865,202900
2016-07-14,58.412803649902344,58.55083736167954,58.3006561954406,58.412803649902344,742300
2016-07-15,58.42144012451172,58.662992570240675,58.28340639448916,58.5422163473762,104400
2016-07-18,58.52495193481445,58.59396879168237,58.361045127015295,58.49045008819022,3234700
2016-07-19,58.559471130371094,58.559471130371094,58.404186464771485,58.44732365369786,119000
2016-07-20,58.82691192626953,58.878671289355324,58.628490064755375,58.75789505428103,250200
2016-07-21,58.59397506713867,58.86141377069232,58.44731916694469,58.80964783159234,76500
2016-07-22,58.87865447998047,58.88728323196839,58.56808522650836,58.63710207879311,76600
2016-07-25,58.79240417480469,58.85279229304495,58.56810262913606,58.85279229304495,78800
2016-07-26,58.645729064941406,58.80101368700179,58.42142759267437,58.68023090823562,141000
2016-07-27,58.61122512817383,58.85277754058559,58.430060818865,58.85277754058559,855000
2016-07-28,58.62849044799805,58.6975073204377,58.34380078554288,58.576731084573915,57100
2016-07-29,58.67160415649414,58.73199225025681,58.38691460798074,58.464553622043354,96000
2016-08-01,58.61122512817383,58.80964036045081,58.49907109254722,58.671613231276766,183600
2016-08-02,58.39555358886719,58.59396882521385,58.05910463870568,58.55946039676014,752600
2016-08-03,58.48182678222656,58.48182678222656,58.24027434250202,58.335170884080995,119900
2016-08-04,58.464542388916016,58.602576052028674,58.369652472785205,58.490428637105126,202900
2016-08-05,58.956295013427734,58.956295013427734,58.706120435650064,58.74062228086739,155800
2016-08-08,58.921783447265625,59.04255963102895,58.80962943247941,59.04255963102895,114000
2016-08-09,58.87865447998047,59.03393910671653,58.809637627695714,58.96492225443177,80800
2016-08-10,58.77513885498047,58.94768101403127,58.706128573170524,58.939052260626134,299300
2016-08-11,59.08570098876953,59.17196876692021,58.904536680110226,58.973553535354604,143600
2016-08-12,59.0080680847168,59.077084947121264,58.93905122231233,59.01669683796992,64200
2016-08-15,59.1719856262207,59.27551093858373,59.14610594358281,59.14610594358281,135200
2016-08-16,58.809635162353516,59.03393663197145,58.80101299253634,59.01668571052808,63500
2016-08-17,58.9821891784668,59.01669761012053,58.65436236866155,58.78376734191045,79500
2016-08-18,59.025333404541016,59.042590915256035,58.87004871716519,58.99945372028036,222700
2016-08-19,59.0167121887207,59.04259187340134,58.76653093378792,58.89592935719111,83500
2016-08-22,58.9821891784668,59.111587569905346,58.835526698485864,58.96493167173476,120500
2016-08-23,59.111572265625,59.28411437922163,59.08569259403767,59.137458519020974,120900
2016-08-24,58.87003707885742,59.102967354777974,58.7665183622799,59.102967354777974,162700
2016-08-25,58.87003707885742,58.99081330273824,58.7665183622799,58.801026795075934,129300
2016-08-26,58.69747543334961,59.23234603147453,58.49043151031736,58.92177685602233,123400
2016-08-29,58.90451431274414,58.97353114178128,58.74922973831413,58.74922973831413,79900
2016-08-30,58.69747543334961,58.895890606561615,58.57669926309683,58.86138877089594,72400
2016-08-31,58.54221725463867,58.65436472566213,58.326544484493915,58.628485046334454,129300
2016-09-01,58.49907302856445,58.58534739168927,58.19713250305708,58.524952704777974,327000
2016-09-02,58.77513885498047,58.87866415041095,58.59397452433491,58.757887929980576,60900
2016-09-06,58.84414291381836,58.87865133811932,58.593961773993165,58.81826324104488,141700
2016-09-07,58.852779388427734,58.852779388427734,58.66298632077096,58.852779388427734,125600
2016-09-08,58.60260009765625,58.87003220240976,58.52495448484426,58.71474755859578,724500
2016-09-09,57.2740592956543,58.23164690463084,57.26543054209482,58.23164690463084,177900
2016-09-12,58.03321838378906,58.13674366915516,57.0152427806899,57.058379961711545,148300
2016-09-13,57.360321044921875,57.81754620826409,57.205036406257555,57.722656256345154,2599800
2016-09-14,57.360321044921875,57.70539875104367,57.187785482765875,57.412086979016514,2585000
2016-09-15,57.92106246948242,58.02458773973077,57.239535916083874,57.334432435025995,655600
2016-09-16,57.66225814819336,57.77441218056889,57.46384292166797,57.77441218056889,729400
2016-09-19,57.731258392333984,58.05908506119629,57.64499064119404,57.85203456029141,127500
2016-09-20,57.80030059814453,58.024602115014396,57.74854124110164,57.946956497639654,248000
2016-09-21,58.412803649902344,58.44731207784665,57.76578543501844,57.990086925751555,206300
2016-09-22,58.72336196899414,58.82688723352189,58.6198367044664,58.70611104914372,124900
2016-09-23,58.35240936279297,58.68885827233402,58.35240936279297,58.60259050251997,112100
2016-09-26,57.96248245239258,58.17044884638698,57.92782028487143,58.109791706008096,151800
2016-09-27,58.291748046875,58.30041523929617,57.84115320793543,57.91047752504329,247100
2016-09-28,58.46506118774414,58.49105615492092,58.07511684669939,58.35240751513673,247200
2016-09-29,57.95381164550781,58.560389622621564,57.84116456643466,58.44773593241635,677700
2016-09-30,58.48238754272461,58.655698338248406,58.23109184756324,58.23109184756324,2026800
2016-10-03,58.30043029785156,58.39574960571243,58.12712607144952,58.36108743820553,2197000
2016-10-04,57.92780303955078,58.395732245083295,57.78916102187291,58.3264079306791,925600
2016-10-05,58.144447326660156,58.248433817515064,58.04046744693697,58.08379019311106,784100
2016-10-06,58.19644546508789,58.24843540636762,57.94514973034935,58.092458971396525,440600
2016-10-07,58.02311706542969,58.343737032170964,57.84114571494298,58.257084952576804,166100
2016-10-10,58.30908966064453,58.47373328140486,58.300422467148834,58.33508463000004,148500
2016-10-11,57.667869567871094,58.24844605540937,57.477230933483455,58.24844605540937,66600
2016-10-12,57.74584197998047,57.91048560329599,57.58119835666495,57.67651765320218,968800
2016-10-13,57.615867614746094,57.78917845303294,57.19126763042519,57.407901219934374,233800
2016-10-14,57.67654037475586,58.03182273110859,57.66787978884551,57.82385627997744,289600
2016-10-17,57.58121109008789,57.745854749812466,57.49455896801875,57.65920262774332,106000
2016-10-18,57.607208251953125,57.99714607687995,57.59854105707199,57.849836819563826,175600
2016-10-19,57.711185455322266,57.82383915012685,57.61586614947176,57.72851984427635,196200
2016-10-20,57.529212951660156,57.797836475184624,57.44256084192312,57.66786161614517,289100
2016-10-21,57.43388366699219,57.511875179995016,57.26924005931035,57.39056092521821,105000
2016-10-24,57.693851470947266,57.797831348956606,57.641854920810985,57.66785650144493,124000
2016-10-25,57.43388366699219,57.641850016448,57.36455934679656,57.58119288905959,76200
2016-10-26,57.494544982910156,57.60719866421772,57.15659716125052,57.19992651731212,277800
2016-10-27,57.26925277709961,57.71985434730523,57.26059219350019,57.64186281698281,184900
2016-10-28,57.286582946777344,57.61586359987822,57.104611537605905,57.26924855859033,212400
2016-10-31,57.286582946777344,57.451226578893795,57.23459300448037,57.32991230611284,235900
2016-11-01,56.88799285888672,57.46856940366263,56.593367682750404,57.4512416220705,471200
2016-11-02,56.602012634277344,56.88797050166803,56.558683280625,56.75798905184216,117700
2016-11-03,56.47205352783203,56.81866866079688,56.394068593760174,56.6713593779053,304400
2016-11-04,56.3767204284668,56.73200267102407,56.3767204284668,56.51536909223515,560300
2016-11-07,57.56387710571289,57.589872078418495,57.1046149582273,57.11328215283998,564200
2016-11-08,57.84116744995117,58.04047325792791,57.54654894639609,57.589871696907636,182100
2016-11-09,58.52573776245117,58.67304703282316,57.28659322993011,57.28659322993011,695300
2016-11-10,58.60371017456055,59.010982338369246,58.29175730913822,58.82034374159651,770800
2016-11-11,58.54304504394531,58.60370216998506,58.257093798975596,58.456392951192946,621100
2016-11-14,58.387081146240234,58.777025563896345,58.19644914578054,58.655711285816395,514200
2016-11-15,58.638362884521484,58.6556972693234,58.361072227867524,58.43906373721466,231300
2016-11-16,58.73368835449219,58.74235554780614,58.56038415500179,58.569044737184306,1023800
2016-11-17,59.01097869873047,59.01097869873047,58.72502082120848,58.78567795179211,156300
2016-11-18,58.90700912475586,59.036983990783305,58.82901759400684,59.036983990783305,194300
2016-11-21,59.28828430175781,59.31427927695888,59.01099354772465,59.01966074316937,1778900
2016-11-22,59.470245361328125,59.60889401971608,59.24495120814556,59.45291758459559,855300
2016-11-23,59.296939849853516,59.31426762620628,59.14963061189384,59.14963061189384,318200
2016-11-25,59.53958511352539,59.53958511352539,59.37494144182373,59.37494144182373,73300
2016-11-28,59.340267181396484,59.57422851539544,59.3229327945038,59.47024202743394,319200
2016-11-29,59.357608795166016,59.48759028263752,59.210299527893746,59.31427942896448,245200
2016-11-30,59.01097869873047,59.51357012992704,59.01097869873047,59.49624235453089,248900
2016-12-01,58.81169128417969,59.088982023850114,58.69903758263273,59.05431985499972,522700
2016-12-02,58.81169128417969,58.94166615345276,58.70770477762851,58.81169128417969,82800
2016-12-05,59.07164001464844,59.14963153728546,58.95899293876371,59.028317267522866,184700
2016-12-06,59.17563247680664,59.17563247680664,58.96766608068355,59.14963750368282,165700
2016-12-07,59.95551681518555,59.99883956819054,59.13230517449748,59.166967343581135,1243700
2016-12-08,60.076820373535156,60.189467444592154,59.89484897669006,59.99016827186581,226600
2016-12-09,60.39744186401367,60.39744186401367,60.15481330253561,60.15481330253561,389500
2016-12-12,60.501426696777344,60.52742166891363,60.362784641673045,60.397440197099904,162400
2016-12-13,60.9346923828125,61.02134449154065,60.73538658271884,60.73538658271884,131700
2016-12-14,60.440792083740234,61.090693073887984,60.34547274296112,60.882726608158436,204600
2016-12-15,60.605411529541016,60.87403504907073,60.44076789569656,60.484097255486816,305600
2016-12-16,60.57941436767578,60.94335717667885,60.51875062171007,60.75271857830624,196900
2016-12-19,60.70072555541992,60.830700401227695,60.614066843372704,60.65739619939632,173700
2016-12-20,60.900028228759766,60.97801975186123,60.7613861815477,60.83937109351726,241800
2016-12-21,60.744049072265625,60.934687663381744,60.744049072265625,60.8913583068075,988000
2016-12-22,60.7109489440918,60.841605118810605,60.54545732520046,60.754503217481094,800300
2016-12-23,60.75452423095703,60.76323641773804,60.65871011272013,60.684840027611756,748600
2016-12-27,60.80677032470703,60.99839851789272,60.78935260053102,60.78935260053102,562100
2016-12-28,60.37126541137695,60.94615009845259,60.34513549750099,60.885178084258314,805600
2016-12-29,60.44093322753906,60.545459500158806,60.36254350716126,60.414803320746465,586200
2016-12-30,60.1883430480957,60.597729377030255,60.048981306908665,60.57159946589834,888800
2017-01-03,60.62385559082031,60.728381874423555,60.34512547999505,60.51933595266711,854400
2017-01-04,60.963558197021484,61.041954571718215,60.667410359267386,60.71095799369882,815600
2017-01-05,60.9025764465332,61.11162898197083,60.719660462112046,60.9025764465332,171900
2017-01-06,61.11162185668945,61.19872374690834,60.80675527275095,60.91999371093893,181300
2017-01-09,60.80677032470703,61.11163698411147,60.78935260053102,61.04195279650761,185400
2017-01-10,60.7109489440918,60.998391199383356,60.68481903823785,60.806763029188986,323100
2017-01-11,60.74578857421875,60.79805502925955,60.47577069739511,60.71094648600783,253000
2017-01-12,60.67611312866211,60.70224303435617,60.25801470120994,60.60642894984524,545800
2017-01-13,60.67611312866211,60.82418702456116,60.649976577518984,60.649976577518984,287300
2017-01-17,60.7109489440918,60.780633123335036,60.54545732520046,60.5715872310544,225300
2017-01-18,60.81547164916992,60.85902592000695,60.64997339452769,60.85902592000695,194200
2017-01-19,60.5106201171875,60.876452119553875,60.41480602436065,60.78063802672702,415000
2017-01-20,60.67611312866211,60.78934493515273,60.449642870231806,60.6325588555393,135000
2017-01-23,60.58899688720703,60.676105422389284,60.38866320536357,60.57157916743951,468100
2017-01-24,60.99839782714844,61.076794198677504,60.66740790795305,60.66740790795305,170800
2017-01-25,61.512306213378906,61.54714830441596,61.22486394641023,61.22486394641023,466500
2017-01-26,61.36421585083008,61.54713846088126,61.285826142620984,61.451324387215706,1655200
2017-01-27,61.27711486816406,61.442613115211856,61.19872515879304,61.35551122298348,80200
2017-01-30,61.00710678100586,61.0942086871866,60.76321878552,61.0942086871866,2298700
2017-01-31,60.885169982910156,60.902587708026154,60.64128195858463,60.78064369586339,564700
2017-02-01,60.79806137084961,61.13776345952799,60.68482291099047,61.02452499966885,275000
2017-02-02,60.81547164916992,60.90257354539526,60.63255567346211,60.73708193620173,116700
2017-02-03,61.25969696044922,61.285826863492936,61.00709682194597,61.11162307956923,308500
2017-02-06,61.19002151489258,61.250993512505815,61.01581770612599,61.111631794582415,103700
2017-02-07,61.28584289550781,61.38165699536477,61.23358307574952,61.29455508061757,1683800
2017-02-08,61.25969696044922,61.27711468066223,61.059356628033406,61.129040799782246,292800
2017-02-09,61.56456756591797,61.6690938416416,61.355521659920235,61.37293938314941,284100
2017-02-10,61.86072540283203,61.96525169549303,61.65167946296063,61.65167946296063,285500
2017-02-13,62.200443267822266,62.2614152860745,62.00010283902114,62.00010283902114,132000
2017-02-14,62.4704475402832,62.4704475402832,62.06977341610552,62.14816314573914,118600
2017-02-15,62.862403869628906,62.88853377717499,62.3920455974507,62.42688768932866,201100
2017-02-16,62.932090759277344,62.94080294398382,62.670778381681735,62.87111875723168,217900
2017-02-17,63.19340133666992,63.19340133666992,62.75788515005042,62.78401505797565,236800
2017-02-21,63.472129821777344,63.54180735932898,63.21952964248547,63.21952964248547,97300
2017-02-22,63.46342468261719,63.515684502944644,63.37632276692136,63.37632276692136,95100
2017-02-23,63.64634704589844,63.69860687143714,63.38503462730322,63.611504947055685,224600
2017-02-24,63.846675872802734,63.846675872802734,63.419865223479185,63.419865223479185,182000
2017-02-27,63.838008880615234,63.907693114992874,63.707352602520764,63.80316676342642,94500
2017-02-28,63.74215316772461,63.864097175665904,63.681181163753955,63.72473544321157,307700
2017-03-01,64.57833099365234,64.70898716127451,64.1602392317999,64.16894476964565,249400
2017-03-02,64.34313201904297,64.56089000478374,64.34313201904297,64.53475346431992,137500
2017-03-03,64.31703186035156,64.40414042027905,64.13411584631403,64.32574404543433,259900
2017-03-06,64.15152740478516,64.24734148521028,64.00345351520042,64.08184322893983,134400
2017-03-07,63.98603820800781,64.21250848884563,63.89893629859318,63.994750392584194,215900
2017-03-08,63.881500244140625,64.1166826665349,63.86408252362366,63.97731432060518,128900
2017-03-09,63.881500244140625,63.95118441710548,63.62019456369515,63.898924610106086,534200
2017-03-10,64.13409423828125,64.22120276886015,63.85536421859318,64.15151860257617,197200
2017-03-13,64.14280700683594,64.16893690806936,63.97730877176043,64.10796492337542,125000
2017-03-14,63.94247817993164,64.09925759921438,63.87279400772924,64.0382856098994,164200
2017-03-15,64.5347671508789,64.64800558056541,64.10796326903524,64.11667545103752,117100
2017-03-16,64.39541625976562,64.64801641658977,64.27347227308485,64.56962005632421,175400
2017-03-17,64.38671875,64.63931896439159,64.38671875,64.48253285357785,60700
2017-03-20,64.29960632324219,64.41283813376012,64.1515324220766,64.41283813376012,120900
2017-03-21,63.66373825073242,64.56961250691063,63.62890281185272,64.44766853448742,92100
2017-03-22,63.785682678222656,63.84665465851695,63.49824049450065,63.75084059727628,81000
2017-03-23,63.707305908203125,64.07313790236734,63.64633390917576,63.716018092478315,451800
2017-03-24,63.625911712646484,63.92347792052179,63.450877480104275,63.827207089485185,170700
2017-03-27,63.51215362548828,63.5996707603567,63.01329861189594,63.1620784088852,110600
2017-03-28,63.83596420288086,63.967236545712474,63.345856306838975,63.459634573464136,188600
2017-03-29,63.77468490600586,63.844694578201505,63.66966038202252,63.809693080666975,273200
2017-03-30,63.84470748901367,63.89722310018845,63.65217250513259,63.739689620919975,129100
2017-03-31,63.71342468261719,63.92346706141211,63.71342468261719,63.78343435746427,135600
2017-04-03,63.555904388427734,63.76594681071174,63.22332998625582,63.75719309562084,152600
2017-04-04,63.53839111328125,63.55589854185252,63.35460317604857,63.43337325036406,130900
2017-04-05,63.36334991455078,64.00223076738683,63.35459620122886,63.695917572388254,101300
2017-04-06,63.51215362548828,63.634678949729945,63.32836563912577,63.4158827739942,71600
2017-04-07,63.49464416503906,63.65217765705809,63.337110673020035,63.477136734187795,82200
2017-04-10,63.49464416503906,63.74844181822616,63.40712036503968,63.512144918761855,111500
2017-04-11,63.503395080566406,63.52964955131781,63.10081094907747,63.4421324231035,150500
2017-04-12,63.30209732055664,63.46837783729794,63.22332724241357,63.41586890328784,156000
2017-04-13,62.97827911376953,63.398370633684976,62.97827911376953,63.223329718250135,81300
2017-04-17,63.450889587402344,63.45964330383817,63.08331362264841,63.08331362264841,78400
2017-04-18,63.24956130981445,63.354585821089486,63.08328084670286,63.24081427505253,281600
2017-04-19,63.03078842163086,63.38961729254275,62.97827948525477,63.31084721085038,88100
2017-04-20,63.48590087890625,63.63468067994079,63.16208012624616,63.1883345997076,56600
2017-04-21,63.37211608886719,63.538396611918586,63.26709153973353,63.450879492871294,76700
2017-04-24,63.90597915649414,64.01100371653733,63.73094490021769,63.85347021503698,84400
2017-04-25,64.3348159790039,64.39607862836088,64.14227431613112,64.14227431613112,280100
2017-04-26,64.22102355957031,64.4398196414841,64.17726834946346,64.3172943697825,117100
2017-04-27,64.27355194091797,64.34356162643614,64.10726474891564,64.28229897840284,62200
2017-04-28,64.1072769165039,64.35232755514784,64.03726054056875,64.35232755514784,280600
2017-05-01,64.03723907470703,64.21227995586963,64.00223089847451,64.15976435295741,82900
2017-05-02,64.15103149414062,64.20354043153046,64.05476065750703,64.12477034831736,96100
2017-05-03,64.0634994506836,64.13351580961117,63.85345705102836,64.02849794834731,151000
2017-05-04,64.133544921875,64.22106207169756,63.85348603616452,64.1072904446413,66600
2017-05-05,64.35231018066406,64.36106389457483,64.14226778669708,64.16852225130204,154900
2017-05-08,64.32608795166016,64.38735062548128,64.19480888572043,64.36984986601695,70200
2017-05-09,64.31730651855469,64.4310847760022,64.22103569015809,64.36106841405416,157600
2017-05-10,64.30854797363281,64.35230318417483,64.2035234495041,64.2647860859642,68100
2017-05-11,64.15977478027344,64.29105379319927,63.86221524962763,64.16852849503594,80000
2017-05-12,64.07227325439453,64.15104335216793,64.01976430729866,64.11603516172748,172800
2017-05-15,64.4398422241211,64.46610337194012,64.19479159484106,64.19479159484106,135400
2017-05-16,64.3873291015625,64.50110069287476,64.29105826386429,64.4748462238895,401700
2017-05-17,63.56464767456055,64.08976371496851,63.52963949339149,63.92347652369747,128600
2017-05-18,63.69594955444336,63.87973756372339,63.43339811709914,63.47715335142473,211900
2017-05-19,64.02848815917969,64.18601492699159,63.73967573060492,63.783430940399406,98400
2017-05-22,64.4398422241211,64.46610337194012,64.10727446683089,64.17729084009058,191600
2017-05-23,64.41358947753906,64.70240201711903,64.41358947753906,64.52736775641368,116600
2017-05-24,64.59735870361328,64.64987430828431,64.44857895748743,64.49234084852543,157800
2017-05-25,64.97367858886719,65.03494122092133,64.71987434832118,64.73738177298014,58700
2017-05-26,64.9561767578125,65.00868567666126,64.87740670241335,64.87740670241335,48300
2017-05-30,64.92117309570312,64.96493498253417,64.78989411233643,64.84240303483253,65000
2017-05-31,65.06122589111328,65.10498779595483,64.89494534239964,65.00871694700679,208800
2017-06-01,65.507568359375,65.507568359375,65.07872975935916,65.19250135773471,553600
2017-06-02,65.69134521484375,65.77886900492258,65.44629462772953,65.51631098894151,125700
2017-06-05,65.6475830078125,65.75260086132212,65.6213285444351,65.68259118469138,194000
2017-06-06,65.41130828857422,65.586349250052,65.37630009627867,65.50757914810451,253000
2017-06-07,65.46379852294922,65.60382456068706,65.32376580808403,65.50755373849907,1181800
2017-06-08,65.53380584716797,65.63883037954099,65.35877163700671,65.4987976697103,67900
2017-06-09,65.58633422851562,65.84888559490405,65.19249716324038,65.6213424127931,223500
2017-06-12,65.55130767822266,65.57756213979275,65.34126530853543,65.42878240614456,382200
2017-06-13,65.89264678955078,65.91890125819589,65.63884246410086,65.7088588319067,85800
2017-06-14,65.87513732910156,66.02392377538624,65.63008672646066,65.96266112472601,363100
2017-06-15,65.84014892578125,65.84014892578125,65.42005732542019,65.49007370500195,867700
2017-06-16,65.89264678955078,65.89264678955078,65.5425716276499,65.82263042174493,334400
2017-06-19,66.37399291992188,66.39150035007489,66.06767966352618,66.102687846704,1075700
2017-06-20,65.92765045166016,66.3214808085817,65.91889673700274,66.3214808085817,441900
2017-06-21,65.86636352539062,66.03264397982444,65.77884644245829,66.01514323408814,63600
2017-06-22,65.80514526367188,65.97142583020754,65.68261992953825,65.86640793073867,58300
2017-06-23,65.91889190673828,66.00640901551597,65.65633390327783,65.75260472607151,73100
2017-06-26,65.9451675415039,66.19897191242514,65.9451675415039,66.07644658537758,132200
2017-06-27,65.47271728515625,65.97418772038968,65.47271728515625,65.93899598835652,270400
2017-06-28,65.97416687011719,66.0357507036783,65.64865519792323,65.71023903148435,117800
2017-06-29,65.20878601074219,65.93019969999266,64.91845927049674,65.93019969999266,91700
2017-06-30,65.42872619628906,65.7014537024566,65.36714234934362,65.53429466983215,103400
2017-07-03,65.6662826538086,65.8862259924701,65.6662826538086,65.73666613309341,115500
2017-07-05,65.63987731933594,65.7278532946708,65.45512575749176,65.7278532946708,121300
2017-07-06,65.10321807861328,65.53430507568142,65.05922673289456,65.42873658537566,132800
2017-07-07,65.5343017578125,65.61348483366992,65.22638248978173,65.22638248978173,219400
2017-07-10,65.57829284667969,65.67506843227598,65.44632552885415,65.54310111445044,166500
2017-07-11,65.38473510742188,65.5518941406851,65.06801626131043,65.50790280178344,78500
2017-07-12,65.91258239746094,65.9653733343832,65.71023839435115,65.71023839435115,60100
2017-07-13,65.96536254882812,66.02694637172296,65.82459568956378,65.86858701111721,899200
2017-07-14,66.37007904052734,66.48444711721322,66.04456060546453,66.07095272222777,2505700
2017-07-17,66.29972839355469,66.3877043970088,66.23814451992293,66.28212916558057,77400
2017-07-18,66.39647674560547,66.41406925421649,66.07095828314512,66.15014135223485,62200
2017-07-19,66.59880065917969,66.6339923778955,66.40525627444377,66.44044128102556,321000
2017-07-20,66.7748031616211,66.85397954669487,66.66042832255216,66.73961141976437,47600
2017-07-21,66.7571792602539,66.7571792602539,66.59881983649973,66.62521866723873,94700
2017-07-24,66.59004211425781,66.74840157410212,66.44927516677956,66.69561061272901,153200
2017-07-25,66.67799377441406,66.86274529147377,66.58121821136349,66.7659697284232,45400
2017-07-26,66.669189453125,66.78356422617429,66.59880601003844,66.78356422617429,85600
2017-07-27,66.58121490478516,66.62520623567254,66.22930439409025,66.62520623567254,137500
2017-07-28,66.09733581542969,66.48443804080499,65.60466513741355,66.38766248446116,444900
2017-07-31,66.09733581542969,66.19411137177352,65.98296775435725,66.13252753702149,79100
2017-08-01,66.32609558105469,66.32609558105469,66.12375152041679,66.32609558105469,92400
2017-08-02,66.31730651855469,66.55484905968684,66.06217146540482,66.55484905968684,331100
2017-08-03,66.20292663574219,66.51964549283092,66.16773490582831,66.51964549283092,218800
2017-08-04,66.28208923339844,66.43165573251558,66.25569711947622,66.40526361859337,54800
2017-08-07,66.47566986083984,66.54605333729945,66.33490962005835,66.54605333729945,94200
2017-08-08,66.32609558105469,66.64281444409654,66.2029278801091,66.48445501257561,144800
2017-08-09,66.2733154296875,66.2733154296875,66.01818040137904,66.17653984266923,300600
2017-08-10,65.37592315673828,66.20291184460716,65.34073143468699,66.11493589554625,175600
2017-08-11,65.35832977294922,65.57827299871141,65.30554554664936,65.30554554664936,64900
2017-08-14,65.98299407958984,66.06217045065947,65.56949957608245,65.56949957608245,110300
2017-08-15,65.98299407958984,66.18534488144098,65.91261060832534,66.16774565755622,81100
2017-08-16,66.11495208740234,66.27331151934881,65.99178438612579,65.99178438612579,104700
2017-08-17,65.08561706542969,66.06215903387653,65.07681745500805,65.98298267649007,73500
2017-08-18,64.91844940185547,65.28795244483227,64.83047344573745,65.03281747359537,110600
2017-08-21,65.06802368164062,65.12960753584441,64.76890402183275,64.84808038632188,128700
2017-08-22,65.6662826538086,65.73666613309341,65.11202785675128,65.11202785675128,59300
2017-08-23,65.48152160644531,65.56069797511283,65.37594640275157,65.37594640275157,105500
2017-08-24,65.4375,65.75421875248419,65.35832366794592,65.4990838289756,85500
2017-08-25,65.57829284667969,65.85102038128564,65.52550860440411,65.52550860440411,83900
2017-08-28,65.63107299804688,65.79823203768234,65.55189663956872,65.78943242713936,100200
2017-08-29,65.61349487304688,65.71906337416073,65.29677594543,65.43753618429436,66500
2017-08-30,66.01818084716797,66.07976470185574,65.56069503051305,65.56069503051305,97000
2017-08-31,66.40528106689453,66.49325704046292,66.14134643405282,66.14134643405282,72200
2017-09-01,66.52845001220703,66.71320157378483,66.44926693602416,66.50205117872163,66500
2017-09-05,66.07093811035156,66.40525608111142,65.75421935496539,66.31727342851103,203800
2017-09-06,66.22051239013672,66.361279295434,66.08855180658988,66.08855180658988,97400
2017-09-07,66.42283630371094,66.60758775817261,66.13250971292855,66.39644419766395,71100
2017-09-08,66.49325561523438,66.58123158691707,66.23812059885907,66.23812059885907,215100
2017-09-11,67.13546752929688,67.16185964222883,66.72197319433747,66.72197319433747,102800
2017-09-12,67.34663391113281,67.37302603035613,67.21466660288009,67.34663391113281,80700
2017-09-13,67.24986267089844,67.46100635044216,67.14428747505829,67.29384730172941,104400
2017-09-14,67.30264282226562,67.34663416255947,67.06510703623283,67.17947512400623,1189700
2017-09-15,67.57537841796875,67.5841780295069,67.03871622046961,67.29385125798042,431800
2017-09-18,67.78651428222656,67.82169929655828,67.3906123935719,67.72493043894279,1651600
2017-09-19,67.8920669555664,67.91845906624327,67.75130679457845,67.75130679457845,87100
2017-09-20,67.76889038085938,67.92724973621817,67.45217167014177,67.92724973621817,61600
2017-09-21,67.57537841796875,67.90089692351089,67.5401866839531,67.6105701519844,71000
2017-09-22,67.79533386230469,67.8481248288505,67.46982201060658,67.49621413781041,228600
2017-09-25,67.86569213867188,67.92727598332225,67.58416503282226,67.76891656677336,97300
2017-09-26,67.94522094726562,68.14846752067592,67.90987342398337,68.14846752067592,644500
2017-09-27,68.17498779296875,68.27219181266564,67.83035781108043,67.97174118582475,1134400
2017-09-28,68.10430145263672,68.13081041742893,67.96291805979405,67.98942702458626,183900
2017-09-29,68.1661376953125,68.18381482782296,68.02475434448236,68.13962873839752,219800
2017-10-02,68.55494689941406,68.55494689941406,68.23682596432884,68.29868243827042,348500
2017-10-03,68.72286987304688,68.76705597781141,68.35173086369576,68.7582174084879,84400
2017-10-04,68.8465805053711,68.90843699874219,68.5903159637331,68.64333388895058,161000
2017-10-05,69.27955627441406,69.28839484005637,68.93492637471671,68.9525967641511,59500
2017-10-06,69.14701843261719,69.23538388096587,68.98795792884893,69.22654531357554,164700
2017-10-09,69.21769714355469,69.35024865570391,69.16467249358503,69.25304466291782,269900
2017-10-10,69.50932312011719,69.59768856539557,69.34142405479233,69.35026262187556,1568700
2017-10-11,69.67721557617188,69.71256310272075,69.47397572583,69.52699364472765,520000
2017-10-12,69.6860580444336,69.76558492723214,69.54466793032279,69.58885402644535,163600
2017-10-13,69.73023986816406,69.92464115037782,69.6772152076955,69.6772152076955,56100
2017-10-16,69.71257019042969,69.98650512172041,69.571186811711,69.69489979628436,53400
2017-10-17,69.80091857910156,69.85394323227749,69.68604419061273,69.82742753476434,103900
2017-10-18,69.88928985595703,70.0041709959024,69.84511050677499,69.84511050677499,116500
2017-10-19,70.00415802001953,70.00415802001953,69.46512017021703,69.64185101788848,60500
2017-10-20,70.3222885131836,70.4901808187739,70.1455508996009,70.38414499247489,116900
2017-10-23,70.20742797851562,70.45486071013084,70.18091901416285,70.41951317704296,102700
2017-10-24,70.23393249511719,70.52553779839198,70.11905134542116,70.28695041537597,467400
2017-10-25,70.03950500488281,70.26925375673723,69.58883258234592,70.07485252251803,95800
2017-10-26,70.15438079833984,70.41948381503575,70.08368576164096,70.08368576164096,205000
2017-10-27,70.3222885131836,70.38414499247489,69.9776585940106,70.38414499247489,260300
2017-10-30,70.0925521850586,70.47252973102536,69.96883919259056,70.3841642709557,113400
2017-10-31,70.15438079833984,70.2869323066878,69.99532033669226,70.26042335338816,219500
2017-11-01,70.18974304199219,70.57855908355705,70.14555694932302,70.47251650626177,158800
2017-11-02,70.3222885131836,70.33995890361656,69.99532898444357,70.26926385818349,103900
2017-11-03,70.44599914550781,70.51669418860641,70.2604297137618,70.4725081012072,64300
2017-11-06,70.53438568115234,70.60508074540171,70.1278991744971,70.52554711265807,1006500
2017-11-07,70.42831420898438,70.68457865542992,70.25158336267347,70.49900924424858,699300
2017-11-08,70.67579650878906,70.68462833801755,70.33999822618404,70.35767536834976,69000
2017-11-09,70.4106674194336,70.46368534272605,69.94232445207854,70.38415845778736,90700
2017-11-10,70.49900817871094,70.52551713107195,70.1632168790556,70.3752952397932,222800
2017-11-13,70.56085968017578,70.64039327350861,70.27808630515175,70.41063779947375,1091700
2017-11-14,70.58740234375,70.58740234375,70.21626337586888,70.49019831761176,80600
2017-11-15,70.17207336425781,70.4725172235423,70.09253974501404,70.18090518940059,145900
2017-11-16,70.70227813720703,70.80831398177621,70.32230062984667,70.32230062984667,152000
2017-11-17,70.71110534667969,70.78180039967836,70.64924886076868,70.75529144026669,111500
2017-11-20,70.8436508178711,70.95853195461726,70.71109929031437,70.75528538011686,185500
2017-11-21,71.28549194335938,71.31200090317613,71.04690456315718,71.05574313037991,104300
2017-11-22,71.13525390625,71.32966189003139,71.08223599861869,71.32966189003139,191200
2017-11-24,71.25899505615234,71.32085155348823,71.13528206148058,71.27667219359265,29900
2017-11-27,71.2413101196289,71.39153204794701,71.21479441888054,71.28548947050713,94200
2017-11-28,72.01010131835938,72.04544884634393,71.3385185122076,71.36502747273312,210200
2017-11-29,72.14264678955078,72.31054584788004,71.85103476461607,72.1868328812746,141300
2017-11-30,72.68167877197266,72.96445220694339,72.14264085814555,72.48727077133331,125600
2017-12-01,72.70819854736328,72.92911553699035,71.60361359922796,72.92911553699035,333500
2017-12-04,72.76119995117188,73.25605848006592,72.76119995117188,73.20303383013264,182900
2017-12-05,72.57567596435547,73.02634869074049,72.54916699371886,72.91147423736375,368400
2017-12-06,72.5314712524414,72.69936358843216,72.32822464548188,72.65518423342483,66300
2017-12-07,72.81423950195312,72.87609598799206,72.39007592493515,72.39007592493515,98900
2017-12-08,73.15003204345703,73.15003204345703,72.84958817563738,73.10585269093431,86700
2017-12-11,73.28257751464844,73.30024790582357,73.09700806898051,73.22072103275913,146200
2017-12-12,73.31790924072266,73.50347864640514,73.22070525557714,73.49464008179662,1910000
2017-12-13,73.35326385498047,73.60068975316474,73.23838272950199,73.35326385498047,149900
2017-12-14,73.05282592773438,73.53884598446251,73.04399410259477,73.35327652876211,227600
2017-12-15,73.60066986083984,73.77740067124861,73.28254900862544,73.3620758507549,749000
2017-12-18,74.04251861572266,74.23692659163156,73.90112854529814,74.03368005085872,183400
2017-12-19,73.90113067626953,74.3606416765498,73.88346028788175,74.09553865778427,133000
2017-12-20,73.8746337890625,74.33414486439693,73.7685979577168,74.33414486439693,322300
2017-12-21,73.8284683227539,74.21905034779266,73.77520960023857,74.21905034779266,106100
2017-12-22,73.77519989013672,73.81070795796425,73.65980374905085,73.67755439672888,118400
2017-12-26,73.79298400878906,73.801862722891,73.65095844553053,73.70421718519317,147700
2017-12-27,73.87287139892578,74.02377566098227,73.80185523826138,74.02377566098227,141200
2017-12-28,73.9616470336914,74.03266320282472,73.83737212394541,74.03266320282472,222500
2017-12-29,73.58880615234375,74.148043123453,73.58880615234375,74.08590568221864,236800
2018-01-02,73.9261245727539,73.96163265041532,73.71308287925869,73.96163265041532,472100
2018-01-03,74.4498519897461,74.47648135191834,73.99713251540031,74.00601122694857,421600
2018-01-04,74.78720092773438,74.88484647964577,74.45875618289824,74.75169283863245,194200
2018-01-05,75.2754135131836,75.28428545431403,74.84932330232783,75.05349308038821,182600
2018-01-08,75.50621032714844,75.57722649521277,75.30204730955668,75.30204730955668,375200
2018-01-09,75.73698425292969,75.93227526380188,75.47067709765446,75.62158809762897,250000
2018-01-10,75.59495544433594,75.64821416408259,75.21325215038368,75.55944737368084,300900
2018-01-11,75.99443054199219,76.02993862253169,75.60384842853159,75.80801819851523,178400
2018-01-12,76.54478454589844,76.58916456078998,76.12757312557513,76.23409057929315,238200
2018-01-16,76.27848815917969,77.11291111788748,76.0476890226804,76.93537071578271,181400
2018-01-17,77.34368896484375,77.45021318611249,76.45600743835536,76.7223146052909,146300
2018-01-18,77.12177276611328,77.45909609885689,76.99749788746234,77.45021738681812,248900
2018-01-19,77.61002349853516,77.6277741554362,77.05078637774005,77.27270683761549,154000
2018-01-22,78.018310546875,78.018310546875,77.49458181970776,77.6277285995157,132500
2018-01-23,78.03607940673828,78.16922620606695,77.76089355235774,78.1603542677597,115000
2018-01-24,77.83191680908203,78.21362013782101,77.45021348034304,78.16036141322061,342300
2018-01-25,77.84970092773438,78.16926695766492,77.65441659608838,78.14263758391662,216100
2018-01-26,78.6574478149414,78.67519846269715,77.91179193224235,77.91179193224235,196900
2018-01-29,77.96508026123047,78.55094662340687,77.95620154851574,78.55094662340687,228800
2018-01-30,77.13064575195312,77.65438136379086,77.03300024419477,77.58336521769888,570600
2018-01-31,76.9531021118164,77.36143473982264,76.6601656267886,77.29041860300289,442800
2018-02-01,77.0152359008789,77.23715623860535,76.7222994296869,76.82882362988524,1376600
2018-02-02,75.42630004882812,76.74006490951577,75.38191326371505,76.73119297047118,558400
2018-02-05,72.5413589477539,75.55947847085064,72.1685342111441,74.72505539822176,618700
2018-02-06,73.66869354248047,73.8373552124236,70.76597771185185,71.11217299149179,2287500
2018-02-07,73.40239715576172,74.63627409653867,73.40239715576172,73.65982564467917,630600
2018-02-08,70.85474395751953,73.61543423309814,70.83699330567917,73.61543423309814,426000
2018-02-09,72.01762390136719,72.55023841343896,69.79841934265099,71.54715361851534,788800
2018-02-12,72.87865447998047,73.38463269660471,72.07086778474341,72.72775024067406,794600
2018-02-13,73.14497375488281,73.26924865162925,72.43482568278267,72.4614550503035,175400
2018-02-14,74.1036605834961,74.21017803771468,72.53246040904271,72.53246040904271,530400
2018-02-15,75.01799774169922,75.01799774169922,73.91726733187242,74.71618238014177,313700
2018-02-16,75.06234741210938,75.67484983012507,74.90256446708234,75.00908868792455,188300
2018-02-20,74.6451187133789,75.23987034298736,74.44095580300443,74.91142581753022,177900
2018-02-21,74.15692901611328,75.43519281381627,74.13917158977084,74.78718220179356,144800
2018-02-22,74.18356323242188,74.8759539106136,74.03265896101584,74.19244194617349,295000
2018-02-23,75.39080047607422,75.39080047607422,74.44986012333767,74.47648948841915,149800
2018-02-26,76.24296569824219,76.2784737719658,75.53281776871489,75.73698749950758,139600
2018-02-27,75.39080047607422,76.65130675473513,75.39080047607422,76.38500633144704,237100
2018-02-28,74.71614074707031,76.02103347005652,74.71614074707031,75.82574248124614,130900
2018-03-01,73.7663345336914,75.18662364154461,73.27811375074297,74.81379902057176,1494800
2018-03-02,74.21905517578125,74.34333005138275,72.99405707093524,73.23372811031734,191100
2018-03-05,74.9380874633789,75.10674915351377,73.84624276533185,73.85511470614766,163000
2018-03-06,75.29317474365234,75.44407903375553,74.84933381571936,75.20440791256077,378200
2018-03-07,75.19549560546875,75.35527853904347,74.5386132218714,74.55636387116989,143800
2018-03-08,75.66597747802734,75.6837349025631,75.23101539152516,75.35529027338292,163400
2018-03-09,76.93534088134766,76.94421959112832,76.00327952851474,76.0920463089077,155000
2018-03-12,76.9264907836914,77.22829927720602,76.79333718906366,77.10402439487963,393500
2018-03-13,76.56253814697266,77.55674397897151,76.42050583991289,77.3348235785455,229000
2018-03-14,76.03883361816406,76.99752490812187,75.89680126559234,76.87324998585927,136400
2018-03-15,76.05655670166016,76.47376812048525,75.92340311251789,76.09206477692962,170800
2018-03-16,76.24296569824219,76.5270235155586,76.06543210209665,76.06543210209665,251200
2018-03-19,75.2754135131836,76.28737014493261,74.7694351973091,75.94117481156974,222800
2018-03-20,75.58609008789062,75.77250241241067,75.36416968644203,75.36416968644203,151400
2018-03-21,75.46185302734375,76.1453652265025,75.40858749901695,75.64826544529615,133100
2018-03-22,73.50646209716797,74.9419963685957,73.50646209716797,74.8884935914745,171300
2018-03-23,71.86583709716797,73.6045308188579,71.83908911420423,73.59561255698978,852700
2018-03-26,73.89876556396484,73.95226833262697,72.4632315195027,73.10521032232312,217300
2018-03-27,72.80206298828125,74.36242560736964,72.35624509711313,74.04143618151731,484900
2018-03-28,72.67721557617188,73.31919426051408,72.38297421207513,72.69504529400832,316700
2018-03-29,73.74720001220703,74.21085446164322,72.76640194205737,73.20330160189245,217100
2018-04-02,71.98178100585938,73.77396456089224,71.26846944781266,73.77396456089224,684000
2018-04-03,72.99820709228516,73.12303552877592,72.09765325533931,72.51672306468954,225700
2018-04-04,73.9076919555664,74.06818667392565,71.91042964026134,71.91042964026134,329800
2018-04-05,74.24650573730469,74.47833293650699,73.89876833982169,74.36242273822629,265000
2018-04-06,72.57023620605469,74.06818460127677,72.0530858166306,73.71152892572081,320900
2018-04-09,72.7485580444336,73.8096067705929,72.67723235398263,73.14979821609496,276700
2018-04-10,73.98795318603516,74.19302564245518,73.4262181909665,73.4262181909665,354000
2018-04-11,73.54212951660156,74.0503616901598,73.45296048752951,73.5510409773953,928900
2018-04-12,74.04144287109375,74.36243232594718,73.88986640703567,73.88986640703567,296500
2018-04-13,73.76505279541016,74.48727581305027,73.47081126872598,74.45160955503009,223600
2018-04-16,74.3446044921875,74.54076549338376,74.07711778362743,74.2019462748173,257600
2018-04-17,74.96873474121094,75.1470591683672,74.52291687067944,74.8795725276328,2021700
2018-04-18,74.70126342773438,75.12033343860405,74.5942714608011,75.12033343860405,562400
2018-04-19,73.84527587890625,74.61208320275858,73.55103443547988,74.61208320275858,339500
2018-04-20,73.20329284667969,73.93443388090671,72.91796968216771,73.93443388090671,190900
2018-04-23,73.12305450439453,73.50645817386456,72.84664277817294,73.45295539959898,162000
2018-04-24,72.26705932617188,73.4796841391425,71.77665708466209,73.42618138384393,383400
2018-04-25,72.39190673828125,72.53456491700402,71.7142616820861,72.39190673828125,261800
2018-04-26,73.14088439941406,73.29246085446674,72.40974330738432,72.87339773802252,220700
2018-04-27,73.23896789550781,73.32813011963948,72.85556420936418,72.85556420936418,292500
2018-04-30,72.78421020507812,73.62234983010102,72.78421020507812,73.46185515302513,172100
2018-05-01,72.81991577148438,72.8823300239077,72.10661100130969,72.65050954498867,531600
2018-05-02,72.57917022705078,73.23006068381856,72.49891945137207,72.75749470222594,328000
2018-05-03,72.59700012207031,72.75749487115768,71.59837217454242,72.2403443682492,401900
2018-05-04,73.48860931396484,73.72043648982903,72.31165051728242,72.38298300256989,103200
2018-05-07,73.65802764892578,73.97901705353769,73.48861468464709,73.82744061320449,210300
2018-05-08,73.73829650878906,73.84529528068592,73.3816475410856,73.65805253184868,226400
2018-05-09,74.36241912841797,74.48724758285786,73.7561065771497,74.05034799231825,240100
2018-05-10,74.9598388671875,75.0311713804111,74.50510259869063,74.59427164154157,548900
2018-05-11,75.1649169921875,75.36998946126461,74.93308972907867,75.03117023259999,645900
2018-05-14,75.08463287353516,75.41454049366757,74.92413819382746,75.41454049366757,278100
2018-05-15,74.59425354003906,74.83499221044599,74.3178418190341,74.83499221044599,1999200
2018-05-16,74.98657989501953,75.1381563695607,74.73692292456532,74.78150744185025,737600
2018-05-17,75.06682586669922,75.33431254538205,74.87066488741338,74.9776568378298,189100
2018-05-18,74.92416381835938,75.07574028919014,74.79041707242078,74.99549632321224,283400
2018-05-21,75.31647491455078,75.5304655955609,75.18272818792904,75.46805136348956,341400
2018-05-22,75.06682586669922,75.682049989519,74.9865751012451,75.682049989519,200600
2018-05-23,75.37889099121094,75.3967207139643,74.80824462612567,74.80824462612567,208100
2018-05-24,75.35216522216797,75.40566120884178,74.79043015151994,75.40566120884178,295000
2018-05-25,75.1203384399414,75.32541772795534,74.95092541082742,75.22733721664129,252600
2018-05-29,74.38025665283203,74.8439110773728,73.99685298750234,74.66557983614894,207200
2018-05-30,75.35216522216797,75.45915719551559,74.62993538885526,74.62993538885526,184000
2018-05-31,74.74581146240234,75.40561987943387,74.67447898417203,75.33428740120355,187000
2018-06-01,75.56614685058594,75.64639082091111,75.14707686517464,75.22732763814226,292200
2018-06-04,76.02086639404297,76.10111034674432,75.73554322448103,75.73554322448103,195400
2018-06-05,76.13679504394531,76.17246129911389,75.78905755935497,76.10112878877675,238800
2018-06-06,76.81443786621094,76.81443786621094,76.15462917299138,76.16354063452074,196500
2018-06-07,76.73418426513672,77.11758797867921,76.47560903482739,76.93034525382946,418400
2018-06-08,76.96600341796875,76.97492168087449,76.46668953751046,76.54693349573779,240600
2018-06-11,76.8590087890625,77.22458275872904,76.84117906493717,76.91251156672212,143200
2018-06-12,76.97491455078125,77.14432071444975,76.74308735519602,77.00166253437939,844300
2018-06-13,76.53800964355469,77.11757424255835,76.52909818394114,77.02841202793645,172900
2018-06-14,76.63609313964844,76.86792034891134,76.53801265890803,76.84117236373508,248000
2018-06-15,76.76985168457031,76.76985168457031,76.15462752289761,76.38644796520107,217700
2018-06-18,76.53800964355469,76.56476443031809,76.08328030819078,76.37752173881985,164800
2018-06-19,76.2437973022461,76.29729328612835,75.7533947745157,75.82472728812064,1095900
2018-06-20,76.1635513305664,76.49345912482806,76.08330734967872,76.49345912482806,621700
2018-06-21,75.5839614868164,76.12785985257761,75.45022156297438,76.12785985257761,535100
2018-06-22,75.6374740600586,76.01195950062407,75.6374740600586,76.01195950062407,457800
2018-06-25,74.67452239990234,75.30758320631863,74.21978609010007,75.30758320631863,673300
2018-06-26,74.76136016845703,75.05693205520585,74.67179479370286,74.93153916387,373200
2018-06-27,74.03589630126953,75.22712916399608,74.01797912033697,74.90468824123333,349900
2018-06-28,74.5643310546875,74.75242043914156,73.94631819619431,74.01797324743447,1297100
2018-06-29,74.74346160888672,75.36147446539135,74.74346160888672,75.10173003053292,255000
2018-07-02,74.76136016845703,74.80613943913407,74.0985681951961,74.33143680287692,419100
2018-07-03,74.64496612548828,75.18237237986854,74.54644893448325,75.07488976231161,109000
2018-07-05,75.25399017333984,75.26294876286227,74.6897220346567,75.15547302219973,240800
2018-07-06,75.89887237548828,76.00635495015366,75.16442519877891,75.3793903481097,284400
2018-07-09,76.50794982910156,76.50794982910156,76.07803306689198,76.26612250453414,335400
2018-07-10,76.79454803466797,76.83037556330608,76.57958969624171,76.57958969624171,138400
2018-07-11,76.2392349243164,76.54375865365677,76.11384199654071,76.35566926199324,248500
2018-07-12,76.85722351074219,76.88409244153192,76.46313447015854,76.66913416181352,1247500
2018-07-13,76.94682312011719,77.00951959208203,76.82142334278456,76.83934052529048,230500
2018-07-16,76.5975112915039,76.90204191294416,76.48107693138452,76.83038684514605,156300
2018-07-17,77.09906768798828,77.18863308019273,76.50792379931642,76.50792379931642,124200
2018-07-18,77.26029205322266,77.27820239921307,76.9109822224945,77.07220267001532,172800
2018-07-19,77.11698913574219,77.26029925062305,76.9020307968233,77.11698913574219,260400
2018-07-20,76.96470642089844,77.17966470160442,76.93783748998526,77.06323038984712,260500
2018-07-23,76.95575714111328,76.97367431948963,76.68706096608032,76.92888820695012,190100
2018-07-24,77.28716278076172,77.51107969454301,77.02741834076718,77.19759738192958,363300
2018-07-25,78.06641387939453,78.08432422987906,77.08117376765917,77.30509073243476,337100
2018-07-26,78.0036849975586,78.20969154431538,77.83351280683037,77.8424713958375,299500
2018-07-27,77.5200424194336,78.14700707810331,77.26924972256343,78.14700707810331,292700
2018-07-30,77.00054931640625,77.5916864147439,76.92889426406171,77.50212101601419,321400
2018-07-31,77.5200424194336,77.69021463627122,77.29612549370837,77.30507725068775,261400
2018-08-01,77.31404113769531,77.71708889825177,77.09012419663,77.71708889825177,655700
2018-08-02,77.58273315429688,77.65438137185059,76.83036878606778,77.00054782373662,250500
2018-08-03,77.94100189208984,77.97682942085419,77.60065061893224,77.72604355290622,208300
2018-08-06,78.18281555175781,78.23655341414631,77.77976108364221,77.8424643676296,257000
2018-08-07,78.51422119140625,78.59482799136484,78.27238712472817,78.35300075808792,163800
2018-08-08,78.41572570800781,78.6396426782381,78.24554662394364,78.47842218633615,109600
2018-08-09,78.23655700683594,78.45151529966164,78.20072948579818,78.38881884619576,141900
2018-08-10,77.7349853515625,77.99472975394359,77.57376492365013,77.89620577947487,391000
2018-08-13,77.4394302368164,78.0036984402868,77.37673376976414,77.9051812778353,561200
2018-08-14,77.9678726196289,78.0305690825598,77.5737766621194,77.77082464087415,162800
2018-08-15,77.61857604980469,77.86936194440774,77.13491461018315,77.65439674897387,230000
2018-08-16,78.23655700683594,78.46943247688098,77.79768183257488,78.01264012540058,162000
2018-08-17,78.57691955566406,78.69335388067738,77.94994815157361,78.16490645675255,145200
2018-08-20,78.91728973388672,78.97998620601768,78.66650384536284,78.66650384536284,223900
2018-08-21,79.06057739257812,79.27554254029043,78.99788093284577,79.02475670136101,187900
2018-08-22,79.06057739257812,79.25762536128026,78.90831553799978,78.99788093284577,162100
2018-08-23,79.08747863769531,79.33826455741088,78.93520990066474,79.0516511015354,254600
2018-08-24,79.51736450195312,79.55319202418939,79.10535824633797,79.10535824633797,325000
2018-08-27,80.03684997558594,80.1174567721941,79.8218916845633,79.83980202823149,1721400
2018-08-28,80.0189437866211,80.30556399187743,79.87564051739473,80.17121247901397,868800
2018-08-29,80.48469543457031,80.54739189662432,80.0189444306818,80.03686161035543,425700
2018-08-30,80.11747741699219,80.45783553499965,79.95625694883145,80.38618047506095,399400
2018-08-31,80.41305541992188,80.42201401143396,79.99209045309514,79.99209045309514,177000
2018-09-04,80.3235092163086,80.4220332462964,79.98315782488103,80.15333010389243,648300
2018-09-05,80.3235092163086,80.38620570508222,79.8935855551432,80.14437834364246,605400
2018-09-06,80.22498321533203,80.45785881080046,79.84880429193235,80.35933478323322,172200
2018-09-07,79.9472885131836,80.29659831576014,79.78606807865586,79.96519885773058,165300
2018-09-10,80.14433288574219,80.43989797465618,80.10850536484939,80.2965947244859,177900
2018-09-11,80.33245086669922,80.4667955761612,79.90252729621086,80.04583743084142,239600
2018-09-12,80.3682861328125,80.54741698493204,80.17123809543861,80.41306542914039,486300
2018-09-13,80.833984375,80.86981189168391,80.60110893325462,80.72650182494827,796600
2018-09-14,80.95940399169922,81.02210045824238,80.71757671600483,80.94149364414504,827500
2018-09-17,80.5742416381836,81.03103394341736,80.50258660336256,81.03103394341736,200400
2018-09-18,80.95045471191406,81.12959237507154,80.59219305240538,80.7892342317739,322600
2018-09-19,80.94147491455078,81.16539179087735,80.8698198741101,81.02208170999599,374500
2018-09-20,81.55950164794922,81.63115670666527,80.9862748450259,81.36245365318136,320000
2018-09-21,81.7386474609375,81.92673688380654,81.68490274482978,81.7207302777672,1055900
2018-09-24,81.36243438720703,81.71175100738172,81.25495865798487,81.68487524167529,210100
2018-09-25,81.15644073486328,81.65801239769903,81.11165462208092,81.65801239769903,245400
2018-09-26,81.01077270507812,81.64029415840415,80.92084204907002,81.31653830775954,327400
2018-09-27,81.1546401977539,81.49638621136302,81.100683189823,81.12766169378845,399600
2018-09-28,81.27156066894531,81.40645319619559,81.02874039735897,81.10968277497706,695600
2018-10-01,81.57732391357422,81.85611094372587,81.39746264146368,81.57732391357422,430600
2018-10-02,81.6402816772461,81.82014982303333,81.43344188617601,81.55035103498656,2124400
2018-10-03,81.60430908203125,82.06296428301472,81.46940968629866,82.05396916029434,574700
2018-10-04,80.87586212158203,81.49639522650091,80.43519716510906,81.38847433743337,441100
2018-10-05,80.30029296875,81.12766581833607,79.89559480489072,81.12766581833607,552600
2018-10-08,80.28231048583984,80.40822162503196,79.67077248109602,80.21037008507534,246500
2018-10-09,80.1294174194336,80.55209895306238,80.03049166214738,80.11143403686685,291900
2018-10-10,77.38650512695312,80.16540122182728,77.26958911099149,79.98553992825813,2979300
2018-10-11,75.5878677368164,77.55737436601568,75.21014802734706,76.90087444337219,2571500
2018-10-12,76.68501281738281,77.00876856390447,75.70475731799621,77.00876856390447,850800
2018-10-15,76.28934478759766,76.95483990669045,76.28034966319558,76.57712701703801,456800
2018-10-16,77.7012710571289,77.82717534336491,76.56812561973582,76.69402990597183,2862600
2018-10-17,77.65628051757812,77.88111051725917,76.91883839307499,77.47641926234013,1921500
2018-10-18,76.64905548095703,77.65628960620035,76.21737881208998,77.38649769176783,640000
2018-10-19,76.28934478759766,77.12571296398207,76.11847173030603,77.08074420324125,754600
2018-10-22,76.15440368652344,76.58608022505757,75.91159035071823,76.3522551474655,326300
2018-10-23,75.65980529785156,76.02852987005332,74.24787287058335,75.03927903091159,636400
2018-10-24,73.32157897949219,75.7137741409941,73.24064345029667,75.49793234060137,513900
2018-10-25,74.427734375,74.86839930863454,73.23163697958118,73.74424916886525,1281100
2018-10-26,73.41149139404297,74.23887103412335,72.60210885809431,73.43847675833959,1171300
2018-10-29,73.26760864257812,74.85940217884618,72.24238429150356,74.373768508137,520300
2018-10-30,74.44571685791016,74.49967386836077,73.27660484345044,73.27660484345044,705400
2018-10-31,75.1202163696289,75.84866354728545,74.95833845667538,75.27309915928817,952200
2018-11-01,75.98356628417969,76.03753016504348,74.99431537775118,75.30008783174924,3218800
2018-11-02,75.49793243408203,76.52315697277542,74.90438463543961,76.28034352361921,1045500
2018-11-05,75.94757080078125,76.1274389164646,75.32704467015807,75.68677404025773,1054600
2018-11-06,76.44220733642578,76.49616434599875,75.99254729327033,76.0554994248614,385000
2018-11-07,78.00703430175781,78.05200305746138,76.88288402185648,77.18865646584942,938100
2018-11-08,77.91708374023438,78.13291861766447,77.6203064954761,77.83614823417324,946100
2018-11-09,77.20663452148438,77.80018912170583,76.81992657744357,77.61133271107218,374300
2018-11-12,75.7767105102539,77.17964761442272,75.66878963252262,77.17964761442272,1671800
2018-11-13,75.5878677368164,76.48718796278082,75.38102106588632,76.0195376029688,965900
2018-11-14,74.99430084228516,76.39723796998265,74.5716193073333,76.064493931949,1461700
2018-11-15,75.8037109375,75.85766796133673,74.15795309778439,74.6795605324379,1420700
2018-11-16,75.7137680053711,75.96557655748778,75.0122993641122,75.39001219228723,677300
2018-11-19,74.4007568359375,75.63282101391806,74.15793656028298,75.62382589152803,1083700
2018-11-20,73.13270568847656,73.9061214750577,72.88089717401152,73.29458357081371,1594100
2018-11-21,73.1057357788086,73.72626887759151,73.1057357788086,73.71727375494109,1064500
2018-11-23,72.58413696289062,72.97084494701905,72.46722779978911,72.67406761614325,350500
2018-11-26,73.5194091796875,73.55538280263816,72.97082343690712,73.27659580135428,620500
2018-11-27,73.67230987548828,73.67230987548828,73.04278847368796,73.2586234026954,621600
2018-11-28,75.43496704101562,75.43496704101562,73.77122623878797,74.15793415379379,750700
2018-11-29,75.08424377441406,75.49793025516963,74.76048794403688,75.34504746339951,724400
2018-11-30,75.81270599365234,75.94759855312272,74.99432120609443,75.12922062683435,976400
2018-12-03,76.68501281738281,77.30554580842715,76.26233818395396,77.30554580842715,1004600
2018-12-04,74.33781433105469,76.65805533566676,74.21190318508856,76.55912956036624,1273100
2018-12-06,74.31982421875,74.31982421875,72.28735855152873,73.29459969220231,1646700
2018-12-07,72.61109161376953,74.67953026526567,72.32330950116081,74.28382728745362,1073100
2018-12-10,72.8359146118164,73.11470843817895,71.36103056861901,72.46719703165013,1435400
2018-12-11,72.88090515136719,73.83418230654736,72.44024020281933,73.79820867750514,1017400
2018-12-12,73.25861358642578,74.1489385528927,73.21365169876108,73.83417789416882,3225100
2018-12-13,73.3035888671875,73.7352587058255,72.87191216728112,73.63633293837339,2250800
2018-12-14,71.67581176757812,72.84493068354975,71.51393386938618,72.52117488716586,803000
2018-12-17,70.11373138427734,71.63244069101258,69.68885334951766,71.3522049220957,2653600
2018-12-18,70.21315002441406,70.99058472634825,69.78827211790112,70.74650959756461,1583100
2018-12-19,69.03797912597656,71.0448387004765,68.54982185750175,70.49340906617302,3323800
2018-12-20,68.01644897460938,69.12836368674093,67.28421666230386,68.71252762685624,2956000
2018-12-21,66.59717559814453,69.02891944777701,66.4254215846686,68.28764531958444,2949700
2018-12-24,65.00615692138672,66.57910322113332,64.96999636431057,66.04574362541148,1707000
2018-12-26,68.05260467529297,68.06164653812291,64.89767044585669,65.38582758486538,3150200
2018-12-27,68.84811401367188,68.84811401367188,66.38925181362364,67.20284004126698,2685800
2018-12-28,68.67637634277344,69.60748839572825,68.34189631823972,69.18261041500007,1299100
2018-12-31,69.39051818847656,69.39051818847656,68.667320888204,69.19163858605557,1550500
2019-01-02,69.3543472290039,69.60746417704968,68.30571199062047,68.33283067835114,1536000
2019-01-03,67.60965728759766,68.94756346089802,67.51925934025378,68.92044476638699,1054200
2019-01-04,69.9961929321289,70.131793289925,68.27860449285998,68.65827997715249,995400
2019-01-07,70.42108917236328,70.89116271862045,69.6707729745066,69.94197376071968,2560500
2019-01-08,71.18042755126953,71.26179053128577,70.35779726887266,71.10811333193664,18799300
2019-01-09,71.57817840576172,71.85841407725519,71.15330051871004,71.46969674409306,1956100
2019-01-10,71.90362548828125,71.92170231902703,70.94539482956449,71.14426755545337,846700
2019-01-11,71.69569396972656,71.71377769486332,71.1804181540545,71.55105865323422,2167700
2019-01-14,71.3160171508789,71.4877780518153,70.98153721140284,71.19850052740256,1009100
2019-01-15,71.9669189453125,72.0573169107258,71.31604255926044,71.45164295584173,739800
2019-01-16,72.03019714355469,72.28331420173069,71.93979917948077,72.13867883859693,951400
2019-01-17,72.68106079101562,72.8889753822804,71.81322807343268,71.82226304041194,907200
2019-01-18,73.65737915039062,73.80201449598101,73.03362154917018,73.18729875914799,941900
2019-01-22,72.6087417602539,73.44041394305599,72.16578697329304,73.24153431305515,1669100
2019-01-23,72.65393829345703,73.18729098801438,72.0211388950407,72.96129268077733,982900
2019-01-24,72.71723937988281,72.95227272420443,72.31948003268765,72.70819751374027,646800
2019-01-25,73.51272583007812,73.69352170905199,73.22344828556753,73.27768566987555,722500
2019-01-28,73.00652313232422,73.06980240677025,72.45508649918446,73.01555810229962,709000
2019-01-29,73.04266357421875,73.2776968734353,72.76242095296556,73.16922208823435,441600
2019-01-30,73.9647216796875,74.18167811165576,72.93417000668751,73.50368322694942,994700
2019-01-31,75.11277770996094,75.23934307959273,74.1907078520686,74.1907078520686,1253200
2019-02-01,75.44727325439453,75.6642296958865,75.14895383676749,75.23031681290256,1241100
2019-02-04,75.94446563720703,75.94446563720703,75.16703098490323,75.50150403273884,623100
2019-02-05,76.4416732788086,76.45975700756674,76.0258371773536,76.14336072351638,2436900
2019-02-06,76.30607604980469,76.44166952422223,76.08911269689384,76.36935530350667,988600
2019-02-07,75.54671478271484,75.93543215174945,75.04951574200042,75.81791551345381,912400
2019-02-08,75.74560546875,75.75464733360833,75.04952671002223,75.20321082492555,1047300
2019-02-11,75.8269271850586,75.95348564801075,75.64613135138949,75.94445068417058,494400
2019-02-12,76.69477844238281,76.83942066238687,76.03486728014612,76.23374688419136,1099500
2019-02-13,77.12870025634766,77.30046117293948,76.92077878379331,76.97502306619752,903200
2019-02-14,76.98408508300781,77.25527897834114,76.62248632564074,76.8756033867209,933400
2019-02-15,77.77053833007812,77.77053833007812,77.34566039832727,77.35470226198102,1518900
2019-02-19,77.77053833007812,77.99653664297358,77.50837945948885,77.61686113257029,1130500
2019-02-20,78.0869140625,78.17731888143093,77.74339920008825,77.77955974827675,1082800
2019-02-21,77.66206359863281,77.93325743611081,77.38182100057469,77.93325743611081,642800
2019-02-22,78.42140197753906,78.44852066722294,77.86996563090017,77.94228673467053,820600
2019-02-25,78.48469543457031,78.97285262805714,78.43949301229658,78.86437095275296,1406200
2019-02-26,78.46662902832031,78.72878104218739,78.33102864040553,78.33102864040553,1152800
2019-02-27,78.57508850097656,78.71068886245273,78.01461712235904,78.27676908511317,760800
2019-02-28,78.38524627685547,78.63836325879689,78.26772964864567,78.49372793922485,550400
2019-03-01,78.9547348022461,79.0813001505686,78.51178022233152,78.89145557654402,851400
2019-03-04,78.74684143066406,79.45195496250926,78.00556734629858,79.30731964934829,1665500
2019-03-05,78.65644836425781,78.90956535063988,78.55700856290477,78.81916741220637,919000
2019-03-06,78.36717224121094,78.98188788937124,78.25869057497533,78.75588959073761,1091000
2019-03-07,77.73439025878906,78.50278326667566,77.44511264769332,78.24063125089832,1409200
2019-03-08,77.5897445678711,77.63494009353781,76.9388683053624,77.13774792967577,848500
2019-03-11,78.78300476074219,78.78300476074219,77.7886136705968,77.82476732747153,1241100
2019-03-12,79.10845947265625,79.2621366858907,78.90957983344845,78.94574039484276,3455700
2019-03-13,79.53330993652344,79.83162239522402,79.29826981722402,79.38866774097934,1014400
2019-03-14,79.50621032714844,79.74125052323636,79.28021199546589,79.36157498127092,569200
2019-03-15,79.8587646484375,80.03052558210173,79.56948706890495,79.64180818801847,2075400
2019-03-18,79.95822143554688,80.1028637044768,79.70510436184247,79.96726330158575,668700
2019-03-19,79.91300201416016,80.50963395286254,79.65084315277304,80.36499862408536,926500
2019-03-20,79.75325775146484,80.2615271065885,79.33574979194891,80.07092609841713,1530800
2019-03-21,80.54287719726562,80.75163460743482,79.06344659354319,79.49003270480016,1001600
2019-03-22,79.07254791259766,80.3250719656278,79.04531325793589,80.21615412093543,1808600
2019-03-25,79.04529571533203,79.32666502051318,78.64594422272499,78.96361254342948,889900
2019-03-26,79.76232147216797,80.0436907738881,79.35389176837901,79.58079869818398,1337800
2019-03-27,79.41744995117188,79.97110358480364,78.93640821941197,79.807730267918,1612000
2019-03-28,79.78958129882812,79.9529476921756,79.40837227372761,79.58990202964503,1376700
2019-03-29,80.37043762207031,80.41581485341935,79.97107920815891,80.3159752499415,833700
2019-04-01,81.2054672241211,81.27807911616249,80.84241468856528,80.96040381964418,885700
2019-04-02,81.278076171875,81.35975935397424,81.03301277627547,81.2871474645632,611000
2019-04-03,81.35974884033203,81.79541319584901,81.12376369256658,81.56850626424955,1393900
2019-04-04,81.55036926269531,81.7046643510304,81.18731670070265,81.39607417436022,1109700
2019-04-05,81.9678726196289,81.98602905525347,81.64112602489956,81.79542802910322,1683300
2019-04-08,82.06769561767578,82.07677383364914,81.65926591932276,81.78633324435036,815400
2019-04-09,81.61389923095703,81.87711215331792,81.47775366081846,81.8317349130393,2881700
2019-04-10,81.9678726196289,82.0223350018513,81.64112602489956,81.78634981129095,1293100
2019-04-11,82.02232360839844,82.33999194118924,81.82264439217272,82.0495513334019,554700
2019-04-12,82.73936462402344,82.73936462402344,82.27647244528889,82.57599132121427,872600
2019-04-15,82.73936462402344,82.89365970871779,82.47615169590581,82.78474186529452,513300
2019-04-16,82.8755111694336,83.1296459036521,82.65768238648232,83.0298131934824,3927900
2019-04-17,82.62135314941406,83.19316306490036,82.55781948376561,83.19316306490036,1270100
2019-04-18,82.53968811035156,82.85735650838869,82.25831873667434,82.81197234096122,1982600
2019-04-22,82.53968811035156,82.56691584094736,82.1857137633028,82.32185241628177,897600
2019-04-23,83.45635986328125,83.53804995281003,82.67579952829243,82.70303417456832,541000
2019-04-24,83.40191650390625,83.64697988334972,83.34746105276346,83.49267789736105,827000
2019-04-25,83.12055206298828,83.40191445317501,82.72119363202624,83.36560851175571,2443600
2019-04-26,83.40191650390625,83.40191650390625,82.71211744927894,83.03886400543658,467500
2019-04-29,83.3928451538086,83.54714715250262,83.24762829725371,83.52899071752637,597700
2019-04-30,83.42009735107422,83.50178055169378,82.81198129519014,83.28395175872248,594800
2019-05-01,82.69398498535156,83.70145258705537,82.68490676673974,83.68329614983172,752100
2019-05-02,82.5669174194336,82.92089177324952,82.00418558597276,82.59414515054992,861400
2019-05-03,83.20226287841797,83.3111807388596,82.88459444127892,83.15688563005672,764000
2019-05-06,82.88457489013672,82.9844145074945,81.76818958906821,81.868029206426,462800
2019-05-07,81.46870422363281,82.37633236851616,80.84243858777427,82.1403471119436,1109200
2019-05-08,81.42330169677734,81.87711566694642,81.18731649338697,81.38699574820562,1254200
2019-05-09,81.16007995605469,81.31437502725248,80.21614616957555,80.7788779243951,783800
2019-05-10,81.5322036743164,81.76818190712797,79.88939271327273,80.85148285154784,1336300
2019-05-13,79.54450988769531,80.21615260564862,79.25406923198702,79.98017433358349,1060700
2019-05-14,80.17984771728516,80.69720228314667,79.7714179201489,79.86217932788456,1062200
2019-05-15,80.83334350585938,81.02394454556776,79.73511451059576,79.76234224131814,1028500
2019-05-16,81.45960235595703,81.90433807894237,80.94225474054313,81.00578841525532,553600
2019-05-17,81.01486206054688,81.7228106601412,80.67903727050691,80.89686601084729,1084400
2019-05-20,80.44305419921875,80.79702850827178,80.17984129062657,80.4612106341015,671700
2019-05-21,81.15100860595703,81.25991951512503,80.86963926642092,80.96040066561123,1455900
2019-05-22,80.90596008300781,81.09656113373865,80.7335085455909,80.86965413172781,655000
2019-05-23,79.84403228759766,80.66089883180604,79.399296528671,80.1889284175293,1394700
2019-05-24,79.889404296875,80.41583013806147,79.73510921659144,80.2706132756332,589600
2019-05-28,79.19961547851562,80.35229990812215,79.19961547851562,79.96201961942357,1546900
2019-05-29,78.59149932861328,78.89101820816803,78.0106180059534,78.8819469145948,4972500
2019-05-30,78.7911605834961,79.09975761078329,78.50979820466218,78.52794771231437,1379600
2019-05-31,77.9289321899414,78.36458970493032,77.81094305560093,78.00154408399001,1025300
2019-06-03,77.68384552001953,78.26473357383817,77.30264357737387,77.86537520079075,1168800
2019-06-04,79.51728057861328,79.5354300896995,78.31921203203437,78.41905165463689,657800
2019-06-05,80.24340057373047,80.26155008818859,79.40837749095259,80.03464307187285,4141400
2019-06-06,80.75165557861328,80.94225660714528,80.04370692273686,80.37952481482363,695900
2019-06-07,81.71372985839844,81.99509226096595,80.9603971212622,81.08746445949596,489600
2019-06-10,82.0313949584961,82.52151478285687,81.99508901691563,82.1221632747724,1889400
2019-06-11,82.0949478149414,82.81197474829868,81.89527547655057,82.64860143532296,531600
2019-06-12,81.95881652832031,82.29463447849872,81.7954432006529,81.96788782316389,908300
2019-06-13,82.29460144042969,82.5033588571172,81.99508263917576,82.27645193337632,875100
2019-06-14,82.02232360839844,82.23107411652512,81.79541666716926,82.21292460807291,428800
2019-06-17,82.00863647460938,82.3005467994081,81.97214681404814,82.2002019727875,401200
2019-06-18,82.82965850830078,83.20366544924957,82.52862394822711,82.64721015688053,604700
2019-06-19,83.13069152832031,83.2492847043983,82.62897418851479,83.01210531193576,668800
2019-06-20,84.125,84.23446203751656,83.4499585831101,84.01553100279132,1216400
2019-06-21,83.8878173828125,84.28007257457261,83.805720857875,84.04289323637789,7531100
2019-06-24,83.63240051269531,84.02465572237392,83.58678669029625,83.98816605639311,1790400
2019-06-25,82.92086791992188,83.9334335135076,82.91174376366928,83.65976450346582,374800
2019-06-26,82.74751281738281,83.42255397420261,82.72014731854665,83.18538167782962,1037900
2019-06-27,83.02120971679688,83.13979590496623,82.81139588882917,83.01208556087869,549400
2019-06-28,83.44084167480469,83.55030372182962,83.03033811938302,83.33137266808703,930000
2019-07-01,84.13410186767578,84.54459831899902,83.77832946092131,84.46249485292022,3548200
2019-07-02,84.34391021728516,84.41688953074512,83.90604825590607,84.1614688933256,1924500
2019-07-03,85.15579986572266,85.15579986572266,84.38041367256174,84.49899985655856,299000
2019-07-05,84.97335815429688,85.04633747938385,84.25270297836886,84.69056500950771,333600
2019-07-08,84.47164154052734,84.65408986954449,84.33480703368751,84.60847604736718,286300
2019-07-09,84.60847473144531,84.63584024044924,84.15236435553456,84.2070953735424,469300
2019-07-10,84.96424102783203,85.21966172707592,84.72706168152325,84.97336518414562,459900
2019-07-11,85.15579986572266,85.15579986572266,84.76354469134363,85.03721368172585,860500
2019-07-12,85.45683288574219,85.49332254780838,85.11930873139845,85.21053636640964,738000
2019-07-15,85.54806518554688,85.72138936399017,85.32913414309222,85.63928587326195,1001700
2019-07-16,85.26527404785156,85.58454991628554,85.20141887416476,85.5389360952127,1028700
2019-07-17,84.68144226074219,85.3838490794931,84.68144226074219,85.3838490794931,438800
2019-07-18,85.03721618652344,85.17405068574506,84.389540313879,84.6267126888586,657500
2019-07-19,84.40779113769531,85.5024602946142,84.38954978360829,85.22879126546134,541300
2019-07-22,84.67233276367188,84.8547741363174,84.42603621463118,84.61760174381666,300500
2019-07-23,85.26527404785156,85.29263955661848,84.73618434605127,85.0372188618713,508100
2019-07-24,85.70313262939453,85.7122567851772,85.09194642609742,85.11931193375375,342400
2019-07-25,85.30177307128906,85.63929032936626,85.05546954598074,85.63929032936626,401100
2019-07-26,85.83997344970703,85.89471142874297,85.3929872191179,85.58455274651324,1134500
2019-07-29,85.81261444091797,86.1592558558425,85.62104889901025,85.84910410980888,1388400
2019-07-30,85.4750747680664,85.63015757273426,85.13755757131676,85.41121959897663,862300
2019-07-31,84.5902328491211,85.6575294517447,83.89694313336312,85.6575294517447,617300
2019-08-01,83.81485748291016,85.55720281940371,83.52294706042406,84.67234739382894,1148800
2019-08-02,83.0394515991211,83.61415511087613,82.62895505617477,83.59590679892324,4307500
2019-08-05,80.40311431884766,81.82617607184635,79.72807309751367,81.79881057039485,3982100
2019-08-06,81.59814453125,81.68024801902507,80.63119274880385,81.105551443368,1924300
2019-08-07,81.6619873046875,81.89004246098484,79.98350469499078,80.5946908435418,1310000
2019-08-08,83.40436553955078,83.40436553955078,82.09076508455775,82.21847546660497,1277700
2019-08-09,82.69281768798828,83.42259015902157,82.12723828119121,83.07594875725769,887100
2019-08-12,81.7714614868164,82.45562699922932,81.45218563962868,82.14547530758738,491700
2019-08-13,83.12155151367188,83.52292388340386,81.29711013947998,81.69848250921196,731200
2019-08-14,80.55821990966797,82.00865465992165,80.55821990966797,81.95391667709616,869600
2019-08-15,80.83186340332031,81.07815988928546,80.22067730581864,80.88659440915913,1321000
2019-08-16,82.02690124511719,82.20022544234726,81.34273557355822,81.34273557355822,472200
2019-08-19,83.01209259033203,83.24014778975602,82.76579603721876,83.1215615915448,460900
2019-08-20,82.37354278564453,82.97560490748111,82.35529447182651,82.88438421746861,532000
2019-08-21,83.0577163696289,83.29488879447952,82.86614385462104,82.96648871117061,301800
2019-08-22,83.06681823730469,83.46819758942628,82.42826650410387,83.34961139888668,480500
2019-08-23,80.74066162109375,83.07594454551518,80.3848960805668,82.74754451430691,735500
2019-08-26,81.6619873046875,81.67111145965289,81.00519430069164,81.53427697393627,707800
2019-08-27,81.62553405761719,82.48301702211576,81.41572017585123,82.16374108003153,1075600
2019-08-28,82.15459442138672,82.218449592315,81.21500820928846,81.37920821448856,1037100
2019-08-29,83.1397933959961,83.34048306198925,82.57421406089644,82.92998653405166,530800
2019-08-30,83.08505249023438,83.73272826993902,82.75665252310374,83.5685282863737,679900
2019-09-03,82.47386932373047,82.88436581750462,82.15458654002727,82.6836761682138,635800
2019-09-04,83.40436553955078,83.4226068971173,82.93913088512511,83.24016548267666,590100
2019-09-05,84.7453384399414,85.03724890273081,83.75101385876552,83.86960705157317,348200
2019-09-06,84.85477447509766,85.06458831820072,84.75443659152658,84.80004345502394,387100
2019-09-09,84.68144226074219,85.08281460301798,84.33479396915591,85.06457325278815,709200
2019-09-10,84.59934997558594,84.6267154843959,83.89694306392641,84.46251547184417,794300
2019-09-11,85.05547332763672,85.05547332763672,84.48990083341322,84.77268708052496,367200
2019-09-12,85.3291244506836,85.6666486125521,85.11931062904823,85.42034512803704,579500
2019-09-13,85.19229888916016,85.50245757631899,85.11020235883983,85.35649890949311,631600
2019-09-16,84.80917358398438,85.01898048217006,84.65409770972664,84.91863563184029,428900
2019-09-17,85.1375503540039,85.1375503540039,84.72704690777628,84.72704690777628,398100
2019-09-18,85.18315887451172,85.20140718431392,84.32567622546526,85.07369685446251,430200
2019-09-19,85.05547332763672,85.52070792747624,84.9551284735597,85.27441135091003,288800
2019-09-20,84.58110809326172,85.39298399476876,84.48076325512562,85.22878398324531,386800
2019-09-23,84.7635498046875,84.9551153256346,84.29832223654111,84.29832223654111,453100
2019-09-24,84.1746826171875,85.31948023528248,83.83582000680693,85.11799473653134,3374200
2019-09-25,84.6783676147461,84.82490502610194,83.79916410847602,84.3120310736448,1542100
2019-09-26,84.46773529052734,84.93480760360454,84.02813001007299,84.69669477284361,971800
2019-09-27,84.0922622680664,84.71503251632672,83.60686914566912,84.62345009484831,438200
2019-09-30,84.62342834472656,84.82491381256726,84.29372612231252,84.31203980698481,726200
2019-10-01,83.55189514160156,85.03554807573104,83.55189514160156,84.85238328965957,6723000
2019-10-02,82.11402893066406,83.21303160855832,81.7476923756031,83.16723691894246,2051000
2019-10-03,82.84668731689453,82.84668731689453,81.28060550286321,82.17812962958322,2195100
2019-10-04,84.07394409179688,84.1472058326952,83.14894561346175,83.14894561346175,1775700
2019-10-07,83.65264129638672,84.25709774278833,83.5610588919503,83.7808650473452,864200
2019-10-08,82.27890014648438,83.24969338526881,82.27890014648438,83.16726431426585,1076300
2019-10-09,83.03900909423828,83.34123723588891,82.68183292221035,82.91079236516609,941200
2019-10-10,83.59770202636719,83.88160960610851,83.02072652929246,83.02072652929246,1109400
2019-10-11,84.83406066894531,85.49346506330947,84.44025009938275,84.44025009938275,893900
2019-10-14,84.8432388305664,85.11799304837602,84.64175333581134,84.76997010751184,480400
2019-10-15,85.57591247558594,85.85982004460061,84.83407887904336,85.1546277970419,466300
2019-10-16,85.37442016601562,85.56674530909088,85.20956904519548,85.48431625503606,606200
2019-10-17,85.649169921875,85.9697188238186,85.47516544665699,85.68580428173398,733900
2019-10-18,85.19124603271484,85.74990776085886,84.91649883041914,85.46600022229984,405300
2019-10-21,85.7590560913086,85.77737676127042,85.28282348162584,85.66747370336441,679200
2019-10-22,85.49347686767578,86.44594923690295,85.48431653113133,86.16204168963054,1363300
2019-10-23,85.53926086425781,85.6125295728703,85.29198071951284,85.3377754092178,756600
2019-10-24,85.96056365966797,86.0887804332449,85.53011863953533,85.89645527287949,835700
2019-10-25,86.400146484375,86.58331826173512,85.74990239614652,85.86896579825282,811600
2019-10-28,86.83060455322266,86.93134729917776,86.45511458062718,86.72070845748247,710800
2019-10-29,86.69322204589844,87.03207760906459,86.54668462279713,86.78480444169229,678400
2019-10-30,86.83060455322266,86.89471293816773,86.24446875164199,86.83060455322266,654800
2019-10-31,86.49173736572266,86.91302198001908,86.14371447635114,86.91302198001908,834500
2019-11-01,87.37092590332031,87.37092590332031,87.00458939263062,87.05038407669976,533500
2019-11-04,87.70065307617188,87.99372097084814,87.56327597207274,87.94792627371851,740000
2019-11-05,87.61822509765625,87.92961366993445,87.49000832886223,87.80139690114045,1529100
2019-11-06,87.63653564453125,87.70064402152,87.29767308771122,87.59074095212969,641900
2019-11-07,87.9295883178711,88.27760416321554,87.78305091733374,88.03948438098627,625200
2019-11-08,88.1127700805664,88.12193041668922,87.71895947475545,87.92044494572234,771200
2019-11-11,87.97539520263672,87.99371587534357,87.66401363951381,87.66401363951381,426900
2019-11-12,88.14942932128906,88.5066056707245,87.95710413215392,88.14026898258038,636700
2019-11-13,88.39669036865234,88.51575379355991,87.78308051838638,87.91129729344823,642700
2019-11-14,88.5798568725586,88.61649123285082,88.1494118732372,88.32342333780282,5564300
2019-11-15,89.25756072998047,89.25756072998047,88.82711579981263,88.98281355286323,1173300
2019-11-18,89.27587890625,89.33998727784821,88.90038202454014,89.16597584610086,809900
2019-11-19,89.37664794921875,89.53234575593797,89.13853504443135,89.53234575593797,867500
2019-11-20,88.9645004272461,89.31251634269253,88.46994708174479,89.22093394255286,1385500
2019-11-21,88.84542083740234,89.10185428583847,88.59814073549077,89.10185428583847,564000
2019-11-22,89.06523895263672,89.23009006000977,88.65311467784858,89.0835526368831,985100
2019-11-25,89.84368896484375,89.86200963416998,89.33998235498146,89.4224044050853,3346700
2019-11-26,90.14594268798828,90.2466854359884,89.79792673226338,89.9719312164808,1596200
2019-11-27,90.61302185058594,90.6404958750133,90.23752488397187,90.40237601782609,555600
2019-11-29,90.34742736816406,90.62217459790068,90.26499830814008,90.56722654941136,269700
2019-12-02,89.61476135253906,90.45733077145032,89.45907054438405,90.45733077145032,955300
2019-12-03,89.01029968261719,89.03777370533817,88.37836921087617,88.91871029049445,616000
2019-12-04,89.66053771972656,89.85286285293395,89.30336147415724,89.40410420878337,833400
2019-12-05,89.9169692993164,89.94444331957175,89.4407366445495,89.94444331957175,550600
2019-12-06,90.66797637939453,90.88777557781232,90.32911375022877,90.58555430022182,583600
2019-12-09,90.51228332519531,90.73208251815782,90.50312298752884,90.57639171427981,541500
2019-12-10,90.3931884765625,90.70457696336968,90.22833739232057,90.54888621361006,778600
2019-12-11,90.72291564941406,90.80534470789748,90.46648211153654,90.53975083301293,695700
2019-12-12,91.40065002441406,91.67539727661737,90.60386831971428,90.76871946595249,887400
2019-12-13,91.3182373046875,91.73952208997996,91.00685563232466,91.36403201523112,763800
2019-12-16,91.92533874511719,92.06332474568352,91.7689578863298,91.91613780687689,690900
2019-12-17,91.85174560546875,92.05412413792465,91.79655401234788,92.02652834136421,1117800
2019-12-18,91.94375610351562,92.11853888155588,91.92536124079302,92.06334727512684,647200
2019-12-19,92.32091522216797,92.35771196498133,91.96215575256393,92.18292919118309,829100
2019-12-20,92.84522247314453,93.1579841449573,92.53245378307327,92.6796407003441,1828300
2019-12-23,92.85443878173828,93.13040376991829,92.78084531091974,93.12120984976072,1238000
2019-12-24,92.82682800292969,92.955613046947,92.69803594065387,92.955613046947,380000
2019-12-26,93.16719818115234,93.16719818115234,92.89123319985663,92.9740205887675,428800
2019-12-27,93.18558502197266,93.47995183214749,93.02000325260816,93.43395416689022,490900
2019-12-30,92.7348403930664,93.25918154973489,92.53246187325416,93.25918154973489,718100
2019-12-31,92.9096450805664,92.96483668328568,92.4496963425438,92.5324837466227,567100
2020-01-02,93.71912384033203,93.71912384033203,93.12119627729379,93.47995562242019,1885300
2020-01-03,93.1120376586914,93.41560555584647,92.64288791020286,92.84526650830622,826800
2020-01-06,93.33275604248047,93.35115791413679,92.45885663176227,92.56004587109904,767600
2020-01-07,93.2040023803711,93.39717998822758,92.95563317548707,93.18560752078193,3601600
2020-01-08,93.5811538696289,94.01349969814196,93.16719588051822,93.22238747176259,701900
2020-01-09,94.34467315673828,94.34467315673828,94.00431561742866,94.13310068931771,1218200
2020-01-10,94.21588134765625,94.73102861663534,94.08709628497637,94.52865008434995,676700
2020-01-13,94.99778747558594,94.99778747558594,94.33546734007435,94.50104912851704,718700
2020-01-14,94.85981750488281,95.20937597221693,94.72183149837257,94.96100677510634,1070900
2020-01-15,95.14497375488281,95.35655321243297,94.83220503740768,94.8598078505083,1140300
2020-01-16,95.91769409179688,95.92689503045713,95.53133888718403,95.64172909632764,911500
2020-01-17,96.1844482421875,96.23044590913518,95.9360790881424,96.17525432340484,721700
2020-01-21,95.92688751220703,96.19365856636772,95.77970759647727,95.91768657426789,947400
2020-01-22,95.98207092285156,96.47881625533849,95.89928354323308,96.13845878145095,912300
2020-01-23,95.89009094238281,95.92688767594288,95.2829623842899,95.82569841321751,865300
2020-01-24,94.89661407470703,96.10167735837906,94.56545046696728,96.10167735837906,903100
2020-01-27,93.32356262207031,93.84790371437836,93.1027892722191,93.2775719757412,1150300
2020-01-28,94.16069030761719,94.42746137280938,93.49836311379656,93.84792156908652,909100
2020-01-29,94.28947448730469,94.86900726733616,94.0778950174941,94.62063808111111,684200
2020-01-30,94.41826629638672,94.47345789321177,93.21320297730611,93.57196239318904,925100
2020-01-31,92.27488708496094,94.02269319131956,92.03571886299999,94.02269319131956,957400
2020-02-03,93.19478607177734,93.78351973717751,92.86362250770738,92.91882111389162,1121600
2020-02-04,94.5654525756836,94.90581011137367,94.23428896055921,94.31707635521032,680100
2020-02-05,95.71530151367188,95.7428973053223,94.95178519280466,95.56811460052519,964900
2020-02-06,96.05570220947266,96.26728173780253,95.78893107299649,96.26728173780253,582600
2020-02-07,95.42094421386719,95.79809843443509,95.21856569725364,95.79809843443509,642700
2020-02-10,95.88092041015625,95.88092041015625,95.11740379362968,95.20019120063903,1313100
2020-02-11,96.05570220947266,96.44205750301961,95.89012036677232,96.33167428672704,627100
2020-02-12,96.63522338867188,96.6996159250828,96.24886115194627,96.5156322365801,3387300
2020-02-13,96.40524291992188,96.68120790776175,96.00968678758437,96.43283871687989,2212100
2020-02-14,96.58922576904297,96.68121410421861,96.12007613590907,96.64441736649633,2023400
2020-02-18,96.32246398925781,96.52484255715059,95.96370453463364,96.44204813471228,741600
2020-02-19,96.64440155029297,96.80078941458423,96.47881976677083,96.68119828199333,5644100
2020-02-20,96.35003662109375,96.88357871391587,95.52212768710409,96.58921187274834,1375700
2020-02-21,95.42094421386719,96.046474620555,95.1633670901942,96.046474620555,4847600
2020-02-24,92.12770080566406,93.12119141020754,91.81493212574856,91.98971482976775,1180400
2020-02-25,89.31280517578125,92.64283517100432,89.05523511328204,92.56924171935945,1325800
2020-02-26,89.11966705322266,90.93186624666669,88.92648942089129,89.98437294692958,3605500
2020-02-27,85.32965850830078,88.82526334072799,85.29286178144264,87.32583356711332,1943600
2020-02-28,84.58454895019531,84.78692746720756,82.18361657702093,82.4963852901105,4074200
2020-03-02,88.32853698730469,88.32853698730469,84.31779115574189,85.81722125073483,3411300
2020-03-03,85.67925262451172,89.48762771464979,84.98012855910511,88.6413236986771,2987700
2020-03-04,89.01844787597656,89.0920413354658,86.35075164294852,87.29824462453196,2320500
2020-03-05,86.21277618408203,87.76740486882134,85.52285320824048,86.73711736499124,1424900
2020-03-06,84.95252227783203,85.32968357523151,82.94714569362968,83.53587945979366,1870000
2020-03-09,78.97317504882812,81.60408166333592,77.96128950900024,78.80759326825564,3206400
2020-03-10,83.05753326416016,83.05753326416016,78.65122407883871,81.87086483060403,4144600
2020-03-11,78.97317504882812,81.10733632161849,77.99808624004511,80.76697884140644,2998000
2020-03-12,71.57720947265625,76.59984808532958,71.43002954838238,73.02144800953342,3878100
2020-03-13,78.06248474121094,78.07168567924128,71.834776145691,75.7259447779196,4118200
2020-03-16,70.11458587646484,75.77195668754666,69.22228421285911,75.77195668754666,2575100
2020-03-17,73.16862487792969,74.03333050060922,68.92789818113137,70.50092156701567,3226100
2020-03-18,70.02257537841797,71.08965245026015,66.58215489613498,68.88189783005002,3259800
2020-03-19,70.04098510742188,71.80718637134858,67.72284682580056,69.80180982639223,3322700
2020-03-20,66.28780364990234,71.06207334785383,66.02103256472243,70.84129993945875,2211900
2020-03-23,63.73048782348633,66.06702795441707,62.736996992710765,65.89224521059732,2590700
2020-03-24,70.33534240722656,70.40893587110067,66.40738426487844,67.4376646860798,2369300
2020-03-25,71.83360290527344,74.64516752154468,69.64169750873704,70.40007955906647,3679900
2020-03-26,75.86601257324219,76.33769158159792,72.37005451906074,72.90647323004583,3189600
2020-03-27,73.50760650634766,75.87523717124878,72.88794721468709,73.45211031157307,2472500
2020-03-30,76.25442504882812,76.39315495223276,73.78505958139023,74.28448299998935,3603000
2020-03-31,74.95038604736328,76.61512383444992,74.63593110760803,76.20819169419131,2733100
2020-04-01,71.82437896728516,73.32264239421306,71.1584809748296,72.42553021304919,1873500
2020-04-02,73.51688385009766,73.76659920134927,71.4637001002476,71.63017464904894,1756400
2020-04-03,72.3792724609375,73.93303168025245,71.53764964976493,73.45210234355521,1748300
2020-04-06,77.22554779052734,77.95618555647485,75.01514046017253,75.1168752792347,2474900
2020-04-07,77.45675659179688,80.37930745132157,77.42901201691868,80.2683220957114,7883800
2020-04-08,80.04633331298828,80.44402189229663,77.45673227710665,78.5943088826941,3358700
2020-04-09,80.86945343017578,81.73881372926232,80.12031487803411,80.95268712702762,19224800
2020-04-13,79.5746841430664,80.61976984235119,78.53884193188219,80.43480129497084,5263600
2020-04-14,82.08102416992188,82.38622854480546,81.09142787907481,81.34113605919123,2715400
2020-04-15,80.18506622314453,80.6659956175076,79.4914237573523,80.32379612752219,2006000
2020-04-16,80.35155487060547,80.86022892435125,79.32496327566201,80.5457739485546,1622500
2020-04-17,82.67292022705078,82.82090065085573,81.51684962643077,82.52494685934082,1733200
2020-04-20,81.16541290283203,82.2937390241853,81.01743246772546,81.40587052573693,2107200
2020-04-21,78.76080322265625,79.89837305938131,78.52033849498468,79.78738771058745,1565900
2020-04-22,80.5735092163086,81.08217611065685,79.81512708952565,80.02784015527801,1771500
2020-04-23,80.49026489257812,81.91454483471568,80.40703118951272,81.17465676791066,1617600
2020-04-24,81.76657104492188,81.93303845021778,80.43477535379051,80.81396287045705,1381100
2020-04-27,83.17235565185547,83.48680351396384,82.10876913360799,82.25674957890323,1812800
2020-04-28,83.1816177368164,84.57814633858231,83.05213835726323,84.39317781239122,2230900
2020-04-29,85.36426544189453,85.8451877604206,84.670623004575,85.15154532310108,2788900
2020-04-30,84.1527099609375,85.04982209748023,83.78276586618526,85.04982209748023,2355700
2020-05-01,82.13651275634766,83.08911392964376,81.79432032871465,82.57119648927211,1630100
2020-05-04,82.39546966552734,82.46945988569587,81.14691468859057,81.64633809058442,1679100
2020-05-05,83.1816177368164,84.01398316077336,83.00589269766698,83.28335254305061,1724600
2020-05-06,82.75617218017578,83.9029923955017,82.70992652745383,83.9029923955017,1839500
2020-05-07,83.69026184082031,84.33766561775913,83.51454390578846,83.79199661925219,3149000
2020-05-08,85.08680725097656,85.21628661056646,84.33767566247843,84.90183875330409,1812400
2020-05-11,85.22557067871094,85.66949807019742,84.31920774893646,84.47643173941715,1693100
2020-05-12,83.34810638427734,85.64174754530492,83.3296052948588,85.53076923318633,1695200
2020-05-13,82.05328369140625,83.62553718497462,81.20241726091268,83.32958333714659,1780600
2020-05-14,83.04290008544922,83.04290008544922,80.4348039666108,81.18393578131074,1951700
2020-05-15,83.67176818847656,83.69026221368519,81.99778019134024,82.20124269301544,1256700
2020-05-18,86.26138305664062,86.66832227085816,85.39202253912606,85.39202253912606,1413000
2020-05-19,85.25328063964844,86.43709594436238,85.22553607095917,86.11339754949464,1946400
2020-05-20,86.61283874511719,86.91804317558199,86.21515004799262,86.45561478618585,1139600
2020-05-21,86.09490966796875,86.87179299087327,85.74346665052198,86.73306307005852,815300
2020-05-22,86.26138305664062,86.28913468532556,85.5677405175499,86.05792050562864,1073400
2020-05-26,87.64865112304688,88.39778971800996,87.49142720483188,88.12032993378727,1662900
2020-05-27,88.64750671386719,88.65675725588866,87.07525326282993,88.62901268592036,1326500
2020-05-28,88.38854217529297,89.57235745675658,88.24981227847553,89.10992917142887,2391700
2020-05-29,88.87871551513672,89.04518998100951,87.46368608326578,88.35154754922213,1285600
2020-06-01,89.17469787597656,89.33192185070227,88.42556606784984,88.73077052897479,1033700
2020-06-02,89.86831665039062,89.90531176216028,89.01745024797692,89.48912910291986,1110700
2020-06-03,91.20935821533203,91.46831692806265,90.24750652797853,90.58045546037381,1283500
2020-06-04,90.69143676757812,91.2648504050175,90.00704485302504,90.94115200327589,2975300
2020-06-05,92.96658325195312,93.52150286234901,92.02323261525287,92.46716689235036,1183700
2020-06-08,93.80819702148438,93.80819702148438,92.85559593571627,93.4105084359982,1701100
2020-06-09,92.87411499023438,93.29030476967702,92.60590568066391,93.040589490792,1907600
2020-06-10,92.3191909790039,93.21630306293234,92.00474310336928,93.04057804060928,1503000
2020-06-11,86.84406280517578,90.43250497433671,86.66833773929201,90.41401094134277,1691300
2020-06-12,87.77815246582031,89.30416037041277,86.04866790289313,89.30416037041277,1761300
2020-06-15,88.55329132080078,88.91533901749278,85.50837372678237,85.7961534132331,1202200
2020-06-16,90.20571899414062,91.11548444741527,88.89677890659644,91.11548444741527,1014300
2020-06-17,89.80652618408203,90.56775551724651,89.62086325700257,90.56775551724651,1369400
2020-06-18,89.7415542602539,89.85295627947139,89.09172685462075,89.37022127878316,1124100
2020-06-19,89.2216796875,90.87410378407691,88.76680056804138,90.86481851314487,1103900
2020-06-22,89.82511138916016,89.86224539715504,88.60899564573806,89.04531138644319,936300
2020-06-23,90.31712341308594,90.93910210299998,90.15002392059986,90.75343914805445,962800
2020-06-24,87.88490295410156,89.82511420783744,87.30934351858957,89.65801470791085,2237600
2020-06-25,88.68324279785156,88.76679606683003,87.02153351460503,87.79204806340282,1217900
2020-06-26,86.39958190917969,88.34907144145556,86.26961641253386,88.33050797732975,1200100
2020-06-29,87.68994903564453,87.71779777006302,86.12107089258525,86.66878863897011,1541000
2020-06-30,89.04530334472656,89.3887875757182,87.61567603767887,87.72707805160277,1245500
2020-07-01,89.51874542236328,89.91792708500715,89.20310995110259,89.33308249756517,1036000
2020-07-02,90.06646728515625,90.95766926701313,89.89936779888151,90.68845303453787,715000
2020-07-06,91.36613464355469,91.53323413984141,90.99480164262997,91.20832042000275,890300
2020-07-07,90.25212860107422,91.53321981708713,90.18714586727472,90.93908994160982,1313600
2020-07-08,90.75345611572266,90.89270689926062,89.89938794856472,90.60492005792509,1403500
2020-07-09,90.13145446777344,90.96695194032844,89.18456205393633,90.96695194032844,881900
2020-07-10,91.05050659179688,91.09691879049656,89.63016440848645,90.15931163526069,627400
2020-07-13,90.27999114990234,92.3872947678596,90.17787439793295,91.73746733040701,703100
2020-07-14,91.56108856201172,91.59822257266926,89.67658178731914,89.77869854598026,1310300
2020-07-15,92.7586441040039,93.00929693301435,92.03454852257661,92.6101151275366,1518200
2020-07-16,92.31302642822266,92.44299190528675,91.90455945311422,92.07165893542337,835900
2020-07-17,92.72148132324219,92.99998280627588,92.12735143651811,92.61008639609825,859100
2020-07-20,93.14852905273438,93.3713331136148,92.21092185623517,92.53583559178382,810700
2020-07-21,93.5291519165039,94.06758446606781,93.29706965368379,93.93761896549564,974000
2020-07-22,94.28107452392578,94.35534253078907,93.59411316690773,93.59411316690773,745400
2020-07-23,93.24136352539062,94.51316967478026,92.87003052281584,94.2068264990499,1086200
2020-07-24,92.2851791381836,92.70292430919595,91.87671215668713,92.48940554634441,769400
2020-07-27,92.94429016113281,92.97213889436253,92.20162422293288,92.54510845880313,699500
2020-07-28,92.23877716064453,92.95358742974639,92.173794408908,92.66580768385442,758500
2020-07-29,93.21350860595703,93.39917155363376,92.4058599101296,92.46155737791513,1914500
2020-07-30,92.78646087646484,92.85144360926608,91.5239331398237,92.23875028322396,1073000
2020-07-31,93.45487213134766,93.45487213134766,91.9231279729862,92.9999929365913,985100
2020-08-03,93.77980041503906,94.09543598474696,93.57557396709724,93.9376217411874,1074000
2020-08-04,94.12326049804688,94.12326049804688,93.53841587872076,93.66838134968212,806900
2020-08-05,95.04232025146484,95.10730299801172,94.52245827908988,94.67099431839026,710800
2020-08-06,95.60858154296875,95.64571554503999,94.69882328127701,95.00516640383795,778000
2020-08-07,95.8685302734375,95.8685302734375,95.2187028230134,95.31153430413283,626000
2020-08-10,96.10059356689453,96.21199557182265,95.53431951895641,96.00776210408107,707400
2020-08-11,95.61785888671875,96.94536924971159,95.45075943254531,96.76898452514348,3373600
2020-08-12,96.8154296875,97.02894138557755,96.18416570096932,96.18416570096932,672300
2020-08-13,96.58333587646484,96.93609829511189,96.28627092323914,96.60189933740958,729300
2020-08-14,96.53691864013672,96.8154201383027,96.23985368063376,96.74115212778013,1018200
2020-08-17,96.83399200439453,97.04751078253256,96.66689250750892,96.88969655841501,385700
2020-08-18,96.88040924072266,97.23317168999608,96.3791107606471,97.23317168999608,610500
2020-08-19,96.58333587646484,97.30743125729082,96.4347998585584,96.9732322995885,756100
2020-08-20,96.80615234375,96.93611784433485,95.94280604267146,96.08205681689482,643300
2020-08-21,97.09391784667969,97.20531986624157,96.6111899270866,96.75044068089207,471400
2020-08-24,98.16148376464844,98.1893324949908,97.67875591267897,97.96653556966538,646100
2020-08-25,98.49567413330078,98.53280813139199,98.0500803213782,98.46782540537886,1289500
2020-08-26,99.39617156982422,99.51685177287985,98.44927924121824,98.61637872068837,656600
2020-08-27,99.47974395751953,100.05530343311642,99.0527063637309,99.7953724334806,1311000
2020-08-28,100.4637451171875,100.53801312193087,99.60039903915944,99.94388324915745,584400
2020-08-31,99.86962890625,100.53802687520142,99.8232096262887,100.45447358778863,597800
2020-09-01,100.57513427734375,100.57513427734375,99.65609078972568,99.85103897906367,1558500
2020-09-02,102.26472473144531,102.50608516889426,100.85366070324662,101.08574295027776,1143900
2020-09-03,98.85773468017578,101.88408863552621,98.1522098720028,101.61487242612328,1105100
2020-09-04,97.966552734375,99.48901164225718,96.20272631692482,99.34976088356073,1061300
2020-09-08,95.62716674804688,96.86183886394385,95.48791598957476,96.86183886394385,1460300
2020-09-09,97.15889739990234,97.8922709327544,96.32340004797285,96.7411451826442,913600
2020-09-10,95.56216430664062,97.84585219404252,95.24652884699404,97.84585219404252,642200
2020-09-11,95.63642120361328,96.46264027681195,94.87519193981558,96.26768501378108,1137700
2020-09-14,96.88968658447266,97.36312920808851,96.48121961578082,96.6204703626155,587300
2020-09-15,97.41883850097656,98.06866590773747,97.16818572794912,97.73446693209257,1531700
2020-09-16,97.27030944824219,98.38430847444846,97.2053267029076,97.89228816538589,752200
2020-09-17,96.40696716308594,96.97324843102722,95.64573765115331,96.27700166709171,660500
2020-09-18,95.50647735595703,96.8432732758084,94.83808647861898,96.8432732758084,717700
2020-09-21,93.97473907470703,94.29965277806929,92.79575738775142,94.29965277806929,1012100
2020-09-22,94.97731018066406,95.13513144766378,93.66837035319541,94.37390217171969,918200
2020-09-23,93.3662109375,95.66913340997496,93.20771198605725,95.65048229020641,680800
2020-09-24,93.49674987792969,94.45707635793335,92.46183313786472,92.91869314575126,843500
2020-09-25,94.8113784790039,95.00717258068714,92.8720743575906,93.39419196207925,448400
2020-09-28,96.368408203125,96.61082298495533,95.80899549478603,96.1353189818739,861900
2020-09-29,96.08871459960938,96.62948339188281,95.78104218146458,96.4989539748954,556600
2020-09-30,96.72269439697266,97.63640720931694,96.18193284815462,96.3777269265174,948500
2020-10-01,97.254150390625,97.80424468559595,96.72270721796166,97.39400535465619,873200
2020-10-02,96.48030853271484,97.08633491117256,95.45471010971339,95.80901033341193,673100
2020-10-05,98.07462310791016,98.11191823694584,97.17956135100945,97.36602988286933,622700
2020-10-06,96.9278335571289,98.92307698228186,96.71339542905964,98.25177879936696,652700
2020-10-07,98.44755554199219,98.68064475251492,97.68302321601033,97.81355971815579,977100
2020-10-08,99.3519515991211,99.37060272106976,98.85780356726382,99.24939176835991,705400
2020-10-09,100.31226348876953,100.45211842974776,99.7062372667269,99.93000090430138,746200
2020-10-12,101.58959197998047,101.96253610761308,100.8157341599734,101.06747446928539,471100
2020-10-13,100.899658203125,101.7574247873701,100.62927386635506,101.7574247873701,734700
2020-10-14,100.30296325683594,101.38449362927626,100.06987401731735,100.97426140478052,711000
2020-10-15,100.17242431640625,100.32159771657248,98.65267806688475,99.3239761509288,614100
2020-10-16,100.15377807617188,100.94628003105294,100.14445962861379,100.54536627317398,787300
2020-10-19,98.55945587158203,100.6665846460085,98.3543361970822,100.40552582876118,1506100
2020-10-20,99.04426574707031,100.0045921105466,98.88575968534367,99.15614401026811,811900
2020-10-21,99.20277404785156,99.94865528832051,99.0908886607879,99.23074361628785,466500
2020-10-22,99.75286865234375,99.98595789116064,98.72727742421328,99.46384027247291,831100
2020-10-23,100.26567077636719,100.26567077636719,99.43587363080314,100.09784623494303,666100
2020-10-26,98.12124633789062,99.34263881569079,97.00242081001855,99.34263881569079,667500
2020-10-27,97.68302917480469,98.30771370323404,97.60844602900957,98.30771370323404,740200
2020-10-28,94.03751373291016,96.06072641759897,93.8603636527505,96.06072641759897,1156100
2020-10-29,95.0817642211914,95.87426620044594,93.506078710527,94.06549145392322,1093500
2020-10-30,94.21468353271484,95.02582962044771,92.98397250099478,94.68086206159849,1017700
2020-11-02,95.39875793457031,96.08870005036783,94.59693042973049,95.36146280488954,717500
2020-11-03,97.18888854980469,97.71101329000119,96.29382671230674,96.45232568999177,508600
2020-11-04,99.5477294921875,100.84371195050406,98.21445902268216,98.49416889982167,841900
2020-11-05,101.26329803466797,101.83203639448962,100.75049882062561,101.42179702325573,1207200
2020-11-06,101.08610534667969,101.50567010327183,100.5453367875076,101.30055050404678,815000
2020-11-09,103.46366119384766,107.08120392471862,103.40772204807388,106.59638139693331,1136300
2020-11-10,103.2864990234375,103.65944321613762,102.30752852008335,103.44499799350643,1141900
2020-11-11,103.6034927368164,104.18154941457664,103.11866320537835,104.18154941457664,659000
2020-11-12,102.37277221679688,103.32377295541536,101.8506476088119,103.10000933103173,3356700
2020-11-13,103.99507141113281,104.24680460053561,102.96015486287732,103.33309898074444,906400
2020-11-16,105.29106140136719,105.29106140136719,104.23750070118578,105.21647114472114,513500
2020-11-17,104.86219787597656,105.19784698087946,104.09766538443543,104.81557717844903,1396900
2020-11-18,103.62213897705078,105.20714276505441,103.58484384972716,105.18849875805171,586800
2020-11-19,103.76201629638672,103.88322015133035,102.69912983512812,103.4450112024515,550500
2020-11-20,102.98815155029297,103.92983409541662,102.96018197891729,103.92983409541662,769700
2020-11-23,103.70606231689453,103.97643956130281,102.91355325206911,103.57552580513088,737100
2020-11-24,105.37496948242188,105.5707706832903,104.18155383641088,104.61043713961368,938300
2020-11-25,105.00203704833984,105.42159480964881,104.6663879939652,105.42159480964881,636600
2020-11-27,105.24443054199219,105.4682012903055,104.98337178227769,105.4682012903055,206800
2020-11-30,104.85286712646484,105.12325150944446,104.05103953923414,105.12325150944446,1590000
2020-12-01,106.29801177978516,106.7641902281145,105.85047733952881,105.89709802968918,1018300
2020-12-02,106.08356475830078,106.13018544766774,105.62671187844222,105.70130213610197,464600
2020-12-03,106.19544219970703,106.587030353146,105.90640675122955,106.0835568215882,594300
2020-12-04,107.0718765258789,107.0718765258789,106.37260876242362,106.39125988624137,776900
2020-12-07,106.92268371582031,107.05321310560016,106.54973955359863,106.87606302804826,710900
2020-12-08,107.34224700927734,107.59398735496906,106.53110106127174,106.53110106127174,1000500
2020-12-09,106.54973602294922,107.60330377981313,106.24205656581277,107.48209284094956,1725300
2020-12-10,106.214111328125,106.5684115526424,105.75725837439008,106.35396630552295,718600
2020-12-11,106.23274230957031,106.31665101210749,105.4402332923551,105.6546784988139,716800
2020-12-14,105.64137268066406,107.33500088309297,105.64137268066406,106.79228884800172,899000
2020-12-15,106.9700698852539,107.02621004491844,106.14664994168987,106.44607602470234,2387500
2020-12-16,106.9700698852539,107.27885504117076,106.71743202788252,107.14785657603286,926800
2020-12-17,107.77479553222656,107.83093570059556,107.484728477144,107.69057814079102,1328100
2020-12-18,107.3818130493164,108.2520214585812,106.71746146745146,108.2520214585812,2240300
2020-12-21,106.84844207763672,107.04493979664804,105.07059639373402,106.0905141455854,1008600
2020-12-22,106.61450958251953,106.95136483703628,106.40865280043914,106.69871982670806,1179800
2020-12-23,106.54900360107422,107.17592584217174,106.53028545540754,106.99813915274255,1023800
2020-12-24,107.10108184814453,107.10108184814453,106.66129817166465,106.68936825503455,242400
2020-12-28,107.89642333984375,108.10228012023441,107.66249647828732,107.66249647828732,616200
2020-12-29,107.79349517822266,108.46720568315476,107.6344266253585,108.31749620365946,691400
2020-12-30,108.04615020751953,108.46721574271227,107.94322180756008,107.97129189138866,613400
2020-12-31,108.73856353759766,108.81342184805115,107.83092615527308,107.87771438402685,351700
2021-01-04,107.00752258300781,108.98186620627916,105.87531723440618,108.9350779703432,949900
2021-01-05,107.43794250488281,107.74672771517363,106.61452241632279,106.61452241632279,719000
2021-01-06,107.9338607788086,108.75728796357328,106.67065705722311,106.93265402005484,659200
2021-01-07,109.1502914428711,109.37485926484663,108.3923634430198,108.56079109422205,667800
2021-01-08,109.68363189697266,109.75849020866951,108.59820779401271,109.57134442942736,831500
2021-01-11,109.1783447265625,109.6742685290941,108.86020048374824,109.06605726341371,721000
2021-01-12,108.94441223144531,109.28126746458895,108.28006083799008,109.28126746458895,990600
2021-01-13,108.98184204101562,109.37483743575919,108.67305688562529,109.11284050593014,868100
2021-01-14,108.3642807006836,109.39356463718936,108.26135230703301,109.27191809621239,1663900
2021-01-15,107.81222534179688,108.19586172610506,107.18530299495052,108.15843256733903,2510900
2021-01-19,108.66371154785156,108.76663994599186,108.02743014974882,108.43914374230997,823700
2021-01-20,109.77721405029297,110.10471027864969,109.02864512357843,109.09414436924978,1562500
2021-01-21,109.86141204833984,110.28247753347179,109.62748519240407,110.02983253128774,1728700
2021-01-22,109.19705200195312,109.64619470031529,109.07541260852719,109.39355684046726,4288800
2021-01-25,109.49647521972656,109.54326344460073,108.04613305407801,109.16897906224985,4228600
2021-01-26,109.27192687988281,109.88949729142881,109.23449772110287,109.75849880514004,3805100
2021-01-27,106.76422119140625,108.22392970304044,106.12793982450967,108.22392970304044,2105600
2021-01-28,107.95257568359375,109.08478088974715,107.11043751487752,107.11043751487752,837800
2021-01-29,105.66006469726562,107.57826748322609,105.12671183143895,107.57826748322609,5358700
2021-02-01,107.10108184814453,107.47536628380072,106.0063057634277,106.73615648657226,790800
2021-02-02,108.71985626220703,109.15963992761898,108.06485673157246,108.13035597074776,781200
2021-02-03,108.5140151977539,109.09414936056193,108.25201820308155,109.09414936056193,1077100
2021-02-04,109.8239974975586,109.83334943304511,108.69179222095062,108.82279070658248,1119700
2021-02-05,110.42286682128906,110.62872365591718,110.21700998666094,110.30122025234527,883900
2021-02-08,111.19945526123047,111.22753247768665,110.64739136522512,110.80645989740832,2200200
2021-02-09,111.1246337890625,111.30241337416561,110.79713756504911,110.99363529945714,1062100
2021-02-10,111.21820068359375,111.69541353606787,110.52577909100137,111.69541353606787,667000
2021-02-11,111.80767822265625,111.92932475679919,111.1152567269916,111.64860967372591,911000
2021-02-12,112.09777069091797,112.17262187160141,111.54569950772368,111.58312866750654,891700
2021-02-16,111.78897857666016,112.51882930016988,111.7141202617151,112.24747326265542,824800
2021-02-17,111.96675872802734,112.00418074442489,111.03105126269755,111.48954592182236,644300
2021-02-18,111.7141342163086,111.97613121246141,110.77842657925844,111.32113872207938,804100
2021-02-19,111.3585433959961,112.22875159264547,111.26497408064392,112.22875159264547,552500
2021-02-22,110.6567611694336,111.24625427233886,110.36668701562976,110.5538327824195,530300
2021-02-23,110.9936294555664,111.4053359131285,109.21578372596419,110.25441965235194,874300
2021-02-24,112.25682830810547,112.36910863761173,110.27312586654291,110.46962358206046,3870700
2021-02-25,109.51520538330078,112.11647106083404,109.14092095987635,111.44276052644639,2761700
2021-02-26,109.03797149658203,110.33860408403967,108.45783753430553,110.0578961748711,1580400
2021-03-01,111.54566955566406,111.95738306384058,110.21696686512396,110.23567787055,640100
2021-03-02,110.7129135131836,111.73283842250007,110.60998511484298,111.54569263511631,911800
2021-03-03,109.13156127929688,110.66612098181099,109.12220934445241,110.57255166119556,958400
2021-03-04,107.59700775146484,109.76784895317641,106.50223164578694,108.9444288900727,1069900
2021-03-05,110.14212036132812,110.41347637178893,107.0262129164877,108.69177813299346,1635000
2021-03-08,109.98304748535156,111.69539372250885,109.91754825360198,110.25440348513722,2280400
2021-03-09,111.33047485351562,112.16325390775428,111.05911883802824,111.05911883802824,1237500
2021-03-10,112.09777069091797,112.6217646501134,111.63926883773969,111.9012658173374,1003100
2021-03-11,113.03346252441406,113.7913832725199,112.70595920665257,112.96796328863803,961100
2021-03-12,112.91181182861328,112.97731106197688,112.24746042195936,112.70595505550455,999500
2021-03-15,114.04402160644531,114.10016890796851,112.72467781219179,113.00538576428254,853300
2021-03-16,114.062744140625,114.55866796672068,113.81945819501674,114.10952523166556,932900
2021-03-17,114.07210540771484,114.30603228406021,113.08025059757095,113.57617443320203,1168300
2021-03-18,112.40656280517578,113.83820157486699,112.29428245068615,113.2393420824286,896900
2021-03-19,112.01355743408203,112.81826655193095,111.62056195016956,112.43463014303045,1553400
2021-03-22,113.01475524902344,113.25804120768622,112.06033670178022,112.06968863716119,716400
2021-03-23,112.25682830810547,113.29546418932794,112.02290143645862,112.4439669498703,811700
2021-03-24,111.8170394897461,113.22995972821039,111.8170394897461,112.66853668992934,935300
2021-03-25,112.29641723632812,112.52200441277674,110.7548917165697,111.56325353440485,903800
2021-03-26,114.68390655517578,114.74970311545407,112.38101260286096,112.74759446316679,1725800
2021-03-29,114.82490539550781,115.07869008826991,113.88495040243897,114.54291602907216,1001500
2021-03-30,114.16693878173828,114.56171817910246,113.78156094277455,114.56171817910246,967200
2021-03-31,114.46772003173828,114.93769753699016,114.3267253459052,114.42072658398567,880900
2021-04-01,115.69903564453125,115.70843720071518,115.01287264011414,115.07866919082929,1097500
2021-04-05,117.1277847290039,117.40977407730838,116.21602729694473,116.21602729694473,1613200
2021-04-06,117.10897827148438,117.51315916783012,116.82699610251626,117.05258327194811,904200
2021-04-07,117.07139587402344,117.27817994617745,116.76120900886133,116.98679619657587,772900
2021-04-08,117.54138946533203,117.56018541217975,117.22180099861379,117.31579507542914,890700
2021-04-09,118.47193908691406,118.5283340968748,117.55077995358924,117.67297870355502,1084400
2021-04-12,118.321533203125,118.4813310038232,117.95495132563586,118.18054568969653,835600
2021-04-13,118.34973907470703,118.46252908659116,117.94555813245111,118.34033751662082,1557000
2021-04-14,118.06775665283203,118.63172825931542,117.87036694912724,118.15234916672492,962000
2021-04-15,119.36488342285156,119.48708216245595,118.53772560464805,118.53772560464805,1371100
2021-04-16,119.9288330078125,120.10742671986294,119.59985025241922,119.68444991596962,713900
2021-04-19,119.40248107910156,119.89126168919545,119.01710326276547,119.6656673285579,981600
2021-04-20,118.63172149658203,119.28029275127383,118.22754055357358,119.12989650676481,917600
2021-04-21,119.75027465820312,119.8818677913396,118.69752242182348,118.69752242182348,985200
2021-04-22,118.86669158935547,120.03223361617215,118.55650476221737,119.82544956936661,1417600
2021-04-23,119.90065002441406,120.36123310900464,118.8572994658072,119.03589319947649,1025500
2021-04-26,119.88186645507812,120.229652400941,119.72207581966322,120.06985459423827,725700
2021-04-27,119.7878646850586,120.02285342954669,119.48707937896535,120.02285342954669,733200
2021-04-28,119.7314453125,120.20142273397182,119.66564876034539,120.05103368816974,742100
2021-04-29,120.85001373291016,120.97219812237475,119.85365661828152,120.4176281490166,1230400
2021-04-30,119.96646118164062,120.31424713392579,119.75027553474311,120.31424713392579,747100
2021-05-03,120.53984069824219,120.8688163599863,120.42703633936276,120.6432363273791,924100
2021-05-04,119.99464416503906,120.12623727534988,119.0358861655898,120.07923666254459,1055900
2021-05-05,119.91946411132812,120.45523101878241,119.80666692638168,120.40824474147495,1270800
2021-05-06,120.82179260253906,120.84059571584761,119.47766402372551,120.05103706776526,855500
2021-05-07,121.75234985351562,121.93094356877175,120.94398811359028,120.95338249870856,533300
2021-05-10,120.65262603759766,122.02496666725634,120.65262603759766,121.78997791401567,817200
2021-05-11,119.61866760253906,119.8160572792694,118.47192142900249,119.42127792580874,2188400
2021-05-12,116.9773941040039,118.9701012383531,116.8364065943815,118.76330999585709,1184900
2021-05-13,118.62230682373047,119.16748239287023,117.10897884428651,117.34396757188604,1016800
2021-05-14,120.28604125976562,120.61503124341063,119.36488221387705,119.39307971618092,702100
2021-05-17,119.75027465820312,120.13565249916338,119.29909307938674,119.8818677913396,870100
2021-05-18,118.76331329345703,119.9570601641798,118.76331329345703,119.72207141323457,672300
2021-05-19,118.59410858154297,118.69750419474256,116.97738499837136,117.41916495089927,1118800
2021-05-20,119.95704650878906,120.37062178689749,118.74450383138782,118.76329977395726,813200
2021-05-21,119.7784423828125,120.76539063595983,119.64684928239285,120.38941444692435,642500
2021-05-24,120.91580200195312,121.24479196551788,120.39882392031167,120.54922015180264,523500
2021-05-25,120.75603485107422,121.2918018088375,120.59624420252808,121.26360430277506,2059100
2021-05-26,120.98160552978516,121.16959364754811,120.78420868346093,121.15079053299961,737800
2021-05-27,121.03800964355469,121.40459152069253,120.94400840630904,121.37639401803386,682800
2021-05-28,121.17900085449219,121.75237399700623,121.1508033509731,121.75237399700623,696700
2021-06-01,120.93460845947266,121.98735342386193,120.79360661008694,121.70536406766496,650400
2021-06-02,121.47978210449219,121.63957272383513,121.03800213348406,121.197792752827,2932400
2021-06-03,121.13199615478516,121.39518240714973,120.26723927664797,120.67142738443468,1002300
2021-06-04,122.37272644042969,122.45731893624969,121.5267584545106,121.77115589919909,567200
2021-06-07,122.43854522705078,122.51374335558535,122.00617391619767,122.28816331255815,892600
2021-06-08,122.32572937011719,122.77690370345921,121.79935692412259,122.43851936780933,533800
2021-06-09,122.09075164794922,122.70171664726603,122.09075164794922,122.66412475883911,680600
2021-06-10,122.79588317871094,122.91843856851382,122.07943760360392,122.20199299340679,1092000
2021-06-11,123.04096984863281,123.24836459792111,122.52248297541205,123.02211185748861,828600
2021-06-14,123.29548645019531,123.29548645019531,122.57904102447522,123.25778485281317,647100
2021-06-15,122.97499084472656,123.42748200287541,122.75817426251028,123.42748200287541,548000
2021-06-16,121.98516082763672,123.15411196090938,121.41955044787403,123.15411196090938,645700
2021-06-17,122.19256591796875,122.55079592445992,121.47612028942288,121.75893269536664,932200
2021-06-18,120.60882568359375,121.44782661525134,120.56168789058123,121.12731263786189,836900
2021-06-21,122.30570220947266,122.39054161779667,120.88221834244247,120.88221834244247,558900
2021-06-22,123.06926727294922,123.26722586280692,122.19255036456109,122.47536273450676,585200
2021-06-23,122.69218444824219,123.67259878712254,122.69218444824219,123.67259878712254,699500
2021-06-24,123.4746322631836,123.63488926486804,123.22011405226854,123.5217700600169,515800
2021-06-25,124.6341323852539,124.78495316149578,124.18162690323035,124.2193428856153,487500
2021-06-28,125.19035339355469,125.20921138964819,124.64358658233448,125.04893999950808,417400
2021-06-29,125.3883056640625,125.53914085630745,125.19976886597412,125.23748485625319,489900
2021-06-30,125.25631713867188,125.38829432384118,125.03007875520127,125.03007875520127,602800
2021-07-01,126.01049041748047,126.01991222286034,125.32232462942082,125.46372363229757,625700
2021-07-02,127.13229370117188,127.20771129153405,126.28387098235771,126.56666896567273,796400
2021-07-06,126.82121276855469,127.23600236007033,125.96335378468693,127.03802936977938,1114800
2021-07-07,127.45282745361328,127.5282450556809,126.60440460311692,127.19829484468966,3849800
2021-07-08,126.40641021728516,126.6232411807152,125.55798751030423,125.65224870861636,1825500
2021-07-09,127.51882934570312,127.56596714730344,126.48185524824612,126.48185524824612,770800
2021-07-12,127.90534210205078,127.92420010212993,127.38686936760925,127.38686936760925,651900
2021-07-13,127.66963958740234,128.13156698968663,127.50938258279831,127.74505718682241,2844800
2021-07-14,127.79216766357422,128.18809918755537,127.43393773902469,128.18809918755537,782600
2021-07-15,127.3114242553711,127.52824086391591,126.81179524447775,127.52824086391591,792000
2021-07-16,126.59497833251953,127.64137426849318,126.50071711087631,127.59425084989054,667500
2021-07-19,124.98295593261719,125.54856634346928,124.15337673537749,125.29404813158206,6085500
2021-07-20,126.61382293701172,126.99091093700874,124.86040329422565,125.20921149227745,1608200
2021-07-21,127.55653381347656,127.56597000467048,126.71753271017299,126.71753271017299,3358900
2021-07-22,127.8393325805664,127.87703418799883,127.25486416652814,127.74505698533095,3478200
2021-07-23,129.64927673339844,129.7435523031273,128.39548645505306,128.40492264268536,852600
2021-07-26,129.71530151367188,129.75300311933415,129.18737834335104,129.21567252814222,1275200
2021-07-27,129.19679260253906,129.5550081410497,128.26351619591696,129.5550081410497,773100
2021-07-28,129.23448181152344,129.65869308861406,128.89510991296459,129.21563820591533,945600
2021-07-29,129.83779907226562,129.98863421331131,129.4230096266054,129.4890053949744,1008300
2021-07-30,129.48904418945312,129.8472741606534,129.24394780014694,129.5079021838413,812100
2021-08-02,129.28164672851562,130.46001962577293,129.14024773461867,130.46001962577293,940800
2021-08-03,130.24322509765625,130.26206871041057,128.97057639931506,129.36650803371435,860100
2021-08-04,130.0452423095703,130.40347230708682,129.80956770792758,130.2432153041021,835300
2021-08-05,130.8936767578125,130.9408001696027,130.31863016650087,130.52602496234675,556000
2021-08-06,130.903076171875,131.0727549479416,130.65797981163433,131.03505334807124,741600
2021-08-09,130.77110290527344,131.08219505512946,130.62026773241587,130.80880450627092,864700
2021-08-10,130.80880737304688,131.18589531345495,130.56371100010722,130.79938556869948,702100
2021-08-11,130.9690399169922,131.148154857212,130.7239435897833,131.02561388582328,711700
2021-08-12,131.0915985107422,131.18587407669114,130.51655208108997,130.7899425916828,726400
2021-08-13,131.610107421875,131.610107421875,131.110478484322,131.29901526340032,526100
2021-08-16,132.39256286621094,132.40198467161957,131.10107068787434,131.21418989052114,535700
2021-08-17,131.28012084960938,131.72319006896325,130.52597394251615,131.72319006896325,3552300
2021-08-18,129.71530151367188,131.4310050677989,129.61160411755617,130.95023407731819,975700
2021-08-19,130.27151489257812,130.73342797591906,128.74434784499033,128.7537696520901,885400
2021-08-20,131.55357360839844,131.65727101487923,130.2715031211983,130.40348033086138,875400
2021-08-23,132.3737030029297,132.76963459104186,131.99662940980443,131.99662940980443,785900
2021-08-24,132.45852661132812,132.6753575667372,132.33598561961193,132.6753575667372,784800
2021-08-25,132.6753692626953,132.88276404780103,132.43969467820565,132.80734645463212,532000
2021-08-26,131.77981567382812,132.5434135341532,131.67611826448305,132.47741773528023,1314500
2021-08-27,133.1090087890625,133.2315641818594,132.07204919853032,132.2511498083559,723500
2021-08-30,133.65579223632812,133.9291828567299,133.25043878568502,133.25043878568502,681400
2021-08-31,133.15614318847656,133.78774936277816,133.03358779880588,133.78774936277816,642300
2021-09-01,133.2315673828125,133.48609997995368,132.97703478567132,133.4201041870357,1484200
2021-09-02,133.2975616455078,133.65579167718218,132.85449220141714,133.49553465891668,1013400
2021-09-03,133.28814697265625,133.56152322210818,132.7885178935474,133.03361433734702,588800
2021-09-07,132.24171447753906,133.25983035307635,132.09087929943703,133.17499095955682,1107500
2021-09-08,132.04376220703125,132.20401919726532,131.51583905842867,131.82693123397777,5565800
2021-09-09,131.5441436767578,132.58111779090626,131.48758406770202,132.12862653402226,1055900
2021-09-10,130.86537170410156,132.3548222094896,130.81823391697162,132.10972585462022,1212700
2021-09-13,130.73336791992188,131.85518098030818,130.03578051959755,131.60066284558906,871400
2021-09-14,130.13949584960938,131.2141712756004,129.87554149125606,131.03505630719627,1109200
2021-09-15,130.9596710205078,131.11050622946337,129.88499532946454,130.2149455510002,661500
2021-09-16,130.76168823242188,131.06334421015447,129.95096711464083,130.77111003707662,591400
2021-09-17,129.36648559570312,130.59199628072494,129.19680680372082,130.59199628072494,684200
2021-09-20,127.29255676269531,128.13155771692593,125.82194964152123,127.46224994521899,1081100
2021-09-21,127.18885040283203,128.38608124787493,126.96259763689531,127.98071350695923,5180600
2021-09-22,128.02781677246094,128.5934413425528,127.21709589369212,127.64130712904584,1357500
2021-09-23,129.34765625,129.92270286029995,128.5369350352236,128.66891223835296,1066900
2021-09-24,129.3268280029297,129.5537577009179,128.62709443455893,128.74055928355304,942500
2021-09-27,128.52310180664062,129.1661030587115,128.26779142505433,129.05262376223362,923500
2021-09-28,125.78092193603516,127.65316430590579,125.516160971746,127.63424868605931,1778500
2021-09-29,125.95112609863281,126.74540903481908,125.85657685102467,126.30100015711747,1300300
2021-09-30,124.56109619140625,126.82102903530571,124.54219500310056,126.63191615353269,1491700
2021-10-01,125.82820129394531,126.41445564212955,123.79519783799424,125.25139754130304,1624900
2021-10-04,123.76685333251953,125.48781429677261,123.11440141592672,125.27032070564655,3004600
2021-10-05,125.22303009033203,125.85658076814198,124.13561992445126,124.26800041793581,930000
2021-10-06,125.60127258300781,125.64855442330925,123.68174817958324,124.24908697802472,1137700
2021-10-07,126.81160736083984,127.78555263105005,126.64139562855533,126.64139562855533,886500
2021-10-08,126.68865966796875,127.24656219637242,126.5089973646175,127.18036474634226,543300
2021-10-11,125.93221282958984,127.45459569990692,125.93221282958984,126.66977777369853,864200
2021-10-12,125.65800476074219,126.32937226349674,125.40269436635475,126.31045664173682,3984900
2021-10-13,126.59413146972656,126.85889245706518,125.46889005934163,126.07406009160012,1294800
2021-10-14,128.88241577148438,128.94859879624917,127.7098926610615,127.82335751973824,799600
2021-10-15,129.60107421875,129.8091027831776,129.29849639765064,129.6294404385908,605500
2021-10-18,130.3197021484375,130.39533576996973,128.9296998914415,129.1377284216307,592100
2021-10-19,131.4355010986328,131.44495169585738,130.80196480316164,131.03835958931026,1090900
2021-10-20,131.8704833984375,131.9933988848244,131.53952490251754,131.53952490251754,1135400
2021-10-21,132.5607452392578,132.5985620573048,131.39768690810592,131.7948284253677,581100
2021-10-22,132.5134735107422,132.91061505831954,131.9177539751791,132.22979685436005,753100
2021-10-25,133.2321014404297,133.48741186041661,132.28652225510828,132.78767806905716,842400
2021-10-26,132.8727569580078,133.6670398064039,132.79710891124776,133.44956068971226,896100
2021-10-27,131.8988037109375,132.9105656139599,131.87988809331043,132.68363591599012,604300
2021-10-28,133.13755798339844,133.17537480396695,132.39054231452624,132.39054231452624,657500
2021-10-29,134.16822814941406,134.24387621458771,132.55128141666285,132.84442307985813,606800
2021-11-01,133.90345764160156,134.59372634832968,133.43066808908245,134.53699391057015,824800
2021-11-02,134.66937255859375,134.76393623915567,134.1398505755875,134.1965830125679,660700
2021-11-03,135.31236267089844,135.37854569911337,134.2722199841718,134.57481219427072,947700
2021-11-04,136.8347625732422,136.8347625732422,135.56767557047803,135.70005607185428,631800
2021-11-05,136.91986083984375,137.71414384582442,136.50380371431316,137.1467905967568,667500
2021-11-08,137.09005737304688,137.47774827674482,136.67400024989712,137.24135349571813,1011700
2021-11-09,137.19407653808594,137.5061193915573,136.67400511563366,137.41157013281602,548000
2021-11-10,135.87025451660156,136.92929842393025,135.50147926827168,136.52270636250626,800700
2021-11-11,136.07826232910156,136.38084007293241,135.94588186085264,136.38084007293241,480100
2021-11-12,137.5250244140625,137.7330529670083,136.39978299450792,136.59836095082593,525900
2021-11-15,137.58172607421875,138.1207129576618,137.30751454943464,137.7803039861158,1230500
2021-11-16,138.13963317871094,138.49895781717848,137.37371649430636,137.58174502937806,476700
2021-11-17,137.0333251953125,137.77087575925006,136.86312787827725,137.77087575925006,1430800
2021-11-18,137.20352172851562,137.63847999830867,136.53215427506444,137.57229696959703,598600
2021-11-19,137.5155792236328,138.2720454863274,137.1184376821068,137.3737481117999,567100
2021-11-22,136.46592712402344,138.5461974121023,136.41864530257902,137.88429519703894,786400
2021-11-23,136.66455078125,136.76856506289624,135.2745483030651,136.1823106181952,611200
2021-11-24,137.19407653808594,137.21299216119135,135.62441167337286,135.93645452684422,811200
2021-11-26,134.3384246826172,135.91753998967133,133.91290256067794,135.21780628738978,905900
2021-11-29,136.0120849609375,136.49433950306184,134.91520981728695,135.58657728077387,631800
2021-11-30,133.35499572753906,135.74730927305504,133.090234780648,135.35961844782545,1208800
2021-12-01,131.4922332763672,135.4352965700505,131.43550083634756,135.08543690433436,2059400
2021-12-02,133.3077392578125,133.82781065543426,131.15182003530066,131.4449472516714,2091300
2021-12-03,132.08795166015625,134.31005397009253,130.79251286245406,133.84672942817176,1550300
2021-12-06,133.09970092773438,133.47794120205225,131.69079738752484,132.77820751585753,2283900
2021-12-07,136.23898315429688,136.47537783333436,134.8206150800719,135.12319276647906,1333100
2021-12-08,136.40924072265625,136.55108624983964,135.652788957915,136.3335926605036,991800
2021-12-09,135.30291748046875,136.4281589805869,135.24618503985656,136.0215668706042,1035800
2021-12-10,136.3997802734375,136.41869589470753,135.18944022320275,135.87025830500872,1254300
2021-12-13,135.3917694091797,136.67191870621608,135.3348764571718,136.67191870621608,1306700
2021-12-14,134.2917938232422,134.9081679121621,133.2866463970329,134.18748525245357,1290300
2021-12-15,136.98486328125,137.02278709807442,133.88406674675028,134.45301081441644,1428000
2021-12-16,135.26852416992188,137.56331322598427,134.69008823697058,137.56331322598427,1631000
2021-12-17,133.72288513183594,135.16422189342182,133.32461988435415,134.36769139845822,1507700
2021-12-20,131.9022216796875,132.39530365770918,130.89705964168093,132.1582400058544,1570500
2021-12-21,134.38662719726562,134.4150736743685,132.3668405076712,133.33406413681413,1246000
2021-12-22,135.51502990722656,135.51502990722656,134.10212574520955,134.19695696598868,1095000
2021-12-23,136.43487548828125,136.8710644983551,135.7616083607105,135.8469478014793,703100
2021-12-27,138.71067810058594,138.72015543741983,136.880553715702,136.880553715702,681400
2021-12-28,138.3598175048828,139.1753169532817,138.1417085521466,139.11842399838196,935500
2021-12-29,138.72962951660156,139.052032558356,138.16067105650518,138.45462762217625,674300
2021-12-30,138.3598175048828,139.23220990818143,138.2365397897898,138.7580826583964,649900
2021-12-31,138.02789306640625,138.54943582325924,137.90461537772853,138.24598750319484,595700
2022-01-03,137.6580810546875,138.4072100874246,136.76671965837394,138.2459941164207,1352600
2022-01-04,137.49688720703125,138.21755533795803,136.88052763827145,137.73395080566408,3915900
2022-01-05,134.1875,137.3736359579077,134.16854532629344,137.28829651857845,4518300
2022-01-06,134.31076049804688,135.08833609677876,133.28664394980265,133.9693883152988,2014000
2022-01-07,133.04957580566406,134.4245418254772,132.7650965848579,134.4245418254772,1075300
2022-01-10,132.45216369628906,132.55647225594655,129.8729251168936,131.85477328117213,2396800
2022-01-11,133.68492126464844,133.71336774336794,131.20049899503877,132.37633983590345,1978000
2022-01-12,133.87457275390625,134.62370196420613,133.2202892571598,134.23491411932727,1297900
2022-01-13,131.9590606689453,134.55726797029118,131.6271659044089,134.42451295831884,1483500
2022-01-14,131.72207641601562,131.96861745261722,130.33761805548093,131.0488091483292,987800
2022-01-18,129.370361328125,130.7548193377604,129.13329769059413,130.7548193377604,1075700
2022-01-19,128.18504333496094,130.55567971386657,128.14711951935357,129.89190442161623,1124200
2022-01-20,126.51610565185547,130.22378398496545,126.35490413335692,128.5453695747408,1722600
2022-01-21,124.4299545288086,127.46436598329714,124.4015080518302,125.994568639481,2600500
2022-01-24,125.26443481445312,125.42563635547151,119.66024681838779,123.14033936314338,3337700
2022-01-25,123.46273040771484,125.17906870151769,121.72742297293091,123.52911516654108,2229400
2022-01-26,123.16878509521484,126.44975226259379,121.9265739278588,125.463559410422,2504600
2022-01-27,122.62828063964844,125.39718208295686,122.06879948004033,124.41098928608693,2253000
2022-01-28,125.93766784667969,125.98508346176408,121.59466084464977,123.15928932714883,2830800
2022-01-31,128.4315643310547,128.48845727381413,125.44455461327259,125.72903379628215,1469400
2022-02-01,129.1617431640625,129.25655992618528,127.40746666882534,128.57381557435784,1786100
2022-02-02,130.9254913330078,131.13409398834287,129.59792649776838,130.12894664417863,1156900
2022-02-03,126.92386627197266,128.6970974961804,126.63938703785858,127.98590664550265,2714600
2022-02-04,126.48767852783203,127.56868817607831,125.2549446733576,126.5635406309461,1332500
2022-02-07,125.96614074707031,127.07559692055818,125.66270679146153,126.5919922713611,1234800
2022-02-08,126.51610565185547,126.84800049355007,125.18855522350599,125.73854453502634,1657600
2022-02-09,128.94361877441406,129.06689646653706,127.92899417291856,127.92899417291856,1652000
2022-02-10,126.11783599853516,128.72553561504623,125.54887756724716,127.02816659475317,1562800
2022-02-11,123.50068664550781,126.62991530923684,123.11189877955262,126.37389698023753,1444600
2022-02-14,122.82740783691406,123.72824674454336,121.78432206857539,123.17825738207533,1763700
2022-02-15,125.01790618896484,125.14118393998895,124.06965141301235,124.06965141301235,1153600
2022-02-16,125.26443481445312,125.69114647823318,123.92739239462132,124.53427474225032,1048200
2022-02-17,122.48603820800781,124.61961094064469,122.33431400774177,124.61961094064469,1129500
2022-02-18,121.71793365478516,122.94117544716616,121.19639084826083,122.65671070652894,1609300
2022-02-22,120.14384460449219,122.12569307561776,119.17662817881433,121.34813189441154,1645700
2022-02-23,118.19042205810547,121.46189668429827,118.04818245813914,120.94036113056382,1505300
2022-02-24,120.4283218383789,120.60849250895961,115.2224066444415,115.66808741823101,2931400
2022-02-25,123.39636993408203,123.39636993408203,120.41884397405175,120.987795260415,1626200
2022-02-28,123.15930938720703,123.6334366768477,121.49037206737329,122.08777708246983,1608300
2022-03-01,121.52831268310547,123.74722496855017,120.71281315052106,123.14034260494435,1675700
2022-03-02,123.83255767822266,124.27823847233925,121.8412318133341,122.10674192865258,2210500
2022-03-03,123.33000183105469,124.71446003553429,122.69467292936375,124.64807526245912,1604100
2022-03-04,122.19207000732422,122.64722809567486,121.00675193510868,122.41965628610691,1433300
2022-03-07,118.5792236328125,122.15414701394808,118.50336153937663,121.94552987430315,2976800
2022-03-08,117.70683288574219,120.70332069049802,117.33701419567026,118.54130150712126,3383100
2022-03-09,120.85505676269531,121.52832395579819,119.52750599079724,119.92577122236665,1571400
2022-03-10,120.0679931640625,120.3998808080891,118.57923381690775,119.28094015493656,1806900
2022-03-11,118.31369018554688,120.98776712065522,118.15248868491493,120.75070353692361,1589000
2022-03-14,117.15684509277344,119.3757571259934,116.80598832713619,118.32319406368929,1471400
2022-03-15,119.68868255615234,119.88781513035175,117.5740718660409,117.69734957955072,1548000
2022-03-16,122.27741241455078,122.30585889143971,119.11973049155006,120.88348440473986,2189200
2022-03-17,123.97480773925781,124.01273155561742,121.78432752755835,121.78432752755835,1151400
2022-03-18,125.84284973144531,125.91869735170697,123.51013750501161,123.51013750501161,988200
2022-03-21,125.56786346435547,126.39284027752745,124.3920226350721,125.76700328264658,867700
2022-03-22,126.83853149414062,127.16094905832216,125.9851081323601,125.9851081323601,819000
2022-03-23,125.02737426757812,126.31700109687885,124.99892778723608,126.24113899289448,1068100
2022-03-24,127.01685333251953,127.05490184685976,125.34308148295995,125.54278539384869,875800
2022-03-25,127.41629791259766,127.57796784863035,126.25606471400165,127.08345316591586,1478500
2022-03-28,128.3197479248047,128.32926731020086,126.57941272577186,127.36873810571176,736100
2022-03-29,130.6592254638672,130.89697789498356,129.20418174633548,129.3658516581438,1083800
2022-03-30,129.75575256347656,130.67823303934637,129.24219925152073,130.59264565777204,1414600
2022-03-31,128.03445434570312,130.02206135009465,127.75865337669191,129.85087203980183,1269200
2022-04-01,128.2056121826172,128.32924808417903,127.21656850389063,128.11051992170934,1357600
2022-04-04,129.3183135986328,129.36586699274426,128.17710469625044,128.17710469625044,793600
2022-04-05,127.60647583007812,129.50849524870208,127.27363113857287,128.8523107387323,1663800
2022-04-06,126.42721557617188,126.9883077442913,125.381099236242,126.27505056104489,1591400
2022-04-07,127.0549087524414,127.68256416060478,125.68545238689002,126.18948639486975,1328500
2022-04-08,126.53185272216797,127.60648389394547,126.26557114763393,127.03588673905433,965500
2022-04-11,124.37307739257812,125.84714568524065,124.25896084466564,125.84714568524065,2177300
2022-04-12,123.84049224853516,126.20851177767311,123.36498736799594,125.41917193462713,1288600
2022-04-13,125.26700592041016,125.52378261706558,123.84049128983573,124.06873885478024,1088400
2022-04-14,123.86901092529297,125.7329962846301,123.82145753900133,125.35258370555309,653200
2022-04-18,123.53617858886719,124.15434372253338,122.90852309163806,123.43156692078578,1031700
2022-04-19,126.07536315917969,126.313115584679,123.48861560884663,123.48861560884663,771000
2022-04-20,126.01830291748047,127.07392437210709,125.79957472742497,126.85519618205159,1245200
2022-04-21,123.87852478027344,127.4353064684453,123.63126746938724,127.12147150967216,1379600
2022-04-22,120.58804321289062,123.84999979847665,120.46440729767633,123.54568421420913,1291400
2022-04-25,121.58660125732422,121.62464251993038,118.77161312512905,119.8938049773094,1452900
2022-04-26,118.50532531738281,121.15864338584367,118.46728405677499,120.93040307782522,1267500
2022-04-27,118.39119720458984,120.1886049826933,118.0773695134056,118.49580885352736,2377900
2022-04-28,121.7387466430664,122.39494565878441,118.78111314711133,120.30272721811201,1903800
2022-04-29,117.4306869506836,121.61512404005919,117.24999277664679,120.9208909867268,1920400
2022-05-02,118.46727752685547,118.95229450333551,115.75690134469315,117.41165618396676,2221800
2022-05-03,118.78111267089844,119.4658408140106,117.84911997485617,118.11540152926018,1856300
2022-05-04,122.53762817382812,122.7278272465384,117.85865407548233,119.11398682000693,1909700
2022-05-05,117.63041687011719,121.32033267063366,116.41312535883876,121.04453892891749,1835900
2022-05-06,116.32752227783203,117.4687311731741,114.72031334108614,116.87910972135336,1953300
2022-05-09,112.89437103271484,115.11022557951519,112.45690740102691,114.59667942345659,3111100
2022-05-10,113.0560302734375,115.23384335228677,111.92433366677255,114.82490889196785,3784200
2022-05-11,111.11597442626953,114.19725120479883,110.9447996386464,112.75171233831209,2370500
2022-05-12,111.60098266601562,112.44738068687988,109.55631043643368,110.18398029763797,3560100
2022-05-13,114.33039855957031,114.82492045981783,112.63760228768412,112.83731347368575,1926200
2022-05-16,113.94047546386719,114.98659199004798,113.13211863005994,113.91194633235835,1948800
2022-05-17,116.06122589111328,116.14681328232058,114.5205875487273,115.58572103606396,1407900
2022-05-18,110.71656799316406,114.14020209472888,110.34567472207293,114.0070612925746,1035000
2022-05-19,109.7275161743164,111.14452610448554,109.12838256832087,109.73702830459143,1512200
2022-05-20,110.2981185913086,111.12549246466578,107.68284166988431,111.00186380404304,1732600
2022-05-23,112.10501098632812,112.2571760076766,110.43123928526033,110.86870283819584,1413000
2022-05-24,111.06844329833984,111.41080743109741,108.98572936666955,110.80216169633495,1141100
2022-05-25,112.30473327636719,112.84681577697798,110.40271385458603,110.5263497606039,1194900
2022-05-26,115.16728210449219,115.69034038209952,112.61857562162413,112.61857562162413,1865800
2022-05-27,118.258056640625,118.26756876935346,115.93759786923415,115.97563187289136,1003000
2022-05-31,117.23097229003906,118.0868825424487,116.25143337835922,117.73501356774555,2154300
2022-06-01,115.85201263427734,117.91570214268974,115.23385481801508,117.24048606067767,1356100
2022-06-02,118.59090423583984,118.59090423583984,115.60473442003021,115.87101596962424,995200
2022-06-03,116.75546264648438,117.64941412433846,116.47967620669772,117.22146264337302,807800
2022-06-06,117.01224517822266,118.32463607354684,116.69841020685311,118.0108011021773,1187300
2022-06-07,118.22001647949219,118.3816936468646,115.78543390762977,115.89955768654646,1559600
2022-06-08,116.90762329101562,118.36266697833123,116.68888786645442,117.71598008889893,682500
2022-06-09,114.15165710449219,117.07176899237757,114.14211220899747,116.53737133462653,772200
2022-06-10,110.69715118408203,112.41486851125656,110.65897887896452,112.41486851125656,1526700
2022-06-13,106.21200561523438,108.12057709237696,105.8112000717614,107.8533709698542,2709600
2022-06-14,105.92571258544922,106.97542539818961,105.04777148974794,106.87999828441723,2728900
2022-06-15,107.36668395996094,108.81719499095985,105.49628489971043,107.03268542788442,2054800
2022-06-16,103.6068115234375,104.96189564489907,102.74795282651714,104.96189564489907,1702900
2022-06-17,103.654541015625,104.74242640049091,102.67162038557171,103.66407863293821,1610000
2022-06-21,105.86846923828125,106.45058416014133,105.1432099899498,105.23863711405642,2091700
2022-06-22,105.6871566772461,106.9086413863588,104.43704455786092,104.5324716856435,1735400
2022-06-23,107.2139892578125,107.38576096273125,105.70621621248361,106.26924852107014,1267900
2022-06-24,110.75440216064453,110.83074676823205,108.00606181309654,108.00606181309654,1352600
2022-06-27,110.27725219726562,111.13611077587495,109.93370876582189,111.0311387673437,1077000
2022-06-28,107.47167205810547,111.28881535191053,107.4048723416888,110.61127329093489,879300
2022-06-29,107.27127075195312,107.87246818761486,106.64143862644026,107.59572443070371,1287900
2022-06-30,106.62235260009766,107.63389318948234,105.25772365374725,106.24063683484711,1508900
2022-07-01,107.18537139892578,107.38577052574017,105.35314457037511,106.35514020444708,1807300
2022-07-05,107.9106216430664,107.94879394224355,105.15273673295668,105.897078365357,2534700
2022-07-06,108.50228118896484,109.24663015076435,107.41439607330219,108.02513833891554,1151800
2022-07-07,110.38221740722656,110.61125120116395,109.02713355589417,109.02713355589417,1139700
2022-07-08,110.24861907958984,110.80210649942069,109.30387833237629,109.72376634474749,690400
2022-07-11,108.96988677978516,109.74285586958928,108.76948765578491,109.4661121419826,4932900
2022-07-12,107.9106216430664,109.68559351138485,107.33805171665244,108.89353468485768,2187300
2022-07-13,107.44303131103516,108.225552631552,106.07840964982272,106.34560850042718,1404800
2022-07-14,107.40484619140625,107.57661788903047,105.31495841708185,106.1451895023691,1975200
2022-07-15,109.24663543701172,109.29434535595198,108.05377825416822,108.58817594228293,1096300
2022-07-18,108.44503021240234,110.55400081053885,108.12057655759166,110.20091974861221,817000
2022-07-19,111.59416961669922,111.74685153939478,109.5329090556444,109.70468076906563,976700
2022-07-20,112.73931884765625,113.11148971076038,111.34606251489829,111.68960597016711,1453800
2022-07-21,113.66498565673828,113.69361306670407,111.6705244885184,112.55801060057354,1680400
2022-07-22,112.30033111572266,114.1325577434843,111.67049911708004,113.76038693723963,1737800
2022-07-25,112.12858581542969,112.44350188889916,111.43195395114475,112.44350188889916,1088200
2022-07-26,110.59217071533203,111.61325613718529,110.34405439133695,111.49873923058244,657300
2022-07-27,113.40729522705078,113.90352780752505,111.2887873478022,111.50826895481792,1180700
2022-07-28,115.21092987060547,115.43041153132987,112.57709897755176,113.52183989764923,1272400
2022-07-29,116.44194030761719,116.66142922660934,114.87691230984906,115.11548373976034,1081100
2022-08-01,116.14611053466797,116.89045220847116,115.33496915374455,115.74531229194658,1103800
2022-08-02,115.1632080078125,116.62326408360212,114.68606511869837,115.63080600057,678200
2022-08-03,116.65189361572266,117.01452687764974,115.49720867671988,115.75486991868101,875800
2022-08-04,116.92864227294922,117.10041401458477,116.27972761350641,116.86184255568114,875200
2022-08-05,116.7282485961914,116.89047544850546,115.43996411381045,115.5640186572347,768900
2022-08-08,116.66143035888672,117.72068810042332,116.22245979726415,116.8522845924192,622200
2022-08-09,115.53536987304688,116.30833896336063,115.14411652039475,116.2892564527575,586600
2022-08-10,118.43640899658203,118.4841261979352,117.4344060131474,117.52984041585373,637900
2022-08-11,118.04513549804688,119.76285263130237,117.8161089738201,119.08531067335768,783500
2022-08-12,120.03961181640625,120.06823922554493,118.52229360645069,118.77040995335732,1286300
2022-08-15,120.48812866210938,120.68852780895531,119.38115362548655,119.38115362548655,770800
2022-08-16,120.69804382324219,121.32786852252667,119.78192325599366,120.39267272769975,529000
2022-08-17,119.66743469238281,120.52629332484409,119.12349210526108,119.4861180698014,941600
2022-08-18,120.23999786376953,120.52628648521782,119.59108329835924,119.85828212871252,652400
2022-08-19,118.36959838867188,119.4479386021525,118.11193717407552,119.23799458451757,492500
2022-08-22,115.98390197753906,117.10995956103451,115.64990338934616,117.10995956103451,777700
2022-08-23,115.62126159667969,116.63280213241455,115.53537209575794,115.96479775849987,758000
2022-08-24,115.97435760498047,116.47059032164512,115.28727063152061,115.5163044764227,646900
2022-08-25,118.0069808959961,118.0069808959961,116.16520908298158,116.47058023578397,494300
2022-08-26,113.62680053710938,118.02605829448669,113.57908333879836,117.82565916670045,854500
2022-08-29,112.52938079833984,113.56001121893684,112.40532626425097,112.6248079230715,6389900
2022-08-30,111.38422393798828,113.01605155079397,110.72576449960951,112.83473494471939,847300
2022-08-31,110.45857238769531,112.26217182090639,110.45857238769531,111.78502895962045,1447600
2022-09-01,110.68761444091797,110.80213136470586,108.81721503612216,109.57110173632337,1443800
2022-09-02,109.57109069824219,112.1858316426947,109.0366930023133,111.88046049064639,1432500
2022-09-06,109.46611022949219,110.4585682171699,108.69314115319267,109.6855991408704,1224000
2022-09-07,111.412841796875,111.63233068440213,109.23707183289324,109.31341642686974,1389800
2022-09-08,112.26216125488281,112.30987844876921,110.33450748019062,110.49673429040983,1194800
2022-09-09,114.21847534179688,114.52384652157069,112.958818315152,112.958818315152,539200
2022-09-12,114.91509246826172,115.51629717233656,114.45703936866661,114.54292159460717,1071200
2022-09-13,109.69514465332031,112.5580019190594,109.36114609510858,112.18583105696311,986900
2022-09-14,109.81919860839844,110.3726860542132,108.89354032709974,110.03868023926229,1042200
2022-09-15,108.27325439453125,109.95279926116856,107.84382874278667,109.38022929863509,1089500
2022-09-16,107.45258331298828,107.69115477117903,106.52692489030848,106.88955816635722,994000
2022-09-19,108.17784118652344,108.20646859623669,106.50784100076895,106.51738589754771,683600
2022-09-20,106.6509780883789,107.21400318950494,105.82074685995205,107.21400318950494,793400
2022-09-21,104.95234680175781,108.33051184723726,104.92371211440437,106.91817305726933,1002400
2022-09-22,103.90262603759766,104.89508405496233,103.71177180682923,104.68514003274373,1167300
2022-09-23,102.38532257080078,102.8720103588908,101.15429303658647,102.75749344386293,1691500
2022-09-26,101.25366973876953,102.97032211980398,100.96595985624921,102.04966073921169,2608100
2022-09-27,101.10980224609375,103.07580246014237,100.45766626786563,102.24144975782004,2636600
2022-09-28,103.51695251464844,103.97727949084864,101.26324244679093,101.70439949773373,2341600
2022-09-29,101.387939453125,102.66344213532807,100.55358658918237,102.4045017596918,1378500
2022-09-30,99.68087005615234,101.96334255355,99.63291597122252,100.83169492680732,2155700
2022-10-03,102.45243835449219,103.00867350213916,100.42889905134913,100.75496338956358,1925400
2022-10-04,105.41582489013672,105.45418669487579,103.78548843094002,103.78548843094002,1537700
2022-10-05,105.43500518798828,106.15427253504092,103.61285977876842,104.29376532263302,1252600
2022-10-06,104.53353118896484,106.15428277537005,104.40886080415157,104.9075496601712,1310600
2022-10-07,101.5988998413086,103.31555190418823,101.08102653881153,103.31555190418823,1094200
2022-10-10,101.00431060791016,102.07841909276846,100.17955017283003,102.07841909276846,1043000
2022-10-11,100.41930389404297,101.81947668585445,99.74799067768312,100.34258029309747,1414700
2022-10-12,100.026123046875,100.9851462503282,99.97816895999578,100.31382561785114,1120800
2022-10-13,102.12638092041016,102.653846619518,97.43675794749322,97.82036869986561,1763800
2022-10-14,99.56578063964844,103.24843324787373,99.43151798736184,102.78809892805839,2319500
2022-10-17,102.18392181396484,102.51957846051813,101.16735227713266,101.16735227713266,1475800
2022-10-18,103.35391235351562,104.47597489876394,102.34694252670985,104.43761309820486,1505500
2022-10-19,102.50997161865234,103.48817921167252,101.65644170290314,102.80726641811677,1310000
2022-10-20,101.70439147949219,103.83341638090798,101.47422069277309,102.55792135913903,1419400
2022-10-21,104.2841796875,104.40885738499689,101.33997878530108,101.52219553286344,1342400
2022-10-24,105.55968475341797,105.96247274682035,103.91016365651318,104.66779287273184,1037800
2022-10-25,107.83256530761719,107.9188738790537,105.42541515286355,105.42541515286355,991900
2022-10-26,107.3722152709961,109.09845961488867,106.89270376622203,106.89270376622203,1232500
2022-10-27,106.44197845458984,107.94764452276394,106.33648532167345,107.47772522316932,1085900
2022-10-28,108.9642105102539,109.07928860296073,106.40361319603977,106.40361319603977,880400
2022-10-31,107.94763946533203,108.56141367349012,107.727068246307,108.25452656941107,1072900
2022-11-01,107.90927124023438,109.19436594235616,107.333858868929,108.80116297662556,1347200
2022-11-02,104.89795684814453,108.82995789150964,104.86918732231533,107.51609345009952,1541300
2022-11-03,103.93891906738281,104.82122586419491,103.05661958733617,103.6895783339558,1570000
2022-11-04,105.62680053710938,106.37483736239125,103.88137883919654,105.52130741387573,1361100
2022-11-07,106.84477233886719,107.05575128516239,105.54050027336727,106.02959681035527,852100
2022-11-08,107.47771453857422,108.58059252602767,106.26934342869167,107.31468237364392,894200
2022-11-09,105.25279998779297,107.27633959795656,105.12812960134228,106.74887389226781,797600
2022-11-10,112.04266357421875,112.1961034559762,108.97378545465334,108.97378545465334,1682100
2022-11-11,113.64425659179688,113.97032098895733,111.90842682825803,111.90842682825803,1060600
2022-11-14,112.71399688720703,114.27720940482533,112.70440460639655,113.38531752537821,1107200
2022-11-15,113.97989654541016,114.99646602976577,112.82907172612978,114.73752568952995,1151400
2022-11-16,112.36873626708984,113.1263654035148,112.1865268512266,112.57013024258016,799800
2022-11-17,112.1673355102539,112.253651389826,110.71920865011742,110.82470177139152,678500
2022-11-18,112.58931732177734,113.24145334514414,111.63988646842886,112.94415119839658,1962300
2022-11-21,111.97554016113281,112.3016045058704,111.50561357004771,111.8508624743379,3035200
2022-11-22,113.80728149414062,113.86482786159543,112.13858317327858,112.2920230807032,717200
2022-11-23,114.53614044189453,114.75671899606465,113.61547905294462,113.61547905294462,628700
2022-11-25,114.32514190673828,114.48817407633663,114.16210973713993,114.16210973713993,260800
2022-11-28,112.77153778076172,113.95113956966155,112.48383520264542,113.203102623086,502000
2022-11-29,112.70439910888672,113.16473344737175,112.09062486875072,112.78112271809523,569000
2022-11-30,116.27196502685547,116.27196502685547,112.22488615030998,112.77152905487677,952700
2022-12-01,116.24319458007812,116.91451517194169,115.47598045379026,116.46377312290502,1570100
2022-12-02,116.20482635498047,116.50212848903756,114.54572050244725,114.63202906871943,816400
2022-12-05,114.29638671875,115.7157442921346,113.81687511266642,115.7157442921346,834600
2022-12-06,112.43587493896484,114.12375777491867,111.82210069257549,114.1045805308042,571500
2022-12-07,112.29203033447266,113.04965959013222,112.01392002700241,112.10982088993354,640800
2022-12-08,113.241455078125,113.6058812403494,112.4646413528012,112.96333748717771,585800
2022-12-09,112.18653106689453,113.44284904934759,112.16734650654654,112.9441529150232,741700
2022-12-12,114.05661010742188,114.06620238648816,112.29200391424742,112.29200391424742,1345000
2022-12-13,115.04940032958984,117.63001984189836,114.27906329593895,117.17744738561436,1313700
2022-12-14,114.5871810913086,116.1856276479671,113.56649090472938,114.97234955586897,792500
2022-12-15,111.62139892578125,113.25836314363333,111.04364987391254,113.09466157931368,742400
2022-12-16,110.32147979736328,111.13995836714874,109.66669547223913,110.80293864388167,652100
2022-12-19,109.13707733154297,110.55256737993734,108.70376734984106,110.55256737993734,939600
2022-12-20,109.31038665771484,109.75333515352982,108.4726531705557,108.78078646342013,1173800
2022-12-21,111.26512908935547,111.52511360299516,110.17702752434367,110.35998421505782,784000
2022-12-22,109.5511245727539,110.25405760478046,107.91416770411246,110.18665367128293,1355800
2022-12-23,110.19628143310547,110.24442290038594,108.81930910947013,109.29113662909303,799700
2022-12-27,109.84964752197266,110.43702787751072,109.49336534593982,110.22518481859815,786700
2022-12-28,108.38600158691406,110.37924070449078,108.3763777004777,109.8688955571925,835200
2022-12-29,110.28295135498047,110.62960227807767,109.06967312414027,109.12745317564197,806600
2022-12-30,109.73407745361328,109.85925408392151,108.74227360373162,109.58001447373218,1086200
2023-01-03,109.42594909667969,111.10142356598456,108.63635700457255,110.85107029404466,1781800
2023-01-04,110.31183624267578,110.82218138754811,109.2911459529311,109.84963991566913,1521800
2023-01-05,109.0311508178711,109.80148040334626,108.83856291164422,109.67630377415686,857600
2023-01-06,111.833251953125,112.13175406486307,109.44522036626356,110.05185582296693,532000
2023-01-09,111.74658966064453,113.47983692100142,111.72732719474735,112.23767234384928,925400
2023-01-10,112.555419921875,112.555419921875,111.26511406771644,111.5732473572526,691500
2023-01-11,114.17313385009766,114.17313385009766,112.86356539162138,113.02725961231144,2110400
2023-01-12,114.71236419677734,115.03975998140577,113.30650546626198,114.53903874526297,1750200
2023-01-13,114.96272277832031,115.13604822676429,113.56649530497776,113.56649530497776,684400
2023-01-17,114.72200012207031,115.51159224538449,114.46201560740266,114.81829041096655,1410800
2023-01-18,113.12356567382812,115.55011485329685,113.06578562079613,114.97236574832606,1460200
2023-01-19,112.1510238647461,112.9598711932402,111.92954956490857,112.44952599600289,824900
2023-01-20,114.40422821044922,114.49089460742528,112.13174227532996,112.71912255030013,487800
2023-01-23,115.92565155029297,116.41674159294017,114.46202000203265,114.65460058721902,1017200
2023-01-24,115.84862518310547,116.0508370168645,115.04940908200423,115.4634639834572,492700
2023-01-25,115.71379852294922,115.83898250435875,113.96128890151574,114.6738458210495,616900
2023-01-26,116.95596313476562,117.00411195019535,115.6367634646558,116.37821408199791,1065500
2023-01-27,117.23521423339844,117.95740241142758,116.61894757586514,116.76338668076657,889500
2023-01-30,115.6560287475586,117.12929143928186,115.62714239618802,116.59005995642313,615200
2023-01-31,117.58187103271484,117.58187103271484,115.90639643282688,115.9160203195515,765600
2023-02-01,118.99736022949219,119.82546996335911,116.50339979475949,117.10041135880816,646800
2023-02-02,121.52019500732422,122.04980261208227,120.45135591152383,120.45135591152383,814000
2023-02-03,120.12396240234375,121.42389960433609,119.81582908523092,120.02767211821057,965400
2023-02-06,119.06474304199219,119.62323692089406,118.67957459631927,119.19955089600614,472800
2023-02-07,120.51876068115234,120.90392181309402,118.38108260507872,118.8625413664835,608900
2023-02-08,118.84327697753906,120.1143277932061,118.65069641468673,119.85434329870769,506600
2023-02-09,117.64926147460938,119.88322980032255,117.2833554661355,119.76767705457827,510300
2023-02-10,117.83222961425781,117.93815113820757,117.0041198887297,117.20633170359424,937200
2023-02-13,119.54620361328125,119.54620361328125,118.0344235014532,118.0344235014532,428100
2023-02-14,119.38253021240234,120.11434231691078,118.19813830286405,118.93958164062295,536300
2023-02-15,119.44029998779297,119.44029998779297,118.19813540219253,118.43886480219699,599500
2023-02-16,117.79371643066406,119.11290889310064,117.77445396387428,117.77445396387428,559500
2023-02-17,117.32188415527344,117.39891933121991,116.42637778419085,117.10041720752571,426700
2023-02-21,114.79902648925781,116.39746573250957,114.74125378964557,115.8678655109497,652200
2023-02-22,114.53905487060547,115.40568225018521,114.1731487976624,115.01088982233597,473400
2023-02-23,115.6560287475586,115.97379330559089,114.34646027792058,115.81972296964385,471800
2023-02-24,114.30794525146484,114.61607858377515,113.57612583229856,114.12498856005374,320700
2023-02-27,114.49089050292969,115.68490612801617,114.26941624879977,115.1264122232341,538300
2023-02-28,114.3464584350586,115.29974474731391,114.28868573324853,114.32720331661451,556100
2023-03-01,114.00943756103516,114.53903779715573,113.59538272731584,114.21164936171513,681100
2023-03-02,115.1167984008789,115.36715167954684,113.2968847817906,113.31613990073504,583700
2023-03-03,116.9078369140625,116.9752408565689,115.3479076562986,115.69455860246836,484000
2023-03-06,117.02337646484375,117.86111743383371,116.89819981974435,117.16781557625283,2735800
2023-03-07,115.38642120361328,117.29299399430123,115.27086844344369,117.22559005415526,701400
2023-03-08,115.78120422363281,116.02193361127554,115.11679610934385,115.57899241959026,1216500
2023-03-09,113.87464141845703,116.63821032543174,113.62428077668086,115.83899427278385,649700
2023-03-10,111.99693298339844,114.24053253976818,111.59250939326964,113.69166985417122,1178100
2023-03-13,111.95841979980469,113.41242735074387,110.7644041002175,111.15920382024171,1633800
2023-03-14,113.95166015625,114.40423258342555,112.52654628607799,113.20058563731098,1308900
2023-03-15,113.40280151367188,113.4605815647646,111.73695819447566,112.48803274037714,1630100
2023-03-16,115.39604187011719,115.47307704141377,112.59395546912766,113.07541427001397,1830100
2023-03-17,114.56794738769531,115.73307688456671,114.12499879544977,115.4056810572303,43206800
2023-03-20,115.55973815917969,115.73306361342868,114.56793425016293,115.10716573161407,11609200
2023-03-21,116.84042358398438,117.01374905404141,115.82936446405047,116.72487816826542,2873300
2023-03-22,114.90495300292969,117.99591745680594,114.90495300292969,116.47450596467408,2788900
2023-03-23,115.6824951171875,117.2278963315586,114.81321614537767,115.94328470394575,2169600
2023-03-24,116.1750717163086,116.30063978030505,114.46548168444322,115.38305704786522,2440900
2023-03-27,116.13643646240234,116.94777269916199,115.9239434630363,116.62903320011291,1428300
2023-03-28,115.81770324707031,116.09779961377225,115.29613153597333,116.08814620044998,1522100
2023-03-29,117.3824234008789,117.48866991078047,116.6676801816472,117.00573390905284,2106200
2023-03-30,118.07783508300781,118.23237811799537,117.5176276347042,118.07783508300781,1530100
2023-03-31,119.83572387695312,119.92265617805688,118.32896610198587,118.32896610198587,1363300
2023-04-03,120.37661743164062,120.41525319358772,119.42040627275883,119.71982421657619,1155900
2023-04-04,119.28519439697266,120.65673089596851,118.9664548620033,120.65673089596851,1041500
2023-04-05,119.15962219238281,119.38176860876665,118.48350742260794,119.14030062720805,911900
2023-04-06,119.43973541259766,119.50734615803813,118.32898113548818,118.96645282549574,894800
2023-04-10,119.86469268798828,119.86469268798828,118.64769211826653,118.8215493425125,1295800
2023-04-11,120.08685302734375,120.53115320940957,119.79708851472716,120.10616722264328,1754400
2023-04-12,119.47834777832031,120.8209090926715,119.33347289254094,120.705009184048,3721800
2023-04-13,120.87886810302734,121.04306455521395,119.47834944580072,119.88402123869741,2224700
2023-04-14,120.7339859008789,121.55497553120134,119.98060700790025,120.63740018596174,1281000
2023-04-17,120.898193359375,120.90785414245151,120.08686443738846,120.45389313509403,1223800
2023-04-18,121.09136199951172,121.52600140418984,120.69535098585665,121.50668720867831,1193300
2023-04-19,120.79194641113281,121.04307518707587,120.33798540543441,120.55047841823097,1193400
2023-04-20,120.78228759765625,121.3714700635194,119.96129056327717,119.96129056327717,1353300
2023-04-21,120.5987777709961,120.95615306165428,120.15447753799914,120.95615306165428,917900
2023-04-24,120.78228759765625,120.84989833788556,120.04822286872516,120.36696237367106,743900
2023-04-25,118.71532440185547,120.38627874153008,118.6670278569556,120.24139647584859,746700
2023-04-26,117.81704711914062,118.91814039762647,117.64318989785248,118.86018307785234,1230100
2023-04-27,120.5987777709961,120.70502427986695,118.90850178134704,118.90850178134704,864800
2023-04-28,121.88338470458984,121.88338470458984,120.38628022249424,120.38628022249424,972200
2023-05-01,122.1248550415039,122.54983370014358,121.69020823075772,121.69020823075772,827400
2023-05-02,120.44422912597656,122.02825853325284,119.52665372178026,121.90269783269468,935400
2023-05-03,119.661865234375,121.41009095879203,119.59425449832068,120.46354065403159,1169400
2023-05-04,118.30001068115234,119.23690036981482,118.0488818874704,119.14997542335887,1470900
2023-05-05,120.2896957397461,120.62774945463211,119.22723804909648,119.22723804909648,973700
2023-05-08,120.29935455322266,120.43457603696324,119.8550469706257,120.3283295327359,687600
2023-05-09,119.81641387939453,120.14480679302619,119.68119240095587,119.8453888577717,1668700
2023-05-10,120.39594268798828,120.8885394566422,119.19826350698459,120.67604644392803,782800
2023-05-11,120.2703857421875,120.38629304230504,119.69086397963784,120.1641465950202,1219100
2023-05-12,120.37661743164062,120.75330689935218,119.6328992789588,120.59877122058191,921000
2023-05-15,120.898193359375,120.96580410287388,120.04822867410076,120.637411168456,988700
2023-05-16,119.90335083007812,120.59877985689064,119.8840366322305,120.35731185419289,598200
2023-05-17,121.41009521484375,121.62258821246846,120.02889809930099,120.31866261770155,1554400
2023-05-18,122.69471740722656,122.85891387655606,121.24590942580954,121.27488440639493,869200
2023-05-19,122.3952865600586,123.02310475969594,121.97030057217773,122.86856172082373,1132200
2023-05-22,122.54981994628906,122.9941201212409,122.18279128933342,122.21176626632761,840600
2023-05-23,121.0720443725586,122.13450201667281,120.87887293508983,121.91235560048553,939200
2023-05-24,120.21243286132812,120.65673311414197,119.7294968427454,120.608443933695,930500
2023-05-25,122.21177673339844,122.70437349154172,121.4004478320031,122.1731409710913,1027100
2023-05-26,123.90206146240234,124.1531828817383,122.30837115668103,122.46291421690505,880700
2023-05-30,123.92138671875,124.78101225203687,123.5157148580939,124.78101225203687,988800
2023-05-31,122.76231384277344,123.4287677946312,122.33733522869129,123.15832484866503,1441700
2023-06-01,123.85374450683594,124.16283057635682,122.54981896936901,123.08105144008617,1195000
2023-06-02,125.640625,125.88209298745278,124.58782811183455,124.85827107873877,1513400
2023-06-05,125.03211212158203,125.85310911613034,124.92586562508797,125.50539464924385,1587800
2023-06-06,125.32189178466797,125.4474598606241,124.78100582368327,125.04179538988556,1090000
2023-06-07,124.58080291748047,125.81110030092124,124.4839223569726,125.37516734243209,1025000
2023-06-08,125.11359405517578,125.2589148871108,124.29016846846633,124.29016846846633,941500
2023-06-09,125.2879638671875,126.00484146848972,125.07483849333806,125.42358776128296,1338500
2023-06-12,126.73143005371094,126.7604912674956,125.40423723598215,125.7433044393353,1011700
2023-06-13,127.5257797241211,127.70984391131466,126.90578259888336,127.31265432651773,834100
2023-06-14,128.1263885498047,128.36857514036737,126.91545559699122,127.42888998643242,870200
2023-06-15,129.63763427734375,130.00574781203358,127.709823858774,127.79700747631408,1326900
2023-06-16,129.32765197753906,130.45140141503683,129.2501504871705,130.21889694393107,676300
2023-06-20,128.75607299804688,129.0951253305321,128.1651371696577,128.70763272715033,1248700
2023-06-21,128.38795471191406,128.86264575276815,128.00046207824704,128.62045916125214,863900
2023-06-22,128.73670959472656,128.74639173732564,127.87452588270241,127.94234522658718,1003100
2023-06-23,127.9229736328125,128.33952751736416,127.56452738914703,127.82609307357363,884400
2023-06-26,127.23516082763672,128.3007878825677,127.2157965407459,127.76797435510221,735400
2023-06-27,128.9595184326172,129.1920228944178,127.53546001562015,127.70015991474803,1070100
2023-06-28,128.65921020507812,129.1435834170734,128.2329594134187,128.55264750716327,1109000
2023-06-29,129.23077392578125,129.36639784108252,128.5429722060028,128.73671854473344,803400
2023-06-30,130.65484619140625,130.8873506915154,130.07360711398294,130.14141168782746,1022000
2023-07-03,130.4804229736328,130.55792444044897,130.18979616854557,130.26729763536173,480500
2023-07-05,130.3641815185547,130.74199194032096,129.96699203411242,130.05417564331378,851500
2023-07-06,129.33734130859375,129.4632830851792,128.59141713839952,129.1339128192312,921500
2023-07-07,128.73670959472656,130.01546194886419,128.71733052763133,129.00795740647143,993400
2023-07-10,129.56983947753906,129.56983947753906,128.74639907090392,128.80453627550122,1057400
2023-07-11,130.44171142578125,130.5676532020639,129.44390370481514,129.75390968277284,968400
2023-07-12,131.64295959472656,131.96264770942847,131.21670877512403,131.38139390417078,1094300
2023-07-13,132.89263916015625,133.12514364406368,132.27264198496843,132.49546432525838,1862000
2023-07-14,132.96043395996094,133.63855343543582,132.73762644271116,133.18324147721071,786900
2023-07-17,133.70639038085938,133.9679412817657,132.7570082082806,132.96045146866118,727600
2023-07-18,134.442626953125,134.63637328069953,133.5126386680083,133.57076108809093,829300
2023-07-19,134.47171020507812,134.83983863513956,134.21984141613592,134.64609227580712,1013400
2023-07-20,133.49325561523438,134.52012442442975,133.32857050261782,133.87106611638922,14984000
2023-07-21,133.6094970703125,134.3360568450595,133.6094970703125,134.29731349444077,2723900
2023-07-24,134.20045471191406,134.4038979858755,133.72576359393665,133.93888901164905,1466900
2023-07-25,135.03353881835938,135.34354471280133,134.18103739053865,134.18103739053865,1071100
2023-07-26,134.985107421875,135.4597984357291,134.34573130898474,134.72355656087996,1297400
2023-07-27,134.38449096679688,136.39948509033047,134.00668049250282,136.17667757520726,834600
2023-07-28,135.5567169189453,135.73109900932567,134.88829412120776,135.0917226477666,897000
2023-07-31,135.59544372558594,135.8570094097529,135.12075263682334,135.73106763924696,951900
2023-08-01,135.59544372558594,135.73106763924696,135.0529480709418,135.1691929163947,1067400
2023-08-02,133.4835662841797,134.5782544983167,133.2704556654153,134.49107086583615,1103500
2023-08-03,133.231689453125,133.69668358006408,132.6795116989905,132.96044164725248,1061900
2023-08-04,132.4857635498047,134.19076681844905,132.24357692931756,133.43514574508103,909000
2023-08-07,133.96795654296875,133.96795654296875,132.8926472599423,132.8926472599423,802700
2023-08-08,133.4351348876953,133.5029394493275,132.52451090365582,133.37699768671442,875700
2023-08-09,132.6020050048828,133.53199322222616,132.30169600174287,133.53199322222616,720100
2023-08-10,132.44700622558594,134.25855722556093,131.93357182685617,133.02825996621047,832600
2023-08-11,131.9238739013672,132.47606642895911,131.54606340739775,131.88513055050473,806500
2023-08-14,133.3479461669922,133.3479461669922,131.59451741502832,131.81733974690408,830600
2023-08-15,132.16607666015625,133.12514100764503,131.9626481749273,132.81514981713954,945100
2023-08-16,131.37171936035156,132.77639889210062,131.37171936035156,131.9917165569394,982200
2023-08-17,130.509521484375,132.04982477519866,130.36421543123978,131.90451872206341,1886900
2023-08-18,130.6451416015625,131.02295211064262,129.49233100716754,129.66671304776452,837300
2023-08-21,131.90451049804688,132.14669709277072,130.5966969737795,131.00356867908795,1475000
2023-08-22,131.32325744628906,132.37918745716453,131.15857233484124,132.37918745716453,3756000
2023-08-23,132.71824645996094,132.85387035411864,131.4394942162776,131.69137772106748,1258600
2023-08-24,130.92605590820312,133.7644902402598,130.91637376673162,133.58042607903386,1269000
2023-08-25,131.7107696533203,132.27262956836478,130.20920974723953,131.37170249385466,1036400
2023-08-28,132.5826416015625,132.7570088697021,131.9142041765648,132.32107591745515,806100
2023-08-29,134.57826232910156,134.60732354161942,132.40826484241106,132.47608419288505,1324400
2023-08-30,134.97543334960938,135.2660602166521,134.4329377481411,134.72356461518382,795600
2023-08-31,135.0045166015625,135.73107649685323,134.96577324451584,135.1013971670275,815200
2023-09-01,135.3144989013672,135.99263325121024,134.87856594925233,135.64388393313877,629800
2023-09-05,134.5491943359375,135.23701082196058,134.48138977077906,135.11106905279775,968000
2023-09-06,133.65792846679688,134.38448819328224,132.9216865987741,134.33604792180412,783700
2023-09-07,133.1444854736328,133.36729296970643,132.48573034442688,132.50510940814033,478100
2023-09-08,133.13479614257812,133.74511103824975,132.89260956898084,133.20261547849512,654100
2023-09-11,133.5804443359375,134.01637727206108,133.02826655868694,133.81294880008886,1155000
2023-09-12,132.7570037841797,133.41575904078957,132.58263652271958,133.21231578718874,1549600
2023-09-13,132.98948669433594,133.35761500695213,132.55355382944018,132.66979865157373,1293100
2023-09-14,133.85171508789062,133.99703594609664,133.0282893523229,133.6095284394472,1288500
2023-09-15,131.81736755371094,133.454537022522,131.69142575537884,133.2414115708375,1002900
2023-09-18,132.18545532226562,132.5632658612841,131.5363969491774,131.59451937334973,829400
2023-09-19,132.020751953125,132.15637585142204,131.1682504313171,132.0401310191378,779500
2023-09-20,130.751708984375,132.553577965007,130.70326870570094,132.30170921055867,792500
2023-09-21,128.27169799804688,129.81200102977522,128.24263679230825,129.81200102977522,919000
2023-09-22,128.44610595703125,129.47297497042467,128.33954324157156,128.8045522446137,1016900
2023-09-25,128.872314453125,128.90137565852402,127.9713875219655,128.04887421509963,1410300
2023-09-26,127.17054748535156,128.21108791756083,126.96632122622836,128.16246120455156,5988000
2023-09-27,127.47196960449219,128.036006641004,126.46058773254529,127.82206104650696,1259600
2023-09-28,128.38613891601562,128.91126882666222,127.26778389112927,127.58870238494244,1281500
2023-09-29,128.1623992919922,129.63084518603415,127.78313485579758,129.54332604816977,1756300
2023-10-02,128.47360229492188,128.7750670051722,127.53030087581313,128.16240334319073,1149400
2023-10-03,126.85931396484375,128.3763720307673,126.4411569917841,127.73455004511263,1114100
2023-10-04,127.85123443603516,128.01655333426075,126.67453366317893,126.89821350088225,1082200
2023-10-05,127.9095687866211,128.18186045736564,127.04406708201525,127.71507685591544,1421000
2023-10-06,129.71839904785156,130.10738299056302,127.06354728381952,127.46226547030983,1498600
2023-10-09,130.72003173828125,130.87563123295533,129.07654731789955,129.14462766136367,1109800
2023-10-10,131.23545837402344,132.2176673221635,130.77839407591173,131.08959310389687,1928700
2023-10-11,132.1690216064453,132.24682135224998,131.21598584942643,131.66333067810717,1500200
2023-10-12,131.77032470703125,132.70390696833906,130.9339958533466,132.44133463878583,1369400
2023-10-13,131.0506591796875,132.48993213351386,130.59359497444015,132.08149462135776,1353000
2023-10-16,132.49964904785156,132.8108480067633,131.52717455942695,131.52717455942695,1410400
2023-10-17,132.28570556640625,132.8011158663238,131.20625827362392,131.42992325464127,1049800
2023-10-18,130.59361267089844,131.9842591200771,130.28242850275683,131.62444825225498,980400
2023-10-19,129.2710418701172,131.08957946832518,129.06683051318151,130.99232607249925,4343800
2023-10-20,127.85123443603516,129.54334555006074,127.81232714305001,129.19325410711699,1722600
2023-10-23,127.78317260742188,129.01821965991934,126.89823188738015,127.34556195003216,1528400
2023-10-24,128.7167205810547,129.09598502826438,127.82204585529804,128.58057474971744,1643100
2023-10-25,126.68428039550781,128.1235387633787,126.48978842776083,128.1235387633787,1478800
2023-10-26,124.59344482421875,126.15912957178152,124.34060676242805,125.87711845819902,1592200
2023-10-27,124.14611053466797,125.24499673819922,123.65014641308635,125.09913148425672,1972400
2023-10-30,125.7020492553711,126.01324821978771,124.70040170167806,124.78793568465983,1459100
2023-10-31,126.26611328125,126.42171279677017,125.09914659242173,125.66318370709247,9310800
2023-11-01,127.56919860839844,127.78314418687802,126.32443242748998,126.32443242748998,1705000
2023-11-02,130.156005859375,130.2532592615814,128.63894775318425,128.63894775318425,2483800
2023-11-03,131.27435302734375,131.80920219214778,130.91452733104666,131.16738022662597,1488200
2023-11-06,131.73141479492188,131.78002665350652,131.17709715472412,131.420215802786,1157400
2023-11-07,132.31491088867188,132.55802957392632,131.43968955727067,131.69252764797199,1478100
2023-11-08,132.72332763671875,132.94700747591963,131.9939716956015,132.46077018184144,1562100
2023-11-09,131.86756896972656,133.2290275493148,131.7216888684085,133.21930814474118,1165900
2023-11-10,134.00698852539062,134.05561521795047,132.13983927360152,132.57744982907374,1166600
2023-11-13,133.78335571289062,134.1237129650783,133.23875739957418,133.5888488958842,1405000
2023-11-14,136.15618896484375,136.51601472476804,135.42683287792065,135.49491323531817,1721600
2023-11-15,136.02978515625,136.681341517383,135.78666644662775,136.40904974970917,1882300
2023-11-16,135.9519500732422,136.02001557808555,135.2420477804123,135.73800447724668,1522300
2023-11-17,136.02978515625,136.2534502142417,135.5629865498476,135.98115844656786,906900
2023-11-20,137.13836669921875,137.37175109695542,135.553228416931,135.553228416931,2028900
2023-11-21,136.88552856445312,137.01195501937093,136.44791793276522,136.6132368452346,1172600
2023-11-22,137.2842254638672,137.78991636638648,136.8466148999951,137.20642572203474,1110400
2023-11-24,137.2842254638672,137.41065189919289,137.11890657701701,137.27450606068194,328700
2023-11-27,136.87582397460938,137.3523419542109,136.76885115628198,136.76885115628198,1004000
2023-11-28,136.77853393554688,137.2939442388933,136.40900371201272,136.53541530797656,843300
2023-11-29,136.71047973632812,137.65378127637587,136.59378753385943,137.3523165274753,1055000
2023-11-30,137.18701171875,137.18701171875,136.08811057001498,137.09947771912286,1462900
2023-12-01,138.00389099121094,138.15949050762356,136.76884394271403,136.99250897331555,1171000
2023-12-04,137.30369567871094,137.41066848179204,136.58405910900314,137.07029642504713,986000
2023-12-05,137.23561096191406,137.47872961219454,136.66185450856048,136.8563464610279,1313500
2023-12-06,136.8369140625,137.98442702295773,136.72020701452502,137.98442702295773,1626600
2023-12-07,137.87747192382812,137.98444474225056,137.11894278911896,137.28426171962866,727600
2023-12-08,138.58737182617188,138.79159805354226,137.45931238920875,137.45931238920875,949500
2023-12-11,139.78350830078125,139.83212016112876,138.76240697413482,138.84020672499014,1890100
2023-12-12,140.8726806640625,140.88240006875643,139.69597978952305,139.8710329455142,3530900
2023-12-13,142.49667358398438,142.66199245242004,140.83375065874307,140.85318946294834,1079600
2023-12-14,142.3994598388672,142.87597777258816,141.6701038310743,142.8370853145717,1660200
2023-12-15,142.2730255126953,142.67174362795706,141.9229340912822,142.06879933404448,1461600
2023-12-18,143.2649688720703,143.4886338809518,142.73982426487095,142.82734341980913,1034600
2023-12-19,143.91653442382812,143.9457074773662,143.31359002687367,143.35249732411518,3666000
2023-12-20,142.042724609375,144.36426278733092,141.99396480612972,143.73023650569422,1358200
2023-12-21,143.30104064941406,143.3888261545048,142.22805708515625,142.9596327288017,1062100
2023-12-22,143.09616088867188,143.60339072222885,142.5596692266348,143.1449355641191,993000
2023-12-26,143.74000549316406,144.05213674351776,143.2132774964654,143.2230264816822,778700
2023-12-27,144.01309204101562,144.07161570644314,143.5253749838618,143.87653186037028,1057400
2023-12-28,143.9711151123047,144.29322176726095,143.91255297389955,144.08823938911496,1089400
2023-12-29,143.61973571777344,144.22489770802855,143.12194261873088,144.07849235352452,997600
2024-01-02,142.57533264160156,142.8583879381105,141.94087473178922,142.62412449381748,1070000
2024-01-03,141.65780639648438,142.23368722192106,141.46257943067917,141.99942379919065,944400
2024-01-04,141.16001892089844,142.33132131039568,141.0917013879573,141.5797390856716,1251500
2024-01-05,141.2869110107422,141.96040540477438,140.80862871362686,141.24787454885015,1067600
2024-01-08,143.37570190429688,143.39522758076967,141.32593779274444,141.32593779274444,1165900
2024-01-09,143.2683563232422,143.60998869530118,142.47773757538366,142.7217564429316,877500
2024-01-10,144.12730407714844,144.40060401080748,143.365966419994,143.50261638682352,1512100
2024-01-11,144.47869873046875,144.76175407036672,143.00481520317047,144.45917305035266,1142800
2024-01-12,144.8300323486328,145.1911753802254,144.32246911151455,144.81050667581783,720000
2024-01-16,144.2053985595703,144.8593673520069,143.70759052662942,144.4494174325868,1311800
2024-01-17,143.62950134277344,143.717359455464,142.90721501745716,143.45381490485215,1230300
2024-01-18,145.0935821533203,145.25952805481376,143.83445161498284,144.26392711448602,1928800
2024-01-19,147.20191955566406,147.28000737006536,145.43522557430154,145.8647011066449,1213400
2024-01-22,147.71922302246094,148.0022931821171,147.426397472161,147.76802976313195,1338700
2024-01-23,147.38739013671875,147.56307656537518,146.85054567071998,147.56307656537518,1184600
2024-01-24,147.6509246826172,148.81245675034776,147.5142747272211,148.38298120660926,1262700
2024-01-25,148.08038330078125,148.51961418622682,147.29952011903,148.09989408237337,18640200
2024-01-26,147.72901916503906,148.22681226207337,147.45571924191486,147.73877455739037,3662400
2024-01-29,149.0760040283203,149.15409185404027,147.78759213826572,147.78759213826572,2663000
2024-01-30,149.0760040283203,149.27121614575526,148.78317840530295,148.98816080953407,1571500
2024-01-31,146.8993377685547,148.7441195540851,146.8700567000326,148.2756075640039,1592000
2024-02-01,148.6562957763672,148.6562957763672,147.20193797688026,147.28002580105365,1645100
2024-02-02,150.60841369628906,151.15501345199553,149.02716166730812,149.2809507636906,1876800
2024-02-05,150.5205841064453,150.9500447435217,149.7104397903791,150.73530697811967,1646200
2024-02-06,150.78414916992188,151.2917126341651,150.042337101975,151.03793834890905,1181000
2024-02-07,152.55081176757812,152.74603875495268,151.46736752005276,151.46736752005276,1295100
2024-02-08,152.91197204589844,153.10718414243863,152.63867213199651,152.7948328729917,1232700
2024-02-09,153.86851501464844,154.0734973879735,153.0095639549665,153.24382739680547,1018700
2024-02-12,153.85873413085938,154.6786337008587,153.52685725314285,154.06370157649664,916800
2024-02-13,151.94566345214844,152.67772003934923,151.0086393610199,151.54546894331696,1166800
2024-02-14,153.48785400390625,153.62450396180128,152.17014627913176,152.85341096233535,1076800
2024-02-15,154.3760986328125,154.60059181881132,153.63427174976133,153.93686765369142,1883200
2024-02-16,153.20481872558594,154.81533736088412,153.19504843849072,154.81533736088412,912300
2024-02-20,152.06277465820312,152.70698797401343,151.31120735015253,152.50202048771897,948800
2024-02-21,152.3068084716797,152.32633415115558,151.0769587518317,151.4185911208765,1505100
2024-02-22,156.23060607910156,156.48439518249828,154.61031754867136,154.72745670936473,1276000
2024-02-23,156.42584228515625,157.32382988911772,156.0646991438155,156.9724570340158,814100
2024-02-26,156.27940368652344,156.85528449041632,156.2013158818679,156.71863455570062,992600
2024-02-27,156.26966857910156,156.50391712974655,155.73282416099383,156.29894964793218,1142200
2024-02-28,155.9280242919922,156.12323636713356,155.41070559069058,155.6449690170962,812200
2024-02-29,156.44537353515625,156.78700590364338,155.58642236437456,156.74795454475537,1299200
2024-03-01,158.49513244628906,158.49513244628906,156.7186680219072,156.97245716466406,878100
2024-03-04,158.37799072265625,159.10029188806223,158.32919886712148,158.57321771971053,1473200
2024-03-05,156.6600799560547,158.0070685870899,155.86946137478674,157.9094551031469,1681100
2024-03-06,157.80210876464844,158.4951288546729,157.28478999206865,158.04612761562868,894500
2024-03-07,159.6468963623047,159.92996658000104,158.61225878033426,158.74890874599583,934400
2024-03-08,157.74354553222656,160.35942044764968,157.56784421599727,160.11540159835744,1007400
2024-03-11,157.30433654785156,157.56786621840126,156.2892096525579,157.43121623946527,840400
2024-03-12,159.59808349609375,159.72497806424897,157.480001662636,158.20230282130083,834800
2024-03-13,159.3638458251953,159.81283219997147,158.9148445566895,159.54930254710575,857300
2024-03-14,159.1100616455078,160.21303172478403,158.20231858091174,160.00804931686193,17780600
2024-03-15,157.61663818359375,158.42678248479749,157.2847761499616,158.39750141675506,3647200
2024-03-18,158.5048828125,159.47120281537886,158.38775853108265,158.89530701304355,1331100
2024-03-19,159.4321746826172,159.53954358746572,157.62644387491255,158.055904600576,1508900
2024-03-20,160.993896484375,161.0036518777007,159.3345711014602,159.70546966633015,1451100
2024-03-21,161.84988403320312,162.63252667852748,161.62487931075992,162.05531858440483,1790900
2024-03-22,161.00856018066406,161.53683543002708,160.79333306078738,161.41944424742823,920200
2024-03-25,160.38243103027344,160.81288522181347,160.23567714079397,160.47047440736122,1108100
2024-03-26,159.76611328125,161.00855801516082,159.697640068211,161.00855801516082,1365400
2024-03-27,160.59767150878906,160.66614472078552,159.44327017821922,160.6074491311692,1132800
2024-03-28,160.7835235595703,161.00852825749584,160.343276856776,160.50960090270485,1573300
2024-04-01,160.31394958496094,161.11616241678593,159.8737177534881,160.9302831056232,1193600
2024-04-02,159.3160858154297,159.3160858154297,158.3084384849903,158.78779570514777,1215000
2024-04-03,159.36500549316406,159.96176887107606,158.89542584539217,159.06173499298495,1172300
2024-04-04,157.11492919921875,160.83245591379034,157.06601123136008,160.61722879734657,1262600
2024-04-05,159.01280212402344,159.5313146184392,157.41818400998932,157.71167686021843,880900
2024-04-08,158.9149627685547,159.40411248654326,158.59212216336246,159.17910779601465,834200
2024-04-09,158.93458557128906,159.5019862957166,157.12472504429505,159.29655170561998,1379300
2024-04-10,157.3888397216797,158.03450609335846,156.8996899362967,157.34969937935566,1455100
2024-04-11,158.7877960205078,159.13998445217314,156.99750607018132,158.05407136517726,1156100
2024-04-12,156.67469787597656,158.04432647282712,156.2148958025366,157.82909933514588,1303600
2024-04-15,154.7376251220703,158.19102105123235,154.4539248444133,158.08340751260414,1304100
2024-04-16,154.8843994140625,155.71594511518998,154.45394520281195,154.8061336549563,1218700
2024-04-17,153.7985076904297,155.84315055105293,153.44631918922005,155.72574443220356,1170600
2024-04-18,153.46585083007812,154.98221816947614,153.23106848383176,154.32675924009342,1849400
2024-04-19,151.20599365234375,153.50500383339946,150.82445738055878,153.1723855303394,2146600
2024-04-22,152.49734497070312,153.4462967678677,151.22555251729696,152.066890762381,1467900
2024-04-23,154.2484588623047,154.5321740372308,152.9962368711519,153.28972966575475,1015100
2024-04-24,154.1409149169922,155.13878489803164,153.56372161457216,154.9039875708252,1212000
2024-04-25,153.67132568359375,154.06263961039272,151.76364416702722,152.16473571731186,1011900
2024-04-26,155.59857177734375,156.02902603793925,154.4735181548475,154.76701105322346,716600
2024-04-29,155.5203094482422,155.8920681229169,154.64962328466402,155.7355365832992,895000
2024-04-30,153.5539093017578,155.77463860993618,153.51476895889692,155.28548881784397,1171400
2024-05-01,152.80062866210938,155.24637785017651,152.70279272351934,153.25063815321943,1627000
2024-05-02,153.95501708984375,154.21916218529287,152.41909434240924,153.95501708984375,1854500
2024-05-03,155.7355194091797,155.98009431498525,154.7572197859574,155.65725364800178,1411100
2024-05-06,157.8388671875,157.8388671875,156.2833742750089,156.52794919562706,1093300
2024-05-07,158.34756469726562,158.81714429836714,158.00515388599732,158.21060335829156,1449600
2024-05-08,158.34756469726562,158.67040533791865,157.86819254702326,157.94645830181793,852600
2024-05-09,158.8660888671875,158.915006838085,158.10301628972695,158.43563460755973,738300
2024-05-10,159.40415954589844,159.86396161076382,159.00305307609347,159.40415954589844,946600
2024-05-13,159.3063201904297,159.88351343305393,158.99327204758913,159.88351343305393,869400
2024-05-14,160.0106964111328,160.16722794564376,159.1400102759602,159.33566723026453,940500
2024-05-15,162.60317993164062,162.70100093314375,160.73462414922784,160.79331973566312,1216600
2024-05-16,161.97706604003906,163.004268640507,161.93792569797043,162.64230257853893,1034900
2024-05-17,161.94769287109375,162.12379454370748,161.31180416633836,162.06509896205816,914200
2024-05-20,162.4955596923828,162.8379555750513,161.92814416741828,161.92814416741828,490600
2024-05-21,162.64230346679688,162.7009990525537,162.16293130367154,162.28033740285196,777100
2024-05-22,162.1433868408203,162.61296648576317,161.49770549923153,162.5738261408784,754300
2024-05-23,161.7520751953125,163.63040890207898,161.30206567505738,163.51301771030273,762500
2024-05-24,162.906494140625,163.18041690262706,162.08471092694785,162.387996417716,630500
2024-05-28,163.30755615234375,163.72823277129731,162.40752225054578,163.72823277129731,753700
2024-05-29,162.0064239501953,162.45643341842126,161.6150951434036,161.6150951434036,976400
2024-05-30,161.1161651611328,161.9477108730417,160.7052811162483,161.78140173065992,618600
2024-05-31,162.1433868408203,162.2314302253094,159.55088385207787,161.5759712613333,896000
2024-06-03,162.29013061523438,162.99450756731682,160.83245874235052,162.99450756731682,1064900
2024-06-04,162.68141174316406,162.90643136841544,161.58572111735472,162.07487085068607,973100
2024-06-05,164.7456512451172,164.7456512451172,162.9553760637354,163.6206126449336,776600
2024-06-06,164.6772003173828,164.97069323078355,164.1880504376048,164.9217752572718,1597900
2024-06-07,164.50106811523438,165.47936769350557,164.08040646185788,164.53041590836915,828600
2024-06-10,165.16632080078125,165.25436418083058,164.02171207713909,164.30541238874255,1002400
2024-06-11,165.92604064941406,165.9848713802407,164.1713052813643,164.955550485155,982500
2024-06-12,167.04360961914062,167.9455014581755,166.6612920831687,167.59259181279867,1129900
2024-06-13,167.4945526123047,167.73962833513912,166.39661816064157,167.24947688947023,986900
2024-06-14,167.75921630859375,167.75921630859375,166.8867474494665,167.25925232711916,976500
2024-06-17,169.0924530029297,169.5433839613766,167.31809218484662,167.7396302111185,813700
2024-06-18,169.77865600585938,169.89628756331751,169.20028090404404,169.34732035086668,1471700
2024-06-20,169.02381896972656,170.39625196201226,168.51405728926417,170.30801333549599,1036100
2024-06-21,168.66111755371094,169.13165875912662,168.29839530778398,168.7199333346085,924300
2024-06-24,168.05331420898438,169.30811564703376,168.0239063194758,168.6022963823587,800100
2024-06-25,168.8179473876953,168.91596869021083,168.06311006298284,168.60227958063462,692800
2024-06-26,168.4552459716797,168.64150591514112,167.81805507290275,168.4552459716797,760200
2024-06-27,168.35720825195312,168.87676753927897,167.92587262664858,168.50424768865528,1606900
2024-06-28,167.39651489257812,169.2296914551301,166.92597369711007,168.32781459788512,1007500
2024-07-01,167.072998046875,167.70040619510974,166.22013940249795,167.66118570672828,1055800
2024-07-02,168.08274841308594,168.12195394900132,166.5044600838067,166.61229400536874,1169800
2024-07-03,168.8179473876953,168.92578129122566,167.96507380223406,168.1023155923424,674100
2024-07-05,169.9943084716797,170.12173766133253,168.68070633798644,168.9649875622325,976700
2024-07-08,169.81785583496094,170.4256537639603,169.40613043945217,170.4256537639603,779700
2024-07-09,169.8766632080078,170.3472193152261,169.729623773398,170.30799882717454,958700
2024-07-10,171.2197265625,171.29815259794302,169.75906969906768,170.1904054148859,896800
2024-07-11,169.64138793945312,171.445141346322,169.63157533902765,171.3275098070752,861400
2024-07-12,170.8863983154297,172.16078004133954,170.00411678414488,170.03352467269764,784800
2024-07-15,171.53335571289062,172.41563708416672,170.8863673238327,171.64118960410553,977800
2024-07-16,172.61172485351562,172.68033827363286,171.75886617433434,172.0039418829022,957400
2024-07-17,169.80804443359375,171.02362523487096,169.80804443359375,170.58247702849346,1965400
2024-07-18,168.6807098388672,170.77855723083294,168.04350404444486,170.50405868548106,1188100
2024-07-19,167.41615295410156,169.41597954401556,167.23970558582306,168.8474019825003,547200
2024-07-22,169.68060302734375,169.81784481694223,168.34739066057284,168.9257806636687,803000
2024-07-23,169.0924530029297,169.89629360453452,168.97480648305358,169.6120123444906,812400
2024-07-24,165.151611328125,167.7592203252934,164.8771277450792,167.6219785337705,1101700
2024-07-25,163.9066162109375,166.66126453507994,163.57331686712823,165.10258675823698,1081100
2024-07-26,166.02406311035156,166.94555002634993,165.15159432018473,165.28883609757395,914000
2024-07-29,166.00445556640625,166.8671267287203,165.4947089325226,166.65145893814181,697900
2024-07-30,165.3280792236328,166.97499588509118,164.23994239891923,166.5534578569483,821200
2024-07-31,168.3964080810547,169.13163515614076,167.43571555791416,167.96507247035356,1807200
2024-08-01,166.5142364501953,170.17076175516345,165.34767370915787,169.24927471742856,1332000
2024-08-02,164.22035217285156,165.34769456695835,162.80871355044033,164.47522555147302,1076000
2024-08-05,159.43646240234375,161.58332813783719,157.5738928832935,157.5738928832935,1538200
2024-08-06,161.15199279785156,163.46550823537427,159.8775960388523,160.4167656243791,1777800
2024-08-07,159.82858276367188,163.82822050400367,159.70115355466064,162.79891439642284,819800
2024-08-08,163.9458465576172,164.13209152572406,161.25981148589707,161.41666352473482,641600
2024-08-09,164.9457550048828,165.4261087946436,163.66156064252047,163.92624660489759,700300
2024-08-12,165.22024536132812,165.9750827880111,164.41640475588423,165.35748716997637,744400
2024-08-13,167.6807861328125,167.71999166066482,165.89662797176217,166.07309024267929,587400
2024-08-14,168.09251403808594,168.4944417562766,167.06319315710886,168.0336982662986,925400
2024-08-15,171.09225463867188,171.21969879537846,169.76883981232712,169.80806030280652,619400
2024-08-16,171.1903076171875,171.5334046720845,170.39626462716475,170.6707482543767,904500
2024-08-19,172.445068359375,172.4646636453583,170.80796448575467,171.3373214137418,557700
2024-08-20,172.40585327148438,173.09207721646862,171.95492234800597,172.49409189410758,829600
2024-08-21,173.6508331298828,173.95472459710373,172.76856661483927,172.91560604793543,1155700
2024-08-22,172.30784606933594,174.2586392800629,171.9353261782187,173.86652410074444,695000
2024-08-23,173.8861083984375,174.20961010430545,172.46465742949954,173.33714124601903,674700
2024-08-26,173.63124084472656,174.42528378204022,173.1901075415784,174.07238910610954,829300
2024-08-27,174.2586212158203,174.36645512268976,172.93522140413216,172.99403717910937,561900
2024-08-28,172.9254150390625,174.2782377452601,171.92551691192313,174.22921961160012,668300
2024-08-29,172.9450225830078,174.6311446385836,172.6411311005902,173.5233976597532,1046400
2024-08-30,174.27825927734375,174.3860932014249,172.23922732268656,173.60184784067428,655300
2024-09-03,170.523681640625,173.53321863846256,169.76884424066736,173.53321863846256,1037900
2024-09-04,170.29820251464844,171.1118556283904,169.76883062945078,169.80805111780873,722800
2024-09-05,169.30813598632812,170.42568079661058,168.52389060267245,170.13158690796013,2281300
2024-09-06,167.29849243164062,170.1609750349746,166.93577019587,169.6414157072804,1176700
2024-09-09,169.16107177734375,169.58260981694633,168.1317507057291,168.49447296265126,865200
2024-09-10,169.58261108398438,169.7688560777854,168.1513622090456,169.50418505374594,1145800
2024-09-11,171.3471221923828,171.60201049716596,166.88675635748396,169.64140487013918,1938900
2024-09-12,172.5921173095703,172.66074568899575,170.71973527683298,171.7588688623398,793400
2024-09-13,173.337158203125,173.76847889491086,172.46467430125278,172.81758392779358,589800
2024-09-16,173.6704559326172,173.74888195535092,172.64113495180925,173.27832581894856,620800
2024-09-17,173.6508331298828,174.5527098887503,173.01364230882172,174.3174467957964,731000
2024-09-18,172.89602661132812,175.0919106056452,172.7195792601727,173.8077161336722,1093500
2024-09-19,175.45460510253906,176.12121883856938,175.03308204450394,175.54284372991128,777300
2024-09-20,174.8860321044922,175.32718037791616,174.36647276198886,175.2977724874526,670700
2024-09-23,175.50363159179688,175.6996891852902,174.91544385308137,175.22914796925912,634300
2024-09-24,175.5624237060547,175.88592542291266,174.68015717515732,175.88592542291266,673000
2024-09-25,175.29989624023438,175.85053296105798,174.9164160236804,175.5162199525187,1260700
2024-09-26,176.09634399414062,176.99113611651242,175.34905348743396,176.66665056651854,789900
2024-09-27,175.7030487060547,176.63716565600734,175.42773034193655,176.39134461635004,916800
2024-09-30,176.30282592773438,176.39131788770766,174.5722364683994,175.31954191810252,1017200
2024-10-01,175.16224670410156,176.47001648992344,174.2674544816351,176.19469811435317,1619600
2024-10-02,175.45721435546875,175.6833654937535,174.0216129911416,174.75907605416646,725200
2024-10-03,175.37855529785156,175.860369915395,174.6607620951643,174.97540520993104,802700
2024-10-04,176.21435546875,176.568338355558,174.91641321587892,176.41100929392664,744900
2024-10-07,174.6214141845703,175.91935635722797,174.35593828866467,175.70303266178502,1077200
2024-10-08,176.3815155029297,176.56834189189308,175.27039961302665,175.27039961302665,891900
2024-10-09,177.5319366455078,177.72859045300982,176.3913235567829,176.46998808052845,1034600
2024-10-10,177.24679565429688,177.60077854879864,176.67648904628146,177.18780100583413,757200
2024-10-11,178.397216796875,178.6037130476328,177.33528323325257,177.33528323325257,840600
2024-10-14,180.12782287597656,180.36380146571042,178.82988061753963,178.94788491613176,511300
2024-10-15,177.91542053222656,179.93115585954286,177.56143766985042,179.81315156960142,673300
2024-10-16,178.8692169189453,178.97737877171915,177.55161980604572,178.08258662638326,836100
2024-10-17,178.57423400878906,180.02949034100288,178.57423400878906,179.99016557687833,763500
2024-10-18,179.37066650390625,179.53782298441408,178.93801914083977,179.30184442544925,558200
2024-10-21,178.92823791503906,179.40021015859114,178.18094727910432,179.00690245625225,717300
2024-10-22,178.3480682373047,178.82004038673793,177.84658376254052,178.14157198233283,655000
2024-10-23,176.84364318847656,177.96458641036355,175.80134948766587,177.78758747863193,711500
2024-10-24,176.7158203125,177.26645700996121,176.1651836150388,177.2172898040326,708800
2024-10-25,176.75515747070312,178.39724023854882,176.60767084629887,177.649949668691,578500
2024-10-28,177.0796356201172,177.68928198410862,176.98131620921384,177.58112012950733,566100
2024-10-29,177.5319366455078,177.92524426051185,176.28316171209823,176.84364081738892,697000
2024-10-30,176.6175079345703,177.6696292585463,176.0668711684144,176.72566979961712,795900
2024-10-31,173.47097778320312,175.88002080887213,173.47097778320312,175.88002080887213,1933200
2024-11-01,174.12977600097656,175.14255741398216,173.6873011609578,174.08060879570235,765600
2024-11-04,173.93312072753906,174.7787456385129,173.49064589122443,174.0707798989197,820500
2024-11-05,175.7030487060547,175.7030487060547,174.05112351762028,174.16912781918916,828500
2024-11-06,179.21336364746094,179.43952980447892,177.52211371039158,179.2625308556703,1038600
2024-11-07,180.9046173095703,181.1701082363873,179.67551209765452,179.67551209765452,1169300
2024-11-08,181.33724975585938,181.91738376703697,180.85543515127276,180.9734394443962,1784400
2024-11-11,181.1701202392578,181.76992422255992,180.835807200362,181.61259514411717,1005600
2024-11-12,180.9931182861328,181.5830797660545,180.2851525072466,181.26843664417464,903800
2024-11-13,180.55062866210938,181.22909711808978,180.08848391683938,180.99311852729676,1084600
2024-11-14,179.49850463867188,180.6587726049631,179.29200838847706,180.6587726049631,1272500
2024-11-15,176.55848693847656,178.26940663838042,176.18483418702388,178.26940663838042,1164900
2024-11-18,176.9714813232422,177.38445887561318,175.9783697094733,176.3815198214518,959300
2024-11-19,177.3844451904297,177.60076889218124,175.66369801977638,175.90951904415542,818000
2024-11-20,177.8662567138672,178.00391588498232,176.1356821336022,177.67943033798431,1847200
2024-11-21,179.036376953125,179.42968460530952,177.12880333220716,178.4857402385766,934200
2024-11-22,179.69517517089844,180.0294881749735,178.99703683535327,178.99703683535327,742200
2024-11-25,180.678466796875,181.23894597729858,179.67551273932668,180.60962970297354,2910600
2024-11-26,181.46507263183594,181.6617264391444,180.74727948348442,181.10124733440537,864900
2024-11-27,181.1701202392578,181.6519349155912,180.76697010214576,181.47493595141142,630100
2024-11-29,182.19271850585938,182.55654385378543,181.425758048303,181.7207463020691,553400
2024-12-02,182.8711700439453,182.9006673662162,182.0058902511258,182.22221395026182,961000
2024-12-03,182.9105224609375,183.06783652268834,182.24188143452585,182.70402618703412,675900
2024-12-04,183.7266387939453,183.89379528932238,183.12683489701604,183.44147800486564,860900
2024-12-05,182.9498291015625,183.89378839718188,182.8023424946176,183.89378839718188,1031400
2024-12-06,183.34317016601562,184.12978548713423,183.34317016601562,183.48082934758392,752700
2024-12-09,182.46803283691406,183.4021497065867,182.31070378416047,183.4021497065867,1079500
2024-12-10,182.05503845214844,182.8416687041107,181.82888731846617,182.70400953529662,1005800
2024-12-11,183.00885009765625,183.53983196656742,182.59587253501766,182.71387684129024,704100
2024-12-12,181.6519012451172,182.45818636616383,181.64205880220968,182.42868904488918,629800
2024-12-13,180.8849639892578,181.96656758283865,180.5211386408587,181.64208200364664,955000
2024-12-16,180.83578491210938,181.74040449606954,180.7669478223774,181.24876243932653,1977000
2024-12-17,180.17303466796875,180.6562741791912,179.79826521145768,180.1927633363548,798200
2024-12-18,175.46875,181.06063119068213,175.3504080854559,180.39986375353607,1295100
2024-12-19,175.26165771484375,177.2439600948836,175.25178585591348,176.92836158042417,1380400
2024-12-20,176.95794677734375,178.63453754774105,174.58116130659266,174.84743062310622,1271400
2024-12-23,178.29920959472656,178.38798108174657,176.1591079701162,177.20450170808974,1036900
2024-12-24,179.63063049316406,179.67994464570572,178.21046717193698,178.5063370386204,442300
2024-12-26,179.73910522460938,179.98566092450594,178.8909530150225,179.0783377547144,557600
2024-12-27,178.03294372558594,178.84163859476914,176.85933618808318,178.83178178427184,700800
2024-12-30,176.1196746826172,177.14533980383888,175.02496674002478,176.15911697442465,681200
2024-12-31,175.6265411376953,176.78041989688492,175.2419148846321,176.6522061296758,2818700
2025-01-02,175.1630401611328,177.2932851187031,174.03874671939843,176.53388931419985,1252200
2025-01-03,176.82972717285156,177.12559698261416,175.55749150544148,175.84350450601866,760700
2025-01-06,177.5200958251953,178.84163070468284,177.08615540540777,177.74692284515154,1500900
2025-01-07,176.1788330078125,178.60494761552235,175.64627933949646,178.22032134158158,893800
2025-01-08,176.52401733398438,176.78042983425217,175.47860856697324,176.0802050528706,2389400
2025-01-10,173.92041015625,175.65615700006907,173.59495480142763,175.39974446986062,1262000
2025-01-13,174.21624755859375,174.30501904544408,172.44105859863234,172.77637073119703,1901100
2025-01-14,174.20639038085938,174.89674331367328,172.83554132549847,174.8868865034064,1012000
2025-01-15,176.97767639160156,177.43134549569317,176.24788115917292,176.3958085580259,1138200
2025-01-16,176.9973907470703,177.92444250108562,176.79027735686006,177.4214592885311,869900
2025-01-17,178.2006072998047,178.85151798561378,177.94417973041948,178.64440456792315,1840500
2025-01-21,179.63063049316406,179.78842976187073,178.7134504598687,179.01917713763382,1063100
2025-01-22,181.1888427734375,181.67209733292538,180.62668858901907,180.8929729420891,902100
2025-01-23,182.0666046142578,182.11591876746618,180.64644127383053,180.7154840980356,1208900
2025-01-24,181.56362915039062,182.29342441402264,181.277616102292,182.16522567905727,775200
2025-01-27,180.0349578857422,180.07440017259108,177.99346966219372,178.03292699760684,677700
2025-01-28,181.17898559570312,181.64249643731142,179.43336713799977,180.13357685391918,905700
2025-01-29,180.62667846679688,181.23814676360115,179.92646878869527,181.12966166647166,3288400
2025-01-30,182.31314086914062,182.71749581428944,181.1789907092565,181.2578752876886,1429500
2025-01-31,180.83380126953125,183.2895012968656,180.70558749845614,182.91473184207055,2191700
2025-02-03,179.94622802734375,180.74506612893867,177.74694023449294,178.14143840406024,1249800
2025-02-04,180.79437255859375,180.99161411066902,179.51227989725575,179.679935968948,807100
2025-02-05,181.58334350585938,181.62280084644368,179.74896843141073,180.3012658596275,1862400
2025-02-06,181.8200225830078,182.1947920348731,180.89297081169767,181.67209519335813,1305300
2025-02-07,180.38998413085938,182.42160033262164,180.26177037394095,182.14545920123044,1001000
2025-02-10,181.71156311035156,181.7904627454812,181.10996655998386,181.42556510050244,1096900
2025-02-11,181.8791961669922,182.15533733070484,181.0409158659234,181.0409158659234,681900
2025-02-12,181.31704711914062,181.4748313122345,179.85742670665172,179.99549728096133,963800
2025-02-13,183.24020385742188,183.26978933828056,181.51431391402312,181.77072643098714,1739600
2025-02-14,182.55970764160156,183.32896024081137,182.52026534999138,183.1317186856284,751700
2025-02-18,183.0232391357422,183.0330959468028,182.13562953759202,182.9739249833061,1277000
2025-02-19,183.64456176757812,183.64456176757812,182.46108232001743,182.69778121924284,890500
2025-02-20,183.14157104492188,183.5755114849166,182.35258979480105,183.34868445439778,913600
2025-02-21,180.0842742919922,183.05279925512468,180.04481695608362,183.05279925512468,1060800
2025-02-24,179.5122833251953,181.1001026798556,179.38406954204342,180.72533318976,899000
2025-02-25,179.32489013671875,179.9856575943881,178.02306884203972,179.1473622108237,1313400
2025-02-26,179.03887939453125,180.53794225495218,178.37811192840445,179.43337754125548,897900
2025-02-27,176.47470092773438,179.98565150270161,176.38594449207355,179.9264805455944,8412200
2025-02-28,179.06846618652344,179.19666490687968,175.65612895980885,176.37606733057578,2606400
2025-03-03,176.6324920654297,179.9757864254969,175.5969552179262,179.3248758300874,2434900
2025-03-04,174.81784057617188,177.23409837088792,173.7823187196536,175.39972344000364,2011700
2025-03-05,176.6818084716797,177.2242340209971,173.80203970360844,174.82771984205695,1704600
2025-03-06,173.79217529296875,176.10980478935167,173.0327795571336,174.71922709152193,2249500
2025-03-07,174.39376831054688,174.9066083471527,171.44495691076924,173.1708466997375,2098300
2025-03-10,170.4982147216797,173.03279967441418,169.1470791556406,172.14520511010926,1185400
2025-03-11,168.39755249023438,170.44889783444998,167.39160096454182,169.83744447989494,2518200
2025-03-12,168.7525634765625,170.2417543067604,167.46061417276852,170.1825833536956,2190500
2025-03-13,165.8432159423828,168.43697145882268,165.43886101617215,168.43697145882268,2020000
2025-03-14,169.01885986328125,169.34431517690314,167.00695702426677,167.2337990919385,1198400
2025-03-17,170.7151641845703,171.39564524183442,169.02871665931733,169.02871665931733,970600
2025-03-18,168.9863739013672,170.1823967161505,168.27468467164684,169.92540369310964,2089700
2025-03-19,170.587646484375,171.61563353477857,169.12473661481218,169.1543890722427,2371700
2025-03-20,169.9451446533203,171.6255310474566,169.1444981220101,169.49046357554025,1347500
2025-03-21,169.61895751953125,169.73756734447787,167.98799701335076,168.45257227123557,1350900
2025-03-24,172.5546875,172.89075875722864,171.22026651391053,171.31911809904096,854000
2025-03-25,172.82156372070312,173.27625990737494,172.34710928264514,173.04891935535636,1084500
2025-03-26,171.358642578125,173.18729124877316,170.90394642106696,172.67329017614966,1040000
2025-03-27,171.07199096679688,172.1889353625487,170.39983342177388,170.983018514018,928900
2025-03-28,167.65196228027344,170.8842164573275,167.4542741681208,170.70628659854484,1179300
2025-03-31,168.91717529296875,169.46082888438582,165.24999841507852,165.88262447246225,3072200
2025-04-01,169.31251525878906,169.7474380388376,167.3059520457187,168.31418075559193,1278300
2025-04-02,170.2713623046875,171.06212982944382,167.65196090423294,167.8298756789192,1616400
2025-04-03,162.70965576171875,165.4081349756901,162.5613934740519,164.15280738642136,2361800
2025-04-04,153.69496154785156,159.665226536377,153.65541487889462,158.75584922462198,3771500
2025-04-07,152.8053436279297,158.50873651540277,146.6274962878785,149.02945117666064,4311300
2025-04-08,150.66038513183594,158.80526386167625,148.50555938676712,157.81680836409225,3128700
2025-04-09,163.73765563964844,164.87438857044634,149.62251160818985,149.66205827642068,3466000
2025-04-10,158.8448028564453,161.32583592402446,154.3671004500843,161.0292962443868,4111300
2025-04-11,161.56304931640625,162.51197323780417,157.55980150362137,158.44942050792582,2062700
2025-04-14,162.9468994140625,164.65692325006438,161.54327929511416,164.52841920530454,2014700
2025-04-15,162.5416259765625,164.25164978045353,162.23520718262853,163.10503777255596,1508200
2025-04-16,159.15122985839844,161.77064623369606,157.61913575286135,160.81184310031358,1734600
2025-04-17,159.56639099121094,160.9403588468718,158.61748199772003,159.61581679105944,1457900
2025-04-21,156.03758239746094,158.2616072234894,154.32755864325205,157.98484089619433,1667400
2025-04-22,159.90243530273438,160.4460887927342,157.53013327799854,157.68828976284078,2565300
2025-04-23,161.780517578125,164.77553667911954,161.17755909111028,163.62892462469244,1241300
2025-04-24,164.8941650390625,165.00288067217704,161.7310951563973,162.19567047981494,877300
2025-04-25,165.7936248779297,165.97155469811332,163.85626068342373,164.65690716766784,1556700
2025-04-28,165.94192504882812,166.44603195713896,164.24178027072278,165.93203084029352,777600
2025-04-29,166.94024658203125,167.28621203550557,165.38837931054184,165.5267624754048,968800
2025-04-30,167.4147186279297,167.79033657896804,163.3719388804103,164.7656648836086,2175700
2025-05-01,167.45423889160156,169.11483678301957,167.3751606468722,168.64038239727626,1304800
2025-05-02,170.29112243652344,170.77547109000741,169.42127671847385,169.42127671847385,1541700
2025-05-05,169.7178192138672,170.62719653296648,169.10498158379997,169.18405983971755,1108400
2025-05-06,168.0670928955078,169.42127214787382,167.82985813808483,168.25490185980502,2539100
2025-05-07,168.9962615966797,169.57944680313315,167.2763433572055,168.56133870283776,1491000
2025-05-08,169.49046325683594,171.20048702312457,168.9072781403898,170.02422258249447,1041200
2025-05-09,168.9468231201172,170.24169749520794,168.67005676892077,170.00447781283097,810700
2025-05-12,174.3042449951172,174.37344412206224,172.50526376879364,173.97805285945003,1268200
2025-05-13,174.6106719970703,175.40143947679633,174.03738103397,174.22517492456623,1770500
2025-05-14,174.67984008789062,175.15429445836497,174.27456975268237,174.95660639422002,1142900
2025-05-15,175.87588500976562,176.06369397346987,173.97805220427736,173.97805220427736,942900
2025-05-16,177.07191467285156,177.14111379634588,175.69796215438703,175.96484935801215,749100
2025-05-19,177.59580993652344,177.77373978157723,175.29270665519184,175.29270665519184,1043800
2025-05-20,176.89401245117188,177.23996284523867,176.0538191978308,177.0719272110974,2310200
2025-05-21,174.0867919921875,176.8346972990663,173.74084158863144,175.61890115832207,2373400
2025-05-22,173.79026794433594,174.77872352791385,173.34545086561766,173.84957286612897,1312600
2025-05-23,172.0011444091797,172.77213852970164,171.00280973584609,171.23015028865777,1292400
2025-05-27,175.52993774414062,175.52993774414062,173.5036008574416,174.14609092956425,813200
2025-05-28,174.35366821289062,175.99450799256687,174.12632766689322,175.48050690008054,1519200
2025-05-29,174.84786987304688,175.94505593753567,173.8396411720656,175.94505593753567,2050100
2025-05-30,175.01593017578125,175.5101579307485,173.26635970005964,174.60078067152486,1167200
2025-06-02,175.7968292236328,175.84623993604336,173.61233577675227,174.61067047307893,1042700
2025-06-03,176.89401245117188,177.00274316533796,175.29270419866822,175.76717372373918,1254900
2025-06-04,177.55625915527344,178.05048688540992,177.16086792158424,177.16086792158424,855300
2025-06-05,177.0916748046875,178.42608055807486,176.56779464420737,177.85277461058797,1310800
2025-06-06,178.31736755371094,178.78194284893465,177.63534592281943,178.30748842838233,652300
2025-06-09,177.66500854492188,178.7325423642093,177.66500854492188,178.55461251967728,910000
2025-06-10,179.0587158203125,179.14768828210353,177.80338813852447,177.80338813852447,1182000
2025-06-11,178.48541259765625,179.63200948737878,177.8725599461508,179.32559070294286,1270800
2025-06-12,179.09825134277344,179.09825134277344,178.04059673650724,178.12956919276135,932300
2025-06-13,176.22186279296875,177.90223429292857,175.7770607904258,177.24986506109542,1251900
2025-06-16,177.8246612548828,178.54781851814704,177.24020410966781,177.31945484189671,923000
2025-06-17,176.12081909179688,177.53740145444402,175.94251627000588,177.12134642139918,901300
2025-06-18,174.9221649169922,176.73498561452743,174.6745120640316,176.47741697350884,1341400
2025-06-20,173.99099731445312,175.53634878320196,173.55512585085086,175.5066316484592,1103700
2025-06-23,175.93260192871094,176.02175333268062,173.56504113603955,174.01081327141935,978400
2025-06-24,177.92372131347656,178.15155771229004,176.78452420387814,177.16094627245454,974500
2025-06-25,177.68597412109375,178.23081345142498,177.32935338810708,178.1713791818491,1032700
2025-06-26,178.6765899658203,178.80537429674382,177.59682706732383,178.11194927548607,975300
2025-06-27,179.8851318359375,180.5884726251005,178.96387043132754,179.18180616230583,1126400
2025-06-30,181.1035919189453,181.42057972177426,180.0634468769316,180.529035466066,1095200
2025-07-01,181.7078399658203,182.1437113957938,180.7172285760734,180.74696082405364,1450100
2025-07-02,182.2130889892578,182.23290545239638,181.34134599755063,181.4106960607694,1420600
2025-07-03,183.2333984375,183.5206691029674,182.50034053362359,182.50034053362359,615400
2025-07-07,181.8762664794922,182.9857464556229,181.02434003624012,182.73809359555577,1379200
2025-07-08,182.0843048095703,182.54989344276802,181.64843331333992,182.05458767260302,1198600
2025-07-09,183.20367431640625,183.3126421747788,182.16352932567384,182.4706164404882,943000
2025-07-10,183.1937713623047,183.7287100192566,182.69846562873587,183.14425288137295,686100
2025-07-11,182.1338348388672,182.49045559101555,181.89608263225753,182.3913883927118,1169300
2025-07-14,182.17343139648438,182.35174930952206,181.65832434888762,181.88616073976812,790200
2025-07-15,180.9054412841797,182.98573118130832,180.88563994020953,182.98573118130832,1407800
2025-07-16,181.6583251953125,181.83662799365052,179.84550450122325,181.25217088950183,2614300
2025-07-17,182.74798583984375,182.94610509565376,181.57907164969342,181.70784085242826,1649200
2025-07-18,182.30223083496094,183.12444018344783,181.9753272302229,183.12444018344783,2240000
2025-07-21,182.6885528564453,183.48104500077602,182.51025005962438,182.5795849976557,884900
2025-07-22,183.09471130371094,183.28292989274757,182.46072059700012,182.90649271467433,1582300
2025-07-23,184.5013885498047,184.5013885498047,183.30274200557338,183.85749713262206,998400
2025-07-24,184.40232849121094,184.88773357783793,184.2042092102213,184.51129636308508,1446000
2025-07-25,185.1353759765625,185.28396165000953,184.56081951334838,184.6499709174166,890000
2025-07-28,185.02639770507812,185.62077059650179,184.67967766582592,185.3533012838081,908900
2025-07-29,184.28346252441406,185.09577123803012,184.12496105119155,184.9868033646312,991200
2025-07-30,183.5404815673828,184.58062657513625,182.7479894131168,184.41222444862845,1598800
2025-07-31,182.39137268066406,184.81838279024177,182.09420134241702,184.45184628051885,1796900
2025-08-01,180.61819458007812,181.61870674224843,179.94457090756796,181.3611531967329,1466600
2025-08-04,183.70889282226562,183.75842641853055,181.56916843408513,181.56916843408513,1087300
2025-08-05,182.15365600585938,183.4216375761261,182.07440526827614,183.31266970139072,1089900
2025-08-06,183.6494598388672,183.88721203328464,182.5003469058133,182.62913123389754,1195400
2025-08-07,182.39137268066406,184.0754242135623,181.55926270251047,184.05560775250217,1306800
2025-08-08,183.90701293945312,184.02589659414312,182.86688299075277,182.86688299075277,966100
2025-08-11,183.560302734375,184.3626955817623,183.22349847272397,183.85748918928576,864200
2025-08-12,185.47216796875,185.54151802212198,183.8376652069089,184.17446945478045,854100
2025-08-13,186.92837524414062,186.9680081663403,186.01701453545073,186.01701453545073,704000
2025-08-14,186.83921813964844,187.03733739800677,185.95757459175297,186.0863589116746,932700
2025-08-15,186.34393310546875,187.10670820606322,186.1458138251348,186.8689560003432,716200
2025-08-18,186.3340301513672,186.7401693806448,186.14581154691726,186.21514649219608,624000
2025-08-19,185.78916931152344,186.8887485596005,185.51179933142564,186.4528771292953,1211800
2025-08-20,185.39291381835938,186.19532173362697,184.39240176562365,185.8188845720592,3373700
2025-08-21,184.80845642089844,185.4028292944241,184.21409866290287,184.68958789240534,823300
2025-08-22,187.59207153320312,187.9685086932475,185.34339459170135,185.34339459170135,712200
2025-08-25,186.64109802246094,187.45339151265145,186.64109802246094,187.17602152912,758900
2025-08-26,187.28500366210938,187.3642543942343,186.5618615153255,186.7005465176612,665100
2025-08-27,187.57228088378906,187.78030082002067,187.09677651276928,187.09677651276928,633500
2025-08-28,187.90908813476562,188.05767380586795,187.0670623571027,187.83973807789712,659600
2025-08-29,187.176025390625,187.69114756303787,186.73025327329094,187.44349470723776,675400
2025-09-02,185.84861755371094,185.9377689578336,184.44195108727138,184.98679041612894,992900
2025-09-03,186.89866638183594,186.93829930578966,186.0566556919651,186.4231771031129,887400
2025-09-04,188.54307556152344,188.56289202250105,186.82932201746556,186.94819055226955,858900
2025-09-05,187.44349670410156,188.85016312616798,186.56185313268207,188.33504094826745,1321900
2025-09-08,187.9289093017578,188.16664638147438,187.51283918119077,187.97842778301109,1093200
2025-09-09,188.2161865234375,188.3350550674294,187.3741606954093,187.95863297294432,957300
2025-09-10,187.79022216796875,188.6718657648147,187.32463357143456,188.6718657648147,1370200
2025-09-11,189.7714385986328,189.95964207298746,188.25578920685578,188.26570499507977,1082500
2025-09-12,189.01856994628906,189.65256067500178,188.93931921575856,189.65256067500178,1141000
2025-09-15,189.64266967773438,189.70210394978182,189.17708105932002,189.36529966449163,948900
2025-09-16,189.46290588378906,189.80055244497171,189.00611401404927,189.55229138234924,13653700
2025-09-17,189.9594268798828,190.8233856764773,188.7479268419271,189.60193034572538,3811600
2025-09-18,190.68435668945312,191.81642650199743,190.51554098920073,191.0021229626775,4099300
2025-09-19,191.36956787109375,191.5681736944928,190.37652360144543,191.38941784657652,1500900
2025-09-22,192.43212890625,192.5016492825701,190.98229267105836,191.02200777705988,1552500
2025-09-23,191.5284423828125,192.65058725018054,191.1908109696293,192.18385523380547,1556700
2025-09-24,190.86309814453125,191.60788131769095,190.56518184473686,191.58801619033068,1162500
2025-09-25,189.96937561035156,190.3268721606748,189.04583654174425,189.96937561035156,1539400
2025-09-26,191.2603302001953,191.33976040652087,189.98923476184632,190.23749582640906,1036900
2025-09-29,192.01504516601562,192.40233183431147,191.58802824050036,191.95546493283987,1336900
2025-09-30,193.14710998535156,193.26627044857582,191.62775346863017,191.7071988283307,1080300
2025-10-01,194.477783203125,194.65653904834983,192.37253423201733,192.48176970614006,2328500
2025-10-02,194.99417114257812,195.0934816294574,194.03091699993007,194.79556532147245,2024000
2025-10-03,195.10340881347656,196.12624319870568,194.98424835000228,194.98424835000228,1474900
2025-10-06,195.4410400390625,195.99714240494112,195.01403827692465,195.54035052696355,1483500
2025-10-07,194.44801330566406,195.90778972406216,194.14017197912443,195.64960364595086,1223400
2025-10-08,195.32188415527344,195.43111963346456,194.56716079589728,194.74591664777972,1005100
2025-10-09,194.4082794189453,195.6396446061557,194.02099276286253,195.5204841435619,1041100
2025-10-10,189.68138122558594,195.1133346138233,189.57214574939522,194.7558380692585,1424000
2025-10-13,191.5383758544922,191.98524272728264,190.7340124529389,191.44899035781216,874000
2025-10-14,191.6873321533203,192.50163571918932,189.41326746677535,189.77076400621615,1099100
2025-10-15,192.3626251220703,193.89190673336284,190.8333283581237,192.97830776195178,968500
2025-10-16,190.9524688720703,192.80947189134739,189.89984440964884,192.7896067639472,1565400
2025-10-17,192.11436462402344,192.4718611924188,190.32688178204663,190.32688178204663,1309700
2025-10-20,194.24940490722656,194.60690147748795,192.91872912173022,192.91872912173022,765400
2025-10-21,194.76576232910156,195.18283907164454,193.9018035778001,194.00111405811353,1041400
2025-10-22,193.4946746826172,194.75582994745403,192.63071589690048,194.4479886599324,1752400
2025-10-23,194.72604370117188,195.13319548105144,193.58404887264922,193.58404887264922,1504500
2025-10-24,195.49069213867188,196.10637472632703,195.43111190795076,195.7488781893476,822800
2025-10-27,197.7945556640625,197.88394116674627,196.8114515084222,197.1292178038589,1147200
2025-10-28,197.7449188232422,198.2811560848958,197.46686762791754,198.2017107215668,1534900
2025-10-29,196.9405517578125,198.5790687826703,196.25534877018538,198.1421268686673,4191900
2025-10-30,195.33180236816406,196.84123388190847,195.33180236816406,195.828324496783,1446300
2025-10-31,194.93460083007812,195.94751026770416,194.24939783264443,195.94751026770416,2342300
2025-11-03,194.6565399169922,195.7091644072433,193.71315090135127,195.63964403583097,1333000
2025-11-04,193.16697692871094,194.09050083268372,192.86906061519764,192.9385658351806,1205500
2025-11-05,193.93161010742188,194.9743096283684,192.89885072693923,192.91871585521386,1211500
2025-11-06,191.92567443847656,193.68335192431533,191.48873252584318,193.68335192431533,1324400
2025-11-07,191.8660888671875,191.9058039705704,189.57214388968598,191.2603312601911,1772400
2025-11-10,194.54730224609375,194.75583305267082,192.94850040084094,193.43508238462263,1166000
2025-11-11,195.15306091308594,195.35166673322743,193.9614108395843,193.9614108395843,1078500
2025-11-12,195.6396484375,195.9176996240994,194.92465534262917,195.82832927540386,1099600
2025-11-13,193.55426025390625,195.39138304237173,193.1272433429459,194.98424641199685,1971400
2025-11-14,193.0279541015625,194.15008384640296,191.46886729167628,191.60789288628717,2055200
2025-11-17,190.98226928710938,193.2662588425658,190.1977558775865,192.2533646606798,1302700
2025-11-18,189.74098205566406,190.8631118131152,188.37057607006034,189.94951287359726,28135600
2025-11-19,190.41624450683594,191.61783477688886,189.5225106979826,189.96937760240928,4873700
2025-11-20,188.04286193847656,193.6337059788192,187.90383634799136,192.8988477704529,4122300
2025-11-21,190.64463806152344,192.1639946091066,188.49967391665228,188.49967391665228,4583500
2025-11-24,192.3328094482422,192.74990138141553,190.68436745456373,191.3199151895448,1851400
2025-11-25,194.6267547607422,194.87501583185013,191.6774120237675,192.23351439862478,2470000
2025-11-26,195.9673614501953,196.53340398291724,195.2523683313117,195.41125905831998,1368200
2025-11-28,196.70220947265625,196.831310075721,195.94750128758054,196.22555246906384,696100
2025-12-01,196.29505920410156,197.26823834680906,195.39138528097521,195.45098066545583,1540600
2025-12-02,197.04977416992188,197.486716088551,196.2553508480365,196.56319215816512,1586300
2025-12-03,197.7349853515625,197.9931865792537,196.52347003707766,196.5929904145804,1577800
2025-12-04,197.89385986328125,198.30101164845746,197.21859703653794,198.29107150811225,1427800
2025-12-05,198.37051391601562,199.0855069881953,198.03288250766764,198.03288250766764,1407500
2025-12-08,197.1689453125,198.6684367240559,196.80150862418645,198.6684367240559,1428500
2025-12-09,197.0299072265625,197.47677409480463,196.90080662917947,197.01004209942997,1655700
2025-12-10,197.9534454345703,198.4102524758361,196.50360925443985,196.92068603855904,1518500
2025-12-11,199.61183166503906,199.61183166503906,197.37748196343225,197.80449889689703,1642600
2025-12-12,198.12225341796875,200.24736751282026,197.70517665011783,199.68134016811285,3550600
2025-12-15,198.30099487304688,199.34369429333663,197.6753721903427,199.12522336136536,1896800
2025-12-16,197.4154815673828,198.17250603737313,196.39946344251197,197.8537644918039,1893600
2025-12-17,195.5926513671875,197.9235033049289,195.5926513671875,197.54499863073994,1757900
2025-12-18,196.99713134765625,198.34184651179385,196.5488929596104,197.3158729039178,1557900
2025-12-19,198.0629425048828,198.3916547101457,197.0967319861534,197.0967319861534,1262600
2025-12-22,199.0889129638672,199.21840979396396,198.7004376727353,198.92954978739243,987300
2025-12-23,199.37779235839844,199.4773924458929,198.580915662649,198.580915662649,922700
2025-12-24,200.20455932617188,200.3838486109714,199.32799340272675,199.32799340272675,570200
2025-12-26,200.244384765625,200.56314151908362,199.86586492068253,200.2643108625058,629700
2025-12-29,199.71646118164062,200.2742703121778,199.12877050476462,199.51724580632862,1054800
2025-12-30,199.31802368164062,199.90571433861606,199.22836384650128,199.51723905020674,881300
2025-12-31,197.8437957763672,199.43754911725372,197.8139142311519,199.43754911725372,937700
2026-01-02,198.4115753173828,199.16859979394124,197.40551263237157,199.10883670357586,1995300
2026-01-05,200.39378356933594,201.26039395473094,199.19847619541903,199.32797302063898,1279500
2026-01-06,202.11705017089844,202.29633945198216,200.55317828981455,200.7324827700574,1137100
2026-01-07,201.140869140625,202.40591035510795,201.10103214451587,201.91783495676506,1705200
2026-01-08,201.61900329589844,201.93774486067915,200.4336512786309,200.7523928434116,1481100
2026-01-09,203.2725067138672,203.61117435436353,202.02739168337354,202.28637013801932,1058800
2026-01-12,203.431884765625,203.68090778993752,202.19674029249674,202.4357926683749,974000
2026-01-13,202.73460388183594,203.5514066187925,202.08715016042032,203.51155442719778,975000
2026-01-14,201.81822204589844,202.31626809850673,200.65279610669415,202.06724507220258,1117700
2026-01-15,202.6947784423828,203.85023367880544,202.42582933084128,203.66098895499624,1518700
2026-01-16,202.51547241210938,203.08325217664975,202.0074709379089,203.05337063105904,1010400
2026-01-20,198.750244140625,200.67270968733956,198.53110267521384,199.5371653661901,1515300
2026-01-21,201.1807098388672,202.08715723992987,199.04907348860667,199.3479041394047,1725900
2026-01-22,201.838134765625,202.84418225351402,201.52934866534017,202.58520379502053,1119200
2026-01-23,201.88792419433594,202.56527467443829,201.40980427842482,201.89789484204036,901100
2026-01-26,202.933837890625,203.27252075367187,202.19673946912337,202.2365764652211,1092700
2026-01-27,203.34222412109375,203.78050704125522,203.0234825786223,203.17289030178736,1015300
2026-01-28,203.4717254638672,204.0693715689517,202.89399025620796,203.63108863906137,6841100
2026-01-29,203.9398956298828,204.67699403330457,201.15083479751948,204.22875564219373,3248600
2026-01-30,201.6289520263672,203.07328246683824,200.67271216473003,202.42582871050388,2173800
2026-02-02,202.933837890625,203.2824762029065,201.0113874463572,201.0113874463572,1481000
2026-02-03,200.5830535888672,202.69477909497346,199.3578646088135,202.63500080398174,2024600
2026-02-04,200.8320770263672,201.94771047317747,199.6965326816765,201.27035996627566,3069200
2026-02-05,198.46139526367188,199.9256518650403,198.1227123986727,199.3080644282718,2079400
2026-02-06,202.84417724609375,203.2326525238232,200.08499810987507,200.08499810987507,2733300
2026-02-09,203.232666015625,203.6809044121222,202.24652938400405,202.5852122428134,1198600
2026-02-10,202.8242645263672,203.8203566066643,202.6150937010338,203.42192585420904,1610600
2026-02-11,202.99359130859375,204.31839555329347,202.09711454711376,203.98968335430857,966400
2026-02-12,199.95553588867188,203.6012214645705,199.7762314050798,203.23267224713044,2571900
2026-02-13,200.96157836914062,202.35610121000636,200.0451754738347,200.9117707250042,2255800
2026-02-17,201.4496612548828,202.01742581866822,199.29809878345108,200.65278457666827,2688100
2026-02-18,202.6947784423828,203.3820691954089,201.61899719537533,202.1170432245922,1817100
2026-02-19,202.236572265625,202.34614300156736,201.05122026747355,201.7186001321557,1694200
2026-02-20,203.5912628173828,204.0494718690016,201.52936008299622,201.52936008299622,2213200
2026-02-23,201.46957397460938,203.94984866820553,200.98149859414696,203.1330458858796,1782000
2026-02-24,203.1728973388672,203.3721127097066,200.98149786131665,201.46957323999942,1259200
2026-02-25,204.64710998535156,204.75668071954215,203.83032240251515,203.83032240251515,1398600
2026-02-26,203.99964904785156,204.84631814665175,202.4756294708532,204.71683651928115,1666400
2026-02-27,204.05941772460938,204.17894390673436,202.29633054247353,202.4059012758076,2188400
2026-03-02,203.6709442138672,204.5176285424094,201.73852319044317,201.99750165369724,2951200
2026-03-03,201.49945068359375,202.07718588667763,198.71040515030364,200.39378791891153,3568500
2026-03-04,202.6449737548828,203.10316759691554,201.2604063814345,201.86802315390656,2112600
2026-03-05,200.891845703125,202.24653155543024,199.0789660002931,201.47955158842706,2448800
2026-03-06,197.88365173339844,199.15864835069624,197.3457535109755,198.32193467043678,2682000
2026-03-09,199.92564392089844,200.21450393048178,195.03482826166422,195.8117788520289,3126400
2026-03-10,199.497314453125,201.42973546097383,198.63071923381156,199.5172405498789,3097900
2026-03-11,198.74029541015625,199.8857952187623,198.14263408443898,199.2682229949043,1797700
2026-03-12,195.45318603515625,197.47525170936228,195.34361530013805,197.47525170936228,2853600
2026-03-13,194.38735961914062,197.0867757920062,194.11842570607226,196.04087608815323,2775000
2026-03-16,196.210205078125,196.85767402129255,195.43325450565052,195.83170043971325,2161500
2026-03-17,196.52964782714844,197.78740011560456,196.37990562009048,196.91895319488262,1465500
2026-03-18,193.734619140625,196.2601155612196,193.67472835304326,195.74103668278673,1518800
2026-03-19,193.86439514160156,194.68292796838656,192.02765798639723,192.23729097724265,3629700
2026-03-20,191.54852294921875,193.78454225704337,190.44049763230876,193.59487793308762,1860200
2026-03-23,193.6048583984375,195.7410496091865,193.28543576636255,194.16385942829547,2546200
2026-03-24,192.9560089111328,194.21376114833228,191.88790575786155,192.41696135830824,2198700
2026-03-25,193.77455139160156,194.6829356684686,192.78632288153864,194.35352108790246,2117000
2026-03-26,189.81161499023438,193.09576884397183,189.77169287362486,192.13747049735292,2171500
2026-03-27,186.96669006347656,189.41232707690403,186.61730681942905,189.06294383285655,2664100
2026-03-30,186.15814208984375,188.88327972501054,185.55920371146976,188.44406027842103,3147900
2026-03-31,191.46865844726562,191.74815894943558,187.91499614970334,188.13460586307045,3552700
2026-04-01,192.4269561767578,193.68470843269068,191.90787728932293,192.1075183286025,1841100
2026-04-02,192.81626892089844,193.62482506151792,189.95136582518256,189.95136582518256,1696200
2026-04-06,193.68470764160156,193.7945124975021,192.5866590825963,192.75636995850746,1680400
2026-04-07,193.0458526611328,193.25548565803547,191.14923989441596,192.97598514992214,2380300
2026-04-08,198.6558380126953,198.91538506715216,197.48792196254354,198.22661054822387,1240100
2026-04-09,199.89364624023438,200.2729748874977,198.0768776997998,198.45620634706316,1111900
2026-04-10,199.1150360107422,200.57242934996216,198.93534840782024,200.55247590757617,687300
2026-04-13,200.89186096191406,200.96174370299863,198.38633317318138,198.64586500084917,891600
2026-04-14,202.9082794189453,202.92823286158904,201.33108924686084,201.64053515583038,1896800
2026-04-15,204.0063018798828,204.10613001430116,202.3592442834233,202.90826855945474,913400
2026-04-16,203.95640563964844,204.5054146910312,203.40738135663068,204.45551585482184,712700
2026-04-17,206.55177307128906,207.07085196860163,204.8448246365865,204.8448246365865,864300
2026-04-20,206.22235107421875,206.54178891695642,205.67332680178507,205.97279597144296,974400
2026-04-21,205.09437561035156,207.30043422405873,204.6551561854592,206.99098832878502,899900
2026-04-22,206.80133056640625,206.8811900308851,205.9328836416062,206.3221890111685,592100
2026-04-23,205.5236053466797,206.61166196838087,203.62699260735405,206.20240316489108,1176400
2026-04-24,207.03091430664062,207.35035216038952,205.75319335491542,205.92288900285632,664400
2026-04-27,206.8212890625,207.05087549180635,206.25229611795226,206.69151553515374,606400
2026-04-28,205.5435791015625,206.23235365779138,205.05444559151877,205.93288447269595,789900
2026-04-29,205.39382934570312,205.99276769388516,204.445522987444,205.69329851979415,709500
2026-04-30,206.8811798095703,207.1806489786614,204.63518388883915,205.32395840825825,1126200
2026-05-01,206.79135131835938,208.2986587089366,206.76140592350015,207.77957981198452,785300
2026-05-04,205.73324584960938,207.09082630394738,204.98458049387082,206.35213766956315,1471400
2026-05-05,207.1307373046875,207.42021452478434,206.0526574224862,206.80132273804531,614000
2026-05-06,209.6662139892578,209.85587830944323,207.6098823250824,207.81951531887552,1195700
2026-05-07,209.08726501464844,210.51471296645968,208.79777255047878,210.394931384947,888500
2026-05-08,210.05552673339844,210.64448838826252,209.59635384572852,210.15535487331047,1151400
2026-05-11,210.19528198242188,210.85409588618663,209.68617981796083,209.7261171646344,972200
2026-05-12,210.01559448242188,210.21523552097696,208.5482092400079,209.29687455831566,1350900
2026-05-13,210.59457397460938,211.06373881448616,209.31685299032569,210.1054404604556,901800
2026-05-14,211.9920654296875,212.4013394569169,210.78422725286435,210.85409476171813,831400
2026-05-15,210.0754852294922,211.20347918297708,209.84589879678074,210.5047279323543,913200
2026-05-18,210.54464721679688,210.71434285883564,209.13715278198555,210.3450061809651,1156200
2026-05-19,209.18707275390625,210.22523054015278,208.91754897052598,209.55640944220264,1008300
2026-05-20,211.85232543945312,211.85232543945312,209.38671966751488,209.7361029236074,1042500
2026-05-21,212.36141967773438,212.95036607560942,210.59456525247427,210.92397982204037,1105500
2026-05-22,213.99850463867188,214.6473418375886,213.15998788582985,213.44948034563103,876500
2026-05-26,215.40597534179688,215.83521803808821,214.4676609519727,215.3161391605852,806200
2026-05-27,214.8569793701172,215.64556683921833,214.31793178679212,215.54573869959944,662300
2026-05-28,215.49583435058594,215.93505378306003,213.93861289482155,215.17639649728287,29883600
2026-05-29,215.1065216064453,216.05482794949563,215.1065216064453,215.78530417397283,5294900
2026-06-01,215.58566284179688,216.0148903062663,214.5774657126026,214.91685699589954,2168100
2026-06-02,215.39601135253906,215.5157929345679,214.48762707112544,214.63736928029707,1284500
2026-06-03,215.24627685546875,215.59564486805974,214.59742443499687,214.65731522391903,1870700
2026-06-04,216.94325256347656,217.26267518752266,215.74539106794185,215.87514936913155,2203700
2026-06-05,212.76071166992188,216.37426491933536,212.3813830148747,215.75537309826737,1592900
2026-06-08,213.44947814941406,215.32613744754067,213.31970461831187,213.8687289057037,1316700
2026-06-09,213.73895263671875,216.2744410472373,210.2751265416579,214.39778177314972,1869500
2026-06-10,211.9521484375,215.65553775039723,211.83236685849292,213.19992399094102,2001400
2026-06-11,215.5157928466797,216.30439554574286,212.5011780015222,213.1899525611783,1859100
2026-06-12,216.5240020751953,217.13291716067647,214.56748328576288,215.62559452868268,1646900
2026-06-15,219.1999969482422,219.82000732421875,218.3699951171875,218.97000122070312,1305900
2026-06-16,217.75999450683594,219.3699951171875,217.58999633789062,218.75999450683594,1165500
2026-06-17,214.4499969482422,218.8800048828125,214.0800018310547,218.08999633789062,1757500
2026-06-18,215.88999938964844,216.72000122070312,215.6699981689453,216.25999450683594,1821800
2026-06-22,215.8300018310547,217.1300048828125,214.91000366210938,215.8800048828125,1155000
2026-06-23,213.00999450683594,213.97999572753906,212.74000549316406,213.07000732421875,846900
2026-06-24,213.19000244140625,214.77000427246094,212.49000549316406,212.83999633789062,1174700
2026-06-25,213.25,214.9600067138672,212.4600067138672,214.9600067138672,1546200
2026-06-26,213.66000366210938,214.77000427246094,212.07000732421875,212.44000244140625,1193700
2026-06-29,217.2899932861328,217.58999633789062,215.16000366210938,215.35000610351562,1321200
2026-06-30,219.42999267578125,220.24000549316406,217.41000366210938,217.82000732421875,2343500
2026-07-01,218.8699951171875,220.05999755859375,218.05999755859375,218.77999877929688,1079100
2026-07-02,218.42999267578125,219.9499969482422,217.0800018310547,219.27999877929688,1285800
2026-07-06,218.49000549316406,219.41000366210938,217.75,219.41000366210938,1255300
2026-07-07,217.74000549316406,218.32000732421875,217.24000549316406,217.75,1653700
2026-07-08,216.9199981689453,217.44000244140625,215.58999633789062,216.64999389648438,1149600
2026-07-09,218.5,218.69000244140625,217.3000030517578,217.8699951171875,1636000
2026-07-10,219.69000244140625,219.75999450683594,217.5800018310547,218.5399932861328,1370100
2026-07-13,218.64999389648438,220.0,218.36000061035156,218.75,1158900
2026-07-14,219.24000549316406,219.60000610351562,218.25,219.60000610351562,827900
2026-07-15,219.8000030517578,220.2100067138672,218.75999450683594,220.1999969482422,1035100
2026-07-16,220.66000366210938,221.16000366210938,219.49000549316406,219.5800018310547,1270800
2026-07-17,217.8699951171875,218.74000549316406,217.3699951171875,217.57000732421875,922400
2026-07-20,216.94000244140625,218.6300048828125,216.85000610351562,218.52999877929688,735700
2026-07-21,218.1300048828125,218.49000549316406,217.38999938964844,218.19000244140625,960200
2026-07-22,217.33999633789062,218.1199951171875,217.11000061035156,217.5399932861328,760400
2026-07-23,216.0,216.49000549316406,215.1999969482422,215.24000549316406,672200
2026-07-24,216.80999755859375,218.1699981689453,215.88999938964844,215.89999389648438,635700
2026-07-27,217.25999450683594,218.82000732421875,216.52999877929688,218.32000732421875,941100
2026-07-28,218.4600067138672,219.1199951171875,217.60000610351562,217.69000244140625,1094200
2026-07-29,215.97999572753906,219.50999450683594,215.91000366210938,217.3699951171875,1253800
2026-07-30,218.9199981689453,219.22000122070312,217.11000061035156,219.0,1536200
2026-07-31,219.32000732421875,219.83999633789062,216.86000061035156,218.58999633789062,1349200
