Price,Close,High,Low,Open,Volume
Ticker,SPY,SPY,SPY,SPY,SPY
Date,,,,,
2013-08-01,136.85198974609375,136.9722696168495,136.24253910493374,136.31471926338625,110438400
2013-08-02,137.0845489501953,137.1005903466056,136.36284517973638,136.5472784124536,91116700
2013-08-05,136.884033203125,137.09253458582708,136.6033761482519,136.7797947477706,54072700
2013-08-06,136.10618591308594,136.91611097285477,135.8014728999813,136.61940030125797,87495000
2013-08-07,135.6651611328125,135.8656357264496,135.1599734773258,135.6731879475968,84854700
2013-08-08,136.16233825683594,136.46705130036042,135.46467839245673,136.3066740822953,102181300
2013-08-09,135.76937866210938,136.40288507536582,135.29626167337037,135.98589459641178,91757700
2013-08-12,135.60902404785156,135.76940126307116,135.0236417061013,135.0877950393886,68593300
2013-08-13,136.0099639892578,136.24250910017176,135.04768852713698,135.84958678490372,80806000
2013-08-14,135.31234741210938,136.1623578022669,135.28026462229258,135.94584179700064,79829200
2013-08-15,133.41986083984375,134.26184437819077,133.18730344971087,134.24581521997368,152931800
2013-08-16,132.97886657714844,133.62038800214,132.71423853048927,133.16329985718235,130868200
2013-08-19,132.12881469726562,133.28355045505293,132.12078788150345,132.8264624525956,96437600
2013-08-20,132.77833557128906,133.27550865265232,132.20096775731957,132.34530359281283,89294400
2013-08-21,131.9604034423828,133.13919511121296,131.66370493934357,132.409464604604,159530500
2013-08-22,133.16326904296875,133.35572909673166,132.2250492233757,132.23306380378227,101471400
2013-08-23,133.61227416992188,133.7806781757617,132.9306680415118,133.5561476586389,90888900
2013-08-26,133.1151580810547,134.15762863370887,133.0269487519224,133.74865254591336,89702100
2013-08-27,130.97406005859375,133.1151272025071,130.87783617131606,131.80001438705477,158619400
2013-08-28,131.43919372558594,131.9042963509897,130.74956048598733,130.91795232863305,108113000
2013-08-29,131.6476287841797,132.3452763172794,131.0301637311628,131.15045580528064,119200500
2013-08-30,131.2306671142578,131.93634161558617,130.84575931171437,131.9203002216473,134928900
2013-09-03,131.8240966796875,132.77835787238436,131.27078474536745,132.49768849712046,142375100
2013-09-04,132.91464233398438,133.13917287759944,131.61557101221197,131.8561307118017,97389400
2013-09-05,133.08306884765625,133.4358938786728,132.89862339880784,132.99485953090235,63090500
2013-09-06,133.14723205566406,133.90101866286494,131.89627225477795,133.5241253592645,159756500
2013-09-09,134.42222595214844,134.50240844651975,133.47597952498268,133.47597952498268,87559300
2013-09-10,135.4165496826172,135.44060565054835,134.92739127469056,135.23211651647972,105847200
2013-09-11,135.84158325195312,135.84158325195312,134.99959972579515,135.23214487656293,94545900
2013-09-12,135.480712890625,135.96987133422925,135.29627971103557,135.7934527325361,83209000
2013-09-13,135.7854461669922,135.88969686577974,135.3123290872599,135.625068947625,72727800
2013-09-16,136.57130432128906,137.31707614017316,136.3547883434198,137.2529228046564,106299200
2013-09-17,137.1807861328125,137.21285668987593,136.69162754459236,136.69162754459236,82523300
2013-09-18,138.76853942871094,139.1454327068184,136.78784913261433,137.1326596182019,203460600
2013-09-19,138.53598022460938,139.209584262849,138.39965894815614,139.1454309146357,146616900
2013-09-20,137.56741333007812,138.86476348145015,137.45460080803025,138.86476348145015,132867100
2013-09-23,136.93080139160156,137.5109835160245,136.49567094610495,137.3820637183181,104616500
2013-09-24,136.6084442138672,137.41425112236433,136.35059239687968,136.9065888354071,106333100
2013-09-25,136.21363830566406,136.9710990110926,136.09277214868786,136.69712752485214,117306500
2013-09-26,136.7373809814453,137.12416486807197,136.22166503406373,136.4392363496329,77146900
2013-09-27,136.10885620117188,136.2941883586983,135.75429917241632,136.05244381221604,99141800
2013-09-30,135.38363647460938,135.81071322250722,134.69064192781744,134.95655972671153,143937000
2013-10-01,136.45541381835938,136.5843459454277,135.35146168249221,135.48844745663567,127160000
2013-10-02,136.32643127441406,136.45536335380012,135.2385991306487,135.6576222408335,113350000
2013-10-03,135.06935119628906,136.1330222262991,134.4408227860605,136.01214381163192,176698000
2013-10-04,136.0927734375,136.22975918191753,134.99687518651817,135.17415374885655,96878000
2013-10-07,134.9163055419922,135.73823240156005,134.771266135056,134.90825189571012,96295000
2013-10-08,133.34498596191406,135.0694130584739,133.24829302240485,134.89213447227812,178015000
2013-10-09,133.44163513183594,133.92511192189352,132.57941579799402,133.60279406185512,168973000
2013-10-10,136.318359375,136.3908790490781,134.75509193480124,134.80343838418665,195955000
2013-10-11,137.1967010498047,137.24505980013518,135.99605643951446,136.10886893233985,105040000
2013-10-14,137.74468994140625,137.85750246184435,136.24588800093287,136.35064687549774,112106000
2013-10-15,136.7454833984375,137.91390141363706,136.56015117977225,137.3981852823111,155485000
2013-10-16,138.6552276611328,138.7277473460735,137.50291716374628,137.56738320446246,161676000
2013-10-17,139.58189392089844,139.66247954169273,138.0669727785694,138.0911460056798,129389000
2013-10-18,140.524658203125,140.62135109198235,139.8155442298059,140.09758154982245,138316000
2013-10-21,140.53277587890625,140.8148133274328,140.21851155128874,140.57306869950185,104104000
2013-10-22,141.34654235839844,141.76555294851536,140.55684301686284,140.9436390478476,126663000
2013-10-23,140.66976928710938,140.92762119825755,140.17822640160222,140.86315514655996,105484000
2013-10-24,141.1370391845703,141.314317642972,140.62132338621126,140.95170708556296,70350000
2013-10-25,141.78175354003906,141.82204635324476,141.15322500007932,141.42719645685352,93625000
2013-10-28,142.00738525390625,142.200783389054,141.58030846414073,141.73341378417757,84979000
2013-10-29,142.7648468017578,142.82125920239216,142.12826458335297,142.3297163645197,87401000
2013-10-30,142.0557098388672,143.03879535711312,141.5480597926929,142.9340488087236,140002000
2013-10-31,141.65280151367188,142.5391940968464,141.4432961283936,141.9428925140164,133795000
2013-11-01,141.9912567138672,142.31357459523426,141.19350335837098,141.83815141674415,142805000
2013-11-04,142.4908905029297,142.54729061392862,141.8059494557731,142.37807798528954,85677000
2013-11-05,142.0396728515625,142.42645695808815,141.47561013461987,141.93491395568563,85825000
2013-11-06,142.7648468017578,143.0307646283748,142.25718437861258,142.6520342961301,87348000
2013-11-07,140.9598388671875,143.14358165407327,140.82285312714544,143.03076914488324,157000000
2013-11-08,142.86160278320312,142.87772237559133,140.89544285946405,140.9115501562059,136713000
2013-11-11,142.88571166992188,143.05492426446332,142.55532782924982,142.72454042379127,62614000
2013-11-12,142.59567260742188,142.91799062586702,142.12023693109555,142.57955301780635,83990000
2013-11-13,143.7398681640625,143.78014868079342,141.89456309997814,141.89456309997814,103844000
2013-11-14,144.45706176757812,144.57792793064394,143.63513497180398,143.86881365227862,103435000
2013-11-15,145.08558654785156,145.14198665723475,144.5054043892828,144.69073659960168,102818000
2013-11-18,144.57789611816406,145.4481691876723,144.2555782238156,145.3273030512015,104796000
2013-11-19,144.263671875,144.94054701822694,144.0138735932598,144.50541651062187,93891000
2013-11-20,143.8123779296875,144.988849277677,143.41752806871065,144.55371890274753,124909000
2013-11-21,144.97274780273438,145.08556029673085,144.1266479499409,144.21528721634095,92841000
2013-11-22,145.6979522705078,145.7140718522432,144.8599184548416,145.02913102832926,81296000
2013-11-25,145.55287170410156,145.98800192263064,145.3433540877876,145.95577506392414,79486000
2013-11-26,145.59324645996094,146.02838925583416,145.37568735766703,145.6254856351737,86994000
2013-11-27,145.94776916503906,146.04447437220907,145.56903886735944,145.74631740225797,58800000
2013-11-29,145.85110473632812,146.45546014269414,145.68994575375896,146.10896894495255,55870900
2013-12-02,145.47239685058594,146.1976185320669,145.24677178098545,145.9236469897869,99726000
2013-12-03,144.8438262939453,145.35954234636517,144.376456700246,144.9969316103207,116563000
2013-12-04,144.8277130126953,145.43206836428718,143.71570752680222,144.32006287839408,123033000
2013-12-05,144.1910858154297,144.83573378186966,144.05410012060224,144.56981603462677,106934000
2013-12-06,145.80270385742188,145.93968955626457,145.16610951473427,145.5851325495481,127728000
2013-12-09,146.17340087890625,146.3909722354961,145.98001504695117,146.22981327698673,70124000
2013-12-10,145.64956665039062,146.14110924820076,145.56092741814177,145.83489875577104,80976000
2013-12-11,144.0138397216797,145.73021270570257,143.83656118362848,145.70603947739014,130591000
2013-12-12,143.53848266601562,144.12671865215714,143.24032555333102,143.94944003239192,115565000
2013-12-13,143.52227783203125,143.9654741182159,143.24830641716744,143.83654205393702,107808000
2013-12-16,144.41676330566406,144.8921865893378,144.15889910700875,144.19919192500387,96195000
2013-12-17,143.95738220214844,144.5698032491418,143.63506439525227,144.5456300284064,89886000
2013-12-18,146.41514587402344,146.43931910308544,142.88571917892682,144.17500314624834,234906000
2013-12-19,146.24594116210938,146.4151537746742,145.61741258130075,145.99613062225475,136531200
2013-12-20,147.09661865234375,147.44500328563038,146.2945465112687,146.3917643799095,197087000
2013-12-23,147.88247680664062,147.97159729542506,147.50980011710044,147.81766078185262,85598000
2013-12-24,148.20657348632812,148.27138952376308,147.8825056615485,147.89060303032971,45368800
2013-12-26,148.96005249023438,149.04107562946845,148.52255968059828,148.53875441852878,63365000
2013-12-27,148.95201110839844,149.21936037109063,148.79807450343017,149.15455667021982,61814000
2013-12-30,148.92764282226562,149.08967672981967,148.73319471576394,148.9681420273581,56857000
2013-12-31,149.63250732421875,149.63250732421875,149.01676112616758,149.1301984678259,86119900
2014-01-02,148.19842529296875,149.13014160386993,147.8419433905294,149.05721586026854,119636900
2014-01-03,148.17416381835938,148.74939839369858,147.9635209796238,148.4496226911046,81390600
2014-01-06,147.74473571777344,148.71695128800147,147.51788583013328,148.6602449972873,108028200
2014-01-07,148.65216064453125,148.90331503712193,148.2227652580258,148.33619022120848,86144200
2014-01-08,148.68458557128906,148.93573998200495,148.17416701893444,148.62786690440757,96582300
2014-01-09,148.78179931640625,149.17879288638107,148.10124950707313,149.16258578737953,90683400
2014-01-10,149.1868896484375,149.25170568178598,148.27138017568237,149.03295311453414,102026400
2014-01-13,147.2019805908203,149.21932601008743,146.91841192460825,148.80613760958147,149892000
2014-01-14,148.80613708496094,148.8871602357065,147.4126229564378,147.68808188913727,105016100
2014-01-15,149.60821533203125,149.8350653094763,148.8385448826715,149.15451537714114,98525800
2014-01-16,149.4137725830078,149.60822072599845,148.93576813918583,149.30034759019586,72290600
2014-01-17,148.78179931640625,149.4380446584342,148.5225475443531,149.15448841907593,107848700
2014-01-21,149.21929931640625,149.697316042143,148.30380215799119,149.64059737408806,88621200
2014-01-22,149.31649780273438,149.53525033495393,149.00052741725827,149.47043431198546,61270900
2014-01-23,148.0931396484375,148.58735108720603,147.30727460225907,148.56304661992186,132496900
2014-01-24,144.9334259033203,147.1776330157601,144.884816971896,147.12902408433578,208677100
2014-01-27,144.22052001953125,145.4439029775294,143.4994584007847,145.07121374920715,180843100
2014-01-28,145.079345703125,145.26568416462663,144.30966265309567,144.3258697600438,110463200
2014-01-29,143.685791015625,144.65800699978388,143.30500446444992,143.87212942500952,216597300
2014-01-30,145.20889282226562,145.6787997894586,144.42301542086977,144.8848250198401,118938100
2014-01-31,144.35818481445312,145.2574870921497,143.33736021371362,143.41027360753938,194677900
2014-02-03,141.10939025878906,144.51215201274135,140.83393135981478,144.18808417422994,254837100
2014-02-04,142.09780883789062,142.4623882355272,141.0607769518868,141.7413268091277,165012400
2014-02-05,141.91957092285156,142.2355413893563,140.73671219691906,141.6036004563468,164230500
2014-02-06,143.79104614257812,143.79104614257812,141.9600399320906,142.25170584160463,132877600
2014-02-07,145.57351684570312,145.72745342591375,143.99366419006427,144.46357130140265,170787200
2014-02-10,145.84085083007812,145.8894721323108,145.1927151490573,145.5896963993232,92218800
2014-02-11,147.43687438964844,147.80956344164937,145.86511978483205,145.96235000322815,117814100
2014-02-12,147.50979614257812,148.12552981788477,147.21813022008712,147.65562292262746,94717700
2014-02-13,148.2714080810547,148.4253446439296,146.50521719888187,146.51331456867652,100542200
2014-02-14,149.08963012695312,149.36508891993077,147.99587995866017,148.133609355149,96498400
2014-02-18,149.26792907714844,149.4704745675776,148.78991232431488,149.2193077750331,80460900
2014-02-19,148.27955627441406,149.84320205573357,148.15802152159037,148.87908321703821,126524300
2014-02-20,149.1544647216797,149.49473957228398,147.93919209992475,148.4820123874882,104998100
2014-02-21,148.984375,149.79455704086408,148.91146158329747,149.43807496490038,118116400
2014-02-24,149.81076049804688,150.81537829234057,149.23552582357502,149.30034186875469,114063900
2014-02-25,149.7541046142578,150.3617413849023,149.25989287963756,149.932345722639,117085000
2014-02-26,149.76210021972656,150.36973652730612,149.34080225166824,149.97274302255957,98677200
2014-02-27,150.54803466796875,150.58853388060575,149.37326080396693,149.54340447415106,93880800
2014-02-28,150.92880249023438,151.62555951927064,149.9241847012029,150.52371148178065,150842000
2014-03-03,149.86746215820312,150.2482486853138,148.87094176459675,149.60010061603631,167748500
2014-03-04,151.97389221191406,152.29795996282755,151.3014398844959,151.33384171463032,167545900
2014-03-05,152.11166381835938,152.37092798092115,151.86860675655663,152.1035664491777,88376900
2014-03-06,152.4600372314453,152.80842190710717,152.13596938829565,152.4843540639575,82516500
2014-03-07,152.5248260498047,153.09196321768718,151.85237365101298,153.09196321768718,114513500
2014-03-10,152.44386291503906,152.5005692321088,151.5688647864413,152.28992634208242,74939200
2014-03-11,151.6903839111328,152.88946226306265,151.34201155864315,152.6707096449894,99009100
2014-03-12,151.73085021972656,151.78756888106017,150.6127953524619,150.95308259567648,104824400
2014-03-13,150.02947998046875,152.30610152925843,149.60819428869675,152.18456682546682,155014300
2014-03-14,149.60821533203125,150.53182234374228,149.42997429798206,149.76215189438253,153919600
2014-03-17,150.96121215820312,151.3176942129153,150.29685699034934,150.3616730332421,98359500
2014-03-18,152.0387420654297,152.24128754541803,151.10702544004627,151.26907171395297,101804600
2014-03-19,151.2285614013672,152.26559327852806,150.26444293063284,152.05493806565795,176267300
2014-03-20,152.11166381835938,152.22508879888122,150.62902933999786,150.89639087174132,117241000
2014-03-21,151.52169799804688,153.8165009257361,151.383360663797,152.750480207666,163128000
2014-03-24,150.8950653076172,152.22963968747018,150.23592364051524,152.0424664998827,121411000
2014-03-25,151.6112518310547,152.12392334731533,150.76494896984136,151.6600753246106,103852000
2014-03-26,150.52076721191406,152.44936904449938,150.4800768423198,152.2052392438912,119843000
2014-03-27,150.20338439941406,150.82183572631462,149.65002275580326,150.34172170607778,142383000
2014-03-28,150.9439697265625,151.7007586755187,150.54522385273842,150.63473772576174,101642000
2014-03-31,152.1808319091797,152.416828609481,150.96834081210383,151.90415725506446,99745000
2014-04-01,153.18988037109375,153.27939421088394,152.17268329027638,152.6772090689357,89193000
2014-04-02,153.70257568359375,153.90601513153712,153.10039044757636,153.38521064148046,78774000
2014-04-03,153.49908447265625,153.9791984278284,153.02710362255414,153.93850806856966,77435000
2014-04-04,151.68443298339844,154.36983592406241,151.4403156026668,154.33729107895064,169381000
2014-04-07,150.00807189941406,151.57048498987527,149.69885245722065,151.3182221224456,140803000
2014-04-08,150.6265411376953,150.87065849127953,149.39775917886038,149.9429752967917,112660000
2014-04-09,152.24594116210938,152.29476464254302,150.59401385032615,151.0334500081458,100254000
2014-04-10,149.0478515625,152.31101521215746,148.8606783660459,152.23778000500036,172959000
2014-04-11,147.7051544189453,149.25943459298824,147.54240536370077,148.21782573907478,167251000
2014-04-14,148.8688507080078,149.21876059432105,147.6482140343337,148.86070518332997,132382000
2014-04-15,149.89418029785156,149.9999727824702,147.7051698872428,149.17808189639138,157093000
2014-04-16,151.4647216796875,151.47285478642215,150.26035136729104,150.92763862823693,105197000
2014-04-17,151.67630004882812,152.09945753750634,151.0008796551355,151.2612880841551,105255000
2014-04-21,152.20521545410156,152.25405134015608,151.52980757562477,151.7169683461561,68329000
2014-04-22,152.89695739746094,153.31196941852613,152.27850591993968,152.3598742523467,85790000
2014-04-23,152.5388641357422,152.9213312123795,152.41680545892427,152.83996290015287,73869000
2014-04-24,152.8480224609375,153.30372452439698,152.1156335015634,153.287445903002,88170000
2014-04-25,151.5949249267578,152.44123993546825,151.25314816372554,152.35172608679613,100380000
2014-04-28,152.07505798339844,152.73419979884733,150.5126445349748,152.21339531603945,135121000
2014-04-29,152.7830047607422,153.0189890250075,152.23778860396104,152.56328670990428,84098000
2014-04-30,153.2387237548828,153.39333971796967,152.31917350091877,152.53075846807263,101508000
2014-05-01,153.25497436523438,153.66998628214427,152.76671482549432,153.16546053018055,93019000
2014-05-02,153.0352325439453,153.91409212870016,152.80738143867043,153.23867191772317,98122000
2014-05-05,153.32823181152344,153.43402429110213,151.86346539679337,152.28662289815043,75883000
2014-05-06,151.99368286132812,153.09226087235527,151.96113801236797,152.98646838355685,85454000
2014-05-07,152.8887939453125,152.96202915503147,151.3670586695092,152.50632684972697,106500000
2014-05-08,152.7260284423828,153.84088485656233,152.23778130687074,152.75045259526684,93618000
2014-05-09,152.95387268066406,153.01896235694346,152.03432268704574,152.75043329566563,83679000
2014-05-12,154.44302368164062,154.5162712903102,152.98640328404463,153.6374117388568,86940000
2014-05-13,154.58140563964844,154.95572719784522,154.4267897024539,154.64649532345615,66454000
2014-05-14,153.84901428222656,154.5163014935054,153.6292962471767,154.44305387051818,72367000
2014-05-15,152.4981689453125,153.57233493514147,151.74951344495696,153.53977767771636,154956000
2014-05-16,153.027099609375,153.09220169909082,151.94480064963798,152.58766360803162,97458000
2014-05-19,153.58865356445312,153.7107122691974,152.59586804267053,152.73420538036694,63839000
2014-05-20,152.6202392578125,153.5316437897845,152.22963908938956,153.51536516115488,111644000
2014-05-21,153.9059600830078,153.9791952780029,153.03523359710846,153.05964532877348,89093000
2014-05-22,154.28025817871094,154.5976230591726,153.68621877004213,153.94661467395704,61549000
2014-05-23,154.89878845214844,155.0045685132304,154.2803246321731,154.41866195586297,61092800
2014-05-27,155.85089111328125,155.89971459261952,155.38704322565167,155.47655707675784,72010000
2014-05-28,155.73690795898438,156.09496323106453,155.47649960948846,155.85083350765046,66723000
2014-05-29,156.5425567626953,156.5669684990892,155.69625426147576,156.0949999841699,64377000
2014-05-30,156.79481506347656,156.89247442315178,156.26587756780648,156.39608176940274,76316000
2014-06-02,156.97384643554688,157.0470940612684,156.2170577777276,157.0145368016241,64656000
2014-06-03,156.8925018310547,156.9738701585497,156.44493257047833,156.59140301014426,65047000
2014-06-04,157.2098388671875,157.29935270335977,156.4611833359994,156.623932378961,55529000
2014-06-05,158.23519897460938,158.39794804838715,156.81112284937666,157.38889634078993,92103000
2014-06-06,158.99195861816406,159.03263656325814,158.50369910748373,158.57693430899923,78696000
2014-06-09,159.15467834472656,159.53714532704743,158.82103482109295,158.9675176141077,65119000
2014-06-10,159.17098999023438,159.20353483045977,158.61762837075932,158.95940506942534,57129000
2014-06-11,158.6176300048828,158.7803790415973,158.2595746739376,158.6013513761247,68772000
2014-06-12,157.49465942382812,158.5200020702672,157.14474957379113,158.4304882267996,106350000
2014-06-13,157.9748077392578,158.1294237099794,157.2993872664502,157.80391313557638,82017000
2014-06-16,158.10496520996094,158.4386088198935,157.5923063441892,157.77946712321838,87424000
2014-06-17,158.5443572998047,158.65828284025315,157.71432126685013,157.88521578599915,84834000
2014-06-18,159.7080535888672,159.79756741677176,158.1944640369068,158.54438624306277,105267000
2014-06-19,159.8871307373047,159.98479011785662,159.33378138766497,159.84644036348794,85929000
2014-06-20,160.2117156982422,160.34254381350777,160.0154735253438,160.28530183440816,100587000
2014-06-23,160.1626739501953,160.30167415759885,159.86831690026517,160.25261672868666,70611000
2014-06-24,159.19781494140625,160.66960003241414,159.0179294038133,159.8764717466059,96237000
2014-06-25,159.91737365722656,160.08090257839908,158.82988824056676,158.8625890342185,82782000
2014-06-26,159.80287170410156,159.95822851636223,158.73174312666816,159.94187188442567,84312000
2014-06-27,160.1136016845703,160.16265910893665,159.35317417752432,159.42676031407385,71445100
2014-06-30,160.03184509277344,160.39978828439496,159.87648825095488,160.01548845772493,70201200
2014-07-01,161.10299682617188,161.59359613586705,160.36711033808785,160.42433985422568,90470000
2014-07-02,161.2664337158203,161.47084789876564,161.0456753812845,161.11926149279643,52475000
2014-07-03,162.0596160888672,162.13320222505553,161.60173016175438,161.72437372206824,52938800
2014-07-07,161.4954071044922,161.87970683912883,161.25829209713004,161.74889121943968,61696000
2014-07-08,160.45701599121094,161.2583163668906,160.0645316437118,161.20107438754272,108143000
2014-07-09,161.17652893066406,161.3237136647991,160.51422881819278,160.85764322923512,72992000
2014-07-10,160.53878784179688,160.9639730161399,159.49218777915013,159.6230159060952,99040000
2014-07-11,160.75950622558594,160.8739776801503,160.08084957479267,160.4406205681243,64243000
2014-07-14,161.56906127929688,161.7816476513097,161.43823313815443,161.57723335944644,58658000
2014-07-15,161.2664337158203,161.97780355645713,160.55507635163508,161.66709000591572,111307000
2014-07-16,161.86338806152344,162.10867518468064,161.4218462869287,161.98603162310204,79986400
2014-07-17,160.02366638183594,161.97786622784102,159.7947109300158,161.36462344173327,145398000
2014-07-18,161.65895080566406,161.82247968998584,160.4569941673952,160.54693692524032,124330000
2014-07-21,161.35641479492188,161.48724289744106,160.61234399785548,161.15200056340612,67592000
2014-07-22,162.0596160888672,162.35397311007625,161.78978777972088,161.9042592614991,67678000
2014-07-23,162.4193572998047,162.59107072912286,161.97782808741349,162.3048858390771,65612000
2014-07-24,162.42752075195312,162.76276303930175,162.26399188480468,162.5747054659037,56888000
2014-07-25,161.6671142578125,162.1086434695701,161.3482285836394,161.96964330148987,76837000
2014-07-28,161.73252868652344,161.96964368523302,160.7676871082436,161.69981542545443,69259000
2014-07-29,161.0375213623047,162.26400669252246,161.01299265381664,162.03506376233148,80466000
2014-07-30,161.06207275390625,161.82250025349185,160.39160050005088,161.60990144804896,104222000
2014-07-31,157.88137817382812,160.08087737521083,157.78326333186325,159.9418771902756,183479000
2014-08-01,157.39894104003906,158.42918416259616,156.638526170725,157.44799845400084,189261000
2014-08-04,158.53550720214844,158.87074954951996,157.03102139269023,157.70149361097822,91340000
2014-08-05,156.9983367919922,158.29842107562465,156.42597931176957,157.88959252168598,152690000
2014-08-06,157.04734802246094,157.71782011265987,156.23786329657847,156.26239200253377,94818000
2014-08-07,156.1969451904297,157.9140291057647,155.80447350103455,157.7586723496739,135733000
2014-08-08,158.00404357910156,158.11033050538586,156.13160205745635,156.54861511346368,117014000
2014-08-11,158.46189880371094,159.16508418834823,158.38831268212704,158.600898969965,74544000
2014-08-12,158.24118041992188,158.748123838602,157.75876571656772,158.30659448627696,73632000
2014-08-13,159.3123016357422,159.49218719051353,158.59277189311365,158.86258774881384,69047000
2014-08-14,160.0645294189453,160.0645294189453,159.42675795869354,159.57394270607392,57371000
2014-08-15,160.03184509277344,160.7922601903608,158.87894561276332,160.64508790429497,139951000
2014-08-18,161.37278747558594,161.44637361190075,160.824958777816,160.91490154768604,75424000
2014-08-19,162.2149658203125,162.33760937526148,161.4381941939069,161.7652519914076,59135000
2014-08-20,162.64834594726562,162.84458813930624,161.9615169898089,161.99421778358717,72763000
2014-08-21,163.12258911132812,163.3351754627557,162.65651858231067,162.78734671078473,67791000
2014-08-22,162.86912536621094,163.27795393032054,162.50118215380382,162.99176894486075,76107000
2014-08-25,163.69488525390625,164.01377089981412,162.83634313755357,163.6458278432208,63855000
2014-08-26,163.80125427246094,164.20191075749585,163.76036892068876,163.80125427246094,47298000
2014-08-27,163.73582458496094,163.99748083017533,163.48235289519477,163.88299686555166,47874000
2014-08-28,163.64584350585938,163.75214289015344,163.03260086069255,163.19612973744634,58330000
2014-08-29,164.11196899414062,164.12831315378494,163.384254643321,163.89937015418715,65907000
2014-09-02,164.03021240234375,164.3490982132514,163.41696949856296,164.32456949521688,72426000
2014-09-03,163.94024658203125,164.68431752844901,163.71130359489612,164.65978881386005,57462000
2014-09-04,163.70309448242188,164.82328045009893,163.25338068926362,164.21820984871746,85236000
2014-09-05,164.43896484375,164.50437888703135,163.0489507342672,163.67036543076046,102177000
2014-09-08,164.01377868652344,164.52073439939693,163.53136415661012,164.2836069345562,64146000
2014-09-09,162.97535705566406,163.9810714120084,162.64011477806514,163.86659996068832,88591000
2014-09-10,163.588623046875,163.69490996058474,162.52566657459795,163.06531065003958,67251000
2014-09-11,163.7767333984375,163.8012621153837,162.81189145153934,162.9345475127287,66774400
2014-09-12,162.82003784179688,163.6295102641915,162.353967376153,163.61316610769742,117409300
2014-09-15,162.69740295410156,162.97541584455217,162.20681618995812,162.84458771686445,76401000
2014-09-16,163.92391967773438,164.21827678264677,162.30496183894596,162.3949046342375,116201000
2014-09-17,164.14462280273438,164.9050377316281,163.3269659020981,164.16097943415429,151266000
2014-09-18,165.01954650878906,165.0440752213831,164.43083245361942,164.64341878825334,94990000
2014-09-19,164.87086486816406,165.8566373529881,164.53405540429287,165.54448379590644,121649000
2014-09-22,163.59759521484375,164.60802376427023,163.25257541800755,164.583380388409,125553000
2014-09-23,162.6610870361328,163.68793600555767,162.61180029116483,163.00610678568628,111393000
2014-09-24,163.93435668945312,164.0411529767406,162.25854494810054,162.6857050276994,107276000
2014-09-25,161.28919982910156,163.51541365493313,161.23170281148873,163.50719084186272,150300000
2014-09-26,162.57069396972656,162.9732232043375,161.3549085229412,161.58492164706885,103547000
2014-09-29,162.27496337890625,162.5624860556339,161.05096763659645,161.17418447817954,95112000
2014-09-30,161.84783935546875,162.8993317537754,161.5110298670857,162.39822892842787,131302000
2014-10-01,159.65444946289062,161.64242714866637,159.2929966955178,161.58491760168667,177798000
2014-10-02,159.67913818359375,160.2377380483554,158.01153633438454,159.51483230828418,157285000
2014-10-03,161.4370880126953,161.78210775567877,160.25415601687928,160.74703599195115,121569000
2014-10-06,161.2480926513672,162.32424057218302,160.6648496341685,162.11064802945648,104778000
2014-10-07,158.75900268554688,160.77984623099928,158.7261490458851,160.41839352085552,147913000
2014-10-08,161.53564453125,161.76565766907584,158.01971509902543,158.84940445084177,186461000
2014-10-09,158.33187866210938,161.50278833760757,158.2004390040593,161.280985481495,210705000
2014-10-10,156.5246124267578,159.0794127696509,156.4835485021425,158.29079990235928,221909000
2014-10-13,153.95339965820312,157.0257234403883,153.86303645668144,156.45891339605353,230939000
2014-10-14,154.1916046142578,155.93314860459063,153.6494254700568,154.78307049251805,215847000
2014-10-15,153.1483154296875,154.18338693433543,149.44344985840436,152.10504618278952,380715000
2014-10-16,153.01690673828125,154.09304229233166,150.24030352753704,150.3799534623979,270391000
2014-10-17,154.82415771484375,155.87564989713857,154.1258955077184,154.78308125534656,214625000
2014-10-20,156.3274688720703,156.450685718143,154.49557406339343,154.5448608018225,130011000
2014-10-21,159.4244384765625,159.5312222248781,157.2967983010323,157.4610915970967,154949000
2014-10-22,158.29078674316406,160.11447108248385,158.22506692055734,159.70373159227262,151822000
2014-10-23,160.13088989257812,161.1741716960859,159.580500485864,159.87623341698531,154944000
2014-10-24,161.3630828857422,161.4123821454613,159.76942446178333,160.39374386906292,117927000
2014-10-27,161.141357421875,161.37958086650323,160.21308194619033,160.7881148597562,82954000
2014-10-28,162.98965454101562,162.99786481865502,161.60956327632263,161.6835059141772,106736000
2014-10-29,162.74322509765625,163.57291447662246,161.66708948159052,163.10467790743206,142557000
2014-10-30,163.78646850585938,164.25470496481606,162.15993124479303,162.3078039661506,113330000
2014-10-31,165.65953063964844,165.79097034551137,164.9284145111088,165.75810415165552,146903000
2014-11-03,165.7498321533203,166.30843189307168,165.371946273366,165.87304899744913,93600000
2014-11-04,165.17478942871094,165.61017229825384,164.34508761202454,165.30621654298392,93343000
2014-11-05,166.21807861328125,166.42344838893314,165.48696271335152,166.3823719268475,91709000
2014-11-06,166.8834686279297,166.9738318273301,165.64303974050227,166.25914904511157,107089000
2014-11-07,167.0395965576172,167.25318919621876,166.4399201830082,166.89994658187425,89540000
2014-11-10,167.5652618408203,167.6145485690591,166.86701229948218,167.07238202365926,66319000
2014-11-11,167.72958374023438,167.8363800261612,167.29420085345245,167.63101026693292,54499400
2014-11-12,167.5488739013672,167.7788870344358,167.01490499370564,167.04777117544438,90120300
2014-11-13,167.73780822753906,168.26355431502145,166.93276227306376,167.71316485896764,85357900
2014-11-14,167.7788848876953,167.98425464921996,167.35171227398692,167.66387832263254,80417500
2014-11-17,167.8856964111328,168.0582125546518,167.29423039732146,167.4585362615405,80441000
2014-11-18,168.8550262451172,169.15896949150834,167.94318397116785,167.94318397116785,76068100
2014-11-19,168.5839385986328,168.85502820048956,167.8281793456274,168.65786870783663,82373000
2014-11-20,168.8796844482422,168.98648074842,167.72960612223105,167.79532595812685,72840300
2014-11-21,169.78323364257812,170.73615206608088,169.20820098521332,170.57185881180118,142327300
2014-11-24,170.25973510742188,170.36653138985446,169.97222497477443,170.18580500486468,65880800
2014-11-25,170.13653564453125,170.69513541170875,169.8818791309782,170.4897656382271,79108300
2014-11-26,170.57191467285156,170.6704881507471,170.07081193558938,170.28439198262168,62167800
2014-11-28,170.21047973632812,170.76086927029675,169.97225629482244,170.44871571261106,57890100
2014-12-01,169.02752685546875,169.66827951941994,168.71537333634876,169.55327295242296,103968400
2014-12-02,170.12010192871094,170.32547170143906,169.04396632517984,169.0686096951251,74507200
2014-12-03,170.77728271484375,170.99086275971644,170.1283197673002,170.2926130737235,68952000
2014-12-04,170.58834838867188,171.08945112776877,169.79972295829236,170.48976237563946,91316600
2014-12-05,170.86764526367188,171.25374142642474,170.49798219193158,170.76084897425383,91025500
2014-12-08,169.72576904296875,170.96619776455188,169.16715683005884,170.4733179076276,108588200
2014-12-09,169.6107940673828,169.71759036358128,167.50780953618442,167.8856829100341,125180100
2014-12-10,166.89163208007812,169.2081957233589,166.70268293549898,169.15069872679632,159856400
2014-12-11,167.73780822753906,169.3807663177685,167.3435017956211,167.48315172911757,159012800
2014-12-12,165.02688598632812,167.433825539449,164.99403234756608,166.46447397653924,202330200
2014-12-15,163.89328002929688,166.37415025907953,163.29360383518193,165.92233427661947,189965800
2014-12-16,162.5789337158203,166.26736689853817,162.53785725335305,163.12932321550753,259543800
2014-12-17,165.76629638671875,166.21811249219832,162.89111894156747,163.0143483529413,253910100
2014-12-18,169.86544799804688,174.95040565365042,167.51601726093492,168.18963614241468,257633900
2014-12-19,170.5881805419922,171.2572489465312,169.83650580930632,170.5138298050776,245084600
2014-12-22,171.3729248046875,171.3729248046875,170.5386561795622,170.77819441316655,148318900
2014-12-23,171.6041259765625,172.00060851469402,171.31501651095354,171.95104977292166,122167900
2014-12-24,171.6206817626953,172.09150250128513,171.5793786021985,171.82718496122445,42963400
2014-12-26,172.17413330078125,172.5128016194677,172.01718883095307,172.06674758901318,57326700
2014-12-29,172.40548706054688,172.6119903736604,171.92639786164804,171.9924804343198,79643900
2014-12-30,171.4803009033203,172.11632182757245,171.4059501555861,171.984169328845,73540800
2014-12-31,169.77871704101562,171.96765918962677,169.65482012488775,171.80245910013662,130333800
2015-01-02,169.6878662109375,170.88559529706598,168.65534982907482,170.47258874432092,121465900
2015-01-05,166.62332153320312,168.81225065477216,166.31770079651972,168.6470505972124,169632600
2015-01-06,165.0539093017578,167.44934175106874,164.2609313452381,166.92894957322903,209151400
2015-01-07,167.11068725585938,167.44935560927416,165.9294947211136,166.37553619335011,125346700
2015-01-08,170.07606506347656,170.2908365016817,168.49838987366132,168.51490105817123,147217800
2015-01-09,168.71315002441406,170.5055966664213,168.10189588592164,170.4890728778248,158567300
2015-01-12,167.3915557861328,169.00229147312052,166.78856973022198,168.84534696175578,144396100
2015-01-13,166.9207305908203,169.729170120032,165.6238839596993,168.60579178755538,214553300
2015-01-14,165.91293334960938,166.11118096122874,164.02136956240093,164.9134523048001,192991100
2015-01-15,164.39312744140625,166.86289849504993,164.2774861138506,166.54902209394717,176613900
2015-01-16,166.5490264892578,166.70597099593076,164.0049046119339,164.18662850345416,211879600
2015-01-20,166.90419006347656,167.44936168573867,165.3430259480595,167.18503146744484,130991100
2015-01-21,167.74673461914062,168.22582370893434,165.97906716560615,166.44163246500446,122942700
2015-01-22,170.2412567138672,170.37340919341256,167.12718468012818,168.49836906255456,174356000
2015-01-23,169.30784606933594,170.241244574568,169.17568099525872,169.98517001706017,117516800
2015-01-26,169.70437622070312,169.79523815908667,168.3827629216211,169.09313463881273,92009700
2015-01-27,167.4658660888672,168.60575536241527,166.63985315825929,167.655845533799,134044600
2015-01-28,165.31826782226562,168.74621728030513,165.1282883309134,168.64709973767964,168514300
2015-01-29,166.84632873535156,167.1023906847634,164.11221580090753,165.5164476333486,173585400
2015-01-30,164.74830627441406,166.9950628601836,164.48398864289024,165.6734494946458,197729700
2015-02-02,166.78858947753906,166.8794514367733,163.43497778864867,165.24394877451851,163107000
2015-02-03,169.20053100585938,169.20879920391286,167.3089664338,167.68066983135327,124212900
2015-02-04,168.55624389648438,169.6465873207132,168.10193413638905,168.44060255791106,134306700
2015-02-05,170.2578125,170.40650140888124,169.1427024012078,169.21704055366874,97953200
2015-02-06,169.7869415283203,171.182905242461,169.26654940663443,170.62120995804588,125672000
2015-02-09,169.0270538330078,169.8613224730138,168.62230290257145,169.14269515542406,87219000
2015-02-10,170.82777404785156,171.08383610249103,169.06836204099815,170.05958788393312,96164200
2015-02-11,170.92689514160156,171.3564255088663,170.0182882386482,170.6625774875651,91087800
2015-02-12,172.57066345214844,172.62849042176754,170.95994035221958,171.7198709274691,97545900
2015-02-13,173.281005859375,173.33056462266381,172.43846907159076,172.69454368851316,93670400
2015-02-17,173.55357360839844,173.72704186582325,172.7193051039149,172.96709889458353,76968200
2015-02-18,173.57008361816406,173.64442174946387,172.91752641065045,173.18185657165742,80652900
2015-02-19,173.4461669921875,173.80961464663997,172.83492557693128,172.97534624270514,91462500
2015-02-20,174.48699951171875,174.56133766054108,172.4136987099765,173.03320849141335,140896400
2015-02-23,174.46224975585938,174.46224975585938,173.85925105800962,174.23922266755932,74411100
2015-02-24,174.95777893066406,175.15602655116896,174.09046292139425,174.38782805017374,72472300
2015-02-25,174.80909729003906,175.31296561485897,174.47042900857946,174.83387666634533,73061700
2015-02-26,174.60260009765625,174.87518585036773,173.99960164289035,174.71824139238635,72697900
2015-02-27,174.00790405273438,174.76783451094943,173.95834528867053,174.50350429733115,108076000
2015-03-02,175.10647583007812,175.16429017790526,174.0574359382095,174.1069946946203,87491400
2015-03-03,174.3878936767578,175.1560924668457,173.52884553919984,174.67700332329895,110325800
2015-03-04,173.6527099609375,173.86748140808916,172.68627626062957,173.7931306588669,114497200
2015-03-05,173.84268188476562,174.12352324808586,173.338813507535,173.9748343708267,76873000
2015-03-06,171.397705078125,173.41317890386983,171.06730490510006,172.98364859577046,188128000
2015-03-09,172.1080322265625,172.4632116903932,171.43896385686813,171.59590830979997,89818900
2015-03-10,169.31617736816406,170.82778299344065,169.2748741885522,170.74518923817772,157121300
2015-03-11,168.9197235107422,169.74573682864312,168.8371171373669,169.57226848614022,110145700
2015-03-12,171.06729125976562,171.13336120593354,169.4978590531875,169.54741781479228,93993500
2015-03-13,170.0182647705078,171.75288458432593,168.98574847515465,170.7947190412468,162410900
2015-03-16,172.28981018066406,172.38067212385542,170.04305358898614,170.74516975037025,136099200
2015-03-17,171.77767944335938,172.1576383881858,170.96817757941653,171.55465239072544,94510400
2015-03-18,173.84268188476562,174.51175032254008,170.67078274412282,171.30681621137117,228808500
2015-03-19,173.04971313476562,173.85094670509045,172.6614860397028,173.4296846377479,117917300
2015-03-20,174.5771942138672,175.0833117613719,173.81387167111257,173.99640669875154,177715100
2015-03-23,174.23704528808594,175.15801303387462,174.23704528808594,174.58551785943564,71784500
2015-03-24,173.2580108642578,174.56892610753695,173.1916333255744,174.11260110194763,77805300
2015-03-25,170.71910095214844,173.69773415857858,170.6776260721813,173.46541912579568,159521700
2015-03-26,170.3125457763672,171.22520830472868,169.35838305008411,170.05534076691788,153067200
2015-03-27,170.70254516601562,170.87677514019603,170.00558728862822,170.19642747397884,118939000
2015-03-30,172.7850799560547,173.0837725574656,171.71477218612802,171.73135707604655,96180400
2015-03-31,171.27500915527344,172.66061965410185,171.21693672358907,171.9636618523457,126768700
2015-04-01,170.6692657470703,171.26665068385918,169.6819208470938,171.2417606998443,137303600
2015-04-02,171.2832794189453,171.73131187302016,170.4203842819018,170.6029193047295,86900900
2015-04-06,172.43655395507812,172.950963908092,170.26274398824668,170.39548636758687,114368200
2015-04-07,171.98020935058594,173.20816176547933,171.94702692216907,172.46143685403993,81236300
2015-04-08,172.56101989746094,173.0007599290921,171.81429488606952,172.20425493830373,89351900
2015-04-09,173.3242950439453,173.5566099910623,171.9055153783535,172.39503525547744,85548900
2015-04-10,174.27023315429688,174.3117206984161,173.37416803447064,173.57328798988937,72722900
2015-04-13,173.48199462890625,174.7597399003102,173.4322146474628,174.12915970810909,74436600
2015-04-14,173.81390380859375,173.9964388699827,172.6606210081203,173.28289617370427,75099900
2015-04-15,174.59376525878906,175.09988276617088,174.19551280288417,174.27848786713062,99529300
2015-04-16,174.5440216064453,175.05013921914878,174.0627939861519,174.2619265856519,68934900
2015-04-17,172.53611755371094,173.59813257219798,171.75619750508687,173.35752513560135,191113200
2015-04-20,174.1125946044922,174.4444696253035,173.37416192199962,173.4571243470922,92189500
2015-04-21,173.90516662597656,174.95058431814448,173.60647404818283,174.79293925483387,72559800
2015-04-22,174.7597198486328,174.942254866461,173.32432969387318,174.24529722556355,78264600
2015-04-23,175.199462890625,175.84662790681259,174.24530025173053,174.36145775052785,102585900
2015-04-24,175.60594177246094,175.87145176142414,175.1579094913519,175.61424687224923,61327400
2015-04-27,174.87596130371094,176.2947419340959,174.68512109149293,176.17029193501781,79358100
2015-04-28,175.4318084716797,175.48158845695426,173.6811405816105,174.85102087644302,86863500
2015-04-29,174.70994567871094,175.30731806756097,173.9051356170558,174.54399554046685,125684900
2015-04-30,172.9592742919922,174.52740684652383,172.26231664314207,174.13744681855195,161304900
2015-05-01,174.83441162109375,174.87589915945125,173.63964141362536,173.73920137750798,103399700
2015-05-04,175.3322296142578,175.9130171469318,175.14969458110048,175.25754698417074,70927200
2015-05-05,173.3242950439453,175.44833731220987,173.1832475874968,175.09155979042768,113326200
2015-05-06,172.6107940673828,174.1789266667018,171.54877900859634,173.8719416972736,135060200
2015-05-07,173.29949951171875,173.72265477190496,172.17941169055874,172.51128675011236,88244900
2015-05-08,175.58114624023438,175.78027883907203,174.8842011346324,174.96717621586973,155877300
2015-05-11,174.7431640625,175.80517933263093,174.66849408105816,175.53968184520852,75708100
2015-05-12,174.2204132080078,174.75972583742453,173.09202063195485,173.91342824033026,119727600
2015-05-13,174.25360107421875,175.24923856234108,174.0212860823308,174.6269635497374,94667900
2015-05-14,176.07069396972656,176.1619615027784,174.9920811228103,175.26588372196588,95934000
2015-05-15,176.26153564453125,176.40258317781456,175.78030794615304,176.26153564453125,76510100
2015-05-18,176.80909729003906,177.05799719315343,176.02917716636372,176.09555469393385,74549700
2015-05-19,176.75106811523438,177.1991134030024,176.468973028994,176.92531076274923,72114600
2015-05-20,176.62660217285156,177.37332737139639,176.3113120106909,176.85061213628197,76857500
2015-05-21,177.14096069335938,177.34838570588087,176.31955308609574,176.48550322428738,64764600
2015-05-22,176.7178497314453,177.1741747121736,176.65147219637822,176.7593246131695,57433500
2015-05-26,174.8178253173828,176.65146828487644,174.40297522756453,176.22831309072097,124308600
2015-05-27,176.4771728515625,176.70948781950406,174.86755295924152,175.27411048324737,93214000
2015-05-28,176.2781524658203,176.38600490881416,175.58949961493994,176.1702873626031,74974600
2015-05-29,175.18287658691406,176.25318413307215,174.91737914129027,176.21170925672558,124919600
2015-06-01,175.53961181640625,176.17847161639543,174.75138679267897,175.8465967244586,93338800
2015-06-02,175.36546325683594,176.05411605389597,174.46109293042386,175.08336818147808,91531000
2015-06-03,175.8300018310547,176.45227675797386,175.34048192699674,175.8963793424853,87820900
2015-06-04,174.3448486328125,175.78022595277886,174.02955861123456,175.1247685850004,151882800
2015-06-05,174.0462188720703,174.7182740253216,173.3907486078771,174.19555883491697,121704700
2015-06-08,172.9758758544922,174.08768362665737,172.90120588284333,173.93833102314068,89063300
2015-06-09,172.9510040283203,173.49031675404825,172.32043643447227,172.9510040283203,105034700
2015-06-10,175.0251922607422,175.40685978717306,173.65619248288448,173.71426489286685,134551300
2015-06-11,175.5894012451172,175.97105612538695,175.23262368985672,175.464938658773,73876400
2015-06-12,174.24533081054688,175.46499109192928,173.97152823103042,174.7680459769165,135382400
2015-06-15,173.49864196777344,173.78073705038958,172.40343142083162,173.1086817875947,124384200
2015-06-16,174.44444274902344,174.52741782155275,173.17500263268036,173.3492325606859,85308200
2015-06-17,174.72659301757812,175.33228338618358,173.70606513573966,174.72659301757812,126708600
2015-06-18,176.54364013671875,177.00827030886364,174.75978944147187,175.32397960472704,165867900
2015-06-19,175.75987243652344,176.37684161534378,175.38469380583308,176.3018084335659,130478700
2015-06-22,176.6603240966797,177.24393676409846,176.45189009247287,176.6770023791208,70696000
2015-06-23,176.78538513183594,177.1188871824413,176.39354089530357,176.8687638249379,68476800
2015-06-24,175.5013885498047,176.89372583021103,175.47637749317096,176.51854725890612,92307300
2015-06-25,174.9678192138672,176.1267116240838,174.8927860349281,176.00165632585197,97107400
2015-06-26,174.93447875976562,175.56811348606794,174.38420999329747,175.3263229424074,104174800
2015-06-29,171.26605224609375,174.9428311592116,171.19101905728778,173.45878205663925,202621300
2015-06-30,171.62451171875,172.8501043067933,171.14927622788505,172.80006947475638,182925100
2015-07-01,173.00027465820312,173.44215386006758,172.21656053510594,173.1920304366825,135979900
2015-07-02,172.841796875,173.6421889804988,172.4249289021321,173.4754443357118,104373700
2015-07-06,172.34986877441406,173.12523697625988,171.35772111861647,171.5578222941568,117975400
2015-07-07,173.43374633789062,173.55880163478903,170.17383589953536,172.54998831500768,173820200
2015-07-08,170.52403259277344,172.38326041458043,170.29058751747044,172.09979321197,164020100
2015-07-09,170.83248901367188,172.87515224406943,170.72411199229873,172.61668341636218,144113100
2015-07-10,172.9835662841797,173.40043434338125,170.87421492236402,172.82515438619453,129456900
2015-07-13,174.892822265625,175.00119930594377,174.20081978785296,174.24250913650008,106069400
2015-07-14,175.6514892578125,175.95998021965312,174.79274222056702,174.85110984533196,81709600
2015-07-15,175.59317016601562,176.15177185705397,175.1179344564702,175.69321443252878,97914100
2015-07-16,177.00213623046875,177.00213623046875,176.4018453575481,176.6436231738465,106683300
2015-07-17,177.15219116210938,177.2105587785068,176.5852568863609,176.9937793139445,89030000
2015-07-20,177.24395751953125,177.735858773829,176.92714644686333,177.37735835107748,70446800
2015-07-21,176.54360961914062,177.36901289331283,176.2434641305146,177.11054402998832,77965000
2015-07-22,176.22677612304688,176.56027815967443,175.82658640089568,175.8599302436575,88667900
2015-07-23,175.23464965820312,176.4602427588005,174.87614923703148,176.36019849648346,90509100
2015-07-24,173.41705322265625,175.39300307541941,173.08356397825546,175.33464818245892,117755000
2015-07-27,172.40826416015625,173.04191167062774,171.96638509196006,172.53333219491864,132361100
2015-07-28,174.5259552001953,174.66768879097515,172.4166041766928,173.24199465957545,123544800
2015-07-29,175.72657775878906,175.9516773670981,174.50931734159477,174.65105096520566,105791300
2015-07-30,175.7682342529297,175.9349789129583,174.6009961891253,175.21796542521344,91304400
2015-07-31,175.5013885498047,176.29343502740363,175.21792142675645,176.2684239707699,103266900
2015-08-03,174.90948486328125,175.52645413611395,173.95902625052986,175.46809922643948,113965700
2015-08-04,174.56761169433594,175.29295779354038,174.08404338759993,174.83440054389425,81820800
2015-08-05,175.1428680419922,176.17669218832697,174.8593882298641,175.45967896338635,85786800
2015-08-06,173.7089080810547,175.43473505916185,173.12528267877659,175.32634530357268,116030800
2015-08-07,173.3753662109375,173.70052268121708,172.47492997282495,173.55045633576466,117858000
2015-08-10,175.55984497070312,175.6432109610536,174.48431810419805,174.48431810419805,80270700
2015-08-11,173.97567749023438,174.64266878819345,173.21697472978343,174.22580081719414,126081400
2015-08-12,174.18414306640625,174.36756602465627,171.21604461007414,172.6750827731882,172123700
2015-08-13,173.9673614501953,174.7093860011013,173.4254254026694,174.0257163564138,89383300
2015-08-14,174.60096740722656,174.67600058360037,173.6338307279643,173.7755643017148,72786500
2015-08-17,175.57647705078125,175.57647705078125,173.55050449419164,174.00906187998444,79072600
2015-08-18,175.0678253173828,175.65143778500368,174.83438033033448,175.30127030443117,71692700
2015-08-19,173.68389892578125,175.09290215490807,172.87517394473667,174.32586652045595,172946000
2015-08-20,170.05709838867188,173.6588305616013,169.99873077406508,172.17478180084714,194327900
2015-08-21,164.93797302246094,170.0320998308811,164.67951693145798,168.1895379121759,346588500
2015-08-24,157.99295043945312,164.64615924941685,152.07342055854252,156.31714588799085,507244300
2015-08-25,156.13372802734375,162.95368169086757,155.84191536900306,162.93700341049941,369833100
2015-08-26,162.1283416748047,162.40346341649578,157.0508787165583,160.14404551360946,339257000
2015-08-27,166.13856506347656,166.26362036631141,162.75359916753715,164.2626591901485,274143900
2015-08-28,166.1468963623047,166.61378645112822,165.01301498010434,165.49658334975751,160414400
2015-08-31,164.80459594726562,166.02185612224434,164.2543271261738,165.1714418279935,163298800
2015-09-01,159.8855743408203,162.38678262332616,159.01848167867516,161.01111043486603,256000400
2015-09-02,162.9203643798828,162.96205372669115,160.42748901365306,162.26170577699753,160269300
2015-09-03,163.0370635986328,165.1214034229012,162.54516245333764,163.62900898451664,152087800
2015-09-04,160.56924438476562,161.62809287260038,159.75218650811885,160.7860239288382,207081000
2015-09-08,164.60446166992188,164.7545407372646,162.72022324123685,163.362203403593,116025700
2015-09-09,162.40342712402344,166.3053181540487,162.03659397647715,166.18026284486263,149347700
2015-09-10,163.2871856689453,164.42939981290357,161.9532031029294,162.21165920366735,158611100
2015-09-11,164.0292510986328,164.0959515157723,162.1866886503402,162.895369450869,119691200
2015-09-14,163.4205780029297,164.25431394794666,162.93700962820373,164.2042918267338,79452000
2015-09-15,165.46328735351562,165.9051665097642,163.3789469101527,163.92087033670526,113806200
2015-09-16,166.89723205566406,167.08900045592938,165.4215287987995,165.76336354174293,99581600
2015-09-17,166.52207946777344,169.15668815047755,166.14690083072153,166.76387002000322,276046600
2015-09-18,163.80088806152344,166.50785238419843,163.3902416722408,164.0187945909634,223657500
2015-09-21,164.6473388671875,165.66977312973452,163.5997507243054,164.63057387627785,105726200
2015-09-22,162.51028442382812,162.9712258434925,161.37888391991953,162.48514332711403,153890900
2015-09-23,162.2504425048828,163.1471712270909,161.67217185447925,162.67785382616628,92790600
2015-09-24,161.6637420654297,162.1246832489856,159.70266079859564,161.0351893936544,159378800
2015-09-25,161.6218719482422,163.42371808373352,160.75027162388326,163.12201224652293,155054800
2015-09-28,157.5655975341797,160.83407948138324,157.2555156054115,160.72512624676162,178515900
2015-09-29,157.65780639648438,159.0154891991918,156.66050053114188,157.78352463470284,159045600
2015-09-30,160.5994110107422,160.7670225082803,158.76403506104677,159.5434342791708,163452000
2015-10-01,161.01852416992188,161.32023012685679,159.0825829412327,160.9766180782474,131079000
2015-10-02,163.4237518310547,163.44889292368572,158.49589306831552,159.04064658051715,211003300
2015-10-05,166.33180236816406,166.55808491469153,164.53833255732263,164.64728578119457,126320800
2015-10-06,165.761962890625,166.75926885770076,165.09989280505525,166.19776314261216,110274500
2015-10-07,167.11961364746094,167.4716016642994,165.50213120205433,166.69218957934794,124307300
2015-10-08,168.62815856933594,168.9130994493407,166.43240532450972,166.7341111939089,153055200
2015-10-09,168.72872924804688,169.20642276618494,168.10017639559013,168.77063532913212,107069200
2015-10-12,168.88795471191406,169.08908342854323,168.3767312439153,168.80414255469205,56395600
2015-10-13,167.82357788085938,169.4242952258818,167.65596637814147,168.15880088629515,88038700
2015-10-14,167.01902770996094,168.34318034427724,166.72571077201667,167.76490977995587,99106200
2015-10-15,169.58352661132812,169.59190271048726,167.3123505213068,167.68110349131211,134142200
2015-10-16,170.35462951660156,170.37138172276528,169.2232289913116,169.9858763739013,114580100
2015-10-19,170.43841552734375,170.43841552734375,169.39921615727704,169.7092981902237,76523900
2015-10-20,170.220458984375,170.83224672217682,169.7511416628866,170.00256531023766,78448500
2015-10-21,169.16453552246094,170.79038155042025,168.9969111921257,170.63953499864772,102038000
2015-10-22,172.02232360839844,172.23184120585051,169.16451329798593,170.11152414267062,174911700
2015-10-23,173.90802001953125,174.2767731177643,172.89396178733242,173.6901262741854,144442300
2015-10-26,173.48056030273438,173.79064223625593,173.11180730722845,173.7319839622101,69033000
2015-10-27,173.1453857421875,173.4806088566854,172.46653783522476,172.81014983974748,77905800
2015-10-28,175.11483764648438,175.1399787397741,172.8185325397445,173.48060264294352,135906700
2015-10-29,175.01425170898438,175.3830047490535,174.49465212776337,174.61198147797265,90525500
2015-10-30,174.25999450683594,175.52548915759263,174.10077185226265,175.2070182725639,131076900
2015-11-02,176.3216552734375,176.51440791141056,174.46113770568715,174.5868559557975,86270800
2015-11-03,176.8328399658203,177.38596945377594,175.74334597716359,175.96962854731606,95246100
2015-11-04,176.29649353027344,177.25189329467037,175.76012897461092,177.12618784722594,96224500
2015-11-05,176.12049865722656,176.8160986601643,175.23214603282946,176.3551573584658,78408700
2015-11-06,176.0283203125,176.26299181489833,174.70418019003608,175.77690939553904,110471500
2015-11-09,174.3857421875,175.56742487175757,173.43871826193913,175.41656550519926,131008700
2015-11-10,174.7880096435547,174.82153963021315,173.63985696539157,173.9080329189441,75874600
2015-11-11,174.10076904296875,175.10645107827153,174.03372186888976,175.05616889469752,67846000
2015-11-12,171.67039489746094,173.5309128287457,171.65364269119257,173.0615952943574,121315200
2015-11-13,169.7427978515625,171.5278921550629,169.65899847215078,171.2597162378276,153577100
2015-11-16,172.3240509033203,172.3827219761185,169.44108635756888,169.5584285031652,117645200
2015-11-17,172.19833374023438,173.51409767680042,171.703875251433,172.63413394816544,121123700
2015-11-18,174.930419921875,175.07289034629054,172.6341153557277,172.67600864272038,121342500
2015-11-19,174.77955627441406,175.19859140679677,174.48622656657122,174.81307345831223,88220500
2015-11-20,175.41651916503906,176.09535416536397,175.03939003018522,175.53384851339226,94011500
2015-11-23,175.2153778076172,175.9780121229308,174.75443654807228,175.47517757537733,64931200
2015-11-24,175.4500274658203,175.8522976407663,173.82416899099331,174.20967417883455,98874400
2015-11-25,175.4249267578125,175.77691484040187,175.16511415567015,175.5757733126617,51980100
2015-11-27,175.62606811523438,175.8272096574253,175.0394212687719,175.51711484805486,37317800
2015-11-30,174.89694213867188,175.90262422390845,174.78798887689123,175.78529486042987,112822700
2015-12-01,176.56466674804688,176.6820088811428,175.2489028622171,175.52546763035855,97858400
2015-12-02,174.7628173828125,176.83285226890064,174.51139370825462,176.51438142859806,108441300
2015-12-03,172.31568908691406,175.28245325525342,171.59494789072716,175.0142773246412,166224200
2015-12-04,175.6763153076172,175.9696450663858,172.31565756611263,172.31565756611263,192913900
2015-12-07,174.61199951171875,175.76852814381505,173.6482107323735,175.34949288008445,102027100
2015-12-08,173.438720703125,174.56173231954338,172.4581795644961,173.05321536038718,103372400
2015-12-09,172.08937072753906,174.88852275963552,171.1172060065192,172.80173567385899,162401500
2015-12-10,172.53359985351562,173.84098801561115,171.92181186236954,172.15647062028702,116128900
2015-12-11,169.18968200683594,171.0837167933455,168.8795872161852,170.42164670400737,211173300
2015-12-14,170.04444885253906,170.17016706298082,167.57214416909764,169.3488617974309,182385200
2015-12-15,171.82960510253906,172.7347228377243,170.01936963216863,171.55304028445954,154069600
2015-12-16,174.3437957763672,174.645501651764,171.6368317866301,172.95259575159645,197017000
2015-12-17,171.68711853027344,174.72092956664895,171.67035354010022,174.65388239389682,173092500
2015-12-18,168.6284637451172,171.0817527336505,168.468280667836,170.94687323113737,251393500
2015-12-21,170.01956176757812,170.19660966654243,168.6875281416203,169.80037124585664,99094300
2015-12-22,171.5623779296875,171.85745350417912,169.918416684498,170.9047934316117,111026200
2015-12-23,173.6868438720703,173.7289993524299,172.47283807637507,172.56557498754754,110987200
2015-12-24,173.4002227783203,173.94821838482557,173.18103225414737,173.43395231376144,48539600
2015-12-28,173.0039825439453,173.0461251635995,171.93329500535015,172.7089070220809,65899900
2015-12-29,174.85028076171875,175.17907297379065,174.06624274218123,174.09995941293676,92640700
2015-12-30,173.61097717285156,174.6901035548786,173.46765881575018,174.60579258526704,63317700
2015-12-31,171.874267578125,173.577248708989,171.874267578125,172.93652912124026,114877900
2016-01-04,169.47158813476562,169.48001408695998,167.42294971521045,169.0247682515306,222353500
2016-01-05,169.7581787109375,170.21342442255937,168.65377466351708,169.7918953745946,110845800
2016-01-06,167.6168212890625,168.6622051229766,166.58828935540473,167.21214413008352,152112600
2016-01-07,163.59544372558594,166.45341046435007,163.2076312994672,164.67455717559412,213436100
2016-01-08,161.79971313476562,165.11293824156806,161.51307646082637,164.55651679400643,209817200
2016-01-11,161.9599151611328,163.05589341995838,160.02931749748547,162.7186624135249,187941300
2016-01-12,163.26663208007812,164.0169532623226,161.14212210067134,163.4015244612569,172330500
2016-01-13,159.1946258544922,164.27826399602048,158.8152523697894,163.93260716736214,221168900
2016-01-14,161.80813598632812,162.92940481013775,158.20828713856892,159.80166644313084,240795600
2016-01-15,158.3347625732422,159.13566531111854,156.40416490555924,157.4579876827775,324846400
2016-01-19,158.54551696777344,160.27378878445893,156.9774282612069,160.14733520491595,195244400
2016-01-20,156.5137176513672,158.07338014777642,152.61036773180177,155.99102579083947,286547800
2016-01-21,157.3905487060547,159.2284095391439,155.66227669927426,156.98588434296087,195772900
2016-01-22,160.61940002441406,160.8217256941212,159.23678553722863,159.99553252671654,168319600
2016-01-25,158.1914520263672,160.30752363639772,157.9975522277229,160.11362383775347,130371700
2016-01-26,160.3496856689453,160.6278964509055,158.5118247544825,158.8490429279834,141036800
2016-01-27,158.6045379638672,161.4962213181551,157.70245954537472,159.82696974006484,185681700
2016-01-28,159.43075561523438,160.3496860747916,157.78679450317122,160.14736031579847,143798800
2016-01-29,163.31724548339844,163.45213789098824,160.07990488553142,160.19793252616049,210529300
2016-02-01,163.25820922851562,164.04226001473677,161.73227600136582,162.31398819603547,136061600
2016-02-02,160.3159637451172,161.84189715589827,159.7932588700517,161.83347120425384,182564900
2016-02-03,161.2770233154297,161.68168761708515,157.7361817318406,161.3697602245639,205054900
2016-02-04,161.52993774414062,162.49944941735478,160.14732296923702,160.77961654673646,139531800
2016-02-05,158.4528350830078,161.58901358528777,157.8205412376135,161.01574000687484,180788300
2016-02-08,156.3198699951172,156.91000823816955,154.1110613436716,156.6149455486678,191526700
2016-02-09,156.32826232910156,157.60128833397698,154.4482463076533,154.58313869535667,184513100
2016-02-10,156.193359375,158.7815407475706,156.06689295648195,157.15444498113396,148214100
2016-02-11,154.16163635253906,155.2070332423687,152.66941960703548,153.72324244853974,219058900
2016-02-12,157.33995056152344,157.3568024628288,155.08898678876355,155.9320449597169,127632400
2016-02-16,159.99557495117188,160.02086566659136,158.18300507119434,159.14409084927416,120250700
2016-02-17,162.6090850830078,162.98003278427333,161.03255735262937,161.15902381299634,136009500
2016-02-18,161.9429931640625,162.93780820141365,161.63106584938842,162.87878797212775,102343000
2016-02-19,161.8671112060547,162.0188554480701,160.5603689334057,161.16737162955178,114793000
2016-02-22,164.21084594726562,164.35416427207795,163.37621384672272,163.44366003440703,103640300
2016-02-23,162.13693237304688,163.8230484940775,162.01889189509143,163.55326373997096,111455300
2016-02-24,162.8788604736328,163.15707125544148,159.60780302749964,160.71220733876964,150812200
2016-02-25,164.8515625,164.86000131333842,162.5668824290666,163.3256295149316,110728300
2016-02-26,164.4722137451172,165.81267313539044,164.312030636082,165.71994908705076,129833700
2016-02-29,163.18228149414062,165.4332444941881,162.9883817833165,164.48902378334816,125918100
2016-03-01,167.01821899414062,167.10252993879897,163.93262366187955,164.40473407826056,141799700
2016-03-02,167.76858520507812,167.81916663985717,166.29323332513397,166.70633648257544,102415000
2016-03-03,168.42616271972656,168.44302748531464,167.0182570982276,167.59153048775184,95172200
2016-03-04,168.97413635253906,169.74976115952904,167.7938601054609,168.62005347841563,129293600
2016-03-07,169.10899353027344,169.51367061419285,167.97929894842989,168.05517107764842,100219000
2016-03-08,167.26272583007812,168.54417777416353,167.10255559310772,168.03835062068885,123974900
2016-03-09,168.0889434814453,168.43458755741102,167.2880279218925,168.0720787159687,94801200
2016-03-10,168.2238311767578,169.51372208535355,166.40283520236756,168.57792694871588,156838700
2016-03-11,170.9384307861328,170.98058625779174,168.20693117363018,169.67384382062787,137964500
2016-03-14,170.7193145751953,171.17456042054744,170.10388558631487,170.43267782574958,73612000
2016-03-15,170.4410858154297,170.74458730169502,169.4968646866255,169.75821068734467,93169100
2016-03-16,171.42747497558594,171.83215222958782,169.9184062493571,169.96056173798843,129303200
2016-03-17,172.5150146484375,173.02084188245536,170.94692578129084,171.34316418983127,134278500
2016-03-18,173.19293212890625,173.531889532325,172.70143484267174,173.01497108735393,138372400
2016-03-21,173.43861389160156,173.66741717092629,172.70137468425617,172.93017796358086,72926700
2016-03-22,173.34544372558594,173.91320443773537,172.5065197008016,172.66751604840624,97471900
2016-03-23,172.2014617919922,173.150552830856,172.0319701661417,172.96412238673693,81052500
2016-03-24,172.1251983642578,172.15910186414206,170.95578622618342,171.17610725384458,84360900
2016-03-28,172.22689819335938,172.75228607488955,171.77777379197454,172.54043445422136,62408200
2016-03-29,173.82000732421875,173.93017430072314,171.51506073997965,171.82012757996412,92922900
2016-03-30,174.58261108398438,175.3028985220605,174.21821973145904,174.819883761279,86365300
2016-03-31,174.15892028808594,174.91311126480826,173.99791104636003,174.48940817832624,94584100
2016-04-01,175.34530639648438,175.5317368130374,172.85392985745173,173.16747897459658,114423500
2016-04-04,174.7775421142578,175.4724214579797,174.47247534171535,175.26903929948693,63497000
2016-04-05,173.0319366455078,174.78606139030236,172.7777121074572,173.43868814815048,99662200
2016-04-06,174.92161560058594,174.98094025112778,172.85394205681024,173.03190307804113,91839800
2016-04-07,172.8284912109375,174.19281570468272,172.09972136464393,173.8369066537569,113859000
2016-04-08,173.29466247558594,174.43866664208335,172.76079214050054,174.0064809687668,95040600
2016-04-11,172.88783264160156,174.6250180994244,172.79461743370686,173.93013874413782,83757500
2016-04-12,174.4979248046875,174.7775704690855,172.6166815572068,173.0573365069002,115350600
2016-04-13,176.2605743408203,176.34532017372055,175.2775795729316,175.4131677334125,96336400
2016-04-14,176.26898193359375,176.76896148372217,175.92155517350372,176.31983717373794,65212900
2016-04-15,176.07411193847656,176.40459993824712,175.75209334830146,176.2690118023422,75761600
2016-04-18,177.31129455566406,177.34518511746666,175.41309983487633,176.07407569837335,82531000
2016-04-19,177.87060546875,178.12482998523546,177.05710253247176,177.73503026630098,88316100
2016-04-20,178.04005432128906,178.7349207069673,177.438390207852,177.91293562839186,81100300
2016-04-21,177.08250427246094,178.16718335548487,176.81132803650763,178.05701639332952,85695000
2016-04-22,177.08250427246094,177.3536675780196,176.18425561905624,176.7265951605682,99251700
2016-04-25,176.7774658203125,176.81983873027448,175.87073468263387,176.48086838097544,66166500
2016-04-26,177.04014587402344,177.5485948928953,176.56560035262072,177.14183050563952,75864200
2016-04-27,177.40444946289062,177.79424897789718,176.30281908804776,176.65872805277127,77329400
2016-04-28,175.79444885253906,177.75195549817673,175.37922800673414,176.65033756160483,97216200
2016-04-29,174.8453826904297,175.5233104687304,173.74375166699065,175.1758707044217,142424100
2016-05-02,176.23513793945312,176.4130860705998,174.91318581505888,175.34535849252697,62188000
2016-05-03,174.70132446289062,175.24366409735376,173.95560261660503,175.00639131542593,106422100
2016-05-04,173.7267608642578,174.4385919831778,173.22679425067844,173.70982204814575,92243800
2016-05-05,173.69287109375,174.54874680549554,173.26916794192456,174.19283770960945,67619200
2016-05-06,174.3284454345703,174.37081834059887,172.76922076372438,172.92174770895267,89315000
2016-05-09,174.4724578857422,174.90463038260785,174.02333364476644,174.2012946319418,74374900
2016-05-10,176.64187622070312,176.65882797062716,175.1080725776919,175.1758666469914,77472200
2016-05-11,174.98941040039062,176.71811365637674,174.98941040039062,176.18425645121343,81727000
2016-05-12,175.04025268554688,175.82834731079288,174.03183706537783,175.65885569735008,89586300
2016-05-13,173.5149383544922,175.29449705429184,173.19293269930267,174.74368803932327,96474600
2016-05-16,175.22666931152344,175.70121475883096,173.62507196166376,173.68439660777403,77486800
2016-05-17,173.59117126464844,175.2436108258989,173.06577060975354,174.95549581119738,114924900
2016-05-18,173.64202880859375,174.81992305361686,172.557349774201,173.24374681139082,120062100
2016-05-19,173.04037475585938,173.32848981268344,171.83705928583413,172.9217383836145,115430500
2016-05-20,174.13357543945312,174.65049394868106,173.59970517882817,173.65054750262146,104990400
2016-05-23,173.89630126953125,174.4301585955466,173.70987079682823,174.15051288649207,58682600
2016-05-24,176.15036010742188,176.4639092607521,174.684350690245,174.70977184721838,93537800
2016-05-25,177.3451690673828,177.7604027616489,176.15032321827653,176.8282507665179,76621400
2016-05-26,177.39602661132812,177.70957572593335,177.0824904271165,177.48077241103627,55280700
2016-05-27,178.15866088867188,178.1671302946251,177.5061545793308,177.55699687583177,64211200
2016-05-31,177.81973266601562,178.5400331841697,177.26044141171204,178.42986622882066,109879400
2016-06-01,178.18418884277344,178.36213698719126,177.01476360071948,177.2096634975956,69936200
2016-06-02,178.72650146484375,178.7434402843368,177.31133421338203,177.7858797671181,63044700
2016-06-03,178.1925506591797,178.53999025759606,176.98923556918243,178.167129511041,101757100
2016-06-06,179.099365234375,179.45527440534923,178.38753396202972,178.54854326255548,64887000
2016-06-07,179.3789825439453,179.93827387747152,179.2264555968358,179.25187675468737,60974800
2016-06-08,179.96365356445312,180.09077225481346,179.38742354540955,179.5145293053772,66170900
2016-06-09,179.7179718017578,179.83660819436378,178.9637805351063,179.23494389089262,73786900
2016-06-10,178.01466369628906,178.68410904426875,177.4723112022157,178.34515166586806,113829200
2016-06-13,176.64187622070312,178.2688950927016,176.55714333187618,177.4130192122889,117751200
2016-06-14,176.2943878173828,176.88758252746695,175.34529696987707,176.2604972572832,125059300
2016-06-15,176.04867553710938,177.413000326839,175.86224509898022,176.29441769806408,109124500
2016-06-16,176.57406616210938,176.74355778520848,174.2182774214604,176.0486783356093,149533100
2016-06-17,175.9164276123047,176.49565422401903,175.26052795098747,176.47010087336312,117055700
2016-06-20,177.04937744140625,178.5485639825912,176.96419092301392,177.87563727878802,82789600
2016-06-21,177.5519561767578,177.96082289803414,176.98975631147866,177.43270284148394,72461700
2016-06-22,177.2623748779297,178.4549084465351,177.1175551610752,177.73086185282682,95560500
2016-06-23,179.5707550048828,179.62186172192614,178.2589682760942,178.7189417271232,102731400
2016-06-24,173.12257385253906,179.60487486156836,172.67962721000032,173.45478058503264,333444400
2016-06-27,170.02188110351562,171.72550711458237,169.21264835015094,171.71698066604066,230775800
2016-06-28,173.08843994140625,173.11399329763964,171.31666692260927,171.62332019504794,159382400
2016-06-29,176.03573608398438,176.26571631196322,174.383216236283,174.48542967094025,137328600
2016-06-30,178.43785095214844,178.4889576718171,175.95055761303408,176.50424407060433,165021900
2016-07-01,178.81260681152344,179.298146523958,178.27596039201924,178.43780696283076,106055300
2016-07-05,177.52638244628906,178.09709569943664,176.9301158383466,177.986355830234,109803700
2016-07-06,178.59112548828125,178.71037879424458,176.37640638023626,177.03230606185224,96021500
2016-07-07,178.4804229736328,179.43444962093204,177.71379627457281,178.77003634904318,85593800
2016-07-08,181.1380615234375,181.38509461612574,179.5451750888838,179.77516827919834,133971000
2016-07-11,181.7769012451172,182.347627431479,181.39358796882487,181.59802778174412,73633900
2016-07-12,183.09727478027344,183.39541464824282,181.80251486451039,182.73951473729417,101275600
2016-07-13,183.07167053222656,183.52313043699377,182.5861438223003,183.51461698511312,87324100
2016-07-14,184.09381103515625,184.56231075830385,183.701984355894,184.33231762191608,91230900
2016-07-15,183.8468475341797,184.85198088781613,183.4039010235686,184.65606748793815,107155400
2016-07-18,184.34091186523438,184.50275846526557,183.71056536975473,183.96611194887564,58725900
2016-07-19,184.153564453125,184.18763127449685,183.67655096806322,183.92357116652641,54345700
2016-07-20,184.92015075683594,185.15865744693104,184.15352396690736,184.15352396690736,58159500
2016-07-21,184.22169494628906,185.03091510877863,183.77874832142388,184.8094482951668,67777300
2016-07-22,185.0479736328125,185.09908036435343,184.07690674060638,184.3409668519964,62787500
2016-07-25,184.54534912109375,184.89459569896835,183.96612230693654,184.84348897979444,55873100
2016-07-26,184.6304931640625,184.98825311359136,183.78719349883522,184.44309323845644,70080500
2016-07-27,184.43463134765625,185.07349136419623,183.66799152922408,185.00534473604847,84083900
2016-07-28,184.6475830078125,184.93719642657732,183.77872975387785,184.23870324264314,65035700
2016-07-29,184.9456787109375,185.3034386969352,184.1023919573851,184.38349187444857,79519400
2016-08-01,184.79232788085938,185.39710787663188,184.3408679974903,185.00528114651027,73311400
2016-08-02,183.60833740234375,184.69865725581784,182.77356410776096,184.5453241214279,92295500
2016-08-03,184.14498901367188,184.20462218226243,183.25059546592718,183.54872231596235,53993600
2016-08-04,184.34091186523438,184.65607861415472,182.5009920927308,184.25572533964777,46585500
2016-08-05,185.84861755371094,185.89121081778012,184.3409173872479,184.3409173872479,71892200
2016-08-08,185.7379150390625,186.1382683781014,185.47385496387537,186.03604193139208,39906500
2016-08-09,185.84861755371094,186.34267082210715,185.5249373415915,185.80603728728104,51251700
2016-08-10,185.3886260986328,186.03599945766584,185.03937956386426,185.9593393883668,57941100
2016-08-11,186.24893188476562,186.49596496611446,185.65266530542866,185.91672529073242,72504300
2016-08-12,186.08709716796875,186.30005044482607,185.68674396766605,185.9422775017856,61313500
2016-08-15,186.62376403808594,186.9730105941644,186.4448905321406,186.4534039855917,49813500
2016-08-16,185.66123962402344,186.27453326544062,185.66123962402344,186.2063996367809,53213600
2016-08-17,186.0104522705078,186.14674550776292,184.86051219996892,185.69528553228906,75134300
2016-08-18,186.4278106689453,186.4618774730868,185.87413736760277,185.98486422928966,52989300
2016-08-19,186.1552734375,186.3341599500134,185.47383319350868,185.95936001723447,75443000
2016-08-22,186.14678955078125,186.3767828183617,185.5505227437594,185.91679628320082,61368800
2016-08-23,186.5215606689453,187.05820721101114,186.46192749865375,186.76006735483244,53399200
2016-08-24,185.56753540039062,186.47045543237448,185.15014219795066,186.37675544805694,71728900
2016-08-25,185.43972778320312,185.85712092302123,185.03086109372353,185.18418122816422,69224800
2016-08-26,185.09051513671875,186.64933511037958,184.20463498108924,185.62716170076396,122506300
2016-08-29,186.00193786621094,186.26599788851843,185.18419144450021,185.21827125245898,70502200
2016-08-30,185.69525146484375,186.19781806267832,185.14157816182413,185.91671818652438,58114500
2016-08-31,185.16709899902344,185.4822656240787,184.39194611280413,185.3630123337091,85269500
2016-09-01,185.17567443847656,185.46528781237726,184.01720794523555,185.1586345348241,97844200
2016-09-02,186.0104522705078,186.43635888870114,185.43973896184536,186.02749217457432,79293900
2016-09-06,186.5726776123047,186.64933769461823,185.57605754930785,186.29157764618142,56702100
2016-09-07,186.5555877685547,186.73447424370875,185.9508077286711,186.41078109706655,76554900
2016-09-08,186.12965393066406,186.4959402793945,185.82300073079193,186.2233538805593,74102900
2016-09-09,181.67471313476562,184.8690125447181,181.649159779297,184.81790583378086,221589100
2016-09-12,184.28126525878906,184.68161850409962,180.8484590897426,180.91660570571437,168110900
2016-09-13,181.632080078125,183.26755945794608,181.01026023524284,183.00349951087153,182828800
2016-09-14,181.56399536132812,182.88430854433517,181.01032192860217,181.68324870057552,134185500
2016-09-15,183.3783721923828,183.76168559041375,181.22328551258488,181.40217203040726,134427900
2016-09-16,182.6695098876953,182.94347334278845,181.98462737655555,182.76368319247152,155236400
2016-09-19,182.7037353515625,183.96222703135763,182.3784070616497,183.32013997282112,80250500
2016-09-20,182.71229553222656,183.71394979635636,182.67805663625666,183.55985516954945,69665300
2016-09-21,184.7669677734375,184.94674482420382,182.72940744279296,183.4143028791124,110284400
2016-09-22,185.93124389648438,186.23088968519738,185.52888144386645,185.77714930568925,76678700
2016-09-23,184.91253662109375,185.67447949134535,184.81836331967855,185.5374977686876,73630900
2016-09-26,183.414306640625,184.2618531667787,183.21739054421255,184.08207611232544,89827300
2016-09-27,184.55296325683594,184.6471234918225,182.8835263269881,183.2516630614715,78494800
2016-09-28,185.46897888183594,185.62308656236328,183.8166811905737,184.77552697769812,87411000
2016-09-29,183.7909393310547,185.665835080894,183.24302572472047,185.2634595974449,128070600
2016-09-30,185.1779022216797,185.87991058216204,184.37315105327025,184.62141895723138,117202900
2016-10-03,184.73272705078125,184.95531252922103,184.09919644758304,184.7669790094918,83512100
2016-10-04,183.7909393310547,185.06655661510516,183.20023038403548,184.8439712030381,119948100
2016-10-05,184.60427856445312,185.03233652110154,184.34744117780565,184.41593201846445,72816000
2016-10-06,184.73272705078125,184.95531252922103,183.8423720737274,184.38171632211893,62927400
2016-10-07,184.0991668701172,185.17788132018285,183.3714761556129,185.00666074402258,89788300
2016-10-10,185.0580291748047,185.52032604567063,184.91249102910072,185.0580291748047,51855000
2016-10-11,182.72080993652344,184.69844863511594,181.99311926081322,184.62995779564466,130367400
2016-10-12,182.96054077148438,183.48277201024095,182.36124917108424,182.85779797705706,73866100
2016-10-13,182.36131286621094,182.85786184561832,180.82031410777756,181.63362191101672,101357000
2016-10-14,182.45545959472656,183.79956814610816,182.37841228068805,183.33725813528716,93346200
2016-10-17,181.82191467285156,182.68658710349447,181.64212457052741,182.42974969872841,58275700
2016-10-18,182.96054077148438,183.47420249045146,182.5838476729331,183.41428116838685,76869700
2016-10-19,183.44854736328125,183.75674966585316,182.8663947158089,183.22596189159376,66519200
2016-10-20,183.1060791015625,183.66254923017698,182.4468661784142,183.09750958176414,73639800
2016-10-21,183.19174194335938,183.27735878920382,182.14727912788103,183.10613816081155,89089100
2016-10-24,183.9707794189453,184.33891611727435,183.61976869952085,184.06495270797885,60146600
2016-10-25,183.35435485839844,184.04780670068533,183.19169073474242,183.79096929824388,66542300
2016-10-26,182.98622131347656,183.56837386828238,182.29275644560417,182.53248092126256,75705500
2016-10-27,182.49826049804688,183.73962618296824,182.42121318718085,183.70538728812593,77220200
2016-10-28,181.95889282226562,183.1488935654366,181.24832802261642,182.4725676586778,140623200
2016-10-31,181.96742248535156,182.5153360946408,181.8047583873407,182.2927376180824,61272500
2016-11-01,180.64907836914062,182.3441978855262,179.4419644304559,182.292819939302,122781800
2016-11-02,179.56179809570312,180.7261165309572,179.12517051792338,180.34085382978796,103330800
2016-11-03,178.73989868164062,179.989833798208,178.4659483526424,179.77580479671514,88939300
2016-11-04,178.54299926757812,179.690191603582,178.3974611112159,178.85120155849046,109122100
2016-11-07,182.4811248779297,182.51537683425684,178.54299901440498,178.54299901440498,109794900
2016-11-08,183.30300903320312,183.86804876461554,181.8219319159806,182.08732580286676,106772100
2016-11-09,185.24639892578125,185.86280353964403,181.78768269651837,181.81336513348813,258429000
2016-11-10,185.70870971679688,186.8987106173026,184.2533149055971,186.03403802709047,172113300
2016-11-11,185.28065490722656,185.52036638324668,184.33893498380345,184.98957855253008,100552700
2016-11-14,185.42616271972656,186.00832839708144,184.68134597429705,185.80285585272793,94580000
2016-11-15,186.87298583984375,186.87298583984375,185.60593790974423,185.81139737428916,91652600
2016-11-16,186.52203369140625,186.7531887248366,186.13678401122007,186.25663975757348,65617700
2016-11-17,187.48085021972656,187.54077154766955,186.5647998162659,186.676099078109,69797200
2016-11-18,187.06130981445312,187.72052266465573,186.881519741383,187.5493021104357,86265800
2016-11-21,188.47396850585938,188.49965094574657,187.48944014139417,187.63497832185362,72402600
2016-11-22,188.84207153320312,189.02184858031546,188.11436769753672,188.7821371419699,67429000
2016-11-23,188.94482421875,188.99618909559098,188.13151652107902,188.32841957006784,56620200
2016-11-25,189.6468505859375,189.6810894836144,189.2102229949598,189.28728337550007,37872300
2016-11-28,188.75645446777344,189.61257047886514,188.6537247266964,189.33862014822847,76572500
2016-11-29,189.12461853027344,189.57835903678915,188.4910878875461,188.79073376013366,69886700
2016-11-30,188.67083740234375,189.90364646152315,188.61090301541208,189.74098234075745,113291800
2016-12-01,187.97740173339844,188.97048639352258,187.6178215074796,188.97048639352258,79040500
2016-12-02,188.071533203125,188.55952553277262,187.71196609547022,188.06297674697552,74840300
2016-12-05,189.20166015625,189.54410137465365,188.70511124525808,188.90201429267543,67837800
2016-12-06,189.80087280273438,189.83512475063816,188.91051810659482,189.3899408709231,59877400
2016-12-07,192.28369140625,192.34361274349058,189.5269963740866,189.64685211186347,110738100
2016-12-08,192.75454711914062,193.22541361716267,191.9926042635398,192.25801124482192,99714400
2016-12-09,193.9188995361328,193.93602551995568,192.9429274709981,192.97717943864387,88005800
2016-12-12,193.6962432861328,194.30409138860358,193.27674174705902,193.8246554596792,102016100
2016-12-13,194.9890594482422,195.4856085097246,194.33841571076474,194.35554169586388,110477500
2016-12-14,193.37950134277344,195.39136626171157,192.9428737882111,194.68935787987144,142501800
2016-12-15,194.1756591796875,195.0317751413727,193.38803406253228,193.6191890299093,124972600
2016-12-16,193.79591369628906,194.691529641135,193.4772879233699,194.63124198664173,156420200
2016-12-19,194.2178955078125,194.63986968501598,193.830375174617,193.97677116092234,90341100
2016-12-20,194.9670867919922,195.11349590689724,194.51929197797907,194.75179627515462,89838800
2016-12-21,194.42454528808594,195.0101291313163,194.42454528808594,194.8378993621479,67909000
2016-12-22,194.08877563476562,194.39879460795373,193.69263517002176,194.2782324039525,56219100
2016-12-23,194.3729705810547,194.381577474526,193.94238938217268,194.131833020609,36697800
2016-12-27,194.8551483154297,195.25127551528226,194.6226308736002,194.6398577945518,42672500
2016-12-28,193.2447509765625,195.13069789250957,193.13280884997076,195.11348411321208,64095000
2016-12-29,193.2017059326172,193.66672764527488,192.76250488924578,193.31364806068328,48696100
2016-12-30,192.49557495117188,193.61508837779465,191.80664260092001,193.5289669064038,108998300
2017-01-03,193.96812438964844,194.47620679182577,192.79694359971245,193.79588148560507,91366500
2017-01-04,195.1221160888672,195.26851207345445,194.28678777541126,194.29539466616654,78744400
2017-01-05,194.9670867919922,195.12210279706622,194.17481926686474,194.85514465863406,78379000
2017-01-06,195.66468811035156,196.12970996146183,194.53655448172768,195.07909092493435,71559900
2017-01-09,195.018798828125,195.5441082990617,194.98434498134318,195.4063191925194,46939700
2017-01-10,195.018798828125,195.87134100173415,194.63126532343816,195.03601261122344,63771900
2017-01-11,195.5699005126953,195.5699005126953,194.2695374492885,194.9326358857143,74650000
2017-01-12,195.07907104492188,195.26852777910625,193.72705323128866,195.05323723028695,72113200
2017-01-13,195.52685546875,195.82825431654757,195.21683659025288,195.25127729217894,62717900
2017-01-17,194.83792114257812,195.2943359950259,194.4504008335571,194.88958876507553,61240800
2017-01-18,195.26852416992188,195.3115849069483,194.5365310613489,195.08767433052773,54793300
2017-01-19,194.54510498046875,195.4837683798126,194.114523992848,195.3459793101046,66608800
2017-01-20,195.2598876953125,195.75074323022767,194.59678923838771,195.22543385479455,129168600
2017-01-23,194.75180053710938,195.3201706676685,193.99398683665453,195.25989615458587,75061600
2017-01-24,196.00047302246094,196.41382709593856,194.8551260056911,194.9670681283333,95555300
2017-01-25,197.69700622558594,197.69700622558594,196.78416328499497,196.94778620019798,84437700
2017-01-26,197.49026489257812,197.81751062740526,197.21468677055776,197.55053939409,59970700
2017-01-27,197.1802978515625,197.71421417781394,196.99944801896262,197.56781818965763,59711100
2017-01-30,195.95745849609375,196.5172086621444,194.97573412744237,196.49137484772928,79737300
2017-01-31,195.94024658203125,196.00053424714602,194.89824761335842,195.46660471431943,75880800
2017-02-01,196.01771545410156,196.8530437527953,195.43213152610113,195.94021401779992,79117700
2017-02-02,196.14691162109375,196.43109671472556,195.32881018564632,196.0177294111019,69657600
2017-02-03,197.4989471435547,197.6797969976758,196.7411332994059,197.05115223483276,80563200
2017-02-06,197.1458282470703,197.4903009625108,196.80997556219742,197.09416062482688,57790100
2017-02-07,197.15444946289062,197.7744872141205,196.964992753332,197.53336288200782,57931200
2017-02-08,197.41278076171875,197.54194980504766,196.61189327221177,197.15442953477168,51566200
2017-02-09,198.583984375,198.8853832240936,197.4128034001183,197.4128034001183,65955200
2017-02-10,199.36761474609375,199.59152528133336,198.60118107303498,198.92842684589928,66015900
2017-02-13,200.4526824951172,200.7110337232728,199.8326448036595,199.8584786124461,55182100
2017-02-14,201.25357055664062,201.26219058701622,199.92738676753206,200.2718463350098,71109000
2017-02-15,202.30418395996094,202.49364065914128,200.98660709584573,201.03827471556946,86785800
2017-02-16,202.1319580078125,202.51087141334727,201.38275122705335,202.3300216006002,84722400
2017-02-17,202.4506378173828,202.4506378173828,201.45168641612025,201.4689133410506,77204100
2017-02-21,203.65626525878906,203.82849508075225,202.81231679267117,202.82093682495986,88946100
2017-02-22,203.4754180908203,203.69931554829904,203.08789770121382,203.25152063334158,62115200
2017-02-23,203.6132049560547,204.00933223339248,202.8553779694354,203.99211844936434,74615900
2017-02-24,203.87152099609375,203.91456858901134,202.72617382226116,202.76923455546964,82381600
2017-02-27,204.19015502929688,204.36238482880697,203.53567653504197,203.7854077732879,56515400
2017-02-28,203.6390380859375,204.0523922862032,203.25151770192008,203.81126790769045,96961900
2017-03-01,206.4894561767578,206.95449108934181,205.27521440981133,205.29244133183443,149158200
2017-03-02,205.1890869140625,206.308600215748,205.13741929311072,206.29998018539592,70246000
2017-03-03,205.31825256347656,205.48187545397204,204.72404865179934,205.1029620528857,81974300
2017-03-06,204.70680236816406,205.0598687628521,204.10397852199534,204.52595258625587,55391500
2017-03-07,204.0954132080078,204.75851168969493,203.88872957805205,204.40543208279615,65103700
2017-03-08,203.7164764404297,204.64653295819397,203.57868736958557,204.38818173543348,78168800
2017-03-09,203.97486877441406,204.30211459855315,203.01037136468838,203.8370796757985,90683900
2017-03-10,204.6895751953125,204.97376020064905,203.7422918441906,204.9306994773639,81991700
2017-03-13,204.79293823242188,204.8359989615552,204.30208271311278,204.62931534588895,57256800
2017-03-14,204.00930786132812,204.3021129786375,203.39789009404342,204.25043221184765,59880800
2017-03-15,205.77467346191406,206.19664760561835,204.34514127577168,204.57765871334672,96081800
2017-03-16,205.36990356445312,205.98994123600284,205.04267095023275,205.91243981213134,78344000
2017-03-17,205.00927734375,205.82229351135118,205.00927734375,205.6320125701059,89002100
2017-03-20,204.7843780517578,205.2946708714881,204.3951718875136,205.0092494983875,52537000
2017-03-21,202.15504455566406,205.51089350230714,202.0253135695641,205.38980684946205,131809300
2017-03-22,202.63075256347656,202.9161739384226,201.56691885500925,202.1896540008086,97569200
2017-03-23,202.41452026367188,203.54754820347628,202.04261597089257,202.63074737271714,100410300
2017-03-24,202.26748657226562,203.2880721879376,201.4890742619211,202.71724265249742,112504900
2017-03-27,202.0599365234375,202.3194117347293,200.32147504346014,200.5982389240359,87454500
2017-03-28,203.53024291992188,203.95403957267877,201.64473582031033,201.75717813101937,93483900
2017-03-29,203.7205047607422,203.9540337080173,203.01993111637077,203.24481573132235,61950400
2017-03-30,204.36923217773438,204.56817064319617,203.48703497312647,203.66001404084622,56737900
2017-03-31,203.89356994628906,204.55954010476322,203.84166434141252,204.03194530025047,73733100
2017-04-03,203.5389404296875,204.14437380427063,202.31077181340237,203.94544852350572,85546500
2017-04-04,203.6686553955078,203.75515152683073,202.8729411376724,203.25350299956253,56466200
2017-04-05,203.06320190429688,205.32061345411282,202.85561912820899,204.34326269653357,108800600
2017-04-06,203.6340789794922,204.15301621103774,202.76051286391876,203.20162468780876,69135800
2017-04-07,203.4264678955078,204.11839730552617,202.9421212677317,203.3832198328587,74412300
2017-04-10,203.54754638671875,204.34326055720862,203.0199517174591,203.56484825057547,67615300
2017-04-11,203.30538940429688,203.4091742008586,201.8177457321159,203.16700087724368,88045300
2017-04-12,202.41452026367188,203.21889197199712,202.1896488213487,203.02861106024082,81864400
2017-04-13,201.09991455078125,202.8124432573633,201.09991455078125,202.07726559264745,92880400
2017-04-17,202.88160705566406,202.88160705566406,201.4199094790997,201.6188347524172,68405400
2017-04-18,202.27615356445312,202.81240582699647,201.59288163305118,202.14642256401504,83225800
2017-04-19,201.9042510986328,203.2102582391283,201.67936643251812,202.83835390279546,68699900
2017-04-20,203.54754638671875,203.98865813160546,202.1982913499118,202.51830324525685,92572200
2017-04-21,202.89891052246094,203.521645786266,202.50105994680993,203.46975338052528,110389800
2017-04-24,205.13034057617188,205.3379233603899,202.87292893794245,205.13898490980165,119209900
2017-04-25,206.3238983154297,206.6698563911759,205.68386135809914,205.770357475763,76698300
2017-04-26,206.19419860839844,207.17154951947384,206.15096373769677,206.28933907936556,84702500
2017-04-27,206.3671875,206.66989757723962,205.83093521903572,206.5142203713662,57410300
2017-04-28,205.9174346923828,206.65259906113272,205.78769048792753,206.62665285973316,63532800
2017-05-01,206.4363555908203,206.8601655092565,206.02120320380425,206.4363555908203,66882500
2017-05-02,206.51419067382812,206.6958140545623,206.10768265367307,206.57472740158775,57375700
2017-05-03,206.26336669921875,206.60933800312412,205.58873915342298,206.51419754423213,73137700
2017-05-04,206.50555419921875,206.64394273028756,205.65794754197145,206.5661041306076,61462700
2017-05-05,207.3185577392578,207.33585960395547,206.4363474040606,206.87745917038717,62001300
2017-05-08,207.2839813232422,207.50885278980158,206.86017139275205,207.3618199234985,48385700
2017-05-09,207.0937042236328,207.7423856326874,206.74773288699615,207.54346036253196,51363200
2017-05-10,207.46559143066406,207.46559143066406,206.8428562736012,207.05043905844082,54293800
2017-05-11,207.0418243408203,207.20615908597674,205.96068859369421,207.0158781386859,62358300
2017-05-12,206.69581604003906,207.08502219994918,206.4276965342667,206.7909564966798,53912700
2017-05-15,207.83753967285156,207.95862634921738,207.10236208226476,207.11966394959072,61918900
2017-05-16,207.647216796875,208.15750960156078,207.25801064410544,208.13156340453983,51241800
2017-05-17,203.9626922607422,207.6471970595044,203.90214234181187,207.6471970595044,172174100
2017-05-18,204.7843780517578,205.63198464016048,203.625390695013,203.8848658703277,107047700
2017-05-19,206.1163787841797,206.78236214162976,205.21687959281718,205.26877200035327,115011400
2017-05-22,207.16287231445312,207.32720702890853,206.55743904866105,206.62662010978983,61010600
2017-05-23,207.62132263183594,207.78565738578942,207.15426457349884,207.53482648845247,48341700
2017-05-24,208.1056365966797,208.2094213944331,207.51749194867847,207.85481893629006,46927700
2017-05-25,209.1002655029297,209.377042546185,208.40834928970304,208.6159188746887,64071700
2017-05-26,209.0570526123047,209.22137415187208,208.8321679416575,208.91000654420898,46629900
2017-05-30,208.87539672851562,209.12621437940422,208.58133101438253,208.7370082051156,35201900
2017-05-31,208.82347106933594,209.20403284934062,208.13154176000506,209.16942912527443,91796000
2017-06-01,210.48416137695312,210.50146324456628,208.9965175012174,209.28193892827278,68962000
2017-06-02,211.18470764160156,211.3403980348541,210.24196054050776,210.53602626420476,88666100
2017-06-05,211.02902221679688,211.2971417307393,210.8300837666508,211.01172035211985,44698800
2017-06-06,210.35440063476562,211.0203706729839,210.27654884023806,210.4668297647165,50375400
2017-06-07,210.74356079101562,210.96843219926157,210.02568531407815,210.69166840430145,54144300
2017-06-08,210.847412109375,211.3231144668124,210.31981734884585,210.8387677746789,65950700
2017-06-09,210.52743530273438,211.91128134020343,209.26466276105234,211.11556689923026,132256400
2017-06-12,210.48416137695312,210.53605378233445,209.6365546283226,210.28523609050535,86108100
2017-06-13,211.51333618164062,211.56522857020147,210.67437404003005,211.0203320954049,60067000
2017-06-14,211.24530029296875,211.79018378590663,210.4236264907958,211.78153945021077,78602300
2017-06-15,210.8387451171875,210.95983177720848,209.61922098575457,209.89598483832128,66464900
2017-06-16,210.8848114013672,211.04994752534736,210.00699858556482,210.99780206763052,84553100
2017-06-19,212.64044189453125,212.70127383885932,211.61486597329232,211.7104703959348,65123800
2017-06-20,211.20639038085938,212.2927983226885,211.18901740229742,212.2841118334075,56906400
2017-06-21,211.15426635742188,211.71050674963394,210.6849439141061,211.5975293302492,55977600
2017-06-22,211.0586700439453,211.65836943369348,210.8848474012777,211.1629742389999,44148100
2017-06-23,211.3107147216797,211.64097374946985,210.73708809083058,211.11950584472999,66986800
2017-06-26,211.4497528076172,212.39711064820162,211.2411709623493,211.97992043403343,56700500
2017-06-27,209.7462615966797,211.5279732492118,209.72887535654044,211.23246021410642,82247700
2017-06-28,211.62359619140625,211.82349155414153,210.5284884176897,210.7631562637456,70042600
2017-06-29,209.7636260986328,211.82345107085214,208.55554113955273,211.77130561765378,106949700
2017-06-30,210.15476989746094,210.94567811831612,209.96356102512635,210.57194686354703,86820700
2017-07-03,210.5110626220703,211.52793868409657,210.5110626220703,211.09337558433424,39153800
2017-07-05,210.9978485107422,211.20643038752084,210.06787677070994,210.8761713286819,54427600
2017-07-06,209.06832885742188,210.35463203575168,208.88580650381542,210.23295488728553,65400800
2017-07-07,210.42416381835938,210.5719136942868,209.07701543431983,209.64195547243426,57972300
2017-07-10,210.650146484375,211.023877706191,210.1199788872515,210.42417841054788,36663300
2017-07-11,210.49371337890625,210.80659939619719,209.3290872496961,210.65014975664388,50354600
2017-07-12,212.0755615234375,212.24069768736183,211.45848910877328,211.45848910877328,59610400
2017-07-13,212.43182373046875,212.5448143799926,211.8581972569354,212.08417855598307,39471600
2017-07-14,213.42263793945312,213.77898288163507,212.33623013656714,212.43183455369368,60262700
2017-07-17,213.39657592773438,213.7268481601751,213.22275332290783,213.34443047246788,33531900
2017-07-18,213.50958251953125,213.56172797868854,212.64914265798896,212.988101404327,42742500
2017-07-19,214.66552734375,214.6742138332142,213.81377395088398,213.82247370216416,51034300
2017-07-20,214.76113891601562,215.0392524680929,214.21358503979766,214.91757530246852,47135200
2017-07-21,214.5699005126953,214.59597324018205,213.9615015064993,214.1874828271371,82340800
2017-07-24,214.51776123046875,214.65681136046095,214.04842559857326,214.4916752404168,46622300
2017-07-25,215.03929138183594,215.36956371764703,214.81332325101818,215.2652595126537,54915600
2017-07-26,215.0479278564453,215.36081387501542,214.78720055915,215.3260546559813,47575400
2017-07-27,214.84799194335938,215.54329554910623,213.52691641862165,215.50853633663485,70766600
2017-07-28,214.59596252441406,214.72632615533806,213.91804511998137,214.36998121506053,50088400
2017-07-31,214.47433471679688,215.09140706086657,214.26573959752176,214.99580262225925,65838700
2017-08-01,214.9523162841797,215.10875264770706,214.43083521545947,215.0739934319725,55050400
2017-08-02,215.05665588378906,215.19571930184148,214.12668419510814,215.0827286169467,47211200
2017-08-03,214.639404296875,214.96966322270134,214.36127755742876,214.94359049860486,40856000
2017-08-04,215.03054809570312,215.36080708246598,214.6481303893106,215.12615252230128,60191800
2017-08-07,215.43031311035156,215.43031311035156,214.99574999792543,215.10005416294103,31995000
2017-08-08,214.90017700195312,216.33424343971365,214.52645903629823,215.11745858993362,61719400
2017-08-09,214.8915252685547,214.94367073621333,213.85726262059882,214.21360766535665,62632600
2017-08-10,211.85826110839844,214.18752691726706,211.8061156426909,214.05714999118095,120479500
2017-08-11,212.171142578125,212.76215545427516,211.84957003866828,212.0842378910968,74869900
2017-08-14,214.27438354492188,214.49166511117897,213.41395703010485,213.44871624550768,73291900
2017-08-15,214.24835205078125,214.67422877685988,213.94416575656814,214.65684253490522,55242700
2017-08-16,214.62208557128906,215.16963947317822,214.19620884072893,214.76983547491596,56715500
2017-08-17,211.27593994140625,214.32658218751973,211.27593994140625,214.01369614334953,128490400
2017-08-18,210.94564819335938,212.2319513923749,210.50238529682153,211.110771048936,136748000
2017-08-21,211.1107940673828,211.37153463580879,210.18083572957025,210.88482598104898,65469700
2017-08-22,213.318359375,213.47479574199497,211.6757112124789,211.6930974516388,63140100
2017-08-23,212.5535430908203,212.97941978670568,212.205897847276,212.35364773887312,50203800
2017-08-24,212.05812072753906,213.09236983592203,211.84952565110638,212.9359334749582,50741700
2017-08-25,212.5535430908203,213.46612843239413,212.40579319922318,212.8490428740146,64445900
2017-08-28,212.56219482421875,213.1097352960207,212.14500471202982,213.08366257173552,40565600
2017-08-29,212.80563354492188,213.06636089124456,211.1368989575475,211.24988964883278,51135700
2017-08-30,213.81375122070312,214.08319150724105,212.60566622281107,212.78818857668327,62030800
2017-08-31,215.10009765625,215.34345198746985,213.84855351750988,214.43086661448717,103803900
2017-09-01,215.40423583984375,215.83011245528897,215.2564859761538,215.47376752778257,62007000
2017-09-05,213.85719299316406,215.12612309426453,212.8924623701218,214.9001417922281,91398800
2017-09-06,214.5872802734375,214.91755251446293,214.00496723813447,214.53513481681557,57916900
2017-09-07,214.5612335205078,214.90889204310074,214.1527430450965,214.89150580151696,58034700
2017-09-08,214.30917358398438,214.76980948125174,214.06581927077957,214.27440110391774,63832800
2017-09-11,216.59495544433594,216.67317362286178,215.56069310000328,215.5780660762442,71364800
2017-09-12,217.32505798339844,217.35981720404104,216.7775041101089,216.96002648847752,56896000
2017-09-13,217.4293670654297,217.4641395507926,216.92527212220693,217.03826280691024,59228000
2017-09-14,217.3598175048828,217.55972612475762,216.93395405779384,217.10777668488015,95446300
2017-09-15,217.6524200439453,217.739756008967,217.11089174686597,217.21570023594433,95432400
2017-09-18,218.1153106689453,218.4646811341499,217.7309951606429,218.01923179186971,46235200
2017-09-19,218.33367919921875,218.42102848279805,218.01051083970842,218.35988131876667,47108100
2017-09-20,218.4123077392578,218.525859153917,217.41658711242658,218.42105066508134,59574100
2017-09-21,217.82708740234375,218.34241353480814,217.65240215902375,218.25507757696303,48211400
2017-09-22,217.8708038330078,218.03675951066276,217.50396075338588,217.53016287852802,51214000
2017-09-25,217.42527770996094,217.9668192362781,216.68286216782775,217.61743545677857,57064400
2017-09-26,217.55633544921875,218.09786373210036,217.32050302734459,217.85330171224217,54082000
2017-09-27,218.40357971191406,218.78789527725007,217.37291402963743,218.25509657578533,81001400
2017-09-28,218.6656036376953,218.74421000106764,218.03672607545622,218.1240620366598,44778800
2017-09-29,219.43423461914062,219.5128543148782,218.47345902225527,218.65687388117044,85578000
2017-10-02,220.38629150390625,220.38629150390625,219.48663643311738,219.66133501937134,59023000
2017-10-03,220.85792541503906,220.8841275353606,220.30765423302748,220.3862739216219,66810200
2017-10-04,221.11996459960938,221.36452661284386,220.59589552688965,220.70944693575927,55953600
2017-10-05,222.4301300048828,222.447589200853,221.15490233464226,221.45186859770155,63522800
2017-10-06,222.17686462402344,222.465101340426,221.72268555057047,221.9847068130884,80646000
2017-10-09,221.8100128173828,222.4650926032154,221.54797823752332,222.40395875357316,35803100
2017-10-10,222.39520263671875,222.77078862202265,221.836201785734,222.37774343936067,43057400
2017-10-11,222.74453735351562,222.74453735351562,222.1331323900897,222.29907469416852,47674300
2017-10-12,222.41262817382812,222.77947115532052,222.17679578300132,222.43010069512647,47065100
2017-10-13,222.6833953857422,222.9629024198992,222.41263127617069,222.84935102131928,54800400
2017-10-16,222.98040771484375,223.17256550864792,222.56990333095123,222.91054426948924,38221700
2017-10-17,223.13758850097656,223.1812631411833,222.70959835115698,222.92795822456165,31561000
2017-10-18,223.35597229003906,223.55685966334508,223.1638145146575,223.51318501846194,40888300
2017-10-19,223.41709899902344,223.45204404486665,222.15935722889787,222.5786044856064,61903800
2017-10-20,224.5700225830078,224.59625135770185,223.39963015043398,224.21193583581314,89176400
2017-10-23,223.6966094970703,224.9194462959128,223.61800312947534,224.89324417338113,63915300
2017-10-24,224.08969116210938,224.32551028927895,223.73157768030504,224.1246362141857,66935900
2017-10-25,222.98040771484375,223.8713199108784,221.85367640356625,223.75776848882185,103715300
2017-10-26,223.2686309814453,223.86256352467024,223.14634996797955,223.59181270302912,69798000
2017-10-27,225.09410095214844,225.2513403305325,223.2773584004407,224.01104443027998,85562500
2017-10-30,224.255615234375,224.99804421858872,223.95864897174172,224.01105321483814,54285700
2017-10-31,224.60498046875,224.858285407945,224.30801421308635,224.63118258968325,60304800
2017-11-01,224.90194702148438,225.72298235215794,224.5351173279343,225.38235477957573,54202700
2017-11-02,224.98928833007812,225.1290418553702,223.7664783028467,224.8320756098468,56449500
2017-11-03,225.740478515625,225.7841398341459,224.7360016370278,225.14651932111855,59589700
2017-11-06,226.08987426757812,226.22088489302695,225.53960298542842,225.60946643391293,49652600
2017-11-07,225.9326629638672,226.52659557321505,225.426053001868,226.1946842164428,57502200
2017-11-08,226.31690979003906,226.41300200160703,225.47841528260687,225.75792233683754,50469600
2017-11-09,225.4958953857422,225.68805314872068,223.91494531222034,225.11157985978514,95085500
2017-11-10,225.4259796142578,225.60067816261147,224.79710215754318,225.11155421352854,59984700
2017-11-13,225.63563537597656,225.86273819686548,224.70979155194425,224.74473659867962,50228600
2017-11-14,225.111572265625,225.21638074093954,224.05469127726758,224.83206522794742,61315200
2017-11-15,223.98483276367188,224.66611452343398,223.2773488845058,224.1420454800957,80811500
2017-11-16,225.88894653320312,226.2558028958665,224.8844963178253,224.9281576360003,67777000
2017-11-17,225.22506713867188,225.86268748594506,225.14646079261158,225.53951917816778,75756800
2017-11-20,225.60948181152344,225.80163962703412,225.22516618050204,225.46975490503058,48075500
2017-11-21,227.0854949951172,227.26893645598844,225.57446193294496,226.37801123248357,69176800
2017-11-22,226.88467407226562,227.22530164809308,226.7187184194679,227.0942910420056,45033400
2017-11-24,227.40872192382812,227.5135570664607,227.23404999662972,227.3738035315452,27856500
2017-11-27,227.2952117919922,227.749390818247,227.09431107476212,227.45242453316544,52274900
2017-11-28,229.60108947753906,229.62729160230606,227.66205227898897,227.7581445066441,98971700
2017-11-29,229.46133422851562,230.26491047419557,229.015898110774,229.73209840085838,77512100
2017-11-30,231.4702606201172,232.3786187053131,230.29985463494003,230.3784610083552,127894400
2017-12-01,230.98976135253906,231.732190125674,227.75805177426543,231.25180914877967,164390900
2017-12-04,230.7104034423828,233.033729872638,230.65797253111054,232.60575289684377,94040600
2017-12-05,229.88058471679688,231.59251897552159,229.74957409972203,229.88058471679688,77994500
2017-12-06,229.9242706298828,230.35227423179,229.46134862986273,229.97667488231787,75898600
2017-12-07,230.64926147460938,230.9636870177481,229.6622702054214,230.64926147460938,77218600
2017-12-08,231.90701293945312,231.9157292119883,230.6143124222112,231.6013036742976,76563900
2017-12-11,232.60569763183594,232.66684480106926,231.88075449249916,232.60569763183594,83077500
2017-12-12,233.01626586914062,233.48793081872788,232.64069315709293,233.39183858118835,85195800
2017-12-13,232.99000549316406,233.69748941303737,232.90265620503862,233.2607696276706,102905400
2017-12-14,232.03797912597656,233.4005428387963,231.98557487973446,233.28699142018422,100666700
2017-12-15,233.97024536132812,234.43553349269078,232.98699699252464,233.0396690986028,144610300
2017-12-18,235.45396423339844,235.80512062530684,235.26082419912152,235.36616843754248,83653600
2017-12-19,234.54965209960938,235.74358882543072,234.47940476779215,235.69970433667532,82382900
2017-12-20,234.4266815185547,235.5679458922709,234.12819740222125,235.5152738006533,76751500
2017-12-21,234.9095916748047,235.6207187178105,234.66377957294816,235.05005956036698,67032300
2017-12-22,234.84817504882812,234.9623068882412,234.31263952346958,234.92718321653447,78720900
2017-12-26,234.56727600097656,234.78675209837698,234.3039154007024,234.44435652650475,45244400
2017-12-27,234.681396484375,235.0413404816488,234.4092482801095,234.73406860187708,57751000
2017-12-28,235.16419982910156,235.20811111513945,234.7954950588432,235.181775060121,45116100
2017-12-29,234.2775115966797,235.761171899079,234.08439838457934,235.74362345930018,96007400
2018-01-02,235.9542694091797,235.98939307392297,234.75154510890943,235.1378250465664,86655700
2018-01-03,237.4467010498047,237.595956521271,236.12105740806095,236.12105740806095,90070400
2018-01-04,238.44752502441406,238.93038836501717,237.50818797814625,238.08760791196542,80636400
2018-01-05,240.03659057617188,240.1594832389474,238.74607026371623,239.2376944978411,83524000
2018-01-08,240.47549438476562,240.6335106872347,239.65026241653015,239.9399589710568,57319200
2018-01-09,241.01974487304688,241.6430491421475,240.61588978805125,240.8968254667871,57254000
2018-01-10,240.65110778808594,240.91449513696924,239.5976387670871,240.26482777626626,69574300
2018-01-11,242.4068603515625,242.4068603515625,241.03733218619251,241.2041360978791,62361500
2018-01-12,243.98712158203125,244.1538987144319,242.3717544461334,242.67026541950014,90816100
2018-01-16,243.1531524658203,245.89220956615077,242.45960057454664,245.2425689643196,106555100
2018-01-17,245.47073364257812,245.85701356015943,243.15308092859505,244.08365705963055,113258800
2018-01-18,245.0581512451172,245.7780122100609,244.5665003251841,245.35663540941204,100728000
2018-01-19,246.1730499267578,246.1730499267578,245.05812155478074,245.63751458547583,140920100
2018-01-22,248.1747589111328,248.1747589111328,245.90975090331943,245.96244980743063,91322400
2018-01-23,248.70147705078125,248.99117363539048,247.89379343511357,248.21861368775413,97084700
2018-01-24,248.60491943359375,249.93935104203206,247.42853095192575,249.34235578964626,134816100
2018-01-25,248.71023559570312,249.56180369497707,247.92012721704376,249.46524709816148,84587300
2018-01-26,251.5897674560547,251.63367873984512,249.28966279713086,249.5442625102855,107743100
2018-01-29,249.92178344726562,251.45811593386514,249.76376710717838,251.01916379483671,90118300
2018-01-30,247.35838317871094,249.97452147054054,246.8843072419388,248.09581975173455,131796400
2018-01-31,247.4811553955078,248.7102157521953,246.41011134364305,248.2098307869233,108364800
2018-02-01,247.20025634765625,248.49956422699574,246.4101479147717,246.75254341754422,90102500
2018-02-02,241.8186798095703,246.01506007123515,241.78355614616368,245.88335303133664,173174800
2018-02-05,231.7052459716797,242.1698756837403,231.1609496616137,240.06291099027115,294681800
2018-02-06,236.27027893066406,236.77069057946676,227.11374775969838,228.20234001337388,355026800
2018-02-07,234.98863220214844,239.1059783080259,234.90959724654337,235.71728090980616,167376100
2018-02-08,226.1744384765625,235.4275552292879,226.1393148107997,235.2870873577438,246449500
2018-02-09,229.5718994140625,231.42426402168795,222.03948137455444,228.95735588832179,283565300
2018-02-12,232.94308471679688,234.4091964404118,229.71240386406902,231.61744087262778,143736000
2018-02-13,233.52252197265625,234.0668183011388,231.16095748307058,231.74037748189377,81223600
2018-02-14,236.67417907714844,237.0341229974219,232.03005857309503,232.03884618797034,120735700
2018-02-15,239.6941680908203,239.7029557055696,235.95428785276758,238.4124355383196,111200300
2018-02-16,239.76434326171875,241.7045303485651,239.02690713305674,239.07081840698507,160420100
2018-02-20,238.26312255859375,240.25598163725283,237.47301437553378,238.81620632418634,86369700
2018-02-21,237.07797241210938,241.17779601748344,236.98141582880206,238.70210022472662,98883700
2018-02-22,237.3851776123047,239.71161727941978,236.7179889553096,237.99972097712632,110511300
2018-02-23,241.16900634765625,241.16900634765625,238.13146593359008,238.60554160702387,92766400
2018-02-26,243.96958923339844,244.06617263387662,241.6519359115766,242.24011676430848,86491400
2018-02-27,240.92323303222656,244.8650409424878,240.86177331085185,244.15391392223984,99099200
2018-02-28,238.4827117919922,242.46840505051796,238.16667908529266,242.02066525784565,121907800
2018-03-01,235.01499938964844,239.8171371368471,233.5225513150146,238.27201694583923,176855100
2018-03-02,236.22645568847656,236.78832724910447,232.48660193015064,233.34693091903503,139083200
2018-03-05,238.95672607421875,239.57126967870028,234.93591017599843,235.0412811759298,97307400
2018-03-06,239.5624237060547,240.0101632742922,238.0699763395971,239.93112834571988,79213200
2018-03-07,239.474609375,239.8257655541247,237.20962924687137,237.40276916411483,87063500
2018-03-08,240.63357543945312,240.75646811060744,239.15870263652198,240.15071199663336,66901200
2018-03-09,244.8211669921875,244.8211669921875,241.72216589576155,242.0382253742353,113625300
2018-03-12,244.51380920410156,245.73410860789863,244.12752930588547,245.11080427775596,71924800
2018-03-13,242.9336700439453,246.1731389352705,242.32791395587557,245.67272707268907,91968900
2018-03-14,241.68704223632812,244.0749429957183,241.13398503411454,243.89059059498044,105895100
2018-03-15,241.42367553710938,242.83708855941893,240.92326367057862,242.1962355854701,83433000
2018-03-16,241.68545532226562,242.73434762380472,241.63257225654203,241.9498706508836,100343700
2018-03-19,238.41531372070312,241.8616695320334,236.76706244111185,240.9361891885773,109208400
2018-03-20,238.82080078125,239.45542436621005,238.14209004943496,238.81197797211732,59757300
2018-03-21,238.36244201660156,240.86567198647185,238.15090979060938,238.77671055837496,78709600
2018-03-22,232.40406799316406,236.9874367365729,232.13080299363773,236.14128090528047,148785900
2018-03-23,227.4504852294922,233.1709209551684,227.25657169813346,232.844799765795,183534800
2018-03-26,233.67330932617188,233.955370261597,228.6492300456166,231.04669419910772,141956100
2018-03-27,229.69815063476562,235.1364991793472,228.1468421973337,234.60766848369053,129941400
2018-03-28,229.01942443847656,231.49624022540982,227.91764906479978,229.83034294898033,146452300
2018-03-29,231.94570922851562,233.80551974952124,229.0282106570557,230.1564273834921,111601600
2018-04-02,226.9392852783203,231.92812739453532,224.47130575320918,231.41688855818825,186286300
2018-04-03,229.847900390625,230.32387475681935,226.3839259950457,228.17320764889604,119956900
2018-04-04,232.30714416503906,233.01226968208627,226.17246609052276,226.30467376261734,123715300
2018-04-05,234.14056396484375,235.02198450035576,232.97708240225109,234.061212445686,82652600
2018-04-06,228.92251586914062,233.673358014265,227.4064716488622,232.18378222983324,179521200
2018-04-09,230.05067443847656,233.43532481155327,229.11637116929023,230.37679561184027,105442900
2018-04-10,233.70852661132812,234.49300338650028,231.79586011923547,232.93287264449012,103529000
2018-04-11,232.48341369628906,234.140488069733,232.1572925076709,232.22779429217832,91140200
2018-04-12,234.3960723876953,235.33919847775888,233.62924110095946,233.80553590428718,68890500
2018-04-13,233.70852661132812,235.8151334939362,232.70372171705588,235.70054458081614,85079200
2018-04-16,235.63009643554688,236.39695475492138,234.51952505696408,235.33923954798865,63405300
2018-04-17,238.15101623535156,238.75037574275976,236.88176851447537,237.39298058871884,64682000
2018-04-18,238.3272247314453,239.12929345575915,237.86886900462565,238.5916400362949,57303900
2018-04-19,237.00511169433594,237.8777091627883,235.9738381325913,237.6749728150779,77655900
2018-04-20,234.99542236328125,237.1549125737747,234.11400217921198,236.9345575277574,99953100
2018-04-23,234.96022033691406,236.12370161096285,233.88488647431987,235.5684025074935,65558000
2018-04-24,231.79591369628906,236.20301507306138,230.29748846866164,235.98266000422277,112885500
2018-04-25,232.36883544921875,232.8095455943946,229.91848811799363,231.73421176421306,103840900
2018-04-26,234.7310028076172,235.5595399175105,232.9505437516809,233.3912538357174,67731900
2018-04-27,234.95140075683594,235.6389075375341,234.01709735995928,235.33922785351837,57053600
2018-04-30,233.1444549560547,236.1236593984513,233.07392627997427,235.56836039425437,82182300
2018-05-01,233.55868530273438,233.66445140074586,231.02898726420727,232.58029509851994,74203400
2018-05-02,231.9898223876953,234.17572740968185,231.60199532273418,233.36483583662604,86368900
2018-05-03,231.47860717773438,232.13084962675967,228.33193008387593,231.16130876431046,136311500
2018-05-04,234.47537231445312,235.15408302694007,230.18286060318687,230.50898174610822,91222100
2018-05-07,235.26869201660156,236.23823271919028,234.55471690649136,235.24225048650933,55304900
2018-05-08,235.26869201660156,235.63005062825889,233.70856104472983,234.89848369650036,67499200
2018-05-09,237.54275512695312,237.86887631255698,235.41852911669892,235.93856383142008,59666100
2018-05-10,239.7639617919922,240.0901099271998,238.17741586945073,238.28318201111145,72063900
2018-05-11,240.4955291748047,240.75994449971634,239.37610820211677,239.88734702869564,59871500
2018-05-14,240.610107421875,241.579648169337,240.06360427665848,240.92740579766743,54790600
2018-05-15,238.9530487060547,239.40255476785495,238.0099225293542,239.38493604542785,87036100
2018-05-16,239.95777893066406,240.41613455876956,238.96176999888644,238.98823842248126,53942600
2018-05-17,239.7552032470703,240.83053735291216,238.97954888891297,239.69349735521246,56536400
2018-05-18,239.15573120117188,239.77273610113608,238.8031685006823,239.41135059102103,64368000
2018-05-21,240.95379638671875,241.49147660821697,240.24867110149415,240.6364980780093,58025900
2018-05-22,240.2838897705078,241.72943146076898,239.95776867909123,241.47381213284655,52966400
2018-05-23,240.945068359375,240.97153679431813,238.85610630888422,239.01478242446296,64694200
2018-05-24,240.45144653320312,240.8216548938382,238.67098721482813,240.5484167533651,76043800
2018-05-25,239.87852478027344,240.50432564990533,239.3761087629519,239.87852478027344,56374800
2018-05-29,237.11965942382812,239.01473442804837,236.0090882306861,238.25669904659816,115908600
2018-05-30,240.2838897705078,240.72459976405523,238.3536047456691,238.4241065091632,69678400
2018-05-31,238.8120574951172,240.17824842519676,238.2126980482963,239.8785687017863,93519900
2018-06-01,241.1565399169922,241.45621951714224,240.0371191971426,240.10764786706392,71258400
2018-06-04,242.30238342285156,242.55800278701213,241.7382885385191,241.9762622852021,45385200
2018-06-05,242.4787139892578,242.8577182376583,241.66779553102288,242.43462683786473,51135000
2018-06-06,244.50596618652344,244.61173231021175,242.46988760909116,243.08689252902062,62732200
2018-06-07,244.47955322265625,245.2816489527639,243.57169135650165,244.99079207863485,72969400
2018-06-08,245.20228576660156,245.25516882630356,243.85371394658182,244.0211859352413,72139700
2018-06-11,245.5283966064453,246.2423447812001,245.3080415673529,245.4226304914903,58892500
2018-06-12,245.845703125,246.20706169063683,245.2022567762879,245.94264642338882,72329000
2018-06-13,245.0612335205078,246.3393034469007,244.85849721046816,246.08368408186067,79070600
2018-06-14,245.67819213867188,246.20702258918155,245.08762893719987,245.92498864851044,77097600
2018-06-15,245.36483764648438,245.7012856482646,243.78886570624715,244.8955883333687,120041600
2018-06-18,244.86012268066406,244.9840885625564,243.43467715644596,243.91276179336904,52917600
2018-06-19,243.92172241210938,244.14306698780095,242.17752607487577,242.59365495795998,97531500
2018-06-20,244.33779907226562,245.00183265741478,244.00135106598808,244.603401698487,53785500
2018-06-21,242.80609130859375,244.34666763816736,242.3102817141276,244.32894278291016,71061400
2018-06-22,243.24880981445312,244.17847318128233,243.0274652537223,244.06336968656635,54898500
2018-06-25,239.9374542236328,242.25714041734616,238.2552413138066,242.09777885127292,137854200
2018-06-26,240.46868896484375,241.31864434566987,239.7515348904601,240.50411165309322,68547400
2018-06-27,238.4766082763672,242.47850775660206,238.3260821033997,241.0530619154473,105110700
2018-06-28,239.840087890625,240.60150009170255,237.7151588224368,238.42347751836468,76650500
2018-06-29,240.18540954589844,242.29261409496888,240.07030605075767,240.92912403034688,97592500
2018-07-02,240.69883728027344,240.85822584666744,238.3791513670578,238.6182207068534,63554800
2018-07-03,239.848876953125,241.69047818709535,239.42391283727818,241.5930725641536,42187100
2018-07-05,241.80555725097656,241.86754019174154,239.90200007581,240.9733268418652,56925900
2018-07-06,243.8508758544922,244.22271956770294,241.4514814771822,241.83221463826726,66493700
2018-07-09,246.04666137695312,246.0997819214187,244.8071369734139,244.8513950872667,50550400
2018-07-10,246.9319610595703,247.0293667064297,246.20594449060724,246.4981344115885,51966800
2018-07-11,245.12574768066406,246.1705142878191,244.82472239371876,245.38251487407948,77054700
2018-07-12,247.3480987548828,247.40121928431503,245.7809890974369,246.3830397774005,60124700
2018-07-13,247.5428924560547,247.8439178074918,246.7194971989239,247.171048735879,48216000
2018-07-16,247.321533203125,247.72879959326502,246.87884412092146,247.5871628642055,48201000
2018-07-17,248.322021484375,248.71159004868673,246.49814457855098,246.5512651082664,52315500
2018-07-18,248.8443603515625,248.95060139774912,247.9589822738811,248.4016713127218,44593500
2018-07-19,247.90585327148438,248.561024380289,247.42774156040312,248.18031830461032,61412100
2018-07-20,247.62254333496094,248.33086203476083,247.4631817598543,247.70222412251422,82337700
2018-07-23,248.0830078125,248.28662752677565,247.07366359189476,247.41897409460745,47047600
2018-07-24,249.33131408691406,250.17243409081593,248.4636608403578,249.49070268000807,68026900
2018-07-25,251.4562225341797,251.77494565505225,249.03913078919018,249.08338888278033,78882900
2018-07-26,250.863037109375,251.54476854513118,250.64169257599485,250.73909822087222,57919500
2018-07-27,249.16311645507812,251.2880184882975,248.24231566683144,251.1906128472391,76768700
2018-07-30,247.86166381835938,249.40221340119325,247.3392668484823,249.24285179323138,63742500
2018-07-31,249.0834197998047,249.6943328768987,248.24232678004086,248.62303289486857,68570500
2018-08-01,248.66732788085938,249.79177557602364,248.02101903646468,249.28710347754523,53853300
2018-08-02,250.0220184326172,250.190215469967,247.1622364840002,247.36588324231434,63426400
2018-08-03,251.09323120117188,251.14635172489284,249.96878373668994,250.14587016215646,53935400
2018-08-06,252.01405334472656,252.3239140861713,250.7391066281403,251.12867518151927,39400900
2018-08-07,252.8463134765625,253.2270466660811,252.545288108283,252.67811646394784,43196600
2018-08-08,252.7400665283203,253.13849754684549,252.27967956747327,252.67811058599844,42114600
2018-08-09,252.3948211669922,253.19165630474208,252.26201981396787,252.8020876561348,35717000
2018-08-10,250.70361328125,251.50044799964812,249.99529473854864,250.96038044170362,77076000
2018-08-13,249.76516723632812,251.58904395946368,249.4729773325625,250.97813090933042,65732900
2018-08-14,251.3588409423828,251.59791032549649,250.1016191525683,250.49118768395763,43842000
2018-08-15,249.48184204101562,250.15473804896044,248.0475338300558,250.0130743094144,102925400
2018-08-16,251.50048828125,252.36816850268517,250.8807128345686,250.91613552227457,69967900
2018-08-17,252.38583374023438,252.82852271080512,250.88954285813796,251.29680914557773,65618500
2018-08-20,252.92591857910156,253.19152114336345,252.38582400564977,252.83737538448443,39807500
2018-08-21,253.51922607421875,254.37804412935876,252.96143340691307,253.43954526740396,67272000
2018-08-22,253.36866760253906,253.89103744915988,252.84627073632237,253.11190038315056,44993300
2018-08-23,253.03236389160156,254.05054390275689,252.71361353755333,253.19172555882005,49204900
2018-08-24,254.5550537109375,254.69671744235123,253.55457218379885,253.60769270562974,57487400
2018-08-27,256.5648193359375,256.671060366002,255.5908981943619,255.75025973945864,57072400
2018-08-28,256.6888427734375,257.1315318443619,256.2284288471343,257.0252637708789,46943500
2018-08-29,258.07000732421875,258.3001872470909,256.66225944752415,256.90130179728936,61485500
2018-08-30,257.02532958984375,257.9638284989663,256.43214121387564,257.59198471514225,61229500
2018-08-31,257.03411865234375,257.4768077102713,256.13104270122597,256.617989857108,66140800
2018-09-04,256.5913391113281,256.9454848288669,255.59085787008118,256.61789936465385,57594400
2018-09-05,255.9008331298828,256.4409278252253,254.89151613831157,256.23728113360505,72452400
2018-09-06,255.13059997558594,256.30814116044616,254.10355796237556,256.00711579754653,65909900
2018-09-07,254.634765625,255.60868701029355,253.84676608884516,254.08583548590653,73524800
2018-09-10,255.07745361328125,255.90971124627146,254.88266933705808,255.64408158618681,50210900
2018-09-11,255.91859436035156,256.3612835234171,254.08588176015792,254.43116525715587,50530500
2018-09-12,255.98046875,256.582519271696,255.19249642416656,255.92734823453216,59810800
2018-09-13,257.4945068359375,257.68045569530796,256.75965488471724,257.0429823679138,51034200
2018-09-14,257.5388488769531,257.8841323699944,256.75971163574974,257.69821048912604,55079900
2018-09-17,256.17529296875,257.52105793665976,255.90082792279205,257.48566226721647,68244000
2018-09-18,257.5653381347656,258.15852631195645,256.36120990681127,256.38777016818403,61930400
2018-09-19,257.83978271484375,258.25591145639254,257.4944723248046,257.61843821443676,49080600
2018-09-20,259.9292907714844,260.2480409377501,257.85750925934076,259.0970602153132,100360600
2018-09-21,259.6918640136719,260.78581879458903,259.5317810140974,260.6701942475922,105479700
2018-09-24,258.8291015625,259.25601660965026,258.2510060962114,259.1137115939335,53409600
2018-09-25,258.5889892578125,259.38943125963567,258.3488647998379,259.28270927831363,44370000
2018-09-26,257.815185546875,259.91412321436593,257.3971730938539,258.7312519258059,79739700
2018-09-27,258.5355529785156,259.62060470915617,258.01081862855256,258.2865260473145,59249500
2018-09-28,258.562255859375,259.0603097649122,257.87743852473693,257.9129944166309,70091400
2018-10-01,259.4605712890625,260.5278181370274,258.79353183087005,259.79851514867977,62078900
2018-10-02,259.3094177246094,260.0209157713873,258.9358907497197,259.3094177246094,47258200
2018-10-03,259.45172119140625,260.7768978308185,259.0959721701713,260.358885266842,64694600
2018-10-04,257.4238586425781,259.02474241561276,255.84075281656695,258.9713814326385,111545900
2018-10-05,255.98312377929688,258.1621035239601,254.5601005355288,257.6462715083235,105951700
2018-10-08,255.98312377929688,256.3388728047612,253.91974143292867,255.29827908481946,87742200
2018-10-09,255.60958862304688,256.9080848761821,255.049270973965,255.60071321754165,74339000
2018-10-10,247.51617431640625,255.17380378895442,247.14264730325567,255.10263769184056,214731000
2018-10-11,242.06427001953125,248.04982217091188,240.45445592041213,246.431132665706,274840500
2018-10-12,245.42608642578125,246.43997238862877,242.24206923125192,246.15536234428615,183186500
2018-10-15,244.04759216308594,246.3955849931058,243.95864810584297,245.07038096659127,102263700
2018-10-16,249.38380432128906,249.7573583468041,245.5327752643828,246.00414871211362,118255800
2018-10-17,249.42837524414062,250.0509293104676,246.85803605064686,249.4194726965644,110626000
2018-10-18,245.82623291015625,249.09029078132795,244.55441771356087,248.4943903450897,134557500
2018-10-19,245.69287109375,248.40548741105457,244.99915113163212,246.47553508012004,139901600
2018-10-22,244.590087890625,246.68012357912642,244.05645078512885,246.35995760097512,82415800
2018-10-23,243.3449249267578,244.46556013102136,238.89799429639206,240.97918171628453,146352700
2018-10-24,235.97189331054688,243.47831310802016,235.42047834896334,243.09585651106832,177806700
2018-10-25,240.20535278320312,241.7440002948675,236.78123848445856,237.8040269298721,138061500
2018-10-26,235.9807891845703,241.02362004077827,233.27707512923888,236.50555084001812,201574600
2018-10-29,234.67340087890625,240.35659102695715,231.10698111147096,239.06697033859635,160749100
2018-10-30,238.1509246826172,238.46221527012418,234.0152844254869,234.5044631035441,157116000
2018-10-31,240.6945343017578,243.00694329919477,240.2409387624176,240.71231225043348,128296300
2018-11-01,243.2559814453125,243.45164745734314,240.4721988322022,241.55725087311626,99495000
2018-11-02,241.81521606445312,244.78576258174922,239.76961161135745,244.35884745387176,122634100
2018-11-05,243.14927673339844,243.7006917677633,241.33492150588376,242.30434908918804,65622500
2018-11-06,244.6878662109375,244.84794917310734,243.02471877283662,243.08698230542691,60085900
2018-11-07,249.92637634277344,250.0064178282418,246.43106862587547,246.85798369028106,102752100
2018-11-08,249.47279357910156,250.1131526376013,248.33438049086973,249.1259199823726,65584900
2018-11-09,247.03587341308594,248.35214737217913,245.63062828033082,248.1653839048309,98812600
2018-11-12,242.41993713378906,246.7690203554735,241.90407807858057,246.52889591785222,99673600
2018-11-13,241.96636962890625,244.8746522778252,241.24596909071613,242.88243618622874,98176600
2018-11-14,240.3121337890625,244.23430258416514,238.75570812240255,243.8340951264555,125335900
2018-11-15,242.8201446533203,243.28264272262598,237.4749534984664,239.0491568741506,135101400
2018-11-16,243.4517059326172,244.35887012888557,241.2104352306737,241.72629445079986,126668000
2018-11-19,239.333740234375,243.14031062759022,238.4176738847104,242.846798094472,103061700
2018-11-20,234.9046630859375,237.4660995132809,234.04195744397686,236.00749321474495,136021300
2018-11-21,235.70504760742188,237.5994439666394,235.69617220468442,236.45212852591953,75563700
2018-11-23,234.130859375,235.5272018784924,233.97077641256175,234.06859584230529,42807900
2018-11-26,237.91073608398438,238.13308256630586,235.9896592196982,236.3809911999364,79981400
2018-11-27,238.711181640625,238.711181640625,236.27427284254324,236.87904876964447,75502400
2018-11-28,244.2075958251953,244.2075958251953,238.64893332775299,239.77847091805359,127629600
2018-11-29,243.67404174804688,245.07035745935582,242.29547684780206,243.43389010233471,82346400
2018-11-30,245.15927124023438,245.71958882183426,243.2026381197173,243.52280408525462,98204200
2018-12-03,248.40553283691406,249.3838629987836,246.81355122186906,249.277141006927,103176300
2018-12-04,240.35659790039062,248.00532392800807,240.04530733134203,247.57840882114908,177986000
2018-12-06,239.9918975830078,240.10752209732985,233.41044708855944,236.50551991524597,204185400
2018-12-07,234.41554260253906,241.21934204981298,233.57951734842544,239.6540135498701,161018900
2018-12-10,234.86019897460938,235.8296265873571,230.01303376896047,234.23761783450223,151445900
2018-12-11,234.91355895996094,238.23985434553188,233.44607729820376,238.0530908610672,121504400
2018-12-12,236.0963897705078,239.24482367435746,236.01634829099115,237.88406423876316,97976700
2018-12-13,236.01634216308594,237.90183601004946,234.90460973993248,237.03913056400617,96662700
2018-12-14,231.65843200683594,234.82464480872093,231.1070168879108,233.87299503023334,116961100
2018-12-17,227.11363220214844,231.8184786411639,225.48605403096258,230.70674603004963,165492300
2018-12-18,226.86456298828125,229.41710981689934,225.26366561183747,228.75007037429378,134515100
2018-12-19,223.4671173095703,230.70671867180351,221.76840039515483,226.9446197617869,214992800
2018-12-20,219.82952880859375,223.78729366508378,217.58827236195947,222.22197924177337,252053400
2018-12-21,215.32533264160156,223.3855045339363,214.6812341608542,220.72860171340417,255345600
2018-12-24,209.63584899902344,215.45061830766886,209.57323550457585,213.84037176907972,147311600
2018-12-26,220.2276611328125,220.2276611328125,209.11698102314602,211.0940084996387,218485400
2018-12-27,221.91835021972656,222.1151451578412,213.76873016788505,216.99816281225299,186267300
2018-12-28,221.63209533691406,224.8973054085378,220.46913912982842,223.269177638779,153100200
2018-12-31,223.57334899902344,223.81488933145144,221.3816315423611,223.2512997725202,144299400
2019-01-02,223.8059844970703,224.7274143179528,220.02191548301792,220.04875178700226,126925200
2019-01-03,218.46534729003906,222.36571591269447,217.98226653551384,222.06154839494693,144140700
2019-01-04,225.782958984375,226.42705742914634,221.11325208488387,221.48897390263343,142628800
2019-01-07,227.563232421875,228.96771572413164,225.15681037989435,226.05139025273738,103139100
2019-01-08,229.7012176513672,230.1842983290865,227.22324173305432,229.7459630162037,102512600
2019-01-09,230.77471923828125,231.61562631457824,229.18236851303053,230.4079382964577,95006600
2019-01-10,231.58880615234375,231.83928738611394,228.56512228014213,229.2450116148356,96823900
2019-01-11,231.67823791503906,231.70507421140275,229.9337967501892,230.5152680383381,73858100
2019-01-14,230.26483154296875,231.06994789059002,229.3792062906262,229.7817508142326,70908200
2019-01-15,232.9038848876953,233.21699331608835,230.63164427355437,230.64059880878088,85208300
2019-01-16,233.4674530029297,234.3530782952415,233.1275083007143,233.3332441885954,77636700
2019-01-17,235.2386474609375,236.09746354596547,232.55490862113237,232.59965398203775,96118400
2019-01-18,238.3697052001953,238.83490412813006,235.2744670046285,237.04574468322795,127900300
2019-01-22,235.14923095703125,237.11731741906,233.53899825203223,236.90262700516908,115531200
2019-01-23,235.6412353515625,236.87575967051836,233.181141246526,236.17798861637877,86030300
2019-01-24,235.76651000976562,236.34800875620095,234.4514765300922,235.46235613492826,59204100
2019-01-25,237.7614288330078,238.58445429816075,235.86492393987604,237.60933824799548,96883400
2019-01-28,235.95437622070312,236.01697605824288,234.19205292689497,235.62338606355894,85613700
2019-01-29,235.6412353515625,236.6610419843488,234.8092828063201,236.0974797217171,66136300
2019-01-30,239.37167358398438,240.2125808598044,236.39273457951535,237.15313294174558,92473700
2019-01-31,241.47390747070312,241.95698818402894,239.0943220389077,239.30903974505677,104012100
2019-02-01,241.59019470214844,242.61002867744705,240.80296018796835,241.67070360013417,85782500
2019-02-04,243.2899627685547,243.3525899190101,240.96404936953616,241.63498435192145,60744800
2019-02-05,244.3096923828125,244.61384616847684,243.2183041870039,243.7192665752043,79552800
2019-02-06,243.98764038085938,244.52439362076777,243.25410583006848,244.03238574275397,58347800
2019-02-07,241.66177368164062,242.9231070364727,240.00679577368695,242.37742652272038,95482000
2019-02-08,241.95700073242188,242.0553914066869,239.59529694515285,240.4183223771915,75788900
2019-02-11,242.09109497070312,242.86937475172184,241.56329635254562,242.6099663583151,68021400
2019-02-12,245.20437622070312,245.58008452137835,243.62990673105475,243.70148841717378,72270200
2019-02-13,246.00050354003906,246.8414107807634,245.61584075769358,246.03629437805574,65277200
2019-02-14,245.4547882080078,246.581967392561,244.10396409321197,244.9180349153441,83234400
2019-02-15,248.1295623779297,248.16535320937362,247.02029230681626,247.22602816170678,97088700
2019-02-19,248.55897521972656,249.21200092876802,247.32445086509222,247.33340539822623,59120800
2019-02-20,249.0598907470703,249.51613504445794,248.02217521404015,248.5231375678615,76610800
2019-02-21,248.17425537109375,248.78256287524493,247.21704875990318,248.42473653753245,64214700
2019-02-22,249.7130126953125,249.90979403836442,248.1564253150696,248.79156931425143,78114600
2019-02-25,250.0529022216797,251.6542074923286,249.97239332656173,251.13536329032226,69030700
2019-02-26,249.87411499023438,250.7507859980952,249.49837934371004,249.70414259066592,56844100
2019-02-27,249.7666473388672,250.11551920355708,248.22796926031745,249.15831243309327,56921600
2019-02-28,249.3014373779297,249.9902811449562,248.9794018248287,249.55191857492036,69268300
2019-03-01,250.8580322265625,251.26953121285604,249.42669935637187,250.87591399104352,78880500
2019-03-04,249.94558715820312,252.155200325263,247.65546508632025,251.913673610794,106494600
2019-03-05,249.60562133789062,250.26762888884477,249.05994081793222,250.0708202602486,59114600
2019-03-06,248.09381103515625,249.730907404324,247.77177540211915,249.72195286993642,75039800
2019-03-07,246.0183868408203,247.78963728117097,245.17747968817417,247.646501244507,94885100
2019-03-08,245.52639770507812,245.6963700742614,243.7014743208143,244.16664605202442,85795800
2019-03-11,249.08677673339844,249.24779452916363,246.21518350729428,246.2420198065885,65098900
2019-03-12,250.02603149414062,250.54490292510243,249.45351477422585,249.64136883696645,79667500
2019-03-13,251.6809844970703,252.61135478881133,250.75061420532927,250.91165925802977,80639200
2019-03-14,251.52001953125,252.1283271456543,251.0816842356358,251.70787361502687,67518400
2019-03-15,252.76272583007812,253.57138855973614,251.88216612584606,252.07087511860678,81309000
2019-03-18,253.67916870117188,253.9756956908309,252.75369409159345,252.97832411741985,62199800
2019-03-19,253.7420196533203,255.50311101686006,252.85249370807736,254.73939102219583,90268100
2019-03-20,252.978271484375,254.73039628954794,251.87310953646286,253.5263828920967,84609200
2019-03-21,255.8356475830078,256.239965190846,252.11576106694608,252.1607035260337,79550400
2019-03-22,250.91171264648438,254.99996772134344,250.8488096648639,254.47883818093473,122659300
2019-03-25,250.72303771972656,251.75633027368409,249.46511515748892,250.57027724900775,85575200
2019-03-26,252.592041015625,253.5444704103579,251.1903514376911,252.47522898068627,68125900
2019-03-27,251.2711181640625,253.1670096654195,249.72566263249684,252.58294971576728,72224700
2019-03-28,252.22352600097656,252.67278597333015,250.7499675503961,251.90007198279523,56238500
2019-03-29,253.81402587890625,254.13748002710767,252.6100119594949,253.7331623418559,82186800
2019-04-01,256.8240051269531,257.12053213515975,255.53912787981554,255.8087003800633,77617900
2019-04-02,256.9497985839844,257.1834225886773,256.1590964948618,257.01270157304134,40070400
2019-04-03,257.35418701171875,258.55820087935837,256.7521663675677,258.16284976811403,68243200
2019-04-04,258.0369567871094,258.28854128030713,256.9857037843611,257.6775542854916,48997500
2019-04-05,259.2859802246094,259.33988924285876,258.41441453536396,258.7019475798009,58621700
2019-04-08,259.483642578125,259.59146060914446,258.2077318961907,258.8636614791043,53566300
2019-04-09,258.15374755859375,258.84559800287843,257.6056635872743,258.522144004195,66142300
2019-04-10,259.0343017578125,259.1241592292054,258.15374241120253,258.56705387482947,52601500
2019-04-11,258.96240234375,259.5284742454136,258.3963304420864,259.5194802721649,55093100
2019-04-12,260.7146301269531,260.99316920128797,259.0074471943866,260.5708636013834,69727800
2019-04-15,260.54388427734375,260.8853263154702,259.74418819639936,260.78647484201645,49596700
2019-04-16,260.7146301269531,261.4783777975032,260.12160349172586,261.42446877799716,52153200
2019-04-17,260.0766296386719,261.855681721401,259.6632906883781,261.82872721774316,58268300
2019-04-18,260.5887756347656,260.8583481027852,259.36680152584245,260.6606725944999,68708500
2019-04-22,260.8134765625,260.96623707797863,259.7352686592267,259.8251261729986,40160100
2019-04-23,263.15863037109375,263.3922544241675,260.94827810651367,261.1818747389239,52246600
2019-04-24,262.57452392578125,263.4101409908237,262.4307574273886,263.07769295982763,50392900
2019-04-25,262.4128112792969,263.06874089132936,261.2267854647723,262.475714273737,57770900
2019-04-26,263.634765625,263.7066351624023,261.6849650923547,262.45770657786915,50916400
2019-04-29,264.0481872558594,264.56934444677836,263.63487554699253,263.72473307170276,57197700
2019-04-30,264.1828918457031,264.47042488251304,262.29602141570473,263.7066772500253,81111700
2019-05-01,262.19720458984375,265.018571472677,262.18821061229863,264.8119019337827,71671900
2019-05-02,261.63104248046875,262.9968104059952,260.13949601586444,262.0803024726753,65030200
2019-05-03,264.19183349609375,264.47037250137964,261.7388640340087,263.10463197802125,56543700
2019-05-06,263.1045837402344,263.54484968322805,259.5823739343374,259.89686135961114,107198100
2019-05-07,258.71087646484375,261.29861864665406,256.80601830897126,260.70559211160116,144729900
2019-05-08,258.3514709472656,260.0586535717971,257.7584444190409,258.3514709472656,91568300
2019-05-09,257.56976318359375,258.17175626704255,254.55072152918922,256.2848860812778,103471100
2019-05-10,258.86370849609375,259.6184622709735,253.6522742114518,256.63536824121263,112429300
2019-05-13,252.3583984375,254.7215112151304,251.52278113899095,253.76011533329586,127290500
2019-05-14,254.64053344726562,256.1680282411555,253.24783857451106,253.37361710141252,77003200
2019-05-15,256.13214111328125,256.77008271546595,252.80760572827901,253.01427522562122,73956400
2019-05-16,258.50433349609375,259.86108067213627,256.7612017031912,256.83307127105655,76749600
2019-05-17,256.8330383300781,259.3129631236966,256.18610261959776,256.2040905747572,100353000
2019-05-20,255.13478088378906,256.94078755040437,254.3889938816998,255.2336049280397,62877600
2019-05-21,257.4349670410156,257.81233007528556,256.5723681213772,256.82395261777503,46847100
2019-05-22,256.64434814453125,257.59677743350494,256.1681335000444,256.482621077497,49482500
2019-05-23,253.50852966308594,254.46992554081373,252.09784621636211,254.4250104942458,98733800
2019-05-24,254.08352661132812,255.35943728786714,253.46354551492902,254.94609827649518,55268100
2019-05-28,251.720458984375,255.314540218978,251.70249844964093,254.3621108854613,70029400
2019-05-29,250.03121948242188,251.01060326203879,248.62953008951493,250.60628560292824,104972900
2019-05-30,250.71405029296875,251.62156432473273,249.61785472710497,250.78591983240716,62523800
2019-05-31,247.33566284179688,248.99793081192303,247.30870833074238,248.17130752581056,86862800
2019-06-03,246.7065887451172,248.48564040479272,245.37676956602837,247.37148462433748,96428000
2019-06-04,252.06178283691406,252.19655533585188,248.54856678779723,248.99782673135718,77231900
2019-06-05,254.2451934814453,254.2721479827065,251.87311510850387,253.67912153430805,71169700
2019-06-06,255.8985595703125,256.5724497666044,253.89487693589513,254.54181262116182,69430400
2019-06-07,258.4592590332031,259.53749394521816,256.74308263224987,256.91380361699646,74272200
2019-06-10,259.6453552246094,261.3076228990596,259.5554977301904,260.0047577816279,60799100
2019-06-11,259.58245849609375,261.8287588074491,258.93552290959707,261.46036226590786,58641300
2019-06-12,259.12420654296875,259.9059145875843,258.6120435410981,259.3488365521413,47096300
2019-06-13,260.1933898925781,260.5528198019677,259.33081843547797,260.03166288574414,48945200
2019-06-14,259.9059753417969,260.5079685515309,259.1422276479497,259.9059753417969,52324700
2019-06-17,260.0047302246094,260.7684777152376,259.83400922950466,260.13950274162505,39205700
2019-06-18,262.7273254394531,263.7786062363526,261.4604085491026,261.81983859907155,85434800
2019-06-19,263.3203125,263.85043609708407,261.8916687545038,262.862058449699,78674400
2019-06-20,265.83612060546875,266.24046558371964,263.3831784940885,265.9978750491621,116570000
2019-06-21,265.4496765136719,266.8220594796023,265.23299171747703,265.5670566296167,83309500
2019-06-24,265.1246643066406,265.9733556577188,264.97116086464666,265.6573661634113,47582700
2019-06-25,262.5243835449219,265.2059687471691,262.41604112123906,265.1788831412484,82028700
2019-06-26,262.2625427246094,263.92385754593755,262.1542002988309,263.41824118962137,51584900
2019-06-27,263.1925964355469,263.6982129413577,262.64184642365876,263.0210450260004,40355200
2019-06-28,264.546875,265.0434536754882,263.6530223625105,264.16764892571615,59350900
2019-07-01,266.9484558105469,268.0861060069671,265.747596702322,267.8693936742107,78705600
2019-07-02,267.6437072753906,267.6978784773819,266.0636495912675,266.90333077615117,61504500
2019-07-03,269.7835388183594,269.80161425412496,268.17639561424454,268.32086133027957,40898900
2019-07-05,269.4765930175781,269.6391341895929,267.2645286286108,268.5556549615941,51677300
2019-07-08,267.9958801269531,269.2960442403786,267.4541404873554,268.16743147205943,45841800
2019-07-09,268.3299255371094,268.6278671624564,266.7859910977244,266.8401623023329,41101300
2019-07-10,269.612060546875,270.56011189882554,268.8626737180611,269.39537569112645,58448500
2019-07-11,270.2441101074219,270.4878805839635,269.2419150387237,270.25314782826575,50826100
2019-07-12,271.453857421875,271.5261040479808,270.42457720899046,270.73155648490393,40326000
2019-07-15,271.5442199707031,271.8873226456437,271.03860367732375,271.8873226456437,33900000
2019-07-16,270.66845703125,271.66164188673037,270.3614776311971,271.45396719521267,36650100
2019-07-17,268.8264465332031,270.8037777400687,268.8264465332031,270.6412641610423,36036300
2019-07-18,269.8106384277344,270.18986439626957,267.88750564607955,268.32991298102115,51392600
2019-07-19,268.3118591308594,270.93023487092404,268.14030781010166,270.90314927048956,58678600
2019-07-22,268.970947265625,269.51268682028854,268.194475028688,268.7091014293009,43638100
2019-07-23,270.8941345214844,270.8941345214844,269.25990553066293,270.0905766044497,44564500
2019-07-24,272.1672058105469,272.1672058105469,270.04540847226593,270.1357029970052,47213200
2019-07-25,270.8670959472656,271.76998626708985,270.06351033668966,271.71581505222247,55394100
2019-07-26,272.6819152832031,272.8805522564363,271.42688450822385,271.55330237938404,45084100
2019-07-29,272.185302734375,272.68190893290586,271.6345528760698,272.5645287849981,38126500
2019-07-30,271.51715087890625,271.9234625037329,270.4065859773304,270.7858119974368,45849000
2019-07-31,268.546630859375,271.9505446149553,266.5332033083149,271.7609178303265,104245200
2019-08-01,266.20819091796875,271.6526186964665,265.4136429910856,268.70017713336995,142646600
2019-08-02,264.2037658691406,265.5581013739478,262.650793388134,265.314330902532,116749700
2019-08-05,256.25823974609375,260.2219124148856,254.3621652846192,260.11357002634685,178745400
2019-08-06,259.85186767578125,260.0685801265157,256.6737031233253,258.1454190061771,120711700
2019-08-07,260.00531005859375,260.7727722927134,254.6511774136103,256.7819852077057,140572300
2019-08-08,265.10662841796875,265.10662841796875,260.94431762874206,261.4950674503696,87713900
2019-08-09,263.3009033203125,264.7635814112252,261.5222080674551,264.1676704197368,93730000
2019-08-12,260.09564208984375,263.29185424173795,259.1475906449031,261.80209060429195,65527600
2019-08-13,264.1405334472656,265.58516336808646,259.4545308129541,259.79763351897674,94299800
2019-08-14,256.3305969238281,260.7005834580758,256.2042065871093,260.0956622781489,135622100
2019-08-15,257.0077209472656,257.9016010899172,254.9672075856533,257.21539563778583,99556600
2019-08-16,260.7998046875,261.23317429061143,257.06182653655287,258.6599596100818,83018300
2019-08-19,263.9418640136719,264.6190316225491,263.13830611256157,263.8154737214388,53571800
2019-08-20,261.9194030761719,263.9689538188934,261.79301278192634,263.4362519312439,51596400
2019-08-21,264.05023193359375,264.42039264271136,263.3911122132719,264.07731753557846,49524700
2019-08-22,263.9689636230469,265.38650783914835,262.1993065597355,264.75450123640525,51666400
2019-08-23,257.18829345703125,264.33015864750445,255.94230050225514,262.6688438924776,149161500
2019-08-26,260.0324401855469,260.0324401855469,257.84743325188174,259.3733202614595,72423800
2019-08-27,259.0121765136719,261.7930945034179,258.25375184938554,261.4229061159633,66668900
2019-08-28,260.8360290527344,260.99854271685837,257.54949466784865,258.3530803749549,59696700
2019-08-29,264.1675720214844,264.6912637071327,262.3888774311626,263.39109976527214,57899400
2019-08-30,264.05023193359375,265.6663854420489,263.1202561934248,265.6483375587326,62901200
2019-09-03,262.5063171386719,263.2647416845759,261.17906729483354,262.3528412178477,69101400
2019-09-04,265.48583984375,265.50388772814705,263.9238298917129,264.6732441815311,46887300
2019-09-05,268.8988037109375,269.81070420416734,265.44975604997495,267.9688277765969,83258100
2019-09-06,269.1064453125,269.74751727016104,268.5376475637681,269.2148152948554,49584300
2019-09-09,269.2418518066406,270.1808377169626,268.3028383422982,270.09057074583126,51260300
2019-09-10,269.1786804199219,269.24188935174453,267.2284341315708,268.48343727792104,57947100
2019-09-11,271.0928039550781,271.1740607730114,268.83557827685104,269.4856603743414,68821100
2019-09-12,272.0318298339844,273.0881960688336,271.23728195073244,271.99570650637503,72908700
2019-09-13,271.85125732421875,272.8263943509441,271.48106896722373,272.4742538818412,62104800
2019-09-16,271.01153564453125,271.89637799232213,270.3704912942259,270.72260415700487,58191200
2019-09-17,271.6976318359375,271.7878987797383,270.64123856414864,270.8127898437897,41475500
2019-09-18,271.8602294921875,271.968571901471,269.27794933684083,271.30945217296875,73375800
2019-09-19,271.84222412109375,273.2417207457767,271.5081590883585,272.24853581465317,76560500
2019-09-20,270.5577392578125,272.7256250118713,269.7686018264229,272.44441106611964,89565000
2019-09-23,270.4942626953125,271.21084760193804,269.6416243712935,269.89559997751627,43476800
2019-09-24,268.371826171875,271.97285532348826,267.4103448279325,271.58282618385135,94869400
2019-09-25,269.9591979980469,270.4036485486447,266.97496278950814,268.4534750471396,71854000
2019-09-26,269.396728515625,270.17678656371356,267.9907970655747,269.9681805505696,56179700
2019-09-27,267.9454345703125,270.2584534548734,266.39437020670596,270.1495830366901,84746600
2019-09-30,269.1881103515625,269.8956158448682,268.4171317139182,268.4624736286267,51662400
2019-10-01,265.98614501953125,270.72099718134706,265.7684595761757,270.0679131700186,88242400
2019-10-02,261.2875671386719,264.4169336033458,259.99955810195115,264.4078541500029,122539500
2019-10-03,263.4283447265625,263.45555541593865,258.34880381994094,261.06090402575535,85278800
2019-10-04,266.9930114746094,267.2469870674191,264.026908725754,264.0813577711008,65091200
2019-10-07,265.841064453125,267.81847578384463,265.55987813972894,266.19483104942367,59610500
2019-10-08,261.7139587402344,264.7254038708757,261.67766859806807,263.9906876592985,95708100
2019-10-09,264.1993408203125,265.1336114585525,263.10180603510383,263.72767961308983,62359400
2019-10-10,265.98614501953125,266.865993928109,263.95434039818133,264.117604480698,55296300
2019-10-11,268.7436218261719,270.97498072998906,268.6166478742334,268.73454237201105,98720400
2019-10-14,268.44439697265625,269.0974812285745,268.09970977074494,268.4262380580679,40394800
2019-10-15,271.10198974609375,271.84578529470946,269.3695025112143,269.48742469346604,46754500
2019-10-16,270.6666564941406,271.35603084525394,270.2312854776649,270.6394458056109,48928200
2019-10-17,271.46484375,272.3356133684746,270.77546947468795,271.8276621175921,45736600
2019-10-18,270.27667236328125,271.57376153444164,269.42403373913845,270.92975667791666,64304000
2019-10-21,272.10888671875,272.3084410011963,271.15648490964367,271.59188362078226,39048600
2019-10-22,271.2198486328125,272.93417655879693,271.1291371536914,272.6439108981121,48594700
2019-10-23,272.00909423828125,272.0635156111766,270.7573472991516,270.9659810160959,34352200
2019-10-24,272.4535217285156,273.0884746005034,271.62809406743776,272.94334172458434,35453100
2019-10-25,273.5692138671875,274.1134552290327,271.82764704553614,271.8820684135941,45205400
2019-10-28,275.1112365722656,275.61013608971376,274.75749763127527,274.7847083190437,42147000
2019-10-29,275.0295715332031,275.9547901689378,274.7120950931229,274.8390967416614,44284900
2019-10-30,275.8731689453125,276.24503908773704,273.9229683145181,275.22913658461215,49643900
2019-10-31,275.138427734375,275.864092158819,273.68715424802167,275.864092158819,69053800
2019-11-01,277.68719482421875,277.73253672446293,276.41728944228794,276.5805811819341,71141500
2019-11-04,278.8030090332031,279.3744612238009,278.4311111364447,279.2384077691996,60606900
2019-11-05,278.49462890625,279.30192558808307,278.2043630646061,279.00258028848964,42933200
2019-11-06,278.5580749511719,278.8301818233875,277.6147249920431,278.4945741205653,46487100
2019-11-07,279.53759765625,280.8709762647031,279.0659366686972,279.8913641578595,54272300
2019-11-08,280.2270812988281,280.2815026770793,278.4945936077772,279.1930197495144,49032100
2019-11-11,279.69189453125,279.864238107545,278.7122544469131,278.84833556176477,35797300
2019-11-12,280.2814636230469,281.1794439203386,279.5104572968919,280.0546986848405,46484600
2019-11-13,280.3721618652344,280.77127035209,279.0659936684823,279.2927585959564,53917700
2019-11-14,280.78033447265625,280.8619942096514,279.45603498872856,280.090987886083,51219900
2019-11-15,282.81219482421875,282.85753674364037,281.4243943784293,282.11374103249324,62023600
2019-11-18,283.0207824707031,283.2566268714091,282.1228021468884,282.57633203669667,49228000
2019-11-19,282.93914794921875,283.62852223373176,282.2951432620522,283.619442778009,67804700
2019-11-20,281.8869934082031,282.86663359563494,280.3359287395858,282.3496028123388,79406200
2019-11-21,281.43341064453125,282.1046536636578,280.635221339549,281.99581092576324,54664700
2019-11-22,282.0592956542969,282.31327128023827,281.05247260615073,282.1772178522817,44850200
2019-11-25,284.24530029296875,284.24530029296875,282.984501675249,282.984501675249,48647200
2019-11-26,284.8893737792969,285.0707968398084,283.9641826057425,284.2816591210013,37569000
2019-11-27,286.1592712402344,286.1592712402344,285.15242034281846,285.37010586387197,44444600
2019-11-29,285.0979309082031,285.84172650261706,284.87116598414514,285.5968026686247,36592700
2019-12-02,282.67608642578125,285.4153966404745,282.24976727728045,285.3518958206147,75767800
2019-12-03,280.78033447265625,280.8619942096514,278.5852653796921,279.9639862341054,73941700
2019-12-04,282.51287841796875,283.1115412943075,281.4788444906727,281.8235316935288,49080000
2019-12-05,283.0207824707031,283.2294161852713,281.71461417355385,283.2112849549353,40709000
2019-12-06,285.6058349609375,286.00494337587526,284.91646084763397,284.9255403011018,48927000
2019-12-09,284.7079162597656,285.88708285190785,284.63533597889335,285.21586750080536,34838500
2019-12-10,284.390380859375,285.3155716392044,283.73729687324226,284.65343588078895,52649800
2019-12-11,285.1977844238281,285.4517600872291,284.3088557612892,284.8440177776958,53429100
2019-12-12,287.6558532714844,288.43591134323987,284.9709642525427,285.2067809563498,96389600
2019-12-13,287.8282470703125,289.0527834416107,286.6490526203965,287.42005905278955,81503900
2019-12-16,289.8055419921875,290.39512519551226,287.76465789365096,289.5515664116201,82749700
2019-12-17,289.8691101074219,290.4859041346796,289.78747804627915,290.1865865771561,61097700
2019-12-18,289.88726806640625,290.48593091791935,289.83284668729334,290.2591659445252,48133000
2019-12-19,291.07550048828125,291.14808077783215,289.823753465592,290.07772911648044,85310500
2019-12-20,292.3515930175781,293.48186803995895,291.13016050237536,292.1054650052227,147142100
2019-12-23,292.79827880859375,293.1902254958816,292.6524323585263,293.13553655427705,52990000
2019-12-24,292.8073425292969,293.07166308676193,292.5065255951328,293.0260982506087,20270000
2019-12-26,294.3659973144531,294.37512140753176,293.1810335432235,293.1901298189452,30911200
2019-12-27,294.29315185546875,295.1499823509916,293.7644828220485,295.0952934102021,42528800
2019-12-30,292.6706237792969,294.511910689044,292.18751963133974,294.37518834855865,49729100
2019-12-31,293.3816223144531,293.62775035689424,291.82293192090606,292.16931374555315,57077300
2020-01-02,296.1252746582031,296.1435228475682,293.9923228046252,294.91296621198353,59151200
2020-01-03,293.88299560546875,295.0041745676097,292.68890732538284,292.74359626818324,77709700
2020-01-06,295.0041198730469,295.08615327203825,292.0143098616565,292.1328118215423,55653900
2020-01-07,294.1745910644531,294.9129193650481,293.72792775638845,294.43891159464124,40496400
2020-01-08,295.7424621582031,296.95477064555246,294.11995883928836,294.3660590478099,68296000
2020-01-09,297.74774169921875,297.82067881308217,296.71772055042567,297.3011061918994,48473300
2020-01-10,296.8909912109375,298.48615024274386,296.4261352089056,298.33120751452185,53029300
2020-01-13,298.9327087402344,298.9418050156996,297.0823260256532,297.51074112791366,47086800
2020-01-14,298.47698974609375,299.5434516916106,297.9209485381816,298.4952101168568,62832800
2020-01-15,299.1515808105469,299.9081297404282,298.30387436905687,298.3859077842946,72056600
2020-01-16,301.63995361328125,301.63995361328125,300.30001924233943,300.5278990481638,54050300
2020-01-17,302.578857421875,302.7884890679203,301.5761805798231,302.35097758583424,95846000
2020-01-21,301.9863586425781,302.7885001455664,301.5488471444855,301.62175645504635,77742400
2020-01-22,302.02276611328125,303.4903264792452,301.8678234281699,302.8431278236257,48914900
2020-01-23,302.3692321777344,302.77942705597485,300.2636244798141,301.37567931823935,51963000
2020-01-24,299.6802673339844,303.10758968515563,298.39502145229517,303.0255562651374,87578400
2020-01-27,294.8765563964844,296.3532135264237,294.1108833593813,294.4481411214826,84062500
2020-01-28,297.966552734375,298.8416034600196,294.96764649476006,296.2984568633764,63834000
2020-01-29,297.7204284667969,299.55259115613137,297.5198931086739,299.32471133178075,53888900
2020-01-30,298.6866455078125,298.89630496665,294.91296997027223,295.6603946749964,75491800
2020-01-31,293.26312255859375,298.22178991387807,292.3516032332454,298.0668193889295,113845600
2020-02-03,295.4416198730469,297.30112696346464,294.6212580975968,294.73976005288546,69083000
2020-02-04,299.9445495605469,300.81050405404096,298.7231169921296,299.04215432222543,62573200
2020-02-05,303.40838623046875,303.618045742721,301.4121839936726,302.87059303020703,65951100
2020-02-06,304.4293518066406,304.62076314998893,303.3537374463372,304.3655387530669,50359700
2020-02-07,302.80670166015625,304.4383010658972,302.2597845544811,303.37183913632214,64139400
2020-02-10,305.0672912597656,305.1311042908256,301.886097610239,301.92256617332515,42070000
2020-02-11,305.59600830078125,307.20026355708615,305.0673114617923,306.41637021168424,54864500
2020-02-12,307.5648498535156,307.77448148627434,306.6624268441835,307.02702899526753,43992700
2020-02-13,307.2366638183594,308.2028719590965,305.86938499837,306.14282963542433,54501900
2020-02-14,307.7289733886719,307.84747536853007,306.4528517159032,307.64693997585454,64582200
2020-02-18,306.93585205078125,307.79268227342084,305.5503251457351,306.7353167259644,57226200
2020-02-19,308.4034423828125,309.07795777585227,307.61954912250815,307.90211788539574,48814700
2020-02-20,307.13641357421875,308.67688328776865,304.1557279094007,307.85649373249373,74163400
2020-02-21,303.9735412597656,306.0973695137125,303.15315143324005,305.78745621324725,113788200
2020-02-24,293.8920593261719,304.0463696689848,292.8164454315438,294.5483543223174,161088400
2020-02-25,284.9864807128906,295.88824287722144,284.11143004396996,295.2775405729495,218913200
2020-02-26,283.93829345703125,289.9634233462724,283.2090890630601,286.3811587759355,194773800
2020-02-27,271.1860656738281,283.99289834255785,271.1860656738281,278.4326260777627,284353500
2020-02-28,270.0467529296875,271.5325340386913,260.27526361074985,263.15566832306206,384975800
2020-03-02,281.74139404296875,281.80520704679384,268.40586711108745,271.82406323577266,238703600
2020-03-03,273.6745300292969,286.07119736155244,271.24078921564694,282.11520716459734,300139100
2020-03-04,285.177978515625,285.39676211227726,276.4911987598748,279.03434596352906,176613400
2020-03-05,275.6981201171875,281.1763600202487,273.4649145191371,277.9951665598652,186366800
2020-03-06,271.1405944824219,272.3438069509594,264.55032601369834,267.2119474918185,228667200
2020-03-09,249.96592712402344,259.04465081754387,249.25494324110963,250.9412315537288,309417300
2020-03-10,262.9004211425781,262.99155082298614,249.30054030564344,259.45487913879975,276444100
2020-03-11,250.08444213867188,256.9937745724308,246.91237251975267,255.86349945004477,255316300
2020-03-12,226.15711975097656,243.06581045766765,225.76515910564484,233.34900856001397,392220700
2020-03-13,245.49037170410156,247.45925662714072,226.53076847464146,239.8115967480577,329566100
2020-03-16,218.62794494628906,234.16934039210489,216.35825651592697,219.84025357126822,297240000
2020-03-17,230.4320831298828,233.50391264622428,216.0938883539165,223.35868442017195,262070500
2020-03-18,218.76466369628906,226.39407689191867,207.84466479454713,215.34646582603455,327597100
2020-03-19,219.2294921875,225.49163896080339,211.67300364288351,218.0809829271714,289322000
2020-03-20,209.78195190429688,224.14944647760103,209.50688536174633,222.37069869163514,347158800
2020-03-23,204.41824340820312,210.58883736917826,200.11807712080454,209.22269612416616,326025200
2020-03-24,222.93922424316406,223.81027088011052,214.36641010403872,214.9348708645978,235494500
2020-03-25,226.27664184570312,235.04201992086357,219.82181757105965,224.5162352253458,299430300
2020-03-26,239.48886108398438,240.95584543670577,228.34877027705872,228.77970462542717,257632800
2020-03-27,232.35556030273438,239.13129805518238,230.18256074726233,232.21803399813555,224341200
2020-03-30,239.90150451660156,240.6166693743866,232.45644779685475,234.44607454125364,171369500
2020-03-31,236.32565307617188,241.4418275508448,234.92282878626662,238.90208181788717,194881100
2020-04-01,225.68988037109375,236.2431722316918,223.62690152312956,227.36777151296113,189554600
2020-04-02,230.89776611328125,231.67710529382802,224.25955349816576,224.8096867942336,177660400
2020-04-03,227.56028747558594,232.26388300481995,224.83715469449982,229.91666012342145,135561200
2020-04-06,242.8446502685547,244.80678550079665,227.5419457283824,236.40816732964865,188061200
2020-04-07,243.0922393798828,252.16933982804701,242.87219727816253,251.41749200591784,201427200
2020-04-08,251.25245666503906,253.05871017209918,243.20225678677284,245.68699208459705,153774500
2020-04-09,255.07582092285156,257.8264586985217,252.57273047385536,254.5073322785615,189999200
2020-04-13,252.7469482421875,254.443180523553,248.8502112627236,254.10393966346695,114839100
2020-04-14,260.2012023925781,261.21892505517496,252.60944238232008,257.6247736197147,134143400
2020-04-15,254.67242431640625,260.3387321420968,252.5635849639978,254.49821499657006,121775000
2020-04-16,255.9010467529297,256.75373788155946,252.83867290726175,255.94687953066466,131798300
2020-04-17,262.8143005371094,263.4194162623719,258.9267132107058,261.65902364519036,146684800
2020-04-20,258.1841125488281,262.95189746439894,257.9640704078135,259.11931962908403,100109300
2020-04-21,250.34478759765625,254.92918511748837,249.40955259580767,253.7280752057677,126385700
2020-04-22,255.9010467529297,257.64311202094046,253.89307862361522,255.21338720127235,92951600
2020-04-23,255.88270568847656,260.3387543846184,255.58014778029658,257.17550907621705,104709700
2020-04-24,259.4493408203125,260.1186727932332,255.35088916404356,257.39554010912246,85063200
2020-04-27,263.1902160644531,264.3088100325091,260.9622058760842,261.4206455682229,77896600
2020-04-28,261.9800109863281,267.1787025062263,261.677425057309,266.8302837908438,105270000
2020-04-29,268.8381652832031,270.36936598916276,266.27091449702925,267.2978148114988,118745600
2020-04-30,266.3351745605469,268.93910905447325,264.6022588270189,267.4629184687706,122901700
2020-05-01,259.2843017578125,266.5001372793607,258.1198471539412,261.5948274910563,125180000
2020-05-04,259.99957275390625,260.3021307310815,255.92862481168595,257.4047876382704,80873200
2020-05-05,262.40167236328125,265.2073206037957,260.12780177122573,262.8142792143297,79569900
2020-05-06,260.62298583984375,264.48304052192884,260.1920513755059,264.09796681903833,73632600
2020-05-07,263.767822265625,265.6932743331002,263.2635498583758,263.8320105300923,75250400
2020-05-08,268.13214111328125,268.59975843411314,265.7665772347648,266.89434866344646,76452400
2020-05-11,268.1872253417969,269.56254444611375,265.7850057832069,266.20676247386785,79514200
2020-05-12,262.84185791015625,269.7826144420416,262.7043036007516,269.37003545665283,95870800
2020-05-13,258.1932678222656,263.3186207708161,255.77269255804435,262.2825424788248,144721100
2020-05-14,261.2832336425781,261.41158226247813,250.29900373706897,255.76362740596662,121977900
2020-05-15,262.4842529296875,262.53008571070245,257.954866120157,258.89925085277906,111146300
2020-05-18,270.4794006347656,272.08393945209053,268.3705893815132,268.6914747602291,119703800
2020-05-19,267.7012634277344,271.58882289589167,267.6829359139752,269.88344074536735,95189300
2020-05-20,272.2490234375,273.11089240666524,271.0020807473539,271.2313006225374,85861700
2020-05-21,270.3693542480469,272.9274551573874,269.2782657160711,272.1205969507901,78293900
2020-05-22,270.8829040527344,271.05711341057327,268.8474302756722,270.0852232989164,63958200
2020-05-26,274.2202453613281,277.07175449936034,270.90114681308035,276.83335693039163,88951400
2020-05-27,278.3003845214844,278.3370675296901,272.19396476879547,277.007581296367,104817400
2020-05-28,277.78692626953125,281.3352447299404,277.1175942986496,279.3272767982314,90405200
2020-05-29,279.02471923828125,279.61150744849493,274.5778489741923,277.3193091660714,119090800
2020-06-01,280.15240478515625,280.75754836392883,277.8693847232331,278.3828347935377,55758300
2020-06-02,282.4721374511719,282.5179982006775,279.73985528660774,281.069313365472,74267200
2020-06-03,286.2313232421875,287.1848853825561,284.1775229222528,284.45257547191164,92567600
2020-06-04,285.4795227050781,286.98321817364206,283.3890390401753,285.2503028822557,75794400
2020-06-05,292.79620361328125,294.56577377345707,290.7974136505666,290.8616019107014,150524700
2020-06-08,296.3354187011719,296.52795553104175,293.0621526886974,293.60310815038525,73641200
2020-06-09,294.12579345703125,296.4088145420949,292.81463445829365,293.67650345846687,77479200
2020-06-10,292.4845275878906,295.5927621739855,291.7693627776029,294.70338803982554,95000800
2020-06-11,275.62298583984375,286.2037774527666,275.0728808184363,285.57112869722124,209243600
2020-06-12,278.9238586425781,283.38905659074294,273.7801789307393,282.6188812960742,194678900
2020-06-15,281.52783203125,282.65560386034076,272.07480686820895,273.24841147874247,135782700
2020-06-16,286.946533203125,289.4037909524716,282.0962619316776,289.25708690915724,137627500
2020-06-17,285.7546081542969,288.25769873534205,285.0210879201945,287.96429064170104,83398900
2020-06-18,285.8646240234375,286.34139118127837,283.78331810749904,284.2417577526698,80828700
2020-06-19,284.23095703125,289.5169952642536,282.2878135586834,289.323611161699,135549600
2020-06-22,286.0543212890625,286.45030759053503,282.490388367676,283.6323128106449,74649400
2020-06-23,287.3712158203125,289.6274664668477,286.96601139314646,288.69733429029844,68471200
2020-06-24,280.040771484375,285.95305250280444,278.20816137818287,285.3360276763805,132813500
2020-06-25,283.0429382324219,283.3100111754416,277.45298321689944,279.4697872300513,89468000
2020-06-26,276.3203430175781,282.15896480300063,275.7401905770656,281.9471443823184,127961000
2020-06-29,280.38140869140625,280.51954014109333,275.28875648317745,277.5726328328864,79773300
2020-06-30,283.9730224609375,285.66752892214726,279.79209321079117,279.94863284970944,113394800
2020-07-01,285.9622497558594,287.22392574002134,284.62694111006857,285.08739818187286,72396500
2020-07-02,287.5369873046875,290.7325599973722,286.87392810290646,289.3880053272748,69344200
2020-07-06,291.9757995605469,292.5559799310515,290.6036465664798,291.3495847273951,61713800
2020-07-07,288.96441650390625,292.4086261412663,288.58683836174674,290.43788464051073,82910000
2020-07-08,291.17462158203125,291.2851267804882,287.9698584105039,289.728779659392,54638600
2020-07-09,289.5169677734375,292.0218551502653,286.1095744969354,291.78240850045916,83354200
2020-07-10,292.4731140136719,292.74018697945144,288.02511114921197,289.45251680342045,57550400
2020-07-13,289.9405822753906,297.18817150586733,289.28674115516975,294.8122255722936,102997500
2020-07-14,293.6978454589844,294.47140968902545,287.3251095104662,288.5222862251361,93657000
2020-07-15,296.3961181640625,297.4920078566205,294.0201447735861,296.91182765420047,87196500
2020-07-16,295.42010498046875,295.871343992354,293.85453943512255,294.49919068416483,54622500
2020-07-17,296.2764587402344,297.059241275674,294.4530388686995,296.4238083554755,62774900
2020-07-20,298.6708679199219,299.4168060932532,295.2634745052949,296.0094126786261,56308800
2020-07-21,299.3062744140625,301.07441359288947,298.3208896684092,300.6323928502155,57292200
2020-07-22,301.00994873046875,301.323084234717,298.8366050924752,298.94711028029644,57792900
2020-07-23,297.41845703125,301.35077884843804,296.0555219337203,300.6508750281461,75738000
2020-07-24,295.5029602050781,296.5251615020732,294.0018655257891,295.56743094562876,73766600
2020-07-27,297.6578369140625,297.8328128298591,295.4015862760953,296.19358696402725,48293000
2020-07-28,295.76995849609375,298.04461717526414,295.4752592743561,296.93029101258077,57495000
2020-07-29,299.4076232910156,299.9693955729184,296.60803622504216,296.64488066256155,48454200
2020-07-30,298.33935546875,298.7537780991364,294.36102749576685,296.44227447076116,61861700
2020-07-31,300.69696044921875,300.79827564756755,295.9174124541049,300.1259980165824,84986800
2020-08-03,302.78741455078125,303.55176103880365,301.81124766050027,302.35458371421714,53077900
2020-08-04,303.9569396972656,303.9569396972656,301.93091720834786,301.93091720834786,41917900
2020-08-05,305.84478759765625,306.10267054186585,304.98834417548517,305.2554171505095,42697700
2020-08-06,307.88922119140625,308.00894452980793,304.942312718452,305.264638297825,43679400
2020-08-07,308.1102600097656,308.3957411535914,306.0197668612782,306.922272863609,57308300
2020-08-10,309.0311279296875,309.21529387333,306.62752769620295,308.5614527808773,44282100
2020-08-11,306.480224609375,310.84537688701096,305.7527226498275,310.2099438612299,69601100
2020-08-12,310.7532958984375,311.52686046889016,308.88384116049235,308.91146746286313,53774400
2020-08-13,310.1915283203125,311.49923889521347,309.2706140885454,309.98892606516085,41816100
2020-08-14,310.20074462890625,310.73489061846544,309.07722814860483,309.80475825655594,47260400
2020-08-17,311.1861267089844,311.58211307766084,310.2099598864431,311.2137530113555,35481000
2020-08-18,311.8583984375,312.2820111007127,309.98891563003593,311.58210731482745,38733900
2020-08-19,310.55987548828125,312.7516274630557,309.9981032669653,312.23591780968894,68054200
2020-08-20,311.52685546875,312.0057207368476,308.7088602558769,308.8377736301808,42207800
2020-08-21,312.6319580078125,312.85296841916903,310.85457226958493,311.1953341258538,55106600
2020-08-24,315.79986572265625,315.87352648257695,312.6042927708127,315.06311760311377,48588700
2020-08-25,316.9049987792969,316.9878776871024,315.2013018413242,316.3616627587458,38463400
2020-08-26,320.0820617675781,320.3491065726637,316.9509600227468,317.4942958695916,50790200
2020-08-27,320.7820129394531,322.2278548973866,319.1243787139967,320.94779884525434,58034100
2020-08-28,322.8540954589844,322.9830369399693,320.616280645361,321.80426786042483,48588900
2020-08-31,321.6844787597656,323.517088692937,321.4542502514148,322.64223722364346,66099200
2020-09-01,324.7143859863281,324.8156730688066,321.62009934150035,322.51338733167165,54908700
2020-09-02,329.4109802246094,330.3779287745175,325.47865908576307,326.6206116646277,69540000
2020-09-03,318.07452392578125,328.1953605553692,315.4959476689743,327.7256853866652,148011100
2020-09-04,315.47760009765625,320.3215899223895,308.38654915956926,318.75605256613443,139156300
2020-09-08,306.8577575683594,315.5419982728342,306.5538683027617,310.0809566891278,114465300
2020-09-09,312.91741943359375,315.37624441716423,309.98889114735533,310.8545526760322,91462300
2020-09-10,307.4840087890625,315.4406916483202,306.52625029812896,314.78685053527204,90569500
2020-09-11,307.6405334472656,310.32039660205055,304.8225388111135,309.2613511061483,84680200
2020-09-14,311.6925048828125,313.460671903459,307.7878390132974,310.7992172923929,65605700
2020-09-15,313.2673645019531,314.97103311859536,311.70179927663685,314.1422160421619,52920900
2020-09-16,312.024169921875,315.92883731092843,311.74787878709503,314.50143147881846,82096000
2020-09-17,309.27978515625,310.99269998077335,306.6551743743273,307.1801021515254,91523300
2020-09-18,305.71917724609375,310.19424068358853,303.2412544546544,310.0832931282361,105877900
2020-09-21,302.3165588378906,302.4644982707125,297.4716623333605,301.142326624104,99450800
2020-09-22,305.3955993652344,305.9503654275353,301.2903700074111,303.79605821576513,63612100
2020-09-23,298.3130798339844,306.22765682115056,297.8137877286705,305.95025977750316,93112200
2020-09-24,299.1082458496094,302.15941605078405,295.68721289484193,297.0001579503366,76681300
2020-09-25,303.94390869140625,304.72979648153216,297.38849504638966,298.25759348900306,71069400
2020-09-28,308.99224853515625,309.70418077413325,307.10605558287943,308.09538490645014,64584600
2020-09-29,307.3094787597656,309.52851442541044,306.616028350716,308.78884527571864,51304000
2020-09-30,309.6394958496094,312.78313211808506,307.781039690102,307.97519790754353,104081100
2020-10-01,311.6274108886719,313.1992150632846,309.7504726983646,312.2283956676877,88698700
2020-10-02,308.6686706542969,311.5996670640401,306.2184846303253,306.6900399805022,89431100
2020-10-05,314.142333984375,314.3272371892056,310.6750814573515,310.7213002044158,45713100
2020-10-06,309.6764831542969,316.3706109226611,309.1679640929143,314.28100446334764,90128900
2020-10-07,315.06689453125,315.87129250041943,312.5981986311307,312.62593551915137,56999600
2020-10-08,317.85919189453125,317.9239207082548,316.08394633419226,316.99932011187576,45242500
2020-10-09,320.69769287109375,321.15999312657567,318.8854837702439,319.5049503113114,59528600
2020-10-12,325.85699462890625,327.32710625079835,322.7410950073578,323.23113221465513,80388500
2020-10-13,323.7303771972656,325.8939389787219,322.7687847777624,325.718262626604,73255500
2020-10-14,321.6962585449219,325.39466069842285,320.96584443553525,324.30363883511666,57727900
2020-10-15,321.2987365722656,321.77951876830656,317.2582361118935,317.7944920914556,60357700
2020-10-16,321.1045227050781,324.30363260576735,320.92884634883575,322.648589773227,89501900
2020-10-19,316.22265625,322.9907111121093,315.3257925506402,322.36198948401005,68425600
2020-10-20,317.4893493652344,320.7254513716909,316.8051539703146,317.5633049958053,60051900
2020-10-21,316.8882751464844,319.60660232157625,316.58314124219487,317.4430127605339,63575000
2020-10-22,318.6265869140625,319.20908978421284,314.96517658013624,317.1010016263074,55399300
2020-10-23,319.7083435058594,319.9025017003484,317.25815794875194,319.8470279304944,49143900
2020-10-26,313.80023193359375,317.11954492115404,310.31446938243005,316.3336287158571,91473000
2020-10-27,312.7184753417969,314.475211171502,312.5058070055164,314.1423684363601,65994100
2020-10-28,302.030029296875,312.7461466489848,301.5399921174108,307.05985871686283,127094300
2020-10-29,305.0997009277344,308.2618190207296,300.57839067530114,302.26117045534187,90597700
2020-10-30,301.9190368652344,304.8315226203362,298.2761088587803,303.52783260839107,120287300
2020-11-02,305.30316162109375,307.3002742972392,302.56632324038145,305.30316162109375,86068300
2020-11-03,310.6935119628906,312.746126248305,305.38631400131226,308.52995012960014,93294200
2020-11-04,317.63726806640625,321.7055046793928,313.98508475423665,315.1593172475223,126959700
2020-11-05,323.8320617675781,325.63504398286517,322.55610859572175,322.9074612913422,82039700
2020-11-06,323.758056640625,325.00627273599883,321.4373007708258,323.5453884056445,74973000
2020-11-09,327.826416015625,336.90600149766686,327.36411567397204,336.5269118315226,172304200
2020-11-10,327.3456115722656,328.39964160698554,324.08177251066513,326.83706430106344,85552000
2020-11-11,329.77734375,330.6002236995473,328.28872195189047,329.52768350264563,58649000
2020-11-12,326.57818603515625,329.82354332955566,324.7752317067129,328.7694850499286,67546200
2020-11-13,331.09942626953125,331.83909534174575,327.9650172049905,328.48279119885393,62892200
2020-11-16,335.2324523925781,335.4266106214588,332.4771323966517,333.76234079790987,74541100
2020-11-17,333.429443359375,334.63144099542336,331.3213552496351,332.8284586496354,66111000
2020-11-18,329.416748046875,334.2431650021247,329.37975611691144,333.69765395560677,70591300
2020-11-19,330.80352783203125,331.1733623463131,327.4472238872078,328.787905745115,59940900
2020-11-20,328.53826904296875,330.74807768636424,328.46431342145667,330.54466445649757,70417300
2020-11-23,330.5078125,331.76528433075015,328.1130996804345,330.34139111869706,63230600
2020-11-24,335.8333740234375,336.37888489880055,332.1997010545498,333.0503176608031,62415900
2020-11-25,335.3155822753906,335.7778824723925,334.2245605824417,335.750145589235,45330900
2020-11-27,336.24945068359375,336.720977715475,335.2416113846449,336.40661695536556,28514100
2020-11-30,334.7608642578125,335.7409385582566,332.08878340971694,335.47279650501997,83872700
2020-12-01,338.42230224609375,339.95714263167446,337.41449097572354,338.00624890506265,74231400
2020-12-02,339.1341857910156,339.2913520564298,336.73947416095587,337.3127218895292,45927000
2020-12-03,339.04180908203125,340.42871003443537,337.94153206913154,339.03255404637883,62882000
2020-12-04,341.9635009765625,341.9635009765625,339.5317971440086,339.6242628374325,50749900
2020-12-07,341.2608642578125,341.75090149337296,339.99416583098116,341.1961354377298,48944300
2020-12-08,342.25946044921875,342.82345334365795,339.94795865251774,339.9941774018219,42458900
2020-12-09,339.1897277832031,343.0730332820125,338.3575929060704,342.9158669849853,74098300
2020-12-10,339.0788269042969,340.1236019996459,336.95222835158745,337.82135527213035,57735400
2020-12-11,338.6811828613281,339.08800937588853,335.8704174000004,337.38674768616795,57698600
2020-12-14,337.1648254394531,341.91725738932104,336.9891490851876,340.8447456280566,69216200
2020-12-15,341.7231140136719,341.7231140136719,338.329845795208,339.6982365511047,63865300
2020-12-16,342.25946044921875,343.17480613140845,341.0574625849894,341.9358445543657,58420500
2020-12-17,344.1733093261719,344.3767225815223,343.07303238358134,343.8959404400441,64119500
2020-12-18,342.79901123046875,344.62823947679175,340.7933577976849,344.4611087749372,136542300
2020-12-21,341.57342529296875,351.4159755487242,336.1600382375715,338.88995381488303,96386700
2020-12-22,340.99761962890625,342.00972660665593,339.87409218928934,341.8983061447887,47949000
2020-12-23,341.3041076660156,343.20760697353194,340.979112376798,341.9633643931626,46201400
2020-12-24,342.63189697265625,342.6597520909689,341.1926686317637,341.77762611632846,26457900
2020-12-28,345.5754089355469,345.96538061700096,344.5540073036612,345.17611443159626,39000400
2020-12-29,344.9161682128906,347.27467258670123,344.33118227864804,347.09824735774396,53680500
2020-12-30,345.4081726074219,346.4388684943825,345.0182010132077,345.73316782716046,49455300
2020-12-31,347.1631774902344,347.8874388872676,344.70254763729105,345.2132342407314,78520700
2021-01-04,342.43701171875,348.6211048320288,338.75069884953416,348.4910953504895,110210800
2021-01-05,344.79547119140625,345.88187774542536,341.7498547168132,341.7962988166081,66426200
2021-01-06,346.8568115234375,350.04173174075373,342.74337775337597,343.291214067815,107997700
2021-01-07,352.0101318359375,352.7529537930365,349.04808181779595,349.2245069915542,68766800
2021-01-08,354.0158996582031,354.2294461631156,350.15316189053533,353.39376410680273,71677200
2021-01-11,351.6295471191406,353.384476638568,350.72886031003054,350.8495752953006,51034700
2021-01-12,351.70379638671875,352.7159036317569,349.4660070637659,351.8152452148604,52547700
2021-01-13,352.65093994140625,353.6444582491231,350.8495663690164,351.62953817301246,45303600
2021-01-14,351.4159240722656,353.89514316325904,351.0816626236897,353.39372265354797,49989100
2021-01-15,348.8531188964844,350.59875344385847,346.9960355450777,349.8002212044383,107160000
2021-01-19,351.5924072265625,352.13097743160114,349.8281831712378,351.30456148612353,51233300
2021-01-20,356.45794677734375,357.2936287805517,353.4866015027723,353.87657321374,61836100
2021-01-21,356.7829895019531,357.4422747623495,355.86374193695445,357.01512501528447,47840100
2021-01-22,355.5201110839844,356.6807884063507,354.554419617458,354.93512517961597,52860500
2021-01-25,356.9222412109375,357.2750633365752,351.4159661050598,356.25368989697324,70402000
2021-01-26,356.3650817871094,358.2778757163541,356.1329463264064,357.869315038569,42665300
2021-01-27,347.65533447265625,353.14301984374345,345.4268398473695,353.05015999751345,123351100
2021-01-28,350.64520263671875,354.6379205656578,349.02954916525357,349.46593655582046,94198100
2021-01-29,343.62548828125,349.75387014169314,341.95409595375736,348.7881786860428,126765100
2021-02-01,349.3452453613281,350.3759130211794,343.9132708831619,347.01459668411917,75817600
2021-02-02,354.2850646972656,355.83574176244537,349.42880987347587,352.52084118245415,64450700
2021-02-03,354.5635681152344,356.2813755124134,353.29147082759215,355.1114041854025,52427100
2021-02-04,358.5935974121094,358.64001317221204,354.6751494739212,355.59439688401244,47142600
2021-02-05,360.00494384765625,360.7106447040377,358.54715471512554,360.45994861198795,48669800
2021-02-08,362.6048278808594,362.6512436310637,360.5991744109489,361.45341690524697,38365200
2021-02-09,362.36346435546875,362.95774475328056,361.3606516052226,361.76918395765694,35551100
2021-02-10,362.20556640625,364.24836966450124,359.8099410732521,364.09979957873327,59154400
2021-02-11,362.7906188964844,363.70060021262947,360.3671379983436,363.2827449986079,42913300
2021-02-12,364.5826110839844,364.8240126465975,361.9176727161063,361.9919719175586,50593300
2021-02-16,364.26690673828125,366.0033035639086,363.5519398125603,365.80828939947554,50972400
2021-02-17,364.3504943847656,364.60119044464864,361.5091306885375,362.5212660866274,52290600
2021-02-18,362.7998962402344,363.5427184335589,360.03283114692755,361.7506393479471,59712800
2021-02-19,362.1591491699219,364.34122801938736,361.71343891444184,364.05338233465426,83241000
2021-02-22,359.3735046386719,361.77842431901905,359.1042196026477,359.4013597570989,67414200
2021-02-23,359.8099060058594,361.15630279532843,353.0315629822929,357.1728509983925,107284100
2021-02-24,363.7747497558594,364.20189931472817,357.7392290684119,358.72348094434057,72433900
2021-02-25,355.0094299316406,363.87702252268934,353.5702012493284,362.51206472788135,146670500
2021-02-26,353.18017578125,358.0271655270358,351.2024053803291,356.88507715052293,152701600
2021-03-01,361.7413330078125,362.98560406297776,353.3751899411778,358.03645997578053,105348800
2021-03-02,358.9185791015625,362.19633073939394,358.41715856200267,361.964195274004,79595300
2021-03-03,354.1643981933594,359.1877840030245,354.06224386816876,358.22212100889243,119940200
2021-03-04,349.7816467285156,356.5599893581393,345.30606922791776,353.9786447353223,183433000
2021-03-05,356.2164611816406,357.26571784913307,346.01179684391315,353.27297148908974,152039600
2021-03-08,354.4429626464844,359.9770636155982,354.1644114525265,357.1728776946545,123149200
2021-03-09,359.5035705566406,362.04776622878813,357.77646793232316,358.27788847962165,113633600
2021-03-10,361.7413330078125,363.4312860296286,360.43211389392627,361.8434873497362,109899400
2021-03-11,365.4090270996094,367.3775310399198,363.7469294630154,364.2019341812967,86245000
2021-03-12,365.901123046875,366.0403986280399,363.2455075098559,364.0533342174548,64653600
2021-03-15,368.0832824707031,368.34327305827475,364.01626458616573,366.15189953144346,73427200
2021-03-16,367.61895751953125,369.401741761804,366.84825201962127,368.6960693202915,73722500
2021-03-17,368.8725280761719,369.6710604301495,365.1954821103504,366.33759873657715,97959300
2021-03-18,363.5054931640625,368.37104231310417,362.8276475623629,366.2911180973628,115349100
2021-03-19,362.8330078125,364.7800131432064,360.6624031983592,363.20563537867605,113624500
2021-03-22,365.73016357421875,367.10891663764517,363.28942068287944,363.3453133880508,73778600
2021-03-23,362.8515625,366.5406230570263,362.0690362260645,365.09668084256,90686600
2021-03-24,361.0069885253906,365.8791772373448,360.9604207531097,364.2489071923662,97588600
2021-03-25,363.0379333496094,363.8297562145069,357.6347344917859,359.57244319585334,116128600
2021-03-26,368.8883056640625,369.2888795951097,363.5875952706098,364.18379370268866,114409100
2021-03-29,368.7019348144531,369.60557150137186,365.9351320456119,367.4163456691813,108107600
2021-03-30,367.7237548828125,368.39449575639236,366.1307275395253,367.4349664373488,76262200
2021-03-31,369.21429443359375,370.7700506223906,368.2640899656706,368.29203631973724,112734200
2021-04-01,373.20147705078125,373.25739818982174,370.9377370318491,371.14268644280133,99682900
2021-04-05,378.5580749511719,379.09840904135075,375.7819756542243,375.8564897892532,91684800
2021-04-06,378.33447265625,379.3778410378448,377.663731778131,377.9991164320186,62021000
2021-04-07,378.77227783203125,379.11695894712534,377.710288137678,378.16675464905626,55836300
2021-04-08,380.5703125,380.6262052108521,379.089098803099,380.02068189018087,57863100
2021-04-09,383.3370666503906,383.5047731912766,380.328071856803,380.4491821914655,61104600
2021-04-12,383.4768981933594,383.7470368351651,382.1354161945966,382.74093955092366,56704900
2021-04-13,384.61328125,385.2374542676468,382.99233619082685,383.3742885703342,56551000
2021-04-14,383.2998046875,385.6380584899132,382.7594706720506,384.58536523914717,61659900
2021-04-15,387.41741943359375,387.6875864651336,385.3865753074208,385.43314308577106,60229800
2021-04-16,388.7123107910156,389.31783402254797,387.28699001478793,388.70298586402646,82037300
2021-04-19,386.8026123046875,388.227933315343,385.4797802188034,387.78079162080644,78498500
2021-04-20,383.9705810546875,386.6907875184191,382.4986639809094,385.59152639170094,81851800
2021-04-21,387.6037292480469,387.80867863656937,383.2159530341772,383.3557132219947,66793000
2021-04-22,384.0637512207031,388.26520006438915,383.001761278924,387.43610589568067,97582800
2021-04-23,388.2279052734375,389.6346047551007,384.54816933952253,384.62268347334305,73209200
2021-04-26,389.038330078125,389.60661044348035,388.29307511302295,388.87997690212677,52182400
2021-04-27,388.9545593261719,389.5321647196547,387.81802682554365,389.3365118024942,51303100
2021-04-28,388.8427429199219,390.342606350338,388.3769514146441,389.2246953658085,51238900
2021-04-29,391.3207702636719,391.93561848281814,387.9484442011052,391.5629909520302,78544300
2021-04-30,388.7495422363281,389.9047243925387,387.85523059091884,389.05698052139843,85527000
2021-05-03,389.5880432128906,391.1158246327663,389.0943053331574,390.73387217038277,68128300
2021-05-04,387.1844482421875,388.0974096431561,383.50471315012,387.6036718842852,101591200
2021-05-05,387.30560302734375,389.0569834839452,386.7466475835862,388.8240877515174,60162200
2021-05-06,390.3984680175781,390.528874845266,385.3772223436678,387.3801199711882,74321400
2021-05-07,393.23974609375,393.8918654572951,390.4822688320736,391.16233454379056,67733800
2021-05-10,389.3457946777344,393.81738162988034,389.2246843410474,393.59381081117,81852400
2021-05-11,385.8710021972656,386.8584779431412,382.0049382756216,384.8369586713548,116888000
2021-05-12,377.6730041503906,384.36176214635805,376.3594689289566,383.09482312490945,134811000
2021-05-13,382.2098388671875,384.1382223326197,379.17286945378146,379.2194656575238,106394000
2021-05-14,388.07891845703125,388.92666258388954,384.911541250639,384.93948760956124,82201600
2021-05-17,387.0913391113281,387.9018401628468,385.07911651757036,386.97025720812496,65129200
2021-05-18,383.75628662109375,387.59440386559174,383.597905008926,387.3521831986254,59810200
2021-05-19,382.7501525878906,382.92715562063444,377.5985000735296,379.07974196431326,106467100
2021-05-20,386.8677978515625,388.1254406224363,383.5047967743601,383.62587868681237,78022200
2021-05-21,386.551025390625,389.58799485674376,386.09455884988506,388.3489736323711,76578700
2021-05-24,390.4916687011719,391.5629834929008,388.54463516280316,388.7868558465473,51376700
2021-05-25,389.6252746582031,391.9262858634761,389.0476977323679,391.57227976579446,57451400
2021-05-26,390.3984680175781,390.9015023339306,389.1780966451499,390.2121400584183,43088600
2021-05-27,390.6034240722656,391.9355808710809,390.3239321287522,391.4232216191229,56707700
2021-05-28,391.3021240234375,392.42933147222897,391.0692282777566,392.1684893742527,58520200
2021-06-01,390.95745849609375,393.7987753351119,390.5196133395258,393.65904356804924,54216600
2021-06-02,391.5722351074219,392.41068247668926,390.6034093428114,391.60950638441597,49097100
2021-06-03,390.1189880371094,391.2555203916502,387.79935555163786,389.2619476298755,58138800
2021-06-04,393.6869812011719,393.9850945840739,390.18422002621526,391.96354696648706,55938800
2021-06-07,393.3050231933594,393.85465374362394,392.3734402072181,393.6776507018846,51555000
2021-06-08,393.3887939453125,394.2551591488768,391.5628995698148,394.1619951805077,47134300
2021-06-09,392.8019714355469,394.3018348687151,392.57840061009364,394.2272923071258,48436300
2021-06-10,394.6278381347656,395.5780709347275,392.7087795402519,394.0223149057569,51020100
2021-06-11,395.27996826171875,395.3917536695252,393.89191873202867,395.1775077811149,45570800
2021-06-14,396.16497802734375,396.26743850654356,394.1527554254345,395.39174825118516,42358500
2021-06-15,395.4383850097656,396.3513182077345,394.5626946646038,396.31407535492747,51508500
2021-06-16,393.2304382324219,395.8016160944157,391.19029786804174,395.5780452993392,80386100
2021-06-17,393.10009765625,394.07824847919915,390.63140827908353,392.82063411530976,90949700
2021-06-18,387.7969665527344,390.51671667728624,387.5913466663332,389.82509911514796,118676300
2021-06-21,393.3486328125,393.53557034735695,388.7409106571749,389.55403474074245,72822000
2021-06-22,395.45159912109375,396.28343417143736,392.61966911686017,393.339353041914,57700300
2021-06-23,394.9749450683594,396.3301424887815,394.8908317268986,395.5263737663793,49445400
2021-06-24,397.31146240234375,397.7320290467191,396.8628294590152,397.1151979683019,45110300
2021-06-25,398.7228088378906,399.1714418641056,397.73210252899935,398.05922899461444,58129500
2021-06-28,399.5265808105469,399.6948074887242,398.0498768754374,399.2462030135846,53159600
2021-06-29,399.7416076660156,400.5453764693619,399.2088612604478,399.9098343658785,35970500
2021-06-30,400.07806396484375,400.7509992918403,399.2555842848848,399.2836220683984,64827900
2021-07-01,402.2930908203125,402.4519905914438,400.76963819499144,400.83506919032,53441000
2021-07-02,405.3680419921875,405.72320623377107,402.3772122424309,403.45206040174946,57697700
2021-07-06,404.629638671875,405.6390557421083,401.90053315862076,405.4240804253988,68710400
2021-07-07,406.0596923828125,406.34009873848606,403.3025486160357,405.31199914635374,63549500
2021-07-08,402.7511291503906,403.5081778396305,399.57336151548776,400.7510054866028,97595200
2021-07-09,407.0504150390625,407.3495037546776,402.55484295981864,404.2558779418757,76238600
2021-07-12,408.5083923339844,408.76076088893643,406.5363351584208,406.9662573135737,52889600
2021-07-13,407.1158142089844,409.2187334442086,406.854118733952,407.72331850573784,52911300
2021-07-14,407.7232971191406,409.29349840963926,406.4802508086064,408.8074721795963,64130400
2021-07-15,406.3307800292969,407.0597909836697,404.4334804606937,406.3868556009662,55126400
2021-07-16,403.14361572265625,407.555073909898,402.75108678868395,407.5083537824567,75874700
2021-07-19,397.1900329589844,403.20905730096297,394.38614069493224,398.3302836206056,147987000
2021-07-20,402.8819580078125,404.1530707517098,397.0591977452092,397.8536396448114,99608200
2021-07-21,406.143798828125,406.28401626491234,402.83522636423976,404.0782727663207,64724400
2021-07-22,406.99432373046875,407.23733686784163,405.34003746820474,406.3213884076943,47878500
2021-07-23,411.1815185546875,411.51797198627247,408.2374369376335,408.9196992370157,63766600
2021-07-26,412.19085693359375,412.20021236866125,410.5459261537889,410.5926462837905,43719200
2021-07-27,410.312255859375,411.1814556139232,407.48965273178777,411.15341783224966,67397100
2021-07-28,410.14398193359375,411.51789021824817,408.72335352250394,410.9384237416545,52472400
2021-07-29,411.8450622558594,412.9198819868287,411.05997579525564,411.0693312306445,47435300
2021-07-30,409.844970703125,411.29363706752343,409.15332449973266,409.2841865056366,68951200
2021-08-02,408.985107421875,412.1067710167303,408.6299431376853,411.5553422417352,58783300
2021-08-03,412.3123779296875,412.4338844991458,407.5925037276187,409.7795364098606,58053900
2021-08-04,410.2842712402344,412.2843664783354,410.0506135217893,411.0319645301903,46732200
2021-08-05,412.88250732421875,412.96662067268136,411.1253968736616,411.4431679198543,38969700
2021-08-06,413.5647888183594,413.9853841029397,412.91989126076,413.20029762470335,46930000
2021-08-09,413.2283630371094,413.8545497653774,412.46195885616,413.53677868313116,41222600
2021-08-10,413.7423095703125,414.4526380263717,412.9946164227404,413.676878576167,43339300
2021-08-11,414.7704162597656,414.8638850355054,413.6862412110491,414.80780947459465,44034300
2021-08-12,416.0135192871094,416.1537367311729,413.72369084389135,414.62092846348145,38909400
2021-08-13,416.77056884765625,416.7892511950456,415.9761269822574,416.46212471839107,39470300
2021-08-16,417.75189208984375,417.8827255582406,413.9199004513762,415.4713908619817,73740000
2021-08-17,415.01336669921875,415.87321085177797,412.03189289615983,415.2002756998066,92673900
2021-08-18,410.47113037109375,415.5648794226537,410.2281457688839,414.004033503329,89351900
2021-08-19,411.1066589355469,412.3030136509168,407.61114913490746,407.7513380397817,92812200
2021-08-20,414.37786865234375,414.7049951138694,410.96647217681397,411.4524984131377,72008700
2021-08-23,418.02294921875,418.9295421673049,414.45265298648917,416.0602189821948,54973000
2021-08-24,418.6864929199219,419.2192392352231,418.17245747210313,418.6864929199219,38744700
2021-08-25,419.5650329589844,420.0790683883611,418.4995403666085,418.8734154308783,40529700
2021-08-26,417.0884094238281,419.51842703228243,416.9949406259632,419.28476929895623,57829600
2021-08-27,420.8174133300781,421.1912598528241,417.8359395357212,417.89201508800005,77235100
2021-08-30,422.66802978515625,423.45311610967644,421.2473729404078,421.49038603704406,48357400
2021-08-31,422.0419006347656,422.91110047218524,421.4437517278113,422.57464706002395,59300200
2021-09-01,422.2662048339844,423.4905689604895,422.03254712247315,422.9765334042328,48721400
2021-09-02,423.5653381347656,424.369106938718,422.36901184150173,423.68684470342555,42501000
2021-09-03,423.4625244140625,423.97658848478034,422.032540383355,422.43445331796556,47170500
2021-09-07,421.94842529296875,423.21018261431715,421.2754899564276,423.1167138270563,51671500
2021-09-08,421.434326171875,422.1446546206983,419.51831615140816,421.41564382630884,56181900
2021-09-09,419.63055419921875,422.98587540724486,419.3875410597101,421.2381203442714,57970400
2021-09-10,416.3219909667969,421.9764965107279,416.2004843859975,421.5559297187358,89948200
2021-09-13,417.3873596191406,419.57442052650157,415.07882068151736,419.3127250750678,83738600
2021-09-14,415.1349182128906,419.03231214319595,414.2470076652523,418.8266922544094,78197100
2021-09-15,418.6024475097656,419.0978006931455,414.45268447355176,415.55554197274927,78792200
2021-09-16,417.93878173828125,419.0509659215077,414.99467250347925,418.0789706250188,77786700
2021-09-17,413.86767578125,417.59004823430996,413.51137369740354,417.168134146106,118425000
2021-09-20,406.966796875,409.3296017705494,402.10987722418974,407.7543985068498,166445500
2021-09-21,406.58221435546875,410.5952470366263,406.05714679823586,409.3013203370039,92526100
2021-09-22,410.5484619140625,412.5831207202877,406.69483696311266,408.85136298150707,102350100
2021-09-23,415.5366516113281,417.14001100580157,412.17996661282217,412.4143728690153,76396000
2021-09-24,416.2210998535156,416.9337039803391,413.6895010133059,413.90516505538227,62094800
2021-09-27,415.03033447265625,416.3523605127942,414.33647253059087,415.18971469523467,61371100
2021-09-28,406.6666564941406,412.59245249230736,405.9353102459773,412.2642780676356,130436300
2021-09-29,407.3512268066406,409.77967232630994,406.78864603672207,408.04506020824715,82329200
2021-09-30,402.3724060058594,409.5264607159928,402.03484612674845,408.82324196639286,140506000
2021-10-01,407.1542053222656,408.8325618141087,400.5814745875316,404.0975677717047,129240100
2021-10-04,401.90362548828125,406.89176913571015,399.76581284989487,405.9916570765266,128570000
2021-10-05,406.08538818359375,408.3262970264828,402.6068074886927,403.4037658375677,90682500
2021-10-06,407.7731018066406,407.97938044868795,400.8721956255004,402.49426854273986,113032200
2021-10-07,411.298583984375,414.13020116989895,410.86728449835147,411.0454355366307,72437500
2021-10-08,410.5484619140625,412.45186810178103,409.92026919841044,412.06743842451107,74557400
2021-10-11,407.57623291015625,412.79881127574237,407.5105922896659,409.89216791478833,65233300
2021-10-12,406.5728759765625,408.89819586614095,405.785274549618,408.4950240548549,71181200
2021-10-13,408.0357360839844,408.85146544656,404.6227951649018,407.5950510863336,72974000
2021-10-14,414.8990783691406,415.04910180856405,411.2235756383798,411.6923881563111,70236800
2021-10-15,418.058837890625,418.42452536112467,416.3898666001841,417.00870250976914,66260200
2021-10-18,419.29656982421875,419.6341011247243,415.6210668502245,416.2774158643815,62213200
2021-10-19,422.5313720703125,422.59698407803893,420.30917663549167,420.9186558175996,46996800
2021-10-20,424.19091796875,424.4909648278342,422.878248727811,422.99075914645675,49571600
2021-10-21,425.29730224609375,425.5223230800388,423.15951848148666,423.59081795122904,41305400
2021-10-22,424.8565979003906,426.3099336904653,422.91570745443045,424.8659833060559,58845100
2021-10-25,427.135009765625,427.4631842019091,424.1721402757418,425.94423644921017,45214500
2021-10-26,427.5195007324219,429.89169091412384,427.1444564431734,428.68217522735085,56075100
2021-10-27,425.6255187988281,428.6446726137015,425.5504927707311,427.9789668380812,72438000
2021-10-28,429.7322692871094,429.8072666921166,427.04129028806375,427.05064707991323,51437900
2021-10-29,430.6042175292969,430.8948789471614,427.1443795021593,427.43504092002377,70162400
2021-11-01,431.3450012207031,431.96383713747196,429.61977470154915,431.5887642564896,48433600
2021-11-02,433.0889587402344,433.3983909976397,431.3824744636354,431.5137556913935,48908400
2021-11-03,435.7331237792969,436.1362956921223,432.0857485213813,432.52643344894864,52509800
2021-11-04,437.7864990234375,437.8708818410705,435.9862464051318,436.3331630823048,52847100
2021-11-05,439.30548095703125,441.2932415636286,437.7959183013962,440.00869977242445,66390600
2021-11-08,439.68035888671875,440.89928820723196,438.99591114506575,440.402348243633,50405200
2021-11-09,438.2272033691406,440.2806045314554,436.8207657847632,440.0461982673925,51149100
2021-11-10,434.70172119140625,438.2272005366199,433.2202862022842,436.53945827784827,69429700
2021-11-11,434.8423156738281,436.2675239203641,434.8235734757579,436.1924978999976,34848500
2021-11-12,438.1240539550781,438.67724930991125,435.16115531508916,436.1081657875227,53466700
2021-11-15,438.2740783691406,439.56800554034606,437.14894545673525,439.40862530276064,46980500
2021-11-16,440.0086669921875,441.1431852512349,437.9365237158013,438.01152112700873,48857500
2021-11-17,438.9397888183594,439.9242836397509,438.3209528739824,439.7461325975495,47858300
2021-11-18,440.4305725097656,440.6931063478928,437.25201023461375,439.9711168325113,50625600
2021-11-19,439.64300537109375,441.5651251990252,439.27731788187225,440.31806790988196,57315600
2021-11-22,438.4053649902344,444.0029878555942,438.1990863283232,441.51828711942284,72762000
2021-11-23,438.9867248535156,439.83996718067124,435.48001592036644,438.0772273060244,73206500
2021-11-24,440.1587219238281,440.2806177630515,436.17381531500166,436.98954456020806,61858800
2021-11-26,430.3417053222656,434.96418925297854,429.2165439866492,433.50149668510204,112669600
2021-11-29,435.62060546875,437.4583425612124,432.9296261441328,435.1236653350825,86268800
2021-11-30,427.14434814453125,435.0860312808678,426.90055654201063,433.1826540968221,148559600
2021-12-01,422.4000549316406,435.6862135337651,422.2031616971008,432.84521097923056,131939200
2021-12-02,428.86968994140625,430.43553635703284,422.22193180478286,422.61574691393747,127637800
2021-12-03,425.137939453125,431.5887754076615,420.91862695944747,430.5292831950463,137331600
2021-12-06,430.17303466796875,432.04828489860165,425.26924501380654,427.6789484275413,98977500
2021-12-07,439.07098388671875,439.63356454550274,430.04165158605986,435.44238012792107,95484700
2021-12-08,440.23370361328125,440.68377393878586,437.71148993714627,439.4648728181905,72238800
2021-12-09,437.2613830566406,440.3367916207848,437.0644898372222,438.9490964511675,61272600
2021-12-10,441.3775939941406,441.52761743144606,437.41145846142433,439.9617996675269,77159800
2021-12-13,437.46771240234375,441.2088270752524,437.18640772794674,440.86191039613635,87724700
2021-12-14,434.4578857421875,436.6894377150197,431.5418858646757,434.2047373052017,97264100
2021-12-15,441.2463073730469,441.49007040259744,432.00131048296834,434.51416709666717,116899300
2021-12-16,437.3551330566406,443.37466871193504,435.8080291263727,443.0933926959083,116568600
2021-12-17,432.7004699707031,437.2827414785998,430.9974086651927,434.28120719660683,135511600
2021-12-20,428.0993957519531,428.4945657060667,424.4862697414786,427.62893618734074,107134800
2021-12-21,435.7019348144531,435.8430669166713,429.350731783521,431.5148339230484,69806300
2021-12-22,440.0584716796875,440.1713773813337,435.2503599777173,435.44797367017134,58890200
2021-12-23,442.7965393066406,444.2925972471357,440.9523458894644,441.0558332086626,56439700
2021-12-27,449.06304931640625,449.11008378457836,444.12322414632985,444.17025861450196,56808600
2021-12-28,448.69610595703125,450.5214913868531,447.93396375035627,449.4958929694086,47274600
2021-12-29,449.27008056640625,450.28626060152465,447.8022490075834,448.7996209971791,54503000
2021-12-30,448.0280456542969,450.70025247373695,447.56700448030426,449.6934621372565,55329000
2021-12-31,446.89892578125,448.68666632067624,446.6260799179109,447.5387725895835,65237400
2022-01-03,449.4864501953125,449.61819265083415,445.8545162929149,448.15975083339737,72668200
2022-01-04,449.3359680175781,451.6224235757482,447.48235598087507,450.90731577034717,71178700
2022-01-05,440.70770263671875,449.7405319442751,440.61360498167255,448.9689713732978,104538900
2022-01-06,440.2936706542969,443.0035221624816,437.9319546066855,440.2466361867598,86858900
2022-01-07,438.552978515625,441.47925183914367,437.1980527186537,440.3031029677847,85111600
2022-01-10,438.0072937011719,438.2236867337772,429.6237004184561,435.36331312046167,119362000
2022-01-11,441.9967041015625,442.0908017452963,434.7516162526011,437.74376052174716,74303100
2022-01-12,443.19171142578125,445.2429369205549,441.2346123000405,443.72804221308974,67605400
2022-01-13,437.08514404296875,444.9418241930247,436.05954567988096,444.29258772329274,91173100
2022-01-14,437.263916015625,437.6120514809011,432.7286791584299,433.94247281173614,95890900
2022-01-18,429.5201721191406,432.7851627070061,428.4098944174529,432.5781593461344,109709100
2022-01-19,425.0601806640625,432.455790611051,424.7873060995941,431.0632487949444,109357600
2022-01-20,420.3555908203125,431.6372011815895,418.2385229314581,426.94202425230395,122379700
2022-01-21,412.103759765625,421.58821170548157,412.0755333410702,419.2359139440063,202271200
2022-01-24,413.8538513183594,414.36195566976323,395.90112761933347,406.5052754832323,251783900
2022-01-25,408.80108642578125,413.7409112645625,401.9135523304981,407.47438716618876,167997300
2022-01-26,407.77545166015625,417.80565092878885,403.52247970690104,414.68179318063454,186391100
2022-01-27,405.761962890625,415.50048178403745,404.07773829561154,412.36723366568094,149878300
2022-01-28,415.83917236328125,415.88620682845203,402.54398201671927,407.1168346707988,164457400
2022-01-31,423.32891845703125,423.677053931945,413.82562974282484,415.17113717300543,152251400
2022-02-01,426.1893615722656,426.8291797344353,420.5344280122152,424.05345661872343,123155400
2022-02-02,430.329345703125,431.05384305532795,426.2833764423959,428.5886396673794,117361000
2022-02-03,420.2144775390625,426.20812763649417,419.37704575360794,424.3074813838875,118024400
2022-02-04,422.1904296875,426.0293671450485,417.6081293545503,419.97926396514714,118454400
2022-02-07,420.83551025390625,424.3451203230606,419.5088108002381,422.95257835164983,84472900
2022-02-08,424.298095703125,425.2202068332441,418.9160368655322,420.3368340105605,81012000
2022-02-09,430.5080871582031,430.82799617234946,428.1275632375704,428.32514818742595,92589900
2022-02-10,422.77374267578125,430.6680383540824,420.778998939607,424.67438876665915,140103700
2022-02-11,414.4371643066406,424.9284051506269,413.00697779975184,422.85840063128,153214600
2022-02-14,413.0822448730469,415.5098319487012,409.6196698794952,413.92909493615394,123006300
2022-02-15,419.7440185546875,419.9133771021189,416.99652213320917,417.5140448697904,88482700
2022-02-16,420.2144775390625,421.588211390658,415.82979106919817,417.70221089727113,84863600
2022-02-17,411.23809814453125,420.186247943638,410.63592485416507,417.0341632264874,102259100
2022-02-18,408.57537841796875,412.7436438259374,406.30775956776904,411.4922051366793,132642900
2022-02-22,404.1905822753906,409.77022506154026,400.6997521061171,406.37352124987865,124391800
2022-02-23,397.0207824707031,407.66257403498787,396.4562253293039,407.09801689358864,132578000
2022-02-24,402.9956970214844,403.4285405442477,386.3790885937456,386.73661378294065,213942900
2022-02-25,411.88726806640625,411.9719473256861,402.5815659197891,404.22817407311,121804500
2022-02-28,410.8334655761719,412.31071529051957,405.2538228246702,406.5052324542038,145615000
2022-03-01,404.576416015625,411.3416268267393,401.8759540045587,409.3374644946176,137785900
2022-03-02,412.01904296875,413.74091213892484,406.0724278778105,406.825151607102,117726500
2022-03-03,409.9678649902344,415.0488225356622,408.1707060110163,414.44664922565886,105501700
2022-03-04,406.63690185546875,407.76598721845426,402.6003520499783,406.2417033139574,113978200
2022-03-07,394.649658203125,406.7592814126414,394.5837869801388,406.05359214668294,137896600
2022-03-08,391.6575622558594,401.9700272063481,390.5943191141427,394.82845492231417,164772700
2022-03-09,402.1582946777344,404.1342308190661,397.8394788240876,400.0224183462174,116990800
2022-03-10,400.3421936035156,401.2360493514207,395.599954192604,397.557052917586,93972700
2022-03-11,395.251953125,403.4379333067606,394.7438486939216,402.8263415419944,95636300
2022-03-14,392.36328125,399.46720926881693,391.22477713105775,396.0234704863825,95729200
2022-03-15,400.9915466308594,401.6219464123901,393.6994228575472,394.96964080123826,106219100
2022-03-16,409.88311767578125,409.93957051689273,399.7023675150075,404.49167034765577,144954800
2022-03-17,415.0111999511719,415.0111999511719,407.5967527483876,407.9731146505722,102676900
2022-03-18,419.55670166015625,419.8776045343294,412.6666654946888,413.40286121868064,106345500
2022-03-21,419.43402099609375,421.3877523283893,415.93234592986585,419.3868116069883,88349800
2022-03-22,424.3420104980469,425.27640505720075,420.8214687288552,420.8214687288552,74650400
2022-03-23,418.8771667480469,423.3037890750717,418.79222440449075,421.8125310374547,79426100
2022-03-24,425.1914367675781,425.200884406194,419.7832397355188,420.8969665486931,64736900
2022-03-25,427.2679138183594,427.5416361124458,423.2471369609336,425.8238364518409,77101300
2022-03-28,430.3070983886719,430.3070983886719,424.7856157896072,426.6733001787727,68529800
2022-03-29,435.63037109375,436.1211874892994,431.50578514438973,434.18629362949696,86581500
2022-03-30,432.94036865234375,435.2999738252827,430.8355904687236,434.48825466782915,79666900
2022-03-31,426.27691650390625,432.997068540125,425.8238618663555,432.1759304126346,121699900
2022-04-01,427.4850158691406,427.99466991123313,423.91729355560483,427.8530993439852,89048800
2022-04-04,431.1470642089844,431.25090181901925,426.86204176947047,427.68317979634264,59601000
2022-04-05,425.7011413574219,432.11925672118474,424.5591003737765,429.65584243367965,74214500
2022-04-06,421.4443664550781,423.71902938512,418.5656595556562,421.793612229182,106898000
2022-04-07,423.5680236816406,425.3802132507673,418.62230012164184,420.5666126114327,78097200
2022-04-08,422.43548583984375,425.3236408416978,420.8970183524694,422.8130169818533,79272700
2022-04-11,415.2151184082031,420.0098246314558,414.7148831400068,419.16979115637787,89770500
2022-04-12,413.6766052246094,420.71765996000386,412.12869019333453,418.19758861647455,84363600
2022-04-13,418.4146423339844,419.16970449840653,413.25182485427155,413.4311571589825,74070400
2022-04-14,413.20465087890625,419.7549175134308,413.1008132674667,418.64116191799894,97869500
2022-04-18,413.3746032714844,415.0546413726437,411.1471205194664,412.27974277354747,66002500
2022-04-19,420.0475158691406,420.76481631207815,413.10082271070314,413.2707073837323,77821000
2022-04-20,419.7360534667969,422.4354571159878,418.5751460041488,421.8219654514646,65224400
2022-04-21,413.4595642089844,424.7384914494255,412.5534836472507,423.35104208749806,85417300
2022-04-22,402.11456298828125,413.4784030168014,401.54825187367607,412.37412370691203,132471800
2022-04-25,404.44580078125,404.6156854519276,395.31883470061024,399.87760832355883,119647700
2022-04-26,392.73272705078125,402.1145203899857,392.70441293823944,401.9162927984164,103996300
2022-04-27,393.8370361328125,399.1697677643689,391.7039722839688,393.8087220181219,122030000
2022-04-28,403.78509521484375,405.51234242525084,394.14847523083597,398.57509707971343,105449100
2022-04-29,388.8630065917969,401.95409397695,388.11736315002133,399.8021348013602,145491100
2022-05-02,391.2037353515625,392.56287045835074,382.2749671742883,388.929072135393,158312500
2022-05-03,392.9969482421875,395.4037338921699,390.1465268831045,391.70388927238196,100028200
2022-05-04,404.9648742675781,405.53118526756083,390.47689280324255,393.65763595496884,144247900
2022-05-05,390.57135009765625,401.1329469341785,386.44676416954945,400.7082064100307,172929100
2022-05-06,388.2400817871094,391.50576802589364,382.9451403977338,388.0135688560758,151770800
2022-05-09,375.8096618652344,383.5869123846669,374.23343271582064,382.3504814055953,155586100
2022-05-10,376.6780090332031,383.27545730002635,372.64781289944233,381.7747515433738,132497200
2022-05-11,370.6940002441406,381.3499860628742,369.94835688896774,375.71524733858433,142361000
2022-05-12,370.3070068359375,373.57269244374504,363.5207798183708,367.5037946408941,125090800
2022-05-13,379.1602783203125,380.53827982576547,373.3933876739787,374.43161982347493,104174400
2022-05-16,377.621826171875,381.2839385536254,375.27166828724563,377.5180173546355,78622400
2022-05-17,385.3896484375,385.62560898408395,379.9719747013643,383.70016285890136,83029700
2022-05-18,369.8539733886719,381.12345103452697,368.61754246873323,380.840309909265,117674500
2022-05-19,367.5887756347656,372.005979027499,365.3707407010665,366.79595164216687,98510700
2022-05-20,367.7492370605469,374.7336635050742,359.1697150107811,371.1659411793916,131432200
2022-05-23,374.6298522949219,375.3943621595535,368.45711634736125,370.7695124155736,76414900
2022-05-24,371.7699890136719,372.9592105064328,365.2291411864955,370.5146628553773,91448800
2022-05-25,375.0545959472656,377.0178039870792,369.8823587734453,370.2787563943249,91472900
2022-05-26,382.5487060546875,384.1815635422074,376.07396194375553,376.2816083941698,82168300
2022-05-27,391.9399108886719,392.0531673410909,384.80446634850006,385.0026651402334,84768700
2022-05-31,389.74072265625,393.07248421298215,387.00358624823434,390.3259001664865,95937000
2022-06-01,386.5882873535156,392.86483164009155,384.0776638781302,391.8549424707136,86585800
2022-06-02,393.9503173828125,393.9974979722233,384.18154466114504,386.42789374965014,79609600
2022-06-03,387.4849548339844,390.7884022780611,386.51279859544996,389.240487364167,71874300
2022-06-06,388.6647644042969,393.21406164588547,387.4943805595861,391.48684319664267,57508900
2022-06-07,392.3929138183594,392.8459684053957,384.7194727728496,385.1819749982957,59272400
2022-06-08,388.126708984375,392.46838795175415,387.3338851596179,390.68451274322166,64350000
2022-06-09,378.8960876464844,388.61765264705264,378.8960876464844,386.3524366939262,86289800
2022-06-10,367.90966796875,373.55385453962793,367.86248738155257,372.70440234363315,132893900
2022-06-13,353.9408264160156,360.3683895194282,352.3362831480851,358.5184668650851,170004900
2022-06-14,352.87432861328125,356.71577382349307,349.7785269115855,355.68698913644283,104011800
2022-06-15,357.9049987792969,362.3410401471121,351.2225794060758,356.1683036625761,125666800
2022-06-16,346.0596923828125,350.1087829653544,343.63401132773026,349.70293778443306,134473300
2022-06-17,346.80572509765625,350.142419392661,343.30792965713135,346.47397650063243,111113900
2022-06-21,355.5361022949219,356.92005638665404,352.44587608946637,352.521725834006,76811900
2022-06-22,354.89154052734375,358.9960185982588,350.9007792220965,351.3178660517575,90059400
2022-06-23,358.370361328125,359.1002487608876,353.46963484148904,357.0243321478926,79292100
2022-06-24,369.7643737792969,369.7738622299875,361.5080041964566,361.53644062032527,98050300
2022-06-27,368.3518981933594,370.97762381876527,367.26179695896616,370.68377119718616,66009600
2022-06-28,360.8255920410156,372.68407556262065,360.71184631687146,369.90667806132944,86548900
2022-06-29,360.5316467285156,362.3611241546952,358.71165775298255,361.3753088463661,65676000
2022-06-30,357.6025695800781,360.834977987892,353.156825579061,356.64516179349505,112508300
2022-07-01,361.384765625,361.8208293565842,354.33224330989844,356.94850998659183,74839700
2022-07-05,362.0672607421875,362.08623764291843,353.4791138897527,356.3039239194396,81438000
2022-07-06,363.29010009765625,365.7736442291068,359.8302001680812,362.2094581257224,70426200
2022-07-07,368.7311096191406,369.52735833895935,363.3090102076316,365.06266665246835,64525900
2022-07-08,368.4278259277344,370.2952282014979,365.5745794315864,367.10071569720793,72397800
2022-07-11,364.2190246582031,366.7215164411496,363.5270331899998,365.7546492181339,58366900
2022-07-12,360.99609375,366.0485198112267,359.251925711996,363.6692331147653,62219200
2022-07-13,359.1002197265625,362.02931552702955,355.1474128412304,355.56449960571507,84224600
2022-07-14,358.22821044921875,359.30882348190096,351.71600904471353,354.1521398256336,89704800
2022-07-15,365.0721435546875,365.1858892356065,360.7211976903377,362.62649570213034,79060400
2022-07-18,362.05780029296875,368.82592927824663,360.83497625525047,368.1529146526756,63203600
2022-07-19,371.84027099609375,372.4090283274704,365.31861090466685,365.97264856832055,78506000
2022-07-20,374.2100830078125,375.62250240338216,370.6648741646818,372.02988023942527,71843800
2022-07-21,378.02069091796875,378.0680753048155,371.2335862430008,373.63182056702766,64903900
2022-07-22,374.5134582519531,379.3383643459128,372.29533041038957,378.1440056178114,72197300
2022-07-25,374.9684753417969,375.8215969964553,372.73137056679104,375.1390938870878,53631500
2022-07-26,370.53216552734375,373.53705331768873,369.6411191276845,373.3285099278068,52946400
2022-07-27,380.153564453125,381.8977324950311,373.5275888700464,373.82144153900765,82342100
2022-07-28,384.92156982421875,385.61353235014826,377.4140367716771,380.95927437369363,73966600
2022-07-29,390.53326416015625,391.51910833460266,385.585124244229,386.352936564959,87003700
2022-08-01,389.3768615722656,391.8793828026547,387.1302971071062,387.8412366937113,69997500
2022-08-02,386.80792236328125,391.49064571833276,385.63251176391105,387.8127144423944,63435400
2022-08-03,392.86517333984375,394.0310955881913,388.6469207989162,388.931285023342,67820600
2022-08-04,392.5997619628906,393.4718315474268,390.95985110646615,392.78932847212786,45656600
2022-08-05,391.9361877441406,392.5807659148732,388.26774474140564,388.3246175842232,56814900
2022-08-08,391.48114013671875,395.8700106498597,390.3815503961838,393.6234467801919,53886100
2022-08-09,389.9266357421875,391.2537170647009,388.8554822335221,390.75132095945645,44931800
2022-08-10,398.1166076660156,398.258818700046,395.01692204612334,396.96963344138766,68665700
2022-08-11,398.1166076660156,402.8183081055924,397.3772317875,400.96036549541424,59489700
2022-08-12,404.8563537597656,404.9606110010774,399.10247645360926,400.050395788599,61694500
2022-08-15,406.524658203125,407.04603117644456,402.59079888321116,402.64767172710765,54048300
2022-08-16,407.3209228515625,409.2451978170758,404.64778356108576,405.4535207281274,59289000
2022-08-17,404.4297790527344,407.1313549468698,402.42968313864895,403.7283280008868,63563400
2022-08-18,405.605224609375,406.2876987703884,403.3396834770453,404.6288399076743,49023200
2022-08-19,400.1546630859375,403.11216664311075,399.28256461046794,402.84675039895933,68016900
2022-08-22,391.8224182128906,395.5003494416631,390.92188337608326,395.329701995395,77695600
2022-08-23,390.87451171875,393.7846307828097,390.3247023494631,391.39585573923233,49105200
2022-08-24,392.1257629394531,393.49074002484474,389.9645082393007,390.64698231789686,49177800
2022-08-25,397.6615905761719,397.70897496462175,392.52385581312956,393.6139571012594,50942300
2022-08-26,384.201171875,398.0881839321778,384.1442990308555,397.547891912805,103087000
2022-08-29,381.6607666015625,384.70357956798847,380.30524889484775,381.2531682301508,65370800
2022-08-30,377.4709167480469,383.0541750206006,375.3760233037477,382.81719520790887,85652400
2022-08-31,374.5987243652344,380.3431127380741,374.46603071215685,379.10134082789193,76029700
2022-09-01,375.7742004394531,376.1154375189932,369.7264703742915,372.428046300128,78740100
2022-09-02,371.8118591308594,380.64647400085363,370.0013297859772,379.4331384469464,99632100
2022-09-06,370.4090270996094,373.59402268267246,368.19089897678896,372.6555916498426,76637400
2022-09-07,377.06329345703125,377.83110568507885,369.8780787401788,370.0960816393788,70964200
2022-09-08,379.5279846191406,379.98296742981955,373.5939997520912,374.7978759378246,80821700
2022-09-09,385.42401123046875,386.28662130528346,381.49961125899546,381.7650275183075,76706900
2022-09-12,389.5663757324219,390.2868036201907,387.1870891554379,387.49043025851944,69256300
2022-09-13,372.6270446777344,382.10623671263886,371.5085069603833,380.90236081015905,122947100
2022-09-14,374.0489501953125,375.5656268148488,370.7501807174359,373.9257160615463,85023700
2022-09-15,369.80230712890625,375.3381528851013,368.53209861998994,372.4943947202488,87633800
2022-09-16,366.9810485839844,367.6378019325583,363.69728184111455,365.6294902775206,103084800
2022-09-19,369.8269958496094,369.8269958496094,363.7639505998914,363.84011191988435,73278500
2022-09-20,365.5819091796875,367.51408871168167,362.83118428153335,366.5051690967704,77274900
2022-09-21,359.20477294921875,370.55036925173334,359.1952455228189,367.504555601014,106746600
2022-09-22,356.1874694824219,360.07085382306934,355.4450564887527,358.4337342668979,89472600
2022-09-23,350.21966552734375,352.7609904104437,345.78421269474035,352.7229097506912,122346900
2022-09-26,346.75506591796875,352.3707580104209,345.53674617910787,348.7538794551558,92581200
2022-09-27,345.8698425292969,352.5515599107997,343.48078239742836,350.2862401271678,108294100
2022-09-28,352.6753845214844,354.36008362291216,345.1275119459914,346.82173847556913,110802200
2022-09-29,345.3083190917969,349.42013004160674,342.3672197883283,349.13459770031216,112952300
2022-09-30,339.9686279296875,348.2779675279083,339.8353891876637,344.36600021604005,153711200
2022-10-03,348.9442443847656,350.7907644280534,341.90083208876825,343.6807182327434,89756500
2022-10-04,359.75677490234375,359.78532813158415,348.90611208555885,354.45516931282157,103602800
2022-10-05,358.91925048828125,361.1750432151708,353.0751323104993,355.3975589353477,88065700
2022-10-06,355.2166442871094,360.4706419018,354.721682907655,357.5200156173895,82333500
2022-10-07,345.3083190917969,355.30235769557754,343.547458861724,351.19051769873397,107789500
2022-10-10,342.6717529296875,346.659852271921,340.43501530969775,346.42189898919605,76042800
2022-10-11,340.50164794921875,345.5367479558779,338.56946829764377,340.9775545535183,92482800
2022-10-12,339.3785400390625,342.4814606200205,339.1310592917608,340.9109745209168,76991800
2022-10-13,348.33502197265625,349.80082219820514,331.3356258487721,332.3826260098785,147254500
2022-10-14,340.3968811035156,352.4182837032228,339.7591536254395,350.7906625915619,123737000
2022-10-17,349.1441345214844,350.24824134925336,340.06382821256403,346.46954168027236,93168200
2022-10-18,353.2464904785156,357.3583310897419,349.8104292073491,357.0537438488278,97162900
2022-10-19,350.7431640625,353.93174409065676,347.93530350478727,351.2095432352664,79746900
2022-10-20,347.8020324707031,354.71220495349155,347.0405645534775,350.29577817467606,88283100
2022-10-21,356.2542419433594,356.7396470203639,346.0222479989325,347.52610037471834,131038400
2022-10-24,360.61346435546875,361.74612439325887,355.13101099924324,357.77707959447656,85436900
2022-10-25,366.3719787597656,366.6860643599622,360.4231457883191,360.53735873384517,78846300
2022-10-26,363.61163330078125,368.90371186098525,362.9739347843384,363.2309138667366,104087300
2022-10-27,361.6700134277344,366.44810554176166,361.0513115703601,364.6111129190357,81971800
2022-10-28,370.27435302734375,370.75025961760167,361.3844214069697,361.5652682350303,100302000
2022-10-31,367.5997314453125,369.6842044707059,366.69552642305183,367.81865891657014,96631300
2022-11-01,365.99127197265625,371.5784409364616,364.8205601003969,371.3404875904526,85407600
2022-11-02,356.80621337890625,369.90317244332704,356.7015278683844,365.4010855031739,126990400
2022-11-03,353.1322021484375,356.16848838692556,351.0191758170607,353.5700280593983,87100100
2022-11-04,358.21490478515625,360.61346359996287,352.170885136249,358.8335775577456,103505200
2022-11-07,361.64141845703125,362.231537963315,357.4343915475703,359.50933724612685,68286900
2022-11-08,363.59259033203125,366.56224244323937,359.5188315812918,362.74546276276726,84641100
2022-11-09,356.1018371582031,362.77405623568103,355.60687575970667,361.62234147920316,78495500
2022-11-10,375.6712341308594,376.0043746311196,367.057334457638,369.3511791961114,141455800
2022-11-11,379.3070373535156,380.1065568499029,374.6431300540452,376.5277303971915,93839900
2022-11-14,376.0804443359375,380.89661702699635,375.80441036199727,377.5462448649226,71903500
2022-11-15,379.28802490234375,382.9239582221826,375.4807721813481,381.8198514474499,93194500
2022-11-16,376.39453125,378.61224316456577,375.76633106956126,377.6604299906343,68508500
2022-11-17,375.24285888671875,375.9186672305997,371.3404476693323,371.64500584373235,74496300
2022-11-18,376.946533203125,378.640759324959,374.10062138676545,378.57412543802,92922500
2022-11-21,375.5759582519531,376.7466989172969,373.73896579052973,375.6235663390515,51243200
2022-11-22,380.630126953125,380.79194799230964,376.1090138482937,377.51770796736366,60429000
2022-11-23,383.0286865234375,383.51409151080327,380.06853232216565,380.29695819857307,68261600
2022-11-25,382.9429931640625,383.49506108811516,382.1910816475926,382.46708656258517,30545400
2022-11-28,376.83233642578125,381.4962149118125,376.0708685003482,379.8590951809206,67881600
2022-11-29,376.1850891113281,378.1553200852392,374.34806781537714,376.9655537509073,52310000
2022-11-30,388.0351867675781,388.0351867675781,374.51945716113363,376.4325818837763,144566700
2022-12-01,387.7496337890625,390.2433795179694,385.24636063389784,389.07263892248426,76398200
2022-12-02,387.3022766113281,388.20648163885994,382.7621385272809,382.8668240269508,85342700
2022-12-05,380.33502197265625,385.4177008262784,378.98346353454565,384.48494250767516,77289800
2022-12-06,374.8526306152344,380.7158042080798,372.76818614779955,380.1732926862465,77972200
2022-12-07,374.21484375,376.5753507067164,373.0821838315825,374.0054437050733,65927900
2022-12-08,377.1463928222656,378.2124187884382,374.3195069079909,376.0994217071505,60737900
2022-12-09,374.3290710449219,378.45993659247966,374.205330689029,375.9090843451082,81447700
2022-12-12,379.7258605957031,379.7258605957031,374.4528077117335,375.119059475854,75405800
2022-12-13,382.6003723144531,390.7098107273862,379.8401197057134,390.45283160745686,123782500
2022-12-14,380.1542053222656,385.9602719426471,377.2131058725146,382.2577044665144,108111300
2022-12-15,370.8550109863281,376.20419694431035,369.19886518287717,375.2999627142446,117705900
2022-12-16,366.47662353515625,369.641590174743,364.3443519350762,368.3029384387337,119858000
2022-12-19,363.3689270019531,367.00244264852483,361.7051766658202,366.6677725102284,79878100
2022-12-20,363.86627197265625,365.48222528681765,361.2941346468216,362.61367325179793,74427200
2022-12-21,369.30694580078125,370.4352358837999,365.92204637130624,366.4575070608886,78167400
2022-12-22,364.038330078125,369.28777027212345,358.34902428686854,366.2662256920997,100120900
2022-12-23,366.1323547363281,366.27577647509355,361.466172965727,363.01518610522345,59857300
2022-12-27,364.6885681152344,366.36189009849295,363.01524613197586,366.0176778685383,51638200
2022-12-28,360.1562194824219,366.59134742365524,359.92674469166934,364.6215818081712,70911500
2022-12-29,366.63916015625,367.5092910145083,362.47018314198056,362.9961017998292,66970900
2022-12-30,365.67340087890625,365.8168226274327,361.8486652893112,363.9618527124626,84022200
2023-01-03,364.13397216796875,369.49815002254616,361.274962367188,367.52841345608357,74850700
2023-01-04,366.9452209472656,368.97232657809616,363.34995937987674,366.39061782612254,85934100
2023-01-05,362.757080078125,365.10928447945327,362.1642506841692,364.9945470716449,76970500
2023-01-06,371.0757751464844,372.1945229681979,362.7856784133102,365.84544889092865,104189600
2023-01-09,370.8654479980469,376.4495872696216,370.68379991549534,373.2654787600865,73978100
2023-01-10,373.46630859375,373.5332484725184,369.34515816722075,370.2822289287242,65358100
2023-01-11,378.1898193359375,378.26633038365287,374.2312334389066,375.0439955334967,68881100
2023-01-12,379.5667724609375,381.02973273660194,375.22571833967487,379.289500125456,90157700
2023-01-13,381.0392761230469,381.61299228704434,376.10536380133436,376.3730941204777,63903900
2023-01-17,380.3411865234375,382.69341947664213,379.6623042550303,381.020097972256,62677300
2023-01-18,374.3363952636719,382.58826631918953,374.1356048315,381.5269162830095,99632300
2023-01-19,371.6113586425781,373.94442072442195,370.2918200719056,372.2997830998825,86958900
2023-01-20,378.53411865234375,378.6871115907864,371.36273880270227,373.0073764154368,91806400
2023-01-23,383.075927734375,385.0074085420892,378.38106168560785,379.337245503758,84178800
2023-01-24,382.6648254394531,383.57318267652687,380.21699688122226,381.40265563212273,59524900
2023-01-25,382.8082275390625,383.1428977378186,376.31573073269413,378.6010242444025,84800300
2023-01-26,387.0154724121094,387.1780365308271,382.5022827834098,385.466459007332,72287400
2023-01-27,387.9046936035156,390.2760402786123,385.7628509166012,385.97321255052447,68346200
2023-01-30,383.0377502441406,387.37883383343035,382.7413355345612,385.1509087422322,74202000
2023-01-31,388.6696472167969,388.7174447402499,383.20981606709955,383.5540574493801,86811800
2023-02-01,392.80035400390625,395.54462644508357,384.7206171548962,387.45528923844535,101459200
2023-02-02,398.5183410644531,399.9813013244029,394.78922953717114,396.68245506156615,101654500
2023-02-03,394.2824401855469,398.7000051703591,393.0776391240828,393.55573107794413,94736800
2023-02-06,391.87286376953125,393.2689133762878,390.2186841761235,391.834637420615,60295300
2023-02-07,396.99798583984375,398.241013206568,389.7118693730586,390.9548967397829,90990700
2023-02-08,392.65692138671875,396.3669196696717,391.9684677962696,395.02826801613645,76227500
2023-02-09,389.25286865234375,396.4051341468822,388.02895452722424,396.25214123369045,78694900
2023-02-10,390.16131591796875,390.5437836705012,387.2640796514173,388.0768126828916,70769700
2023-02-13,394.74139404296875,394.875273798094,390.3525133608386,390.81149214644563,64913500
2023-02-14,394.5597839355469,396.8641617211256,390.6107393049538,393.2211029770664,88389300
2023-02-15,395.8410339355469,395.91751581058026,391.5286350725414,392.3700815999979,61555700
2023-02-16,390.3907470703125,394.8178830322616,390.25689650308516,390.87841017898984,76431500
2023-02-17,389.4154357910156,389.65448174842203,386.34606468801917,388.26800352329917,89257800
2023-02-21,381.6034851074219,386.4513451946088,381.34532592151567,385.39953691428894,82655900
2023-02-22,381.07757568359375,383.5540887169433,379.62415734279705,382.01461731866567,83742300
2023-02-23,383.1046142578125,384.57714551664407,378.8878400941684,383.96517386295295,96242400
2023-02-24,379.01226806640625,379.8441435861349,376.3923329021255,378.0943394770943,108194400
2023-02-27,380.3030090332031,383.707021167783,379.3659383654355,382.3492272761536,80444700
2023-02-28,378.8974304199219,381.78509520813367,378.7922350201957,379.82492994288907,96438600
2023-03-01,377.44403076171875,379.30860107550785,376.1436346387775,378.0846868266854,99706800
2023-03-02,380.3795166015625,381.2209631061389,375.13961830151106,375.4742885040699,85127800
2023-03-03,386.4799499511719,386.7285670881584,381.54603781817946,382.1962358283126,90120000
2023-03-06,386.74774169921875,389.5971805098177,386.30790523195174,387.3023155770407,72795900
2023-03-07,380.81927490234375,386.93887397822823,380.2073325030019,386.6998280512143,108310600
2023-03-08,381.4409484863281,382.1963128648765,379.21302334137835,380.9341721144572,74746600
2023-03-09,374.4033508300781,383.8887075845493,373.4184826190144,382.22492782127654,111945300
2023-03-10,369.0009460449219,375.93327957719293,367.4806170891498,373.8583475978051,189253000
2023-03-13,368.4749755859375,373.28460811867615,363.9713580532645,365.0805347641921,157790000
2023-03-14,374.5659484863281,376.21058604424246,370.0909854321958,373.3898317252391,149752400
2023-03-15,372.2232971191406,372.42408758364206,366.8973453679593,368.9818486133687,172996900
2023-03-16,378.7539978027344,379.0982391870772,369.36429390384325,369.87107021323396,143254200
2023-03-17,374.3253479003906,378.55821591341066,372.94318572096427,377.4256197444262,140553400
2023-03-20,377.9246826171875,378.33743311980123,374.4021114765073,375.10277090610924,93055800
2023-03-21,382.8870849609375,383.3670015855469,379.69082383763816,381.28415054635593,91524200
2023-03-22,376.3601989746094,386.3232727268631,376.3218267349629,382.71431965042825,111746600
2023-03-23,377.377685546875,383.25186087562724,374.6709485097319,379.2205491483167,119351300
2023-03-24,379.85394287109375,379.9403243336123,373.7589969312936,376.10099199884445,107682400
2023-03-27,380.5642395019531,382.89665633801565,379.67160169490063,382.1287722364247,74010400
2023-03-28,379.7100524902344,380.5642888800985,377.8767674052834,379.87320774489075,62871700
2023-03-29,385.2290954589844,385.4690537806492,382.6663276952182,383.86611930354206,77497900
2023-03-30,387.4847106933594,388.10859647318574,385.62263176835995,387.8590304445402,69840000
2023-03-31,392.9461975097656,393.24374351120224,388.3005782209444,388.40617512340344,112062600
2023-04-03,394.4434814453125,394.84659500245755,392.03429064106433,392.4278257842298,67391100
2023-04-04,392.255126953125,395.3745854910906,390.8825429346592,395.08661789712704,66601500
2023-04-05,391.22802734375,392.28384974684195,389.57711302940226,391.5255732993779,65200200
2023-04-06,392.754150390625,393.0325102209904,389.3851264771968,390.4313411526847,63743300
2023-04-10,393.15728759765625,393.2340906618624,389.6635097627265,390.277787817443,63681000
2023-04-11,393.2628479003906,394.6641961280183,392.4949930804865,393.78116601430696,59297900
2023-04-12,391.6599426269531,395.6144801885437,391.07445840947173,395.32651264091214,86420400
2023-04-13,396.86224365234375,397.21737725795947,391.60234704835096,392.7445509263928,85814800
2023-04-14,395.89276123046875,398.41712702758065,393.5891675964206,396.22870868146754,78161500
2023-04-17,397.3133850097656,397.3325711300684,394.5778543396015,395.80643975007484,66436400
2023-04-18,397.5724792480469,399.02183667204184,396.1999248791392,398.8874459715307,63560000
2023-04-19,397.50531005859375,398.4075262603893,395.60482989922565,395.66241754419593,55227300
2023-04-20,395.33612060546875,397.08302413683805,393.79077385332334,394.69301944461137,75840400
2023-04-21,395.643310546875,396.104011798768,393.6948500576411,395.63370284019766,73457400
2023-04-24,396.0560302734375,396.4783592805185,394.10756979195463,395.4417228843057,64332100
2023-04-25,389.76904296875,394.6450119030647,389.7114553215701,394.088292257947,97766700
2023-04-26,388.1181335449219,391.4583635816679,387.56144318468967,390.3833550986097,80447000
2023-04-27,395.8448486328125,396.11360078097556,390.4025810177756,390.65214704527966,92968400
2023-04-28,399.223388671875,399.2329963765921,394.904139565875,394.9617272106124,89433100
2023-05-01,398.82025146484375,400.8454851986158,398.5898716077984,398.78184994003936,62122300
2023-05-02,394.3378601074219,398.1580067083917,391.43917444922255,398.1099974743272,103998500
2023-05-03,391.6311340332031,397.24616414474065,391.39117573178515,394.83697342513307,91531800
2023-05-04,388.8572082519531,390.91123595861524,387.52302611509293,390.58489620304397,94901900
2023-05-05,396.0560302734375,397.10224508450085,392.2263046733684,392.4854491265273,87891800
2023-05-08,396.16156005859375,396.64147667611564,394.76021173712985,396.3823322476967,50046800
2023-05-09,394.4241943359375,395.53760420625383,394.19384377372745,394.616172665633,49220100
2023-05-10,396.2671203613281,397.8892407221348,392.44697389350114,397.2557473304781,96142900
2023-05-11,395.5760498046875,395.8639880395315,393.5028066384593,395.4032868637811,70157100
2023-05-12,395.0577697753906,397.0254455424627,392.63900049417026,396.8142810526254,70481500
2023-05-15,396.42071533203125,396.8238288685914,393.75238023444746,395.6624389099318,54289400
2023-05-16,393.7716369628906,396.238415734528,393.762029255893,395.31695461644586,57705500
2023-05-17,398.5515441894531,399.1562144912637,394.14591338269895,395.78721992832476,87287000
2023-05-18,402.390869140625,402.8131980774416,398.01403224251106,398.23477512417634,97177200
2023-05-19,401.8053283691406,403.82098374117817,400.58635087495577,403.29308725192675,103793300
2023-05-22,401.9685363769531,403.50427528786696,400.586374286309,401.8245672616326,60745400
2023-05-23,397.457275390625,401.9013072243869,397.06374031399105,400.32716691785123,86383500
2023-05-24,394.5777587890625,396.2382804844256,393.41636901857,395.85435312883413,89213700
2023-05-25,397.99481201171875,399.4441694496832,395.84479511708275,398.0811934806872,90961600
2023-05-26,403.1491394042969,403.86901432087706,398.5707454798897,398.6475192492727,93830000
2023-05-30,403.3027038574219,405.6062976614237,401.9205417166639,405.07840112218025,72216000
2023-05-31,401.0663757324219,402.38134275024066,399.50184266738273,401.479097047602,110811800
2023-06-01,404.8768005371094,405.9326227931181,400.0488412722422,401.29661257093727,88865000
2023-06-02,410.73187255859375,411.51891359121186,406.92133324219725,407.44922983268606,91426200
2023-06-05,409.9447937011719,412.3635629860605,409.2441048720611,411.0773899248413,65460200
2023-06-06,410.83746337890625,411.3653599992297,408.8793951634606,409.5321040964684,64022200
2023-06-07,409.4168701171875,412.36356528982583,408.99454113451293,411.2309690598289,85373300
2023-06-08,411.89324951171875,412.34437231335727,408.71620378018724,409.48405866767195,61952800
2023-06-09,412.6322326660156,414.6382802757191,411.6436057714387,412.6898203071148,85742800
2023-06-12,416.3756408691406,416.4524439304632,412.89147087099775,413.61134578902306,76104300
2023-06-13,419.12078857421875,419.76386044542505,417.1723282571571,417.8346155400201,95899700
2023-06-14,419.6199035644531,421.42439480568777,416.1741056268984,419.45674831132544,100612100
2023-06-15,424.82220458984375,426.06997610483035,418.7080714411939,418.8040313332803,110303100
2023-06-16,423.3751525878906,427.3732510116979,422.9030966686289,426.80484934957235,114165800
2023-06-20,421.1786193847656,422.32506614292663,419.1073181445954,421.4387558395076,76160400
2023-06-21,419.0205383300781,420.9954934589653,418.43284996744785,420.1958856547502,76982300
2023-06-22,420.53314208984375,420.6391018260277,417.72964857046975,418.0668439684426,70637200
2023-06-23,417.3538818359375,419.13617505158805,416.6409763099136,417.0841314152319,92074500
2023-06-26,415.6487121582031,418.7026693868189,415.40786249787595,416.7855154988048,72823600
2023-06-27,420.20556640625,420.82212620155866,416.0725783167209,416.5253768197751,72813700
2023-06-28,420.4175109863281,421.4290677123489,418.509971256602,419.1265310456325,75636000
2023-06-29,422.0744934082031,422.2382840858477,419.5985816622902,420.0031925590313,67882300
2023-06-30,427.05535888671875,428.0380149404403,424.9647708481831,425.2827088718478,104964000
2023-07-03,427.546630859375,427.8259952574617,426.4290850652605,426.7084788639364,32793400
2023-07-05,426.9107971191406,427.6429894132442,425.7258063379871,425.7354497315169,58418400
2023-07-06,423.56781005859375,423.9917077726785,421.06296794825374,423.3366038147622,80658300
2023-07-07,422.4984130859375,426.43873894163033,422.25756345371417,422.57550143257924,86134200
2023-07-10,423.56781005859375,423.7412147414674,421.5735680037754,422.1419696202549,62443500
2023-07-11,426.2652893066406,426.75663194663485,423.3558364397673,424.32887832662993,64463800
2023-07-12,429.695068359375,431.10165159958825,428.6257099376319,430.0515505672172,91924500
2023-07-13,433.10546875,433.89546265173254,431.07271183277675,431.50622355890425,72425200
2023-07-14,432.8357238769531,434.83958003816,432.07463074719146,433.991813962652,69815800
2023-07-17,434.338623046875,435.3887239970372,432.6430320958501,432.6912196663996,52680200
2023-07-18,437.5660400390625,438.2115006773749,433.5775554716282,434.01109662916457,80668200
2023-07-19,438.5390625,439.724023983291,437.48893213427476,438.35601441060516,65891700
2023-07-20,435.6294860839844,438.44262237812893,434.916580668598,437.54666891275093,70591600
2023-07-21,435.6294860839844,437.54666891275093,435.6198720922807,437.3443340781795,71275600
2023-07-24,437.5757141113281,438.3849655149495,435.74523300726025,436.7760767025835,54023400
2023-07-25,438.770263671875,440.02267010001805,437.2577208036124,437.3059083742901,55191200
2023-07-26,438.8376770019531,440.26348802035136,436.7856334140258,437.8357342912967,71052900
2023-07-27,435.92816162109375,442.6237927069571,435.0225647127747,442.2191524157684,92194400
2023-07-28,440.1960754394531,441.0245840745933,435.92819754722996,439.1941327220315,80011800
2023-07-31,441.03424072265625,441.39069349037516,439.35790721415856,440.66814456102355,62040400
2023-08-01,439.7721862792969,440.51399258801536,438.8184017102693,439.5698514127993,55291500
2023-08-02,433.6546325683594,436.9205386548979,432.9031828085776,436.66043160748643,93933400
2023-08-03,432.4118347167969,434.2904737931767,430.9956375639887,431.64112757810364,64276100
2023-08-04,430.45611572265625,436.32320952695244,429.9358722590493,434.2230076857938,100128900
2023-08-07,434.2134094238281,434.36755674020003,431.5929638466943,432.28661207007076,58357500
2023-08-08,432.3251647949219,434.20380401220746,428.9725267488997,431.67967473239247,71361300
2023-08-09,429.4349365234375,432.7586735355105,428.6738433785323,432.59488283321724,78789600
2023-08-10,429.58905029296875,435.1671361209915,428.4233462814403,431.7855978075418,93005500
2023-08-11,429.338623046875,430.3502093181606,427.1228178060312,427.720120293532,68690900
2023-08-14,431.70855712890625,431.70855712890625,428.11509896255956,428.4233935882657,47867400
2023-08-15,426.6795959472656,430.29234049304716,426.1111649328765,429.9358583347008,75707500
2023-08-16,423.5485534667969,427.9223617239687,423.44256433778145,426.2653150386881,80107200
2023-08-17,420.3211975097656,425.27305119137833,419.8009540161682,425.01294414487614,95711300
2023-08-18,420.52349853515625,421.5543421169173,417.1612467523088,417.5080561439708,98852000
2023-08-21,423.25958251953125,424.00138893640195,419.38673031886054,421.5350906095178,68719000
2023-08-22,422.11309814453125,425.0321947779214,421.55433988295033,425.0321947779214,64994200
2023-08-23,426.814453125,427.431042301619,423.0283039267051,423.17280782729074,68441000
2023-08-24,420.89923095703125,428.9243284062607,420.8703007742917,428.41372832126285,88517300
2023-08-25,423.86651611328125,425.14782341445994,419.07842352366526,422.62372359066535,102325100
2023-08-28,426.5543518066406,427.1709115909124,423.8664616174519,426.05336574379237,61595400
2023-08-29,432.7200927734375,432.9994865828607,426.26531078000176,426.44835885508,83081900
2023-08-30,434.50238037109375,435.13822692888783,432.35399106524045,433.057282576268,69053900
2023-08-31,433.8665466308594,436.2557562391773,433.6834985527266,435.1189529964718,66084600
2023-09-01,434.6758117675781,437.06505085275637,433.2210704898494,436.5833515582069,58944100
2023-09-05,432.7971496582031,434.5505420529184,432.72973410501413,434.23263347174435,55166200
2023-09-06,429.8877258300781,432.093916863234,427.56593166865076,431.9879277285903,70758500
2023-09-07,428.56787109375,429.24223247025344,426.5447281630559,426.8915375451562,70355400
2023-09-08,429.2133483886719,430.74514868706615,428.25959315019446,428.61604594030854,61659700
2023-09-11,432.0361328125,432.3443980335229,430.1285929169173,431.8337979292306,60180100
2023-09-12,429.6661071777344,432.1131477113599,429.08809157187744,430.5909909482861,67565400
2023-09-13,430.1671447753906,431.3232055262028,428.7894623481302,429.8877509320253,60199300
2023-09-14,433.8761291503906,434.56977723810513,431.33277242916336,432.63336626870154,83430800
2023-09-15,428.648681640625,432.62223173023705,428.2136407942197,432.29352436707654,111848900
2023-09-18,428.9000549316406,430.1955590603149,427.86557530879384,428.3392962837647,55752200
2023-09-19,428.0105895996094,428.5713482483716,425.332573169419,427.9815868766938,66514600
2023-09-20,424.0758056640625,429.6832158729015,423.8727570723084,429.2675002876334,82562600
2023-09-21,417.0664978027344,421.49441429318694,416.91180676973505,421.233389771168,104095800
2023-09-22,416.1287536621094,419.68655933537104,415.7130085528767,418.0913502784636,100829700
2023-09-25,417.87860107421875,417.9172517040119,414.485134786977,414.920205158679,70874500
2023-09-26,411.7395324707031,415.5487152089358,410.90807166527094,414.8429427407216,96168400
2023-09-27,411.90380859375,413.4700443597365,408.26867230252077,412.9092856337623,104705800
2023-09-28,414.291748046875,415.964317107926,410.762945679416,411.35270706101295,92258300
2023-09-29,413.28631591796875,417.5112133076614,411.7684378270295,417.3371969608053,115111300
2023-10-02,413.12200927734375,414.3691856249788,410.36663202274156,412.4549170103042,83798600
2023-10-03,407.5919189453125,413.1800040858978,406.2287317175528,410.9467055118216,103760600
2023-10-04,410.5599365234375,411.30435944495287,406.59606370497346,408.0559363281981,87453000
2023-10-05,410.4052429199219,411.2463514179395,407.1858225474584,410.269877205424,70142700
2023-10-06,415.27789306640625,416.8150963910029,406.63472757769614,407.9592344326086,113273300
2023-10-09,417.9366455078125,418.5070521455923,412.8319589906931,413.3830108074734,80374400
2023-10-10,420.1119079589844,422.70291641435927,418.16863686530417,418.56502711101643,78607300
2023-10-11,421.8327941894531,422.08414129890025,418.79703802262225,421.17537943505704,62451700
2023-10-12,419.2611083984375,422.8189135801861,416.91179922986146,422.44187816631086,81154200
2023-10-13,417.1728210449219,421.9584770278049,415.60661494268294,420.7596289275812,95143100
2023-10-16,421.5621337890625,422.62561629317145,419.1741442361407,419.4158434641518,75433200
2023-10-17,421.5427551269531,423.5923892481788,418.09131276942526,418.4393454760135,75324700
2023-10-18,415.92559814453125,420.7305789017386,414.842790566168,419.7734596144878,93559800
2023-10-19,412.27117919921875,418.4490253157197,411.59443909771255,416.64111990263626,121323000
2023-10-20,407.2051696777344,412.3775387523352,407.09880668145956,411.8361348739324,123919900
2023-10-23,406.4993896484375,410.35692908932583,403.92770652261123,405.67760643648245,92035100
2023-10-24,409.5641174316406,410.71460793995783,406.77006062450005,408.61664598235126,78564200
2023-10-25,403.6860046386719,407.91093157015536,403.17360349885,407.88192884542195,94223200
2023-10-26,398.85205078125,403.47333880031834,397.93361142540357,402.6225823087564,115156800
2023-10-27,397.0440979003906,400.83395429205797,395.6229054415524,400.43756406837696,107367700
2023-10-30,401.79107666015625,402.8448816266276,398.5329761803426,399.8284803456642,86562700
2023-10-31,404.3144836425781,404.63351364420447,400.4569438698378,402.36153498192397,79665200
2023-11-01,408.6263732910156,409.43847913059346,404.7495083565733,405.2812643437381,98068100
2023-11-02,416.4574279785156,416.61211901779166,412.39686933434086,412.41619465013827,94938900
2023-11-03,420.2569274902344,421.80380835994043,418.63271585397734,418.75840416588386,100167800
2023-11-06,421.2237243652344,421.66844265759465,419.28045324415575,421.01102787683624,67831700
2023-11-07,422.4225158691406,423.0606052933152,420.0828841514639,421.22369728667144,64256100
2023-11-08,422.73193359375,423.5440394282341,420.43095231056213,423.02196085453033,61746000
2023-11-09,419.43511962890625,423.9113935278032,419.0097266771128,423.8727133946502,83174400
2023-11-10,425.9803771972656,426.28975929301595,419.4254952530958,421.50413223667414,89462200
2023-11-13,425.5742492675781,426.67638218285714,423.863029699829,424.6461326803493,52236100
2023-11-14,433.830810546875,435.1166375219735,431.2784524100305,431.50082633241226,97176900
2023-11-15,434.7491760253906,436.39274237985995,433.8983901244557,435.16489156652574,77327600
2023-11-16,435.2808837890625,435.5999137144547,433.2409274336067,434.3044096920699,66665800
2023-11-17,435.8223876953125,436.43147446982493,434.37219232906403,435.2906316917746,83133200
2023-11-20,439.1771545410156,440.0182630951851,435.5613141930735,435.57099160312566,69936200
2023-11-21,438.2200012207031,439.0514618608499,436.9534996970191,438.13299304399567,49244600
2023-11-22,439.91192626953125,441.2267854299995,438.8194705277012,439.8732756356209,59394900
2023-11-24,440.1826171875,440.3759883694041,439.63156537724313,439.96027278304024,29737400
2023-11-27,439.389892578125,440.36633744385705,439.003150191057,439.55423153875734,50506000
2023-11-28,439.82489013671875,441.1203943936042,438.4423777026132,439.00310690168646,62115000
2023-11-29,439.5155029296875,443.10234049536746,439.1191421839662,441.97117519611106,63146000
2023-11-30,441.2460632324219,441.59412543023933,438.28766732031204,440.35662667945024,79752700
2023-12-01,443.8564147949219,444.38814123082403,440.0472330596215,440.6369649429203,89183400
2023-12-04,441.52642822265625,443.8757373404589,439.2544498661346,440.4726232624604,72430900
2023-12-05,441.439453125,442.3965725770802,439.76688393206007,440.14394887033336,69793500
2023-12-06,439.66058349609375,443.60510200805135,439.2255130737281,443.57609928018036,69124700
2023-12-07,443.0152893066406,443.6630266124851,441.13970123464765,441.73911050428126,66995400
2023-12-08,444.9198913574219,445.4516177863762,442.02914891320626,442.2708481089666,83194400
2023-12-11,446.6504821777344,446.8245280398024,444.21416465607524,444.4268611503367,65002200
2023-12-12,448.6904296875,448.7871152745883,445.30664066950123,446.3024402574832,68327600
2023-12-13,454.8779296875,455.12930631637573,448.70976090431213,449.06747102737427,93278000
2023-12-14,456.3377990722656,458.00069086527446,453.66943027540754,456.8115200961749,119026000
2023-12-15,455.58642578125,456.91633245678577,453.74207009746453,455.7417439978948,141553700
2023-12-18,458.149169921875,459.1296032853033,456.13009218585904,457.1881698520897,70375300
2023-12-19,460.9350891113281,461.0127630324847,458.61509172941334,458.69273602664884,55761800
2023-12-20,454.5477600097656,461.96401935450547,454.12064234016117,460.0808267995912,102921000
2023-12-21,458.85772705078125,459.1295265010188,455.1107457468796,457.5278204873464,86667500
2023-12-22,459.7799377441406,461.4592882220052,457.8870580411275,459.98377994700513,67160400
2023-12-26,461.7213439941406,462.62410332069675,460.1099508863103,460.1876248035588,55387000
2023-12-27,462.55615234375,462.7017539013479,460.98359627385656,461.51747852635486,68000300
2023-12-28,462.73089599609375,463.5656980482324,462.31349497002446,462.9153345190397,77158100
2023-12-29,461.391357421875,463.0609913493408,459.4402073535901,462.5367960308314,122283100
2024-01-02,458.8092346191406,459.79938459581,456.7124830275094,458.33359292378987,123623700
2024-01-03,455.062255859375,457.3919698393569,454.4604162904711,456.6542157231931,103585900
2024-01-04,453.5964660644531,457.16869615612853,453.37319057475315,454.5865863632777,84232200
2024-01-05,454.2177429199219,456.66393818647634,452.7713549830218,453.8003122508208,86118900
2024-01-08,460.7021179199219,460.84771948944723,454.5865853845721,454.71278328613425,74879100
2024-01-09,460.003173828125,461.02241437904433,457.54726208619434,458.05202403896755,65931400
2024-01-10,462.604736328125,463.4686883884697,459.99350610212235,460.275022232607,67310600
2024-01-11,462.40087890625,464.119036700077,458.4306513904914,463.60455806414546,77940700
2024-01-12,462.72119140625,464.58498035155515,461.3136700813151,463.8472262405501,58026400
2024-01-16,461.02239990234375,462.65319658217305,459.207164709733,461.3427529504032,85014900
2024-01-17,458.45977783203125,458.94513616011074,456.110630489601,458.00353981867966,68843900
2024-01-18,462.5367431640625,463.09005873569527,458.58594911701266,460.12938495584103,91856200
2024-01-19,468.30279541015625,468.5843115147551,462.5852901238366,463.66277131466796,110834500
2024-01-22,469.29296875,471.0111265282756,468.6425755704272,469.83656769535,75844900
2024-01-23,470.6617126464844,470.90439183576893,468.74942907388987,469.8366271020566,49945300
2024-01-24,471.1761169433594,474.45711397403113,470.68104202686277,473.5252343876121,81765000
2024-01-25,473.7388610839844,474.01066056996024,471.17618444820096,473.3020267275593,72525000
2024-01-26,473.1369934082031,474.79691054106985,472.29247468488353,473.3117152908374,76641600
2024-01-29,476.88397216796875,477.0296033689382,472.90405748370506,473.4476564539632,61322800
2024-01-30,476.51513671875,477.2237409528727,475.75794925118413,476.1947836172532,58618400
2024-01-31,468.7396545410156,474.75807991768903,468.7202212489611,474.31155855924624,126011100
2024-02-01,474.8745422363281,474.90366254751126,469.63264923202524,470.43836054795435,91891600
2024-02-02,479.873779296875,481.5239798187347,474.971642466127,475.31139921660196,99228200
2024-02-05,478.1264343261719,479.9028622372628,475.8743943997294,479.24278207992484,75757100
2024-02-06,479.5146179199219,479.84465802363434,477.6411122849623,479.0680669349689,55918600
2024-02-07,483.513916015625,483.93131701939416,480.8541325434168,481.75692144262655,70556500
2024-02-08,483.7275390625,484.10610316011065,482.69858176017516,483.51398020972,52343600
2024-02-09,486.523193359375,486.9599980744067,483.8925299274153,484.2322866772762,63979400
2024-02-12,486.30963134765625,488.75582660767503,485.59128089218916,486.49406987855394,56502300
2024-02-13,479.6116638183594,482.53353038052535,476.3500701317823,480.04849815534635,113099200
2024-02-14,483.9701843261719,484.4555426281319,479.9222830533005,482.2423099561509,68387800
2024-02-15,487.3094482421875,487.4938867654942,484.19342663721847,484.6690979139186,61683000
2024-02-16,484.8826599121094,488.14425347916483,484.1449058140717,487.0085316428908,75532900
2024-02-20,482.21319580078125,483.8148722929186,479.970842787005,483.14507545774694,71736700
2024-02-21,482.64996337890625,482.80528158044035,479.10685392666875,480.9124020985744,59293400
2024-02-22,492.6387023925781,493.59970240133447,488.2898811137423,489.25091074641995,76402500
2024-02-23,492.9784240722656,495.1916567031526,492.25038663284334,494.3568250348437,61321800
2024-02-26,491.1728820800781,493.8520693709636,491.0466841824756,493.4152350521733,50386700
2024-02-27,492.08538818359375,492.30866367947897,489.9692329795254,491.86214231163,48854500
2024-02-28,491.43499755859375,492.0174038220213,490.17304819868775,490.53220860244136,56506600
2024-02-29,493.2016906738281,494.8130838290683,490.5516532421677,493.1920036518268,83924800
2024-03-01,497.8320007324219,498.25911842016706,493.6676477127876,494.0753617325155,76844800
2024-03-04,497.2981262207031,499.1425115484434,497.00692307628157,497.03607301464484,49799300
2024-03-05,492.3280029296875,495.7449440770518,490.1244870696133,495.29839314371003,72855600
2024-03-06,494.8227844238281,497.0748540345267,493.53174438668293,495.5993458504527,68382400
2024-03-07,499.73455810546875,500.78294851299574,494.88097561410905,498.1134781427479,58652100
2024-03-08,496.735107421875,503.04473579557066,496.1623881738849,500.36560770630734,86532500
2024-03-11,496.3080139160156,496.8904498381802,493.6094227797772,495.53145243574386,62557200
2024-03-12,501.6469421386719,502.2293483869414,495.9002573325016,498.41443934118087,73114400
2024-03-13,500.8606872558594,502.1420404607562,499.424045441815,501.9673185575223,55104100
2024-03-14,499.87054443359375,501.9866995940405,496.8321966177629,501.831351753217,110171800
2024-03-15,496.4380798339844,498.25898476271357,494.77300540358664,496.80810297761957,107646300
2024-03-18,499.3885498046875,501.93972478311895,498.9795987021718,500.498619372016,88893300
2024-03-19,502.1637268066406,502.4460879024091,497.6942674328087,498.69724067048253,60755300
2024-03-20,506.8083801269531,506.94471696954355,501.5502591703246,502.22213711517423,69594600
2024-03-21,508.483154296875,510.342957334889,508.200733818281,509.6418984195912,60256100
2024-03-22,507.5192565917969,508.8824467519345,507.28551081424,508.3955803879005,79070800
2024-03-25,506.1170654296875,507.2660628859731,505.961234915521,506.14624650613894,48512100
2024-03-26,505.1822204589844,507.87947884663447,504.7830162330491,507.5386367689601,65463700
2024-03-27,509.4277038574219,509.4666912006187,505.8443747669276,508.00609219695343,82999800
2024-03-28,509.33038330078125,510.829910300913,509.04802220619024,509.46672014586477,96294900
2024-04-01,508.4442138671875,510.60593125263364,507.2854696375655,510.07039018205234,62477500
2024-04-02,505.2115173339844,505.3477947483364,502.9134629158643,504.62724203503336,74230300
2024-04-03,505.7664489746094,507.2660352902269,504.0721636747669,504.12083842082313,59155800
2024-04-04,499.5929870605469,510.10928714568735,499.29113233493734,509.76850451197106,96858100
2024-04-05,504.8121643066406,506.7693762627344,500.50828302932854,500.9464745680228,74546500
2024-04-08,505.0946044921875,506.5162756490336,504.2864491311744,505.51336185898396,48401800
2024-04-09,505.678955078125,507.0713859335898,500.8394718680161,506.82795271902734,68049200
2024-04-10,500.6154479980469,502.6018412987628,498.6388015333815,499.9922448100833,82652800
2024-04-11,504.3935546875,505.8346601112469,498.6290735605831,502.1344876196163,70099000
2024-04-12,497.4313659667969,502.27081877394835,495.70784003413945,500.85889444352966,92561100
2024-04-15,491.199462890625,501.7644387082916,490.3522904966187,501.5989207934361,92101400
2024-04-16,490.3036193847656,493.19560665785394,489.01828510429004,491.6765860412786,73484000
2024-04-17,487.4018859863281,492.9229634124424,486.00945537176443,492.7574157801548,75910300
2024-04-18,486.39898681640625,490.8879103775737,485.4642116695209,488.79439084700124,74548100
2024-04-19,482.1534729003906,487.3142441699,480.8876025986124,486.32104754330464,102212600
2024-04-22,486.59368896484375,489.18382142190774,482.4163675078979,484.75331996273405,67961000
2024-04-23,492.367919921875,492.7963646750655,486.4086807205422,488.5995792337359,64633600
2024-04-24,492.13421630859375,494.04272395926796,489.91410708182036,493.25400289949073,55928100
2024-04-25,490.2646789550781,491.0241892900092,484.4222826199273,486.0678932982719,69122400
2024-04-26,494.909423828125,496.48686615025724,492.41667033113185,493.0495906841402,64306100
2024-04-29,496.66204833984375,497.33392621215023,493.92586210692747,496.69125912925006,46415400
2024-04-30,488.7943115234375,496.1751917116098,488.7943115234375,495.20145909113546,77483600
2024-05-01,487.2071838378906,494.84124497607075,486.7397814235659,488.2101273744075,80242800
2024-05-02,491.7641906738281,492.60161619088024,486.4281251448712,490.90730120185356,62550200
2024-05-03,497.8598327636719,499.0867158383158,495.201531622673,497.7332427499149,72756700
2024-05-06,503.0011291503906,503.0400570645358,499.8170040691018,500.255195688938,47264700
2024-05-07,503.5561218261719,504.9485523975052,502.8842439138016,503.96507290224616,52561300
2024-05-08,503.6047668457031,504.14030789046143,501.60862689782874,501.7254700555243,42047200
2024-05-09,506.5065612792969,506.54554862676025,503.1374839119154,503.7898682306733,43643700
2024-05-10,507.1590576171875,508.91176490874483,505.94189152139245,508.10354998019415,52233200
2024-05-13,507.2270202636719,508.9407991411694,506.08776976766853,508.8337028193061,36716400
2024-05-14,509.5542907714844,510.0703976103099,506.88627278339663,507.42181386177714,57535900
2024-05-15,515.8641967773438,516.1563047340521,511.38499019072265,512.0179402902028,59504900
2024-05-16,514.802734375,517.558414507879,514.6566506998298,515.9614786446474,50244800
2024-05-17,515.542724609375,515.6108930215729,513.4686694664939,514.9195214966393,59187600
2024-05-20,516.1366577148438,517.5972564963745,515.2700215074756,515.6595382886503,37764200
2024-05-21,517.4026489257812,517.5584794564415,515.1728221981522,515.3773274826686,33437000
2024-05-22,515.9127197265625,517.4219932520712,513.7412557847823,516.7111875279095,48390000
2024-05-23,512.14453125,519.0677572803991,510.9370526401655,518.9606609347318,57211200
2024-05-24,515.5330200195312,516.3412347653415,513.0402667962413,513.9847589456947,41291100
2024-05-28,515.893310546875,516.5749353115505,513.2642204156563,516.3412489766735,36269600
2024-05-29,512.2807006835938,513.458938533357,511.5698948988185,511.87174962966077,45190300
2024-05-30,508.8824768066406,511.40447087133504,507.6361297457073,510.7423397089747,46377600
2024-05-31,513.5174560546875,513.6440460717812,504.7441141188356,509.8367770177735,90785800
2024-06-03,513.9361572265625,515.4065032558699,508.87273480704334,515.1241421408643,46835700
2024-06-04,514.5105590820312,515.250605333056,511.17066354967966,512.6312623824123,34632700
2024-06-05,520.6256713867188,520.6451650598835,514.84169649016,516.8281493311971,47610400
2024-06-06,520.6158447265625,521.3558910101924,518.6878732006264,520.927446289771,30808500
2024-06-07,519.9830322265625,522.7873872843439,518.55161418802,519.6421901069427,43224500
2024-06-10,521.5895385742188,521.9108869486413,518.5807383516342,519.1747009286601,35686100
2024-06-11,522.8457641601562,522.9041857425336,518.0744503489441,520.0414093421914,36383400
2024-06-12,527.1399536132812,529.8274655446977,526.1077992631506,527.4028804771598,63251300
2024-06-13,528.2013549804688,529.0582445758802,525.4164935113477,528.8829798084458,44760900
2024-06-14,528.5226440429688,528.5518251182958,525.6695550365463,526.6725282080745,40089900
2024-06-17,532.7290649414062,534.1215548157255,527.3832826445532,527.8409678567655,55839500
2024-06-18,534.0826416015625,534.2092316077063,532.3688625324717,532.7875604635906,41376400
2024-06-20,532.6317749023438,535.669816103357,530.8595742964317,535.0076850141029,70328200
2024-06-21,531.9176025390625,533.031253064821,530.4620700069489,531.8101607226251,64338600
2024-06-24,530.1885986328125,534.3012597413704,530.0713785197397,531.7418545665156,45528700
2024-06-25,532.2302856445312,532.5917242597523,529.8955424418219,531.4096852385123,37936200
2024-06-26,532.89453125,533.6076301716555,530.4719028733521,531.1166134619692,38550600
2024-06-27,533.7347412109375,534.311123211826,532.0154331135317,532.7578670304722,35041500
2024-06-28,531.63427734375,537.554190328543,530.3936880532558,534.506288952046,76144500
2024-07-01,532.7284545898438,533.2559450469041,529.9736629556671,533.0117265646933,40297800
2024-07-02,536.3135986328125,536.3135986328125,531.0775683576217,531.126400132376,40434800
2024-07-03,538.70703125,539.068469909586,535.9620173191718,536.0010708200014,32789900
2024-07-05,541.8134765625,542.213968717536,538.3748605783948,539.0098526062544,41488400
2024-07-08,542.4386596679688,543.3861988920726,541.3738407022457,542.5949332840256,36110500
2024-07-09,542.9661865234375,544.2947210316149,542.6731362089374,543.396013525926,27289700
2024-07-10,548.3389282226562,548.6808102777995,543.894163387503,544.1872136667199,38701200
2024-07-11,543.61083984375,549.3255886798729,542.9759074999535,548.4561564855596,53054200
2024-07-12,547.0396728515625,550.6345620898736,544.2653840243584,544.7342644743289,53084400
2024-07-15,548.5440673828125,551.7775178290722,546.6879829958002,549.0325043663784,40584300
2024-07-16,551.7970581054688,552.090108393895,549.1008762046278,549.8530882979716,36475300
2024-07-17,544.0601806640625,547.5476278240299,543.7377955656038,545.8771519032762,57119000
2024-07-18,539.879150390625,546.580551242634,537.7007404833427,545.593898977862,56270400
2024-07-19,536.2940673828125,541.2663824595259,535.2390267295067,539.644738170822,65509100
2024-07-22,541.8232421875,542.4288993582354,538.277184442637,540.2113760766848,43346700
2024-07-23,540.9733276367188,543.8648365993427,540.484890622907,541.7157018138391,34439600
2024-07-24,528.7135620117188,536.4699449259502,527.7952979520205,536.1671163330532,74515300
2024-07-25,525.9586791992188,534.7994361794972,525.0209183627663,528.8306910081631,61158300
2024-07-26,531.8492431640625,534.5356464631268,528.9674531548811,529.7392217162956,53763800
2024-07-29,532.161865234375,534.3988851266782,530.169004207153,533.3927359573876,39515800
2024-07-30,529.4657592773438,534.6822931769603,526.0662565076813,533.6272524601584,46853600
2024-07-31,538.0718994140625,540.6996925359946,534.9166158614872,536.284203519186,65663400
2024-08-01,530.4524536132812,542.0381669821182,526.9552273833177,539.7913683115238,76428700
2024-08-02,520.5761108398438,524.5714915916972,516.3755054864699,523.3601775288013,82789100
2024-08-05,505.41510009765625,511.4717311244644,498.4695101090915,499.80785259777787,146267400
2024-08-06,510.07476806640625,517.4989864003181,505.8937188490462,507.2124748611044,84826300
2024-08-07,506.66552734375,519.2965627450678,506.0696484137689,516.2486605015515,70698300
2024-08-08,518.378173828125,519.0033278281719,509.7719169059722,511.79399346845105,63276600
2024-08-09,520.6640625,522.1489300560904,516.3365178449808,517.5576103421191,45619600
2024-08-12,520.937744140625,523.340816607706,518.6713887529162,521.8560083095788,42542100
2024-08-13,529.5047607421875,529.739260585726,523.8780165940644,524.122235093717,52333100
2024-08-14,531.1752319335938,532.3572709257232,527.6291745808618,530.2960214933445,42446900
2024-08-15,540.2797241210938,540.5629961238054,536.1866195717042,536.7922766972661,60846800
2024-08-16,541.4910278320312,542.1846298407453,538.5115740387317,538.6678476452682,44430700
2024-08-19,546.6683349609375,546.6683349609375,541.0513105898468,541.9011860291464,39121800
2024-08-20,545.779541015625,547.8700657821756,544.4412283435015,546.2191462607274,33732300
2024-08-21,547.6550903320312,549.1106230342316,541.9012882335657,546.8247712917706,41514600
2024-08-22,543.3568725585938,550.1559376249218,542.1455582382872,549.5502804647684,56121500
2024-08-23,549.1301879882812,550.0680084955276,544.4020915801096,546.5903394303513,50639400
2024-08-26,547.8211669921875,550.8690092024209,546.1214157161334,550.1559102385648,35788600
2024-08-27,548.5734252929688,549.0618623501647,545.4083627021253,546.5512887213379,32693900
2024-08-28,545.3887329101562,548.661296528156,542.2041141850556,548.2314695905903,41066000
2024-08-29,545.4376220703125,550.644377643334,544.2946960843145,547.352316743397,38715200
2024-08-30,550.6443481445312,551.1523417216108,544.2556134288437,547.8016709409602,62700100
2024-09-03,539.3125,547.8405891280413,536.8019271987077,547.5084258042234,60600100
2024-09-04,538.208740234375,541.608242662233,536.7532075195429,537.4760847370844,47224900
2024-09-05,536.8997192382812,540.9928237930679,534.4477558926965,538.1501466111926,44264300
2024-09-06,527.8637084960938,538.8437645502386,526.9650009606123,537.2221796738046,68493800
2024-09-09,533.7737426757812,535.0437266855093,530.1300214174476,532.054494369654,40445800
2024-09-10,536.0986938476562,536.4504138231891,530.8138314182086,535.6786451567546,36394600
2024-09-11,541.5984497070312,542.5167136236998,527.4728902611638,536.0107592184578,75248600
2024-09-12,546.1605224609375,546.4633510224045,539.9573366553728,542.1748597619055,51819600
2024-09-13,549.0130004882812,550.0094311099382,546.5122052774053,546.7662020730168,39310500
2024-09-16,549.8237915039062,550.0875069413107,546.9517795427174,548.7491943236346,36656100
2024-09-17,550.0484619140625,553.477299266029,547.8211605278194,552.0314851715059,49321000
2024-09-18,548.4171142578125,555.5385046014119,547.8602888957543,550.702966140304,59044900
2024-09-19,557.7755737304688,559.6316584337985,554.9426745171918,557.8049085738365,75315500
2024-09-20,556.8113403320312,557.8500005367814,553.7933228326182,556.4096197933483,77503100
2024-09-23,558.2027587890625,558.8495067502496,556.6643550711399,557.8794446150124,44116900
2024-09-24,559.7998657226562,559.8586555458002,556.174333811357,558.9963649353333,46805700
2024-09-25,558.5653076171875,560.378103761662,557.4580492681129,559.6432009533316,38428600
2024-09-26,560.7798461914062,563.1413674659622,558.428192996937,562.8179934718497,48336000
2024-09-27,559.9664306640625,562.6610738881527,558.9375788488986,561.847824630314,42100900
2024-09-30,562.2103881835938,562.8179029799776,556.6447321030395,558.937595094156,63557400
2024-10-01,557.1738891601562,562.5043864049716,554.6066335561335,561.8576982708267,72668800
2024-10-02,557.4090576171875,558.4281611024765,553.8913563966638,556.282242548741,38097800
2024-10-03,556.3899536132812,558.3300776437013,554.1068390984451,555.9391917508498,40846500
2024-10-04,561.4461059570312,561.8184614824812,556.6643337627131,560.8287828388663,42939100
2024-10-07,556.370361328125,560.446655391967,555.2239297880301,559.7999074826037,49964700
2024-10-08,561.6322631835938,562.230029540932,558.0655806170524,558.9376197622599,37398700
2024-10-09,565.5224609375,566.0809942856702,561.0248291372598,561.6225357741174,37912200
2024-10-10,564.5327758789062,565.953600014702,562.9257739624676,564.1800368650188,44138100
2024-10-11,567.9132080078125,568.6481106846586,564.3170411817416,564.4542373683208,42268000
2024-10-14,572.557861328125,573.4887501402064,569.0401003876937,569.5202272995722,36217200
2024-10-15,568.1093139648438,573.1262458468478,566.8942243784207,572.8224884018784,54203600
2024-10-16,570.5785522460938,571.097912292803,567.3058184280349,568.1093193754714,30725400
2024-10-17,570.62744140625,574.3215715502484,570.4412636582532,574.1157772582931,34393700
2024-10-18,572.8224487304688,573.6063330690159,570.8528997080355,572.3128969974695,37416800
2024-10-21,571.8817138671875,573.0771269383695,568.9126781204517,572.0972566282711,36439000
2024-10-22,571.5780029296875,572.7342428128154,568.697181591541,569.3536780068462,34183800
2024-10-23,566.3552856445312,570.0004346494243,562.8571411229607,569.5594810059998,49314600
2024-10-24,567.5801391601562,568.3836400907534,564.9639018539431,568.3052337104026,34979900
2024-10-25,567.3840942382812,572.6950344865168,566.443456997856,569.8044050522926,47268200
2024-10-28,569.1381225585938,570.9802836348513,568.8343651367928,570.8528957024953,30174700
2024-10-29,570.0592651367188,571.1762720247682,566.7864714367279,568.1778707648036,42899700
2024-10-30,568.3346557617188,571.5780244818477,567.6291179550885,569.5888588084969,41435800
2024-10-31,557.1934814453125,564.0427655154251,556.9974954170759,563.9741674152153,60182500
2024-11-01,559.5452270507812,563.9644525610958,559.1336981878939,559.8196194970722,45667500
2024-11-04,558.3399047851562,560.9757583388703,556.4585705161212,559.6823223393656,38217000
2024-11-05,565.0912475585938,565.1304208425688,559.0356559214524,559.251198693126,39478300
2024-11-06,579.1426391601562,580.014738259286,573.6064067155438,577.3397109306703,68182000
2024-11-07,583.62060546875,584.639708979933,581.063158030651,581.1415644099445,47233200
2024-11-08,586.1486206054688,587.569444510154,584.1692634497057,584.1692634497057,46444900
2024-11-11,586.7072143554688,588.0888053142032,584.9826328704219,587.7360663213191,37586800
2024-11-12,584.8847045898438,587.2265495486535,582.4056036057904,586.6288429184635,43006100
2024-11-13,585.1688232421875,587.1677373847895,582.9837313260188,585.3451927424278,47388600
2024-11-14,581.4060668945312,585.7763103260314,580.7202054727688,585.296183408181,38904100
2024-11-15,573.9590454101562,578.3194803370213,572.1070761341368,577.8491019104924,75988800
2024-11-18,576.3107299804688,577.6237226660043,573.5572968817456,574.4195277074432,37001700
2024-11-19,578.41748046875,579.142574989824,572.2737337790142,572.9400384688264,49412000
2024-11-20,578.6134033203125,578.8975441726233,572.8615695316089,578.4958236706298,50032600
2024-11-21,581.7196044921875,583.1404284379229,575.6248397212988,581.4550801704302,46750300
2024-11-22,583.5226440429688,584.1497754660484,581.2101642027249,581.7098478799927,38226400
2024-11-25,585.5020141601562,588.7649396726674,583.2188992835091,587.451946771504,42441400
2024-11-26,588.5591430664062,589.2254477201681,586.0310608458545,586.7463470552605,45621300
2024-11-27,586.7757568359375,588.7550542016285,585.256969810655,588.3729502321648,34000200
2024-11-29,590.4209594726562,591.204843913549,587.3147867247623,587.5891193661275,30177400
2024-12-02,591.4791259765625,592.1552388895445,590.3424429138348,590.8323780737772,31746000
2024-12-03,591.7535400390625,591.9985076527607,590.2151960547985,591.2440480710218,26906600
2024-12-04,595.427978515625,595.6729460981672,592.7725681970518,593.438872844782,42787600
2024-12-05,594.4481811523438,596.2315525489399,594.0954421437544,595.4280516027892,28762200
2024-12-06,595.574951171875,596.8095972909788,594.800875182747,595.212403953603,31241500
2024-12-09,592.5079956054688,595.6239761392873,591.9200973185369,595.4574149257465,34742700
2024-12-10,590.6659545898438,593.6055662349224,590.0094580682774,593.1842290759141,37234500
2024-12-11,595.2321166992188,596.1825623151827,593.3115491139272,593.5859415432025,28677700
2024-12-12,592.1651000976562,594.9380902901107,592.1651000976562,594.3698085144841,31543800
2024-12-13,592.0474853515625,594.9086900260288,590.6756429397628,594.1934038090473,35904700
2024-12-16,594.5755615234375,595.5456834945226,593.0274092921627,593.8014854078001,43695200
2024-12-17,592.1258544921875,592.9881452170704,590.7540718346318,592.0278913761272,55773500
2024-12-18,574.4784545898438,594.2031909866316,574.0962907751041,591.822113059209,108248700
2024-12-19,574.302001953125,581.0631314525076,574.057034359764,579.456129686489,85919500
2024-12-20,581.199951171875,585.7225012446567,571.132257605004,571.9778279294948,125716700
2024-12-23,584.6803588867188,585.2800771480029,577.7686569320756,580.9443313472664,57635800
2024-12-24,591.1790771484375,591.2184422848073,585.4471892507113,586.0272849416975,33160100
2024-12-26,591.2184448242188,592.3392110668057,588.0133066034633,589.4093887705021,41219100
2024-12-27,584.9949340820312,587.7183292627742,580.8164691334702,587.4823184826345,64969300
2024-12-30,578.3192138671875,581.7799853973963,574.5733451400716,577.9948115421023,56578800
2024-12-31,576.2152709960938,580.6985158642835,574.583178079053,579.9807622286955,57052700
2025-01-02,574.7994384765625,581.1801901339398,570.7291079559299,579.4694871635404,50204000
2025-01-03,581.9864501953125,582.6254735449975,576.5593423217554,577.6408633877121,37888500
2025-01-06,585.3390502929688,589.6060270134918,583.608664526265,586.2337670283534,47679400
2025-01-07,578.7223510742188,587.6888410122485,576.903513754268,587.3643786767495,60393100
2025-01-08,579.56787109375,580.6395509433228,575.350100693004,578.7911897402016,47304700
2025-01-10,570.7192993164062,576.0874192959229,568.8119506064235,576.0185903209236,73105000
2025-01-13,571.604248046875,571.9581742427216,565.6658729466735,566.0788468496604,47910100
2025-01-14,572.3907470703125,575.1534475548353,568.6153544470202,574.5242054496483,48420600
2025-01-15,582.802490234375,583.9429389739179,579.2827311805529,580.3937160773642,56900200
2025-01-16,581.6817016601562,584.34604932179,580.9836305712422,584.1690862304802,43319700
2025-01-17,587.521728515625,589.2717368825727,585.5848557638515,586.9121689712896,58070600
2025-01-21,592.8995361328125,592.9093774154856,588.5932548694913,590.5595911538271,42532900
2025-01-22,596.2326049804688,597.5893820777127,595.1707663809229,595.7213382459036,48196000
2025-01-23,599.4868774414062,599.4868774414062,595.3280946897063,595.6033506126263,41152100
2025-01-24,597.7367553710938,600.4995156835615,596.5864653530726,599.5458113037603,34604700
2025-01-27,589.2816162109375,589.5962372876534,584.6312490621345,584.7983708814467,70361100
2025-01-28,594.3449096679688,595.1805787054238,587.1972570477369,590.5105293609671,44433300
2025-01-29,591.6805419921875,593.9614997638901,589.1341095636221,593.5583671362218,37177400
2025-01-30,594.856201171875,596.389941511758,590.6089063826978,593.7944224804594,39281300
2025-01-31,591.6903686523438,599.6933732210748,590.9333098394596,597.2747575383468,66566900
2025-02-03,587.70849609375,590.1860392450765,580.5510025263411,582.6943020815504,65857200
2025-02-04,591.6510009765625,592.1622076462813,587.2267439810199,587.7674745011321,33457800
2025-02-05,594.0499267578125,594.1974260072697,588.5049031019603,590.5302274178379,30653100
2025-02-06,596.1146240234375,596.242440705887,592.4867305159943,595.7901616750784,35771500
2025-02-07,590.6580200195312,597.8941240756534,589.9501076619601,596.6750050236558,50788500
2025-02-10,594.6693115234375,595.3083949100401,592.5948408497425,593.8631663388722,26048700
2025-02-11,595.1216430664062,595.6623736678141,592.2901133629294,592.408088766588,30056700
2025-02-12,593.204345703125,594.3743182514838,588.436003976824,589.1143924293652,45076100
2025-02-13,599.4672241210938,599.6737110792319,593.047165943141,594.3055902381474,40921300
2025-02-14,599.4376831054688,600.7059485220444,598.8182823186273,599.6736338799176,26910400
2025-02-18,601.197509765625,601.197509765625,598.1398710820379,600.5977915687461,26749000
2025-02-19,602.6133422851562,602.908280775238,599.3000698962699,599.8113366176324,31011100
2025-02-20,600.1062622070312,601.3843689751305,596.8028311734677,601.2467110134413,36554000
2025-02-21,589.8419799804688,600.0275889538111,589.3798596850504,599.8899309928074,76519800
2025-02-24,587.157958984375,592.8800056614799,586.4500466079941,591.8869960824046,50737200
2025-02-25,584.2379150390625,587.8265033006376,579.6366946428752,587.098968367302,58266500
2025-02-26,584.5328979492188,589.4881049123491,581.8980139327481,585.8995163780398,43321600
2025-02-27,575.2025756835938,587.9542991571739,574.809344386224,586.8039490929929,74196700
2025-02-28,584.178955078125,584.7098443771037,572.6365684069419,575.7040488167072,88744100
2025-03-03,573.9441528320312,587.2857532860544,570.1392964764723,586.1452445030724,74249200
2025-03-04,567.1505126953125,575.5369680083471,562.6181207422406,569.9525786591505,109648200
2025-03-05,573.24609375,575.035467216836,563.434093538414,566.9833166199888,71230500
2025-03-06,563.0703735351562,570.4047711019521,560.523941077153,565.7937090893346,80094900
2025-03-07,566.2262573242188,567.6715458955733,556.1094773560538,561.2907933786839,81158800
2025-03-10,551.1445922851562,559.953743284554,546.2385912694426,558.0366127932136,99326600
2025-03-11,546.5629272460938,554.5266268117218,542.728606721458,549.9843938775969,88102100
2025-03-12,549.4633178710938,553.6319422779778,544.3705127696392,552.7077615834074,69588200
2025-03-13,542.138671875,549.6992388466521,540.4279685563406,549.0896792735167,74079400
2025-03-14,553.3369140625,554.3397648685512,542.2074423986709,546.7496748611676,62660300
2025-03-17,557.6039428710938,560.1208513978755,552.8846868765244,553.3172833424321,49008700
2025-03-18,551.5770874023438,555.5097605205915,549.6500559715837,555.2934322950165,66041400
2025-03-19,557.5842895507812,561.3399999727566,552.1768634471969,553.3566775077279,66556000
2025-03-20,555.9718627929688,560.966374832501,553.1304918485869,553.848245552193,62958200
2025-03-21,556.1552734375,557.0526817242638,550.2878724028328,551.5205297947124,83763000
2025-03-24,566.1151733398438,567.1703352751009,562.2890000340255,562.880651498493,58766800
2025-03-25,567.4760131835938,568.4127846067184,565.73055113845,567.3181993393742,38355700
2025-03-26,560.7012939453125,568.3338979913931,559.3206937528307,567.2097001365158,51848300
2025-03-27,559.2122802734375,562.9792883535321,557.101956447335,559.3108687859911,42164200
2025-03-28,547.9507446289062,558.413587192946,547.3689639965595,557.6838635858104,71662700
2025-03-31,551.6289672851562,552.93066066187,539.2826520783074,542.201606334121,95328200
2025-04-01,553.18701171875,555.1297110203275,545.9981756472096,549.715889513425,54609600
2025-04-02,556.6878662109375,559.547595484726,547.1125611273237,547.3492217360947,76014500
2025-04-03,529.2537841796875,540.3673821784607,529.2537841796875,537.5470765410741,125986000
2025-04-04,498.2696838378906,518.5740121118964,498.05273494035157,516.404523136506,217965100
2025-04-07,497.3821716308594,515.9114550791749,475.115432610906,482.40291724281104,256611400
2025-04-08,489.5918273925781,517.6963871548359,482.37337814369187,514.6196789750944,165816600
2025-04-09,541.0084228515625,541.0084228515625,486.20939567811143,486.59399925019795,241867300
2025-04-10,517.3019409179688,526.0981670837639,502.25365007002944,524.7866027854379,162331200
2025-04-11,526.5320434570312,528.9874872153164,512.8544826104954,515.7536950429114,97866300
2025-04-14,531.6401977539062,536.7286411738348,526.453165817952,536.5017912856171,68034000
2025-04-15,530.1510620117188,535.6930840370895,529.3621734315309,532.1824786951643,56892900
2025-04-16,518.3668823242188,530.4272422697393,513.0713913810127,524.3033791384568,83484800
2025-04-17,519.1065063476562,523.800475242003,516.6411916080497,520.3194821276195,79868100
2025-04-21,506.7503356933594,514.4618467446136,501.40552056556845,513.9293002870572,69368100
2025-04-22,519.9349365234375,521.956482797522,511.9867633247528,512.9235950678715,75948100
2025-04-23,527.991455078125,537.8625838932508,526.4728430251603,532.9319549297188,90590700
2025-04-24,539.105224609375,539.8349482182391,528.0211780146883,529.2735171048926,64150400
2025-04-25,543.0003662109375,543.4046513367819,536.1467793425768,539.0657336001437,61119600
2025-04-28,543.2074584960938,545.8700106135369,537.4583875113086,543.7400050325934,47613800
2025-04-29,546.6292724609375,547.7435994540236,540.9393072120234,541.294298062473,47775100
2025-04-30,546.8462524414062,548.7988227140515,534.0069337400583,539.9729835885655,93101500
2025-05-01,550.7217407226562,556.2440822591161,550.1202183270924,552.5954041380958,63186100
2025-05-02,558.896728515625,560.4942476694231,554.5774922291787,556.8948640346016,60717300
2025-05-05,555.6917724609375,558.7882219920989,553.9068871278389,554.7648117792631,38659200
2025-05-06,551.047119140625,555.533979770925,549.2326812616892,550.1891944565425,48264700
2025-05-07,553.3645629882812,555.9975022415719,548.3254139860352,552.3784371058738,55588000
2025-05-08,557.2202758789062,562.3974366423718,553.9069074354913,557.3977713110521,65130800
2025-05-09,556.51025390625,559.6263849147109,554.9521583078488,558.6205173502777,37603400
2025-05-12,574.9015502929688,574.9114211824733,569.0340889310521,573.4026196086874,78993600
2025-05-13,578.6981811523438,580.907093658496,574.7536773375426,575.3157161654024,67947200
2025-05-14,579.437744140625,580.8084133986617,577.4161378946785,579.6546629482465,66283500
2025-05-15,582.2678833007812,582.770756919371,576.9822030720642,577.4358426248243,71268100
2025-05-16,585.9559326171875,586.251758304484,581.104210780506,583.0468496173695,76052100
2025-05-19,586.596923828125,587.2773530559552,579.9405744991373,579.9405744991373,68168500
2025-05-20,584.624755859375,585.8081190582527,581.4198464644389,584.8614766498325,60614500
2025-05-21,574.7733764648438,584.3585523251965,573.7478271095126,580.2759763071138,95197700
2025-05-22,575.0001220703125,578.4811148637216,573.3433777523152,574.5760350084579,70860400
2025-05-23,571.0753173828125,573.7378691727489,567.6140060747297,567.988738706783,76029000
2025-05-27,582.9483642578125,583.1061179228353,570.4048112020747,577.938827709351,72588500
2025-05-28,579.5758056640625,584.5459191469531,578.8460820656009,583.3526850377893,68445500
2025-05-29,581.863525390625,584.9698457847473,577.9387639052553,584.8317737253767,69973300
2025-05-30,581.2128295898438,582.928679235147,575.1481304892388,580.7591899526665,90601200
2025-06-02,584.4866943359375,584.5655410710423,576.9428072484826,579.6053591727813,61630500
2025-06-03,587.81982421875,588.7960792462304,583.6385997733717,584.1218520308094,63606200
2025-06-04,587.6619262695312,589.6539195966438,587.2280285207049,588.6776647088699,57314200
2025-06-05,584.8218994140625,590.6893600195378,582.8496477946317,589.3383724752952,92278700
2025-06-06,590.8274536132812,592.4940086999786,588.5790577947733,590.3540722792903,66588700
2025-06-09,591.3599243164062,592.9081490758875,590.1864321834666,591.3993476813894,53016400
2025-06-10,594.7127685546875,595.0973118762876,590.7781362147839,591.8924030034493,66247000
2025-06-11,593.0166625976562,596.6653405011278,590.9556931519085,595.8074157747775,73658200
2025-06-12,595.3734741210938,595.3734741210938,591.2021810906274,591.6853731206485,64129000
2025-06-13,588.7171630859375,593.499849631983,587.218232455665,590.1963519379123,89506000
2025-06-16,594.3182983398438,596.0637602908375,591.892407169678,592.0699627819344,79984100
2025-06-17,589.2398681640625,593.401290785268,588.480531921813,591.8826784891205,82209400
2025-06-18,589.1510620117188,592.8785866278505,588.1944885876793,590.1371879149127,76605000
2025-06-20,587.7673950195312,592.8906208578056,586.3629131433069,591.8224395288368,94051400
2025-06-23,593.5730590820312,593.9587392448562,585.4035696790836,588.5190130228361,87426000
2025-06-24,600.13037109375,601.1885919192599,596.7972471416377,597.7072083922786,67735300
2025-06-25,600.4666748046875,601.940336500435,598.903972841808,601.247995602986,62114800
2025-06-26,605.1646118164062,605.5997923429508,601.7029677445283,602.3161684365299,78548400
2025-06-27,608.1712646484375,609.6350865938839,604.1360202356653,606.1635425121184,86258400
2025-06-30,611.0791015625,612.4340832221852,608.2998981128763,610.6142811588834,92502500
2025-07-01,610.8812866210938,612.0483479268365,608.7746241554748,609.6053849111585,70030100
2025-07-02,613.6505737304688,613.6901136433279,609.8526292762224,610.4757300098587,66510400
2025-07-03,618.4869995117188,619.4167005776212,615.6088560521965,615.628656191773,51065800
2025-07-07,613.8780517578125,617.1913758193931,611.0988485499288,616.5286747873084,74814500
2025-07-08,613.5418090820312,615.2923708557059,612.7307881009865,614.5406899285775,59024600
2025-07-09,617.2210083007812,617.8737488887257,614.1055045789822,615.945166968477,66113300
2025-07-10,618.9617309570312,620.0002120765442,616.1825277796053,617.3594891460615,57529000
2025-07-11,616.7858276367188,618.0122289852302,614.7187654701638,615.9154666088177,63670200
2025-07-14,617.9627075195312,618.3088477245484,614.985684437804,616.3307657158283,51898500
2025-07-15,615.3220825195312,620.9793689858044,615.242942324076,620.6431287961128,74317300
2025-07-16,617.3792114257812,617.8836320494379,611.276844692317,616.9044910111767,88987500
2025-07-17,621.1574096679688,621.5135103761386,617.3397251475282,617.5573456006476,68885700
2025-07-18,620.7024536132812,622.5716954836944,619.5947323692288,622.4035753929759,65621600
2025-07-21,621.87939453125,624.6189973413707,621.4541141003111,621.87939453125,63375000
2025-07-22,621.9683837890625,622.8288447335428,619.3276609031153,622.2057439990875,60046300
2025-07-23,627.2598266601562,627.2598266601562,622.8288811376781,624.6289433239532,70511000
2025-07-24,627.4674682617188,629.1785504969665,627.0421878119985,627.6454884244192,71307100
2025-07-25,630.1181030273438,630.5928838363332,627.8829206987424,628.1301809903662,56865400
2025-07-28,629.9598999023438,631.0478210681617,628.5752180855901,630.4939604147171,54917100
2025-07-29,628.2982177734375,631.6708211428117,627.3883169234746,631.3543207675477,60556300
2025-07-30,627.507080078125,630.6917636576716,624.6190364089183,628.9510415464463,80418900
2025-07-31,625.1531982421875,632.8380075585872,623.857556644127,632.4523273568442,103385200
2025-08-01,614.9065551757812,619.475980234049,612.5031927364548,619.436379958757,140103600
2025-08-04,624.2530517578125,624.3024917393647,618.7243458354196,618.813325728958,73218000
2025-08-05,621.0880737304688,625.6772386500149,620.168272806011,624.8662177521945,68051400
2025-08-06,625.845458984375,626.4981995520814,621.2463937026511,622.1562946160922,64357500
2025-08-07,625.3212280273438,629.9993730574174,622.2156245224251,629.2674923107387,74205800
2025-08-08,630.1972045898438,630.6620853000642,626.7949007710238,627.1114011688534,64051600
2025-08-11,628.9510498046875,631.947873553624,627.70484826023,630.4742118551501,58742300
2025-08-12,635.6469116210938,635.8051316570012,629.8115442075018,631.2951060550639,64730800
2025-08-13,637.82275390625,639.10849531226,635.6369512596368,637.8424936799373,60092800
2025-08-14,637.882080078125,638.5447207235369,635.300697252298,635.7457174616427,59327500
2025-08-15,636.388671875,639.0096552004113,635.4787708739423,638.9107148606824,68592500
2025-08-18,636.2501220703125,636.942462907598,635.1424008771667,635.814941575414,43804900
2025-08-19,632.7984008789062,637.0512656505922,631.4829592777961,636.0721245937336,69750700
2025-08-20,631.1170043945312,632.6500060324975,626.013578858981,632.3929060531275,88890300
2025-08-21,628.5850830078125,630.9785456585483,626.864161086776,629.3071240874224,54805800
2025-08-22,638.2382202148438,639.41518174206,630.2665499847296,630.7709706915778,84083200
2025-08-25,635.42919921875,638.2183023325629,635.3105191174199,636.9820009718095,51274300
2025-08-26,638.0897827148438,638.4359833484747,634.5391586749303,635.1622594491828,51581600
2025-08-27,639.5436401367188,640.2755208793137,637.3578376120881,637.5062179210042,48341100
2025-08-28,641.8085327148438,642.3623933153343,638.267809046051,640.146950913372,61519500
2025-08-29,637.98095703125,640.7404203673219,636.0919150690585,640.374419619015,74522200
2025-09-02,633.2533569335938,633.4709169972102,627.9619508913343,630.5136938017484,81983500
2025-09-03,636.685302734375,637.1501834379544,633.4412793439511,635.6270215222661,70820900
2025-09-04,642.00634765625,642.0360478647699,636.4578416280056,637.3578424589464,65219200
2025-09-05,640.14697265625,645.0625384730564,636.2798483910566,644.3404973975818,85178900
2025-09-08,641.7195434570312,642.718484610511,640.1370415028089,641.5118230975241,63133100
2025-09-09,643.203125,643.7272854003053,640.1271612550325,641.8579832056892,66133900
2025-09-10,645.0625610351562,647.3768835600082,643.4998590892842,646.4570825189741,78034500
2025-09-11,650.4231567382812,651.1154976382888,646.4274520986086,647.0109525903231,69934400
2025-09-12,650.2055053710938,651.8868873722256,649.7011451004063,650.3934256012134,72780100
2025-09-15,653.6671142578125,653.7956944276398,652.114372883025,652.4110731340584,63772400
2025-09-16,652.7671508789062,654.5276730798186,651.9858301119879,654.2210123755038,61169000
2025-09-17,651.9561767578125,654.4683196962441,647.1296508296768,652.7770978636573,101952200
2025-09-18,655.0023803710938,657.603563340362,653.0341982051615,654.6364399867887,90459200
2025-09-19,658.2465209960938,659.0895125014193,654.9438659954435,656.8877828567474,97945600
2025-09-22,661.3607177734375,661.8069717744121,656.7290467709187,656.7588293222589,69452200
2025-09-23,657.7606201171875,661.8566899635472,656.540685502851,661.2417286303936,81708900
2025-09-24,655.6678466796875,659.1490153831234,654.2496039734066,659.0498612769777,68082200
2025-09-25,652.6429443359375,653.9917550046746,649.0328388399253,652.5338627083877,89622100
2025-09-26,656.3820190429688,656.9274877414105,652.4743904900326,654.0910020825955,69179200
2025-09-29,658.2266845703125,659.8135740530697,656.4216318338509,658.9010899003678,73499000
2025-09-30,660.7061157226562,661.1722852976668,656.173659297658,657.4828203674869,86288000
2025-10-01,662.95751953125,663.8699431635192,657.611793334362,657.7208749627936,72545400
2025-10-02,663.7210693359375,665.0600128657511,661.3011766397112,664.9410037342527,56896000
2025-10-03,663.7112426757812,667.1527012490268,662.6698219114437,664.4848020775174,70494400
2025-10-06,666.0914916992188,666.9841207809839,663.9591941673339,666.1014192164715,54623300
2025-10-07,663.6219482421875,667.4601442579947,662.1838505424819,667.0138297258598,72020100
2025-10-08,667.5791625976562,667.6783772359653,663.919480237528,664.7426772273783,60702200
2025-10-09,665.6452026367188,668.4023890582872,663.7112737749407,667.9957845708525,66501900
2025-10-10,647.6542358398438,668.4122493878771,647.4757221413303,666.6071968358344,159422600
2025-10-13,657.5919189453125,659.664772492732,654.3488290056752,655.2216030747315,79560500
2025-10-14,656.78857421875,660.3590300864076,647.8030207789583,651.7701536094826,88779600
2025-10-15,659.7044677734375,664.7228887516702,653.5157497881946,661.3409343998026,81702600
2025-10-16,655.211669921875,663.215367636124,651.7106461582608,661.3408828539109,110563300
2025-10-17,658.9308471679688,660.2895852935891,652.7322022395391,654.0810128478913,96500900
2025-10-20,665.7840576171875,666.6866142382812,661.7872027532737,661.8367798071084,60493400
2025-10-21,665.7740478515625,667.4600912091562,664.4748144266518,665.9228395283285,56249000
2025-10-22,662.3128051757812,666.4783066993808,657.8497808005621,666.4783066993808,80564000
2025-10-23,666.2402954101562,667.1825015615415,662.3128121266341,662.6301900162397,65604500
2025-10-24,671.6851806640625,672.8951271271609,670.0983517375236,670.9016937183009,74356500
2025-10-27,679.6094970703125,679.9070199177999,676.5151383891614,677.1201116013259,63339800
2025-10-28,681.41455078125,683.2493254549719,679.2028936555786,681.4046232640447,61738100
2025-10-29,681.7418212890625,684.0328379014793,677.2589421639235,683.0608492697363,85657100
2025-10-30,674.2439575195312,680.303738053287,674.2439575195312,678.2805222142791,76335800
2025-10-31,676.4556274414062,679.4508319897004,673.6587916341136,679.4111219213156,87164100
2025-11-03,677.7251586914062,680.1649066224819,674.3530715971103,680.0359699637585,57315000
2025-11-04,669.6917114257812,674.3729598389511,669.0371611161902,670.5545580097922,78427000
2025-11-05,672.012451171875,675.2654684624238,668.6304366940664,669.4337786331213,74402400
2025-11-06,664.8021850585938,671.8140994484131,663.2252231578799,670.9115428502156,85035300
2025-11-07,665.4567260742188,665.5658682287408,655.7769731606511,662.4218719882706,100592400
2025-11-10,675.8407592773438,676.57466917413,669.4834554774103,671.6752576501947,75842900
2025-11-11,677.3878784179688,677.9532020666294,673.1529450781785,674.3629519753922,58953400
2025-11-12,677.7647705078125,679.3318048264125,675.3547447293747,679.1631581075335,62312500
2025-11-13,666.5179443359375,675.2654792192372,665.010475070097,674.9084518036677,103457800
2025-11-14,666.408935546875,670.1082678298286,657.8201189320223,659.9127671356764,96846700
2025-11-17,660.2003173828125,668.1742931923078,656.7290761218832,664.1972328051172,90456100
2025-11-18,654.6563110351562,659.6548768721069,650.4709542015795,656.6596720569411,114467500
2025-11-19,657.1853637695312,661.8566848395906,653.3372397764296,655.3505889035424,94703000
2025-11-20,647.1683349609375,670.0090710879778,646.5335791707308,667.3808213360044,165293500
2025-11-21,653.6149291992188,659.0895314498267,645.5020891320908,649.667590792559,123956200
2025-11-24,663.235107421875,664.5541959227929,656.1538219404428,657.2447591605586,80437900
2025-11-25,669.4734497070312,670.6536740212097,659.020017057554,663.135941149376,81077100
2025-11-26,674.09521484375,676.0986363282427,671.1595147067713,672.0620713400136,71879600
2025-11-28,677.7747192382812,678.0523870500939,674.9084513312986,675.2654787466182,49212000
2025-12-01,674.6803588867188,677.3779800628074,673.1629015749381,673.2323336611282,61201200
2025-12-02,675.9300537109375,678.2012155152329,673.7481184984898,676.316803165018,62953800
2025-12-03,678.2706298828125,679.2822075879724,674.105128319461,674.9779023816353,57238500
2025-12-04,678.7664794921875,679.7384076011712,675.7415530139849,679.6689755171525,61970300
2025-12-05,680.0557861328125,682.7336127271673,678.9549213715281,679.8375623637357,79241000
2025-12-08,678.0127563476562,680.9980334759979,675.9696853695019,680.9484564225444,55231500
2025-12-09,677.427490234375,679.7582167824522,676.9812362772177,677.5366323782647,58310100
2025-12-10,681.92041015625,683.3088703732143,675.711837383319,676.9515664343469,85671300
2025-12-11,683.5072021484375,683.5865617528303,676.5647198382891,679.51034738166,86173700
2025-12-12,676.1580810546875,683.2195721462687,673.5893360954813,682.5153843270051,113160300
2025-12-15,675.1365356445312,680.1252340287925,673.6687159286942,680.1053789946951,90811000
2025-12-16,673.2918701171875,675.4837328267965,669.4338188610296,673.6488975485244,122030600
2025-12-17,665.8832397460938,674.8489377460819,665.6848710067972,674.3034691132465,110625200
2025-12-18,670.9114990234375,675.1464323222394,669.3544527925658,672.0322187932205,108650100
2025-12-19,676.9923095703125,677.4896664833268,672.8940327515619,673.0134542661981,103599500
2025-12-22,681.2098999023438,681.7370666700199,676.9923229108747,680.3245900087294,69556700
2025-12-23,684.3233032226562,684.562024812114,680.2548972126992,680.3046207584179,64840000
2025-12-24,686.7305297851562,687.1781631452748,684.164151137988,684.313382495532,39445600
2025-12-26,686.660888671875,688.0037280321676,685.6264081645946,686.989161229118,41613300
2025-12-29,684.2138671875,685.5567672531378,682.4433081832867,683.9055083361335,62559500
2025-12-30,683.3783569335938,684.9201512250444,682.9506372729019,683.8160334465714,47160700
2025-12-31,678.3152465820312,683.726492314561,678.1063955310838,683.5076844111845,74144800
2026-01-02,679.55859375,683.2390468658663,676.2263268834449,682.0852055985325,89377200
2026-01-05,684.0845336914062,685.7855161168121,682.7516512212146,682.910778712987,71927200
2026-01-06,688.1529541015625,688.6602678554459,684.1442890432024,684.2934596862484,69273800
2026-01-07,685.9347534179688,690.2916046822218,685.6761181181482,688.5309418430683,75588300
2026-01-08,685.8651123046875,686.9692300361542,683.8557710289468,685.1787573638412,64019200
2026-01-09,690.4010009765625,691.6344363504869,685.5368360184962,686.9791831428475,80125500
2026-01-12,691.4852294921875,692.410366767912,686.979207477028,687.0289310253164,63976000
2026-01-13,690.1026000976562,692.4103433578374,687.6953490317495,691.813478661017,78309700
2026-01-14,686.7106323242188,688.0634285762314,682.4134612479594,687.3472637531122,94676700
2026-01-15,688.5806884765625,691.7737417111902,687.5959315038539,690.8983886882239,77862000
2026-01-16,688.0037231445312,690.5800586110835,686.4519720383781,689.9931507530615,79289200
2026-01-20,673.9981689453125,681.1501633341576,672.9934983300664,677.8874730475171,111623300
2026-01-21,681.77685546875,685.0991655259935,674.5452667925615,676.0572511802958,127844500
2026-01-22,685.3379516601562,687.476610793547,683.2888434897402,686.2033478813381,77112200
2026-01-23,685.5865478515625,687.3074439470811,683.5274830754288,684.5123006998919,63059600
2026-01-26,689.0680541992188,690.4606777697717,686.272910918868,686.8399050563427,60473800
2026-01-27,691.8134765625,692.8480177488461,689.9036431059924,690.5104039402848,55506100
2026-01-28,691.7438354492188,694.1510864943795,690.271678492269,693.3652237572153,61172200
2026-01-29,690.3711547851562,693.375209936545,681.2098793986574,692.7087686795362,97486200
2026-01-30,688.3120727539062,690.5402826440542,683.487735152998,688.1330315570439,101835100
2026-02-02,691.7339477539062,693.2459322689688,685.7756213682558,685.9348095869553,79286500
2026-02-03,685.885009765625,693.2757257351432,680.4140840721383,692.529690413304,107904600
2026-02-04,682.5626831054688,687.7948875474046,678.1561081391175,686.7006659106327,105204600
2026-02-05,674.0379638671875,680.0758839506523,672.2176206040476,677.3404209861714,113610800
2026-02-06,686.96923828125,688.6503070282812,677.2508650473027,677.8576866055596,89127600
2026-02-09,690.2816772460938,692.1915108078678,684.7013472083629,685.7755944360715,73885200
2026-02-10,688.4613037109375,692.8579216647231,688.0037135108784,691.276360737094,65185700
2026-02-11,688.3021850585938,693.4547952732178,685.5368515439336,692.7087599208829,76353900
2026-02-12,677.668701171875,691.6742279947084,676.7734344520502,690.5701102294341,118829000
2026-02-13,678.1461181640625,682.6522007204912,673.9384983110481,678.0864377658819,96267500
2026-02-17,679.2402954101562,681.31927396984,672.2077222570326,676.5446598627462,81354700
2026-02-18,682.662109375,685.507036973797,679.2204384959671,680.4041503420104,73570300
2026-02-19,680.8616333007812,682.5526587813481,677.9471293624403,680.225062656192,58649400
2026-02-20,685.7855834960938,686.4122580979458,678.126274472082,678.7131823752115,100034000
2026-02-23,678.7827758789062,686.3525334522094,676.7734345413753,684.1940214696967,90558100
2026-02-24,683.7164916992188,684.7112054782021,676.4053697086953,678.295350173768,73798700
2026-02-25,689.4859008789062,690.0130676270821,686.4519751919497,686.53156929616,56369500
2026-02-26,685.6561889648438,689.6350440416309,680.7323436648176,689.615191050754,71671000
2026-02-27,682.3637084960938,683.2291046432514,678.0367277603054,679.4790749097389,83308900
2026-03-02,682.751708984375,684.9798583327654,674.4359156260907,675.1123137702438,87477200
2026-03-03,676.7337036132812,679.0016196644848,666.1200629162043,671.4915420947397,105003100
2026-03-04,681.5082397460938,683.4579005621853,676.0273572426378,678.026741603972,79182200
2026-03-05,677.70849609375,681.9062201445739,672.0386149612469,678.474445192334,106606500
2026-03-06,668.82568359375,672.5359467168151,666.2195382406165,669.8502072585248,100687000
2026-03-09,674.6845703125,676.3258117079225,658.888509802078,662.8673651303956,102667700
2026-03-10,673.6002807617188,679.7476047325034,671.1930903760745,674.1374043547928,81505300
2026-03-11,672.7548217773438,676.4849986405864,669.7806371390539,673.9982140650914,68441700
2026-03-12,662.5390625,668.0995392824933,662.3500644519811,667.6120785283837,108882200
2026-03-13,658.7890014648438,668.7859240392634,657.863924887251,665.7321452917186,97200200
2026-03-16,665.493408203125,668.5173163233716,663.5934708305671,664.8468199428278,82023100
2026-03-17,667.2440185546875,670.8747480492216,666.1598145596139,668.8355969918504,87128000
2026-03-18,657.9335327148438,666.1796881508768,657.6948111200146,664.8268919718373,82062600
2026-03-19,656.3121948242188,659.4753776238247,651.7066647804095,653.4971375917409,111272500
2026-03-20,646.9034423828125,655.0025723674255,643.063298812559,654.8230422006715,163617500
2026-03-23,653.6959228515625,660.9173090129275,652.2596206790361,656.3790129905765,134802700
2026-03-24,651.5015869140625,655.3417305137531,648.2100787416998,649.6463809650626,96457500
2026-03-25,655.1322021484375,659.1917509309695,652.5588148295345,656.9774239230809,90653800
2026-03-26,643.432373046875,653.1672421520028,643.1630473705688,650.3844333840033,96494400
2026-03-27,632.4606323242188,641.0085567819559,631.4831091918358,640.8489947137006,103649400
2026-03-30,630.3460693359375,638.7245091624994,627.6630399662237,638.4651675144013,99275900
2026-03-31,648.6688842773438,649.865752001465,636.3405988140365,637.2981538716512,152534100
2026-04-01,653.5562744140625,656.8278752918841,651.3220400966815,652.219751792706,97841500
2026-04-02,654.144775390625,656.5086804928782,643.4522901873171,644.7589215344626,68358700
2026-04-06,657.23681640625,658.0247645183308,653.8356054757206,654.1746977251443,39105800
2026-04-07,657.5260009765625,657.9150134208243,649.386996170508,654.9626585699763,69980400
2026-04-08,674.27294921875,675.3402070755335,669.734652974974,674.6519776493207,93606100
2026-04-09,678.162841796875,679.4096297331154,672.0386657215836,673.1059235004034,57134400
2026-04-10,677.7140502929688,680.2774536083281,676.7066358948267,679.5692561407437,42253500
2026-04-13,684.3369750976562,684.536473353906,674.8414790590384,675.669302461078,54185800
2026-04-14,692.675537109375,692.7952238870419,685.8929616905456,685.9229138241225,63480500
2026-04-15,698.1414184570312,698.480571570673,692.4161778504387,693.4734516118131,58240400
2026-04-16,699.8569946289062,700.9741726960574,696.7350934539525,699.2585607342904,49972400
2026-04-17,708.3152465820312,710.5594650064761,703.9464965121796,704.3255249385737,70661900
2026-04-20,706.8988037109375,708.0857482546458,704.3254772575062,706.9587079747221,43546800
2026-04-21,702.2708129882812,709.4523240430285,700.8345107773317,708.4548936431559,58941400
2026-04-22,709.3825073242188,709.6218808832724,706.4001392457644,707.3278031045794,42518500
2026-04-23,706.6295776367188,710.5295037064266,700.4754491270062,707.6768673789517,56174000
2026-04-24,712.10546875,712.6340752101273,707.1881441382454,708.9236633096505,45182000
2026-04-27,713.332275390625,713.7911152864904,710.4696550399041,711.3374146094498,33135900
2026-04-28,709.8612060546875,711.0481506026886,707.4274735730012,709.9908768700561,43117400
2026-04-29,709.7515258789062,710.3699278433978,706.5497524472755,709.1729992133655,41859200
2026-04-30,716.8132934570312,717.9403946619685,708.6244289610544,712.7936806635566,67240900
2026-05-01,718.7982177734375,723.0073446973263,718.6186267345964,719.3966516418469,43049800
2026-05-04,716.1649780273438,720.2644021704073,713.152718877996,718.2196821209096,51950600
2026-05-05,721.9102172851562,723.1769124909786,719.6360467603954,719.9153564929043,36933200
2026-05-06,731.9443359375,732.7023927493656,725.9497697512824,726.288861980811,53288900
2026-05-07,729.7001342773438,734.238430329629,727.8748196364371,733.161188473549,51724600
2026-05-08,735.724609375,736.1834492768152,732.6824588199246,733.0415191543954,47227100
2026-05-11,737.4002685546875,738.8864300819614,734.5576163199453,734.5576163199453,44024000
2026-05-12,736.2831420898438,736.9414802248905,729.9494836014034,734.9964788307154,54185300
2026-05-13,740.4025268554688,741.9983910774667,733.5800764180441,736.5723674930287,44200200
2026-05-14,746.2474975585938,747.6040491923611,741.649357949993,741.7391534739264,45307600
2026-05-15,737.2706298828125,741.5496453663399,736.0637780312098,739.8838927249178,60410800
2026-05-18,736.751953125,739.5147938000424,731.5054597381557,737.9289136337939,47843900
2026-05-19,731.8446044921875,735.7545755811656,729.650306265128,732.8919551385734,54255900
2026-05-20,739.3452758789062,739.9636778498481,732.0042028263388,733.8195334397973,45768000
2026-05-21,740.8114624023438,742.9559620700644,735.1361419849363,736.7419902854853,43332200
2026-05-22,743.7239990234375,747.015507083493,742.566945697205,744.3224328967863,41762000
2026-05-26,748.6613159179688,750.1973368284331,746.4469887578754,748.0827892360243,41123600
2026-05-27,748.5316162109375,749.4492351039673,746.2973210478585,748.9505199197505,42106300
2026-05-28,752.6609497070312,753.2095851254732,747.3047533704411,748.3221518516883,41562600
2026-05-29,754.5361328125,756.1320579864754,752.7507543048832,753.9576670103595,55075700
2026-06-01,756.5908203125,758.3264003155792,752.7507376917755,753.4189990020213,43634900
2026-06-02,757.6182250976562,758.4461093852723,754.805464031348,755.0847737682097,31581900
2026-06-03,752.3018798828125,756.8501599793441,751.6336185743088,756.2018667594974,51402500
2026-06-04,755.1445922851562,756.3614281257201,749.5389775481502,750.1673635570705,49923000
2026-06-05,735.65478515625,750.8855669656407,733.6400171295905,750.3768677170906,93989400
2026-06-08,737.3204345703125,743.4247643242134,736.2931129658897,741.4498108327123,49319100
2026-06-09,735.1560668945312,744.9807928982774,720.7332622187009,741.7191759970133,87683500
2026-06-10,723.56591796875,736.4826536495077,723.4661992814284,731.5054857614351,60341300
2026-06-11,735.8642578125,738.0984921563339,722.5485255148498,726.8873842592473,86330500
2026-06-12,739.843994140625,742.5270843334097,733.1412911200548,738.8066884479139,57079500
2026-06-15,752.890380859375,754.7356026867302,749.8282623277308,749.9179969688896,60176400
2026-06-16,748.4019775390625,753.4988323298886,747.9531216783239,752.6111046530555,67093100
2026-06-17,739.0560302734375,750.217278570044,737.3204502885575,749.3594421826946,85945200
2026-06-18,746.739990234375,748.22998046875,743.8599853515625,747.760009765625,80875700
2026-06-22,744.3900146484375,750.1799926757812,743.1300048828125,747.7000122070312,46628100
2026-06-23,733.5800170898438,739.6300048828125,732.2999877929688,733.8099975585938,66846800
2026-06-24,733.239990234375,739.9500122070312,730.8400268554688,735.1699829101562,57439500
2026-06-25,734.2999877929688,739.3699951171875,729.5999755859375,738.9099731445312,53934400
2026-06-26,728.989990234375,736.530029296875,716.5800170898438,728.9500122070312,71034000
2026-06-29,741.0,741.5599975585938,732.0900268554688,736.530029296875,58035200
2026-06-30,746.77001953125,748.02001953125,740.8900146484375,741.2899780273438,55626000
2026-07-01,745.760009765625,749.4400024414062,742.3800048828125,745.0,47100900
2026-07-02,744.780029296875,751.3099975585938,740.030029296875,747.4000244140625,57447800
2026-07-06,751.280029296875,752.4099731445312,747.4099731445312,748.739990234375,50673300
2026-07-07,747.7100219726562,750.9600219726562,745.2100219726562,750.219970703125,43721500
2026-07-08,745.4000244140625,746.1500244140625,739.510009765625,743.1599731445312,43767400
2026-07-09,751.7100219726562,751.969970703125,745.5900268554688,747.3499755859375,41441700
2026-07-10,754.9500122070312,755.4199829101562,748.0999755859375,752.0499877929688,42191300
2026-07-13,749.1699829101562,753.9099731445312,748.0,752.469970703125,44013600
2026-07-14,751.8300170898438,753.3400268554688,748.6599731445312,750.9099731445312,35143100
2026-07-15,754.8099975585938,755.5800170898438,750.2000122070312,754.239990234375,43844800
2026-07-16,750.719970703125,754.5700073242188,747.8800048828125,752.760009765625,46409800
2026-07-17,743.2899780273438,747.2899780273438,740.7999877929688,742.0800170898438,62651000
2026-07-20,742.0900268554688,748.72998046875,741.510009765625,747.0599975585938,50422300
2026-07-21,748.280029296875,749.0399780273438,744.1799926757812,746.2899780273438,34324300
2026-07-22,747.4099731445312,750.02001953125,746.3699951171875,746.6199951171875,32836200
2026-07-23,738.1799926757812,742.5599975585938,735.2100219726562,739.3699951171875,55437300
2026-07-24,738.9299926757812,743.719970703125,737.2899780273438,738.510009765625,44782000
2026-07-27,739.0900268554688,745.530029296875,735.8699951171875,744.9099731445312,41461200
2026-07-28,740.8599853515625,742.7899780273438,735.97998046875,739.1900024414062,47322200
2026-07-29,729.4600219726562,742.6799926757812,729.0999755859375,739.969970703125,70697200
2026-07-30,741.6900024414062,742.4500122070312,734.5900268554688,736.0499877929688,66811300
2026-07-31,747.030029296875,748.9000244140625,737.6799926757812,744.6799926757812,62339900
