Price,Close,High,Low,Open,Volume
Ticker,USMV,USMV,USMV,USMV,USMV
Date,,,,,
2013-08-01,26.62883186340332,26.667982787355964,26.574024154025004,26.574024154025004,278600
2013-08-02,26.62883186340332,26.652323015134137,26.534876216868515,26.566195761312166,216100
2013-08-05,26.6053409576416,26.636660498858777,26.558361645815832,26.621000728250188,223400
2013-08-06,26.534881591796875,26.66798818924651,26.49573364671054,26.55836976148932,512500
2013-08-07,26.440921783447266,26.48790110226816,26.37045429861406,26.48790110226816,359800
2013-08-08,26.542709350585938,26.57402591030315,26.41743415132803,26.53487797055937,256400
2013-08-09,26.48790168762207,26.55053779397117,26.41743420123161,26.534878020684808,289700
2013-08-12,26.448749542236328,26.480069087365838,26.37828205909305,26.393941831657802,202900
2013-08-13,26.41743278503418,26.487900267646985,26.339133922799842,26.44874934313172,827400
2013-08-14,26.284326553344727,26.4174331274704,26.284326553344727,26.409601747747356,190800
2013-08-15,25.931983947753906,26.18253428643399,25.900667395515622,26.18253428643399,528300
2013-08-16,25.775390625,25.900668787870316,25.712754530360638,25.877177638934235,601500
2013-08-19,25.650121688842773,25.80671644372975,25.650121688842773,25.712760785516174,1520400
2013-08-20,25.82238006591797,25.900678948427725,25.67361666934488,25.67361666934488,324500
2013-08-21,25.665775299072266,25.86934932757359,25.62662736645149,25.76756231332293,308900
2013-08-22,25.79888916015625,25.877185047570507,25.689273723057624,25.70493349789981,433300
2013-08-23,25.939830780029297,25.978978733746974,25.791064374385744,25.861531885796527,901100
2013-08-26,25.81454849243164,26.002459813722954,25.81454849243164,25.963311870686983,224600
2013-08-27,25.571823120117188,25.69709831351534,25.571823120117188,25.626630830554117,271300
2013-08-28,25.579652786254883,25.64229187947004,25.50918828658237,25.548336226443663,478600
2013-08-29,25.62663459777832,25.697102091098568,25.485699611137832,25.548338710443225,824700
2013-08-30,25.579652786254883,25.64229187947004,25.501356906532298,25.64229187947004,384800
2013-09-03,25.54050636291504,25.798888157574986,25.438722310591306,25.650121795753854,727400
2013-09-04,25.650121688842773,25.70493239183026,25.470038766101528,25.493529920752316,620000
2013-09-05,25.6031436920166,25.681439570982036,25.587483918864248,25.665779797829686,743700
2013-09-06,25.665775299072266,25.806710245943705,25.50918356858916,25.673606677673906,806800
2013-09-09,25.869352340698242,25.89284050564732,25.704929212462364,25.75190554236053,2004800
2013-09-10,26.033771514892578,26.033771514892578,25.924156112717185,26.01028335351091,721000
2013-09-11,26.143386840820312,26.159046610627655,26.002451899349932,26.05725960027778,236500
2013-09-12,26.08075714111328,26.198200963261787,26.072925760892193,26.17471279619137,496300
2013-09-13,26.182538986206055,26.18253898620605,26.104243111362763,26.104243111362763,928300
2013-09-16,26.323471069335938,26.48789716738478,26.307811298721962,26.433086476837936,322900
2013-09-17,26.401777267456055,26.425265436513577,26.35479794254434,26.37828611160186,127100
2013-09-18,26.840234756469727,26.840234756469727,26.354793756670222,26.393941694480535,307600
2013-09-19,26.77760124206543,26.879388279649493,26.746281694070873,26.863728505652215,167000
2013-09-20,26.597518920898438,26.808921394432755,26.566199372197822,26.808921394432755,1180500
2013-09-23,26.527055740356445,26.58186346609048,26.464416632776384,26.527055740356445,181200
2013-09-24,26.45758628845215,26.544410590373804,26.41812151784294,26.489159309327114,216900
2013-09-25,26.362869262695312,26.47337182070565,26.331296242986962,26.465477060294123,210800
2013-09-26,26.45758628845215,26.489159309327114,26.354975476093013,26.39444024670222,549000
2013-09-27,26.347091674804688,26.410234724634748,26.283945614004722,26.37866169423477,462900
2013-09-30,26.228696823120117,26.260269856537718,26.102407700419896,26.1497672505463,206200
2013-10-01,26.410228729248047,26.410228729248047,26.236583123407243,26.236583123407243,261800
2013-10-02,26.315515518188477,26.339193782690593,26.14976164473456,26.28394249153929,368600
2013-10-03,26.102401733398438,26.283942117594147,26.007685665767962,26.26815560449415,388600
2013-10-04,26.22079849243164,26.2286902433212,26.08661463955364,26.102401152302196,202400
2013-10-07,26.05504035949707,26.181329444435207,26.03136209699907,26.03925685847793,156000
2013-10-08,25.873497009277344,26.11818340047339,25.873497009277344,26.03135910001773,380500
2013-10-09,25.889293670654297,25.968226252458468,25.818255852515602,25.889293670654297,385700
2013-10-10,26.339189529418945,26.347084290291164,26.078719629047885,26.126076150404955,263700
2013-10-11,26.497053146362305,26.51283965804337,26.291834516446965,26.315512778483942,161800
2013-10-14,26.560197830200195,26.568089580151163,26.30761967820224,26.30761967820224,212400
2013-10-15,26.362869262695312,26.544409609564998,26.362869262695312,26.497050080002474,255400
2013-10-16,26.804887771606445,26.804887771606445,26.465485232362465,26.465485232362465,206100
2013-10-17,27.081144332885742,27.081144332885742,26.72595531734234,26.773311845435135,300800
2013-10-18,27.144289016723633,27.160075530699768,27.049572943836505,27.160075530699768,448200
2013-10-21,27.128501892089844,27.152183168005816,27.025894070009166,27.152183168005816,196300
2013-10-22,27.388980865478516,27.428445652712828,27.17586740124892,27.17586740124892,489500
2013-10-23,27.34160804748535,27.373181066341004,27.278465020742846,27.278465020742846,297500
2013-10-24,27.36528778076172,27.38896905166396,27.325823010549936,27.34160952082844,972100
2013-10-25,27.46790313720703,27.483689650097737,27.349508806980946,27.420546609504385,382200
2013-10-28,27.538936614990234,27.58629614622496,27.47579358431292,27.47579358431292,349800
2013-10-29,27.704687118530273,27.704687118530273,27.578398061428654,27.594184569937433,263900
2013-10-30,27.515260696411133,27.728374088649907,27.452114649391092,27.728374088649907,287600
2013-10-31,27.46790313720703,27.58630047840258,27.40476009661368,27.54683570166055,395900
2013-11-01,27.546829223632812,27.594185740198903,27.42843191028007,27.47579143781492,327700
2013-11-04,27.617862701416016,27.617862701416016,27.499465406531748,27.617862701416016,310500
2013-11-05,27.554725646972656,27.617871694397543,27.47579609866082,27.562617397416137,270500
2013-11-06,27.704687118530273,27.704687118530273,27.594184569937433,27.633649335725075,226900
2013-11-07,27.420543670654297,27.77572963423427,27.3968623983716,27.77572963423427,935300
2013-11-08,27.594192504882812,27.594192504882812,27.270576514815833,27.420546883290196,474800
2013-11-11,27.554725646972656,27.6099769329848,27.54683389652918,27.594190421128577,129600
2013-11-12,27.546829223632812,27.570507481915858,27.45211016856312,27.570507481915858,198100
2013-11-13,27.75994300842285,27.75994300842285,27.475794840925865,27.50736485222389,1208600
2013-11-14,27.957273483276367,27.973059996443947,27.783627860372025,27.783627860372025,499400
2013-11-15,28.020421981811523,28.036208496357084,27.886241124628903,27.980957200932504,236200
2013-11-18,27.9335994720459,28.08356986448692,27.89413468860299,28.08356986448692,350100
2013-11-19,27.87834358215332,27.965167898011874,27.83887880520929,27.902021846125844,215900
2013-11-20,27.75994300842285,27.949378131056633,27.665226952590523,27.925699869840834,379400
2013-11-21,27.854660034179688,27.87044654415651,27.73626271483797,27.791513994272396,177800
2013-11-22,27.957273483276367,27.957273483276367,27.81520088670718,27.87045217730895,298100
2013-11-25,27.9335994720459,28.020423802202284,27.886242936302395,28.012532049901694,497900
2013-11-26,27.870450973510742,27.957272275728116,27.86255621178319,27.94938052496995,350000
2013-11-27,27.88623046875,27.909908726035525,27.815192685924792,27.909908726035525,257400
2013-11-29,27.830982208251953,27.95727129272789,27.807303945840616,27.89412825597456,100700
2013-12-02,27.728374481201172,27.862555316564496,27.69680145724417,27.830982292607494,522900
2013-12-03,27.657337188720703,27.704693714553212,27.562618115116994,27.673123700987986,424400
2013-12-04,27.570510864257812,27.66522691997849,27.365289230732373,27.55472435314285,539800
2013-12-05,27.46001625061035,27.538945818076268,27.43633497159458,27.531054065717676,213400
2013-12-06,27.807310104370117,27.807310104370117,27.649447961070898,27.681020991924733,320700
2013-12-09,27.77573585510254,27.862560180656963,27.759949340368117,27.815203647423505,258300
2013-12-10,27.649452209472656,27.78363610573414,27.641560456031584,27.78363610573414,201200
2013-12-11,27.404762268066406,27.68101873811962,27.37318923978327,27.68101873811962,240200
2013-12-12,27.246896743774414,27.373185830206825,27.231110231599196,27.349507567428663,319900
2013-12-13,27.262685775756836,27.349510095260776,27.223220997155845,27.278472289391154,214000
2013-12-16,27.34950828552246,27.45211610090147,27.294256996943172,27.381078299732476,663100
2013-12-17,27.246896743774414,27.373185830206825,27.191645456645816,27.333721055253445,701500
2013-12-18,27.720476150512695,27.720476150512695,27.12849557690256,27.27846591590389,649800
2013-12-19,27.688913345336914,27.696805096878578,27.546837729829555,27.688913345336914,1286600
2013-12-20,27.799407958984375,27.84676447659035,27.704688901834782,27.704688901834782,281200
2013-12-23,27.867691040039062,27.923267391978126,27.804176507259,27.875632249564088,320000
2013-12-24,27.94709587097168,27.95503405405068,27.82006374091346,27.84388131883535,157600
2013-12-26,28.034423828125,28.050303218889553,27.9391474835377,27.962968084026578,176700
2013-12-27,28.050304412841797,28.12175713129748,28.026483811339002,28.082060167038467,260000
2013-12-30,28.137636184692383,28.13763618469238,28.066180438410935,28.097939220910288,223600
2013-12-31,28.185270309448242,28.201149698416746,28.097935184463367,28.169390920479742,215600
2014-01-02,27.90738868713379,28.129694076224823,27.843871131002768,28.074117728952064,232800
2014-01-03,27.899452209472656,28.002666741346832,27.87563463622642,27.891514027952006,287500
2014-01-06,27.835939407348633,28.010606669855306,27.788301229200734,27.99472727713934,465800
2014-01-07,27.994722366333008,28.050301745431447,27.875631484880778,27.947087225225694,477500
2014-01-08,27.98678207397461,28.042358420195608,27.91532633902137,28.042358420195608,423700
2014-01-09,28.0264835357666,28.058242318335232,27.93121021674491,28.018545354466546,834000
2014-01-10,28.161453247070312,28.161453247070312,28.01060056349701,28.08205630079915,249200
2014-01-13,27.87563133239746,28.17733368205719,27.82799316286679,28.089998552259587,215900
2014-01-14,28.042360305786133,28.066177876144152,27.87563125591215,27.89944882627017,172300
2014-01-15,28.097936630249023,28.16145418939134,28.03442209979063,28.066177850677867,394400
2014-01-16,28.11381721496582,28.121755395854052,28.04236147223557,28.089999643617087,404500
2014-01-17,28.07412338256836,28.129699741033182,28.026485205876632,28.121758530575704,287700
2014-01-21,28.08205795288086,28.193210655515838,27.955025860057454,28.17733429401141,840000
2014-01-22,28.08205795288086,28.105878552505494,28.03442281099958,28.074119772128643,195700
2014-01-23,27.883569717407227,27.99472241844312,27.772417016371335,27.99472241844312,794400
2014-01-24,27.4389591217041,27.788296617425505,27.423079731623496,27.7724172273449,528600
2014-01-27,27.319860458374023,27.486589482193263,27.256345937783408,27.431013140920182,717600
2014-01-28,27.470714569091797,27.510414558195837,27.32780308863229,27.32780308863229,3887300
2014-01-29,27.232528686523438,27.383381370231795,27.184893547401913,27.319863813158,433300
2014-01-30,27.470714569091797,27.50247334890145,27.32780308863229,27.3913206482516,1686700
2014-01-31,27.32781410217285,27.462787456418308,27.113449823775348,27.208723172917033,396500
2014-02-03,26.740283966064453,27.311929955466532,26.71646639273413,27.311929955466532,747200
2014-02-04,26.907012939453125,26.930830512697323,26.77204265282361,26.875254156004665,656800
2014-02-05,26.88319206237793,26.946706592784892,26.740280583107378,26.835553893059775,277300
2014-02-06,27.10549545288086,27.121374841476662,26.92288702705465,26.92288702705465,354300
2014-02-07,27.446897506713867,27.446897506713867,27.184895140143492,27.232530282055926,164100
2014-02-10,27.518354415893555,27.526292596987787,27.375442926724407,27.462778062181567,282400
2014-02-11,27.812116622924805,27.883572370200902,27.518355452427176,27.550114235368607,388500
2014-02-12,27.812116622924805,27.931210544613048,27.748602085726183,27.843875405866235,625600
2014-02-13,27.994722366333008,28.002663575640188,27.63744669329238,27.653326083222797,157400
2014-02-14,28.145572662353516,28.169390230881323,27.915326070972426,27.994719985187572,246100
2014-02-18,28.224966049194336,28.272604214043536,28.16938970454542,28.232907257677684,424000
2014-02-19,28.121763229370117,28.328192334174936,28.09000746828736,28.185280808905414,350100
2014-02-20,28.304370880126953,28.344067847557874,28.090003621578607,28.10588301428787,4298000
2014-02-21,28.272602081298828,28.407572328497956,28.248784515012726,28.33611660095624,395400
2014-02-24,28.31230354309082,28.502853189772782,28.296424153477,28.296424153477,359800
2014-02-25,28.31230354309082,28.431397450852533,28.264665374249358,28.336121113169607,321600
2014-02-26,28.32023048400879,28.45520372781703,28.248777802130096,28.367868633943935,205700
2014-02-27,28.4234676361084,28.4234676361084,28.288497313309822,28.31231489293661,226500
2014-02-28,28.52666473388672,28.61399984397215,28.391691465022905,28.44727083127265,627600
2014-03-03,28.32818031311035,28.39963604542287,28.209086416361618,28.344059701255755,432800
2014-03-04,28.71721839904785,28.756918388836098,28.5663687353781,28.5663687353781,194700
2014-03-05,28.653696060180664,28.75691055387763,28.61399910989204,28.701334217736918,348000
2014-03-06,28.637826919555664,28.73310024006918,28.63782691955566,28.701344485687507,192100
2014-03-07,28.709285736083984,28.741044522544865,28.55843604342166,28.709285736083984,208200
2014-03-10,28.685462951660156,28.685462951660156,28.55843085756864,28.63782478061933,146400
2014-03-11,28.653696060180664,28.780728118314173,28.598119724039954,28.69339301046929,151600
2014-03-12,28.677518844604492,28.68546005331761,28.526669194576236,28.526669194576236,193100
2014-03-13,28.439340591430664,28.741042989345484,28.407581806663963,28.709284204578783,295800
2014-03-14,28.455217361450195,28.566370069205664,28.39964100757246,28.39964100757246,288000
2014-03-17,28.645771026611328,28.709285570482148,28.55843587868996,28.574315271828805,160800
2014-03-18,28.772798538208008,28.820433681316402,28.693401585220556,28.725160366415537,469900
2014-03-19,28.550487518310547,28.820431076703898,28.42345543369507,28.812492896464594,367100
2014-03-20,28.60607147216797,28.645771469971812,28.471101171425644,28.55843632069873,567900
2014-03-21,28.52666473388672,28.788667035459753,28.526664733886722,28.780728856671644,250600
2014-03-24,28.407583236694336,28.66164747024863,28.32818929946533,28.574315350770554,208900
2014-03-25,28.504940032958984,28.584739876486342,28.385237223499047,28.54483995472266,264600
2014-03-26,28.417152404785156,28.648576164201554,28.401191830601103,28.616655015833445,279600
2014-03-27,28.425132751464844,28.47301447668131,28.313411770128187,28.44907513615729,160500
2014-03-28,28.496950149536133,28.616652925086868,28.4251290930393,28.4331109016323,301600
2014-03-31,28.768274307250977,28.768274307250977,28.632614000470124,28.656553338333076,216800
2014-04-01,28.79222869873047,28.83212862653397,28.6725258711506,28.824146814471653,307800
2014-04-02,28.86404037475586,28.887982761491667,28.760301194185892,28.848082842490243,187100
2014-04-03,28.872018814086914,28.903939963228556,28.792218985401142,28.840097664945272,227700
2014-04-04,28.632617950439453,29.02364139559515,28.61665737493964,28.919902221099115,269600
2014-04-07,28.433122634887695,28.648585893291585,28.425140823000905,28.600704154478734,295500
2014-04-08,28.552818298339844,28.576760686378414,28.36129745904439,28.449079112125162,208600
2014-04-09,28.760299682617188,28.760299682617188,28.544836478331266,28.632618122022034,167000
2014-04-10,28.3453311920166,28.82413623831411,28.28947070475417,28.696454689690224,246900
2014-04-11,28.13785171508789,28.33735436011428,28.129872948721097,28.21765459959971,164600
2014-04-14,28.3453311920166,28.377252340214635,28.153807346996654,28.28947070475417,235900
2014-04-15,28.51291275024414,28.52089455940477,28.217649738834275,28.369270627035394,231600
2014-04-16,28.79222869873047,28.79222869873047,28.616665363391828,28.616665363391828,186700
2014-04-17,28.80817985534668,28.83212224206256,28.744340593831264,28.776261746673313,149000
2014-04-21,28.89595603942871,28.895956039428707,28.784235069776354,28.856056128005456,231200
2014-04-22,28.95980453491211,29.023643798027155,28.8959622276283,28.927883381270203,331700
2014-04-23,28.911924362182617,28.967784861981254,28.88000320682085,28.911924362182617,282400
2014-04-24,28.86404037475586,28.983743175928826,28.824140455754435,28.983743175928826,170100
2014-04-25,28.800195693969727,28.84807741426294,28.728374635613967,28.8161562674008,320800
2014-04-28,28.95980453491211,29.023643798027155,28.72040197093535,28.903944038123157,156800
2014-04-29,29.031627655029297,29.095466922644523,28.999706499137197,29.02364584397178,208500
2014-04-30,29.151323318481445,29.151323318481445,29.007681181362667,29.063541674223465,431400
2014-05-01,29.143341064453125,29.167280403051357,29.023638283125585,29.167280403051357,434800
2014-05-02,29.06354331970215,29.215167275338928,29.03960397688317,29.0954644729066,305200
2014-05-05,29.143341064453125,29.15131982926314,28.919899119754447,28.99969894452735,175800
2014-05-06,28.927879333496094,29.135360714798825,28.927879333496094,29.135360714798825,277600
2014-05-07,29.103435516357422,29.1114142796224,28.89595114145691,29.007672092172143,154200
2014-05-08,29.087493896484375,29.23113608217918,28.999712222540932,29.05557273429229,757100
2014-05-09,29.127391815185547,29.13537058309765,28.9917314514942,29.103452467279865,169400
2014-05-12,29.271018981933594,29.28697955374322,29.21515850268381,29.239097838314343,382100
2014-05-13,29.31092643737793,29.342847589217353,29.271026519662943,29.334865779173203,200500
2014-05-14,29.239103317260742,29.33486372189467,29.207182167659973,29.33486372189467,156900
2014-05-15,28.999696731567383,29.1752599856724,28.935854441286303,29.159299413102133,194800
2014-05-16,29.135360717773438,29.135360717773438,28.95181867624927,29.07950022879514,171000
2014-05-19,29.135360717773438,29.143342527152246,29.047582123784927,29.12738195256297,159400
2014-05-20,28.95980453491211,29.15132536842601,28.903944038123157,29.15132536842601,163500
2014-05-21,29.11941146850586,29.127390235985377,28.919908795656642,29.03960857286465,145400
2014-05-22,29.17526626586914,29.215166183799596,29.055563467909156,29.175266265869137,522500
2014-05-23,29.239103317260742,29.247085126745123,29.183242827543587,29.223142742460357,267200
2014-05-27,29.302947998046875,29.366787258268545,29.263045035718633,29.350826682170972,282800
2014-05-28,29.247089385986328,29.334867993919037,29.223146998214844,29.334867993919037,362800
2014-05-29,29.382755279541016,29.382755279541016,29.247094914590164,29.31891600314338,282400
2014-05-30,29.486488342285156,29.486488342285156,29.358806785097844,29.382746125767824,341500
2014-06-02,29.470535278320312,29.526395783566496,29.406692961370833,29.526395783566496,207400
2014-06-03,29.438608169555664,29.454568745566995,29.390729485690272,29.454568745566995,304500
2014-06-04,29.558307647705078,29.558307647705078,29.374765610442257,29.43860486314885,311100
2014-06-05,29.670026779174805,29.68598735240162,29.462542371394235,29.606184486267527,358000
2014-06-06,29.72588539123535,29.765785299705446,29.685985482765258,29.717906627208485,314100
2014-06-09,29.717912673950195,29.789733741477043,29.662049137723976,29.757812590538776,126300
2014-06-10,29.64609146118164,29.701951952965683,29.59820973500882,29.701951952965683,215100
2014-06-11,29.510427474975586,29.606187881149076,29.48648813447432,29.606187881149076,322000
2014-06-12,29.398696899414062,29.53435717687276,29.3268758571808,29.53435717687276,248300
2014-06-13,29.470535278320312,29.510435204329124,29.374774847065318,29.438614119845575,133800
2014-06-16,29.486488342285156,29.55830940846355,29.430627851276235,29.454567191946218,241000
2014-06-17,29.518421173095703,29.53437871041114,29.414678915527446,29.46255761581306,408200
2014-06-18,29.72588539123535,29.733864155262214,29.47850108805215,29.52638280471699,516300
2014-06-19,29.845600128173828,29.845600128173828,29.733876077823894,29.733876077823894,182700
2014-06-20,29.893468856811523,29.93336876798246,29.84559018107364,29.93336876798246,1095000
2014-06-23,29.845600128173828,29.91742120988566,29.781757813688152,29.91742120988566,780700
2014-06-24,29.733875274658203,29.909438590582425,29.717917740636935,29.84559932199027,624600
2014-06-25,29.837343215942383,29.845362660701824,29.70098817752023,29.733072075935908,435500
2014-06-26,29.805252075195312,29.805252075195312,29.660877627095044,29.797232632384507,330400
2014-06-27,29.85338592529297,29.85338592529297,29.741095337667854,29.781198681864105,97800
2014-06-30,29.85338592529297,29.885466764836547,29.805260076444046,29.861405370256605,219800
2014-07-01,30.0137882232666,30.06191405435112,29.901497677090628,29.91753962078547,356500
2014-07-02,29.973705291748047,30.013808648432555,29.90954053299083,30.013808648432555,259300
2014-07-03,30.069944381713867,30.069944381713867,29.95765074662569,30.029837982195165,77500
2014-07-07,30.0137882232666,30.06191405435112,29.957642950178617,29.99774933925967,322800
2014-07-08,29.949634552001953,29.989737896183073,29.90150870317119,29.9335926023917,173200
2014-07-09,30.05390167236328,30.07796306371389,29.96567249115954,29.997756386086106,471700
2014-07-10,30.00577735900879,30.029838751585523,29.81327703932859,29.837341491594103,685800
2014-07-11,30.00577735900879,30.013796803304775,29.901506225028314,30.013796803304775,270900
2014-07-14,30.102031707763672,30.118073659092055,30.06995086479626,30.110054213272544,147100
2014-07-15,30.061922073364258,30.142131813234393,29.97369288935147,30.11806736142899,249700
2014-07-16,30.158164978027344,30.182229425265735,30.03785498058796,30.182229425265735,240900
2014-07-17,29.861400604248047,30.13410758482199,29.85338116056435,30.08598174365416,193300
2014-07-18,30.142139434814453,30.15015888098486,29.893493767878905,29.925577671939525,274100
2014-07-21,30.045869827270508,30.069934270827904,29.94160179070993,30.061911769746214,1234200
2014-07-22,30.110042572021484,30.166187850119066,30.06191673664291,30.06191673664291,275000
2014-07-23,30.142139434814453,30.158178327155266,30.077971626693216,30.15015888098486,95800
2014-07-24,30.150144577026367,30.1902479082314,30.11806068818712,30.16618652144599,145600
2014-07-25,30.021818161010742,30.10202483966329,29.973692318006012,30.10202483966329,373000
2014-07-28,30.085983276367188,30.126089675894516,29.941611864885875,30.05390244030951,347500
2014-07-29,29.997766494750977,30.19026380980097,29.997766494750977,30.166202410342137,231900
2014-07-30,29.94161033630371,30.077962296731727,29.845358653978415,30.053900905994677,283300
2014-07-31,29.428281784057617,29.797240504279575,29.41223983450979,29.765156605183922,331200
2014-08-01,29.428281784057617,29.548594875821802,29.315991196911856,29.364117045555336,468300
2014-08-04,29.548582077026367,29.572643461081547,29.291917114812122,29.45233348111795,200100
2014-08-05,29.259841918945312,29.476403618817628,29.211716076855264,29.436300280253555,255800
2014-08-06,29.332035064697266,29.396202867084977,29.20370251961107,29.20370251961107,451700
2014-08-07,29.219730377197266,29.46035340071749,29.16358510703214,29.436292016271793,198100
2014-08-08,29.564645767211914,29.5726652145668,29.24381279859734,29.24381279859734,220200
2014-08-11,29.700990676879883,29.81328127109513,29.6849487263221,29.700990676879883,327300
2014-08-12,29.68494415283203,29.733069997090734,29.620779420175833,29.684944152832028,322900
2014-08-13,29.84536361694336,29.86140556666518,29.709011633841467,29.73307302857967,149700
2014-08-14,30.021818161010742,30.021818161010742,29.837340352358947,29.837340352358947,188100
2014-08-15,30.00577735900879,30.142132389550763,29.829318987609337,30.110048492989264,275000
2014-08-18,30.20629119873047,30.22233314386497,30.126084532746162,30.158165363326976,321200
2014-08-19,30.374746322631836,30.374746322631836,30.238394291930344,30.286517098206108,435400
2014-08-20,30.40682601928711,30.438909925484623,30.28651290089128,30.334638760187552,437400
2014-08-21,30.50306510925293,30.55119095345193,30.398797036354885,30.454942324742678,528500
2014-08-22,30.39879608154297,30.519106098728468,30.35868968279249,30.519106098728468,146800
2014-08-25,30.511089324951172,30.543173222883897,30.47098598237972,30.511089324951172,162100
2014-08-26,30.495040893554688,30.5752475616478,30.478998947998413,30.54316673022351,187500
2014-08-27,30.495040893554688,30.54316673022351,30.446915056885864,30.503060336488694,309000
2014-08-28,30.527135848999023,30.55119724621018,30.430884140775664,30.446926092146224,578500
2014-08-29,30.59931182861328,30.607331271499792,30.462956822036585,30.54316654934295,361100
2014-09-02,30.567235946655273,30.64744263528846,30.470987308357643,30.63942319030076,640100
2014-09-03,30.61534881591797,30.679516593783994,30.575245484595733,30.663474649317486,211500
2014-09-04,30.591299057006836,30.695570205829217,30.51911180931276,30.639424908699294,235700
2014-09-05,30.767749786376953,30.767749786376953,30.551188097260656,30.615352823838567,175900
2014-09-08,30.695556640625,30.74368247104934,30.60732748135765,30.735659969468017,192000
2014-09-09,30.51910400390625,30.67952040883129,30.470981224210643,30.67952040883129,193400
2014-09-10,30.527135848999023,30.56723919758074,30.414842189405103,30.487029440727937,462500
2014-09-11,30.567235946655273,30.567235946655273,30.41483895468756,30.470987308357643,415400
2014-09-12,30.310575485229492,30.51109529702431,30.23838823059578,30.50307279112639,1637500
2014-09-15,30.358680725097656,30.406806553584936,30.28649351221061,30.334619340697888,1036500
2014-09-16,30.567235946655273,30.615358735959568,30.326612821066675,30.334632266054374,259300
2014-09-17,30.567235946655273,30.671507089629653,30.454945358693198,30.60733929097187,165100
2014-09-18,30.655473709106445,30.66349315633583,30.58328644528242,30.631409248038505,157700
2014-09-19,30.679519653320312,30.775768270029754,30.639416317998744,30.759726323963456,218300
2014-09-22,30.511089324951172,30.695567148530984,30.495047375984807,30.65546380595953,356900
2014-09-23,30.350664138793945,30.52712246682671,30.35066413879395,30.462954689473698,285600
2014-09-24,30.57708740234375,30.625428655470678,30.35954254253508,30.39982794466724,198800
2014-09-25,30.238679885864258,30.560969214090452,30.222565112095065,30.560969214090452,316200
2014-09-26,30.399831771850586,30.448176104642982,30.174231032645167,30.23868706945548,174300
2014-09-29,30.40789222717285,30.440118710409454,30.190347329032335,30.206462107440487,417900
2014-09-30,30.359535217285156,30.512620937882005,30.32730567392421,30.440106002109093,617900
2014-10-01,30.12587547302246,30.327305507555725,30.061419460232585,30.311190735963653,936800
2014-10-02,30.16615867614746,30.254788376683056,29.964728656231358,30.101702668034964,970900
2014-10-03,30.496496200561523,30.52066988697197,30.262839771494953,30.327295763575496,480000
2014-10-06,30.48040008544922,30.64154168479449,30.375655587011597,30.617371059608498,372600
2014-10-07,30.141990661621094,30.407879786201146,30.13393481250281,30.407879786201146,594800
2014-10-08,30.649600982666016,30.665715757512853,30.125881557670404,30.166166957997984,732100
2014-10-09,30.15003776550293,30.68181586041695,30.150037765502926,30.585127257572093,914000
2014-10-10,30.01306915283203,30.39981437308617,30.01306915283203,30.15004007364842,879100
2014-10-13,29.6988525390625,30.158112891845594,29.66662298746178,30.03725361013248,1118400
2014-10-14,29.835819244384766,30.0694788496132,29.73107782707169,29.84387816791886,1025500
2014-10-15,29.59410285949707,29.690788423817427,29.070386568648026,29.545758540547556,1019300
2014-10-16,29.529645919799805,29.658561026064273,29.167071222937683,29.207356617349348,2233000
2014-10-17,29.843870162963867,29.916385087426356,29.626325389576404,29.75524046933439,1021900
2014-10-20,30.101703643798828,30.117818414743866,29.795529142999637,29.795529142999637,369900
2014-10-21,30.552900314331055,30.560959235373677,30.174214011928985,30.230614164916055,611200
2014-10-22,30.488441467285156,30.74627159217563,30.47232670028231,30.609300683017736,601300
2014-10-23,30.69793701171875,30.84296688709078,30.665710541086025,30.714051783824363,679300
2014-10-24,30.947696685791016,30.95575253123246,30.697922447027633,30.746266740407428,4280600
2014-10-27,30.996049880981445,31.03633526691238,30.859075880522735,30.859075880522735,456800
2014-10-28,31.197479248046875,31.19747924804687,30.996049248921732,31.10079063549074,1530500
2014-10-29,31.12495994567871,31.261930850492607,30.931585821354897,31.221645471051897,863100
2014-10-30,31.447263717651367,31.50366389526193,31.068577249920338,31.068577249920338,469600
2014-10-31,31.64869499206543,31.801783828691963,31.56006526003518,31.753439500244752,3795100
2014-11-03,31.688974380493164,31.721200849969136,31.592285751330067,31.640630065911616,916400
2014-11-04,31.745376586914062,31.79371783102805,31.608402556907713,31.608402556907713,1198300
2014-11-05,31.906513214111328,31.930686905995618,31.761483357118067,31.906513214111328,568600
2014-11-06,31.946805953979492,31.946805953979492,31.7534317609015,31.890405787993938,553000
2014-11-07,31.962928771972656,31.979043549800085,31.84207254863633,31.979043549800085,577000
2014-11-10,32.107933044433594,32.107933044433594,31.898447247216453,31.979017998397552,395500
2014-11-11,32.09183120727539,32.16434306145781,32.0676575156365,32.1240576734971,407500
2014-11-12,32.08378601074219,32.107956639143005,31.979041498372958,32.01127105196032,476600
2014-11-13,32.13212966918945,32.244930030806984,32.043499935467295,32.13212966918945,375400
2014-11-14,32.075714111328125,32.132114265098735,32.011255036402936,32.10794057521286,1346100
2014-11-17,32.164344787597656,32.17240370976914,32.01931799787169,32.027373846464926,257400
2014-11-18,32.31744384765625,32.35772925058673,32.140184386467055,32.17241393824313,2053900
2014-11-19,32.30132293701172,32.3174377098392,32.17240782797056,32.3174377098392,514800
2014-11-20,32.309391021728516,32.32550580065842,32.19659064279898,32.204649569053835,488100
2014-11-21,32.389957427978516,32.59944335847556,32.32549832716152,32.58332858327131,767200
2014-11-24,32.44635009765625,32.494694412084115,32.406064705755554,32.47052071808099,443500
2014-11-25,32.454410552978516,32.502754874268064,32.38189560783359,32.49469902417589,480200
2014-11-26,32.59944534301758,32.59944534301758,32.43830065474425,32.43830065474425,458800
2014-11-28,32.77669143676758,32.91366236809835,32.61554681423053,32.61554681423053,262900
2014-12-01,32.65583038330078,32.800860228151535,32.60748915073577,32.62360391945006,595700
2014-12-02,32.76864242553711,32.81698674899262,32.63972730323471,32.67195685220505,839100
2014-12-03,32.825050354003906,32.841162057207704,32.74447647008791,32.76059124687111,629700
2014-12-04,32.79281234741211,32.889497909609204,32.68806786211107,32.79281234741211,508300
2014-12-05,32.79281234741211,32.825041892670676,32.71223848426569,32.81698296956673,1125100
2014-12-08,32.736412048339844,32.88144192784151,32.63166756346006,32.744467897832784,695700
2014-12-09,32.65583038330078,32.663889304446855,32.37382961474535,32.46245930588501,996700
2014-12-10,32.26103591918945,32.62361060562565,32.244921147172455,32.60749583360865,568400
2014-12-11,32.454410552978516,32.68807016217645,32.341610210215045,32.341610210215045,462700
2014-12-12,32.035423278808594,32.4624569345991,32.01931158484907,32.27714171828828,926400
2014-12-15,31.87429428100586,32.21269531158532,31.73732023988167,32.15629513982208,595000
2014-12-16,31.705081939697266,32.26103072728778,31.68897024385168,31.785655786815166,453900
2014-12-17,32.26103591918945,32.285206540425705,31.72926073694253,31.842061067483016,1286200
2014-12-18,32.865318298339844,32.8733741456618,32.47857308175297,32.639714616814175,6099100
2014-12-19,32.93784713745117,33.034532714060916,32.833102636536154,32.95396191248264,506400
2014-12-22,33.13926696777344,33.13926696777344,32.953951722582644,33.02646665101192,382500
2014-12-23,33.17955780029297,33.27624336287038,33.12315763265792,33.27624336287038,768700
2014-12-24,33.20222854614258,33.27512938812963,33.194126735957774,33.194126735957774,423700
2014-12-26,33.26704406738281,33.372346022433504,33.26704406738281,33.28324460584729,218100
2014-12-29,33.29943084716797,33.331831910185485,33.234628721132935,33.250829252641694,627300
2014-12-30,33.1617317199707,33.28323417540892,33.12933374313153,33.250833108633955,760300
2014-12-31,32.789119720458984,33.242725260975405,32.781021000956436,33.19412367415527,412900
2015-01-02,32.81343460083008,33.007837950787106,32.64333360082794,32.902536007479696,603000
2015-01-05,32.50562286376953,32.82152549869582,32.44892254929227,32.69192433847131,770400
2015-01-06,32.416534423828125,32.74863772256311,32.28693321188122,32.55423435967444,1095500
2015-01-07,32.829627990722656,32.845828523853704,32.52992585263756,32.66762883928363,686900
2015-01-08,33.315635681152344,33.36423419201933,33.02403225620707,33.04833151164056,732900
2015-01-09,33.12124252319336,33.34804388327452,33.00784184315278,33.33994515895881,861300
2015-01-12,32.975440979003906,33.23464341789563,32.90254009994456,33.161742538836286,565500
2015-01-13,32.94304275512695,33.38044806737033,32.74054063908137,33.17794595132474,1824200
2015-01-14,32.829627990722656,32.845828523853704,32.562326918899664,32.66762883928363,833800
2015-01-15,32.78102111816406,33.03212159279519,32.71621900217218,32.94302022827384,1381900
2015-01-16,33.13743209838867,33.16173135323327,32.691928249935046,32.74052675962424,1010000
2015-01-20,33.19414138793945,33.31564387486114,32.91873842886203,33.28324279969048,892900
2015-01-21,33.25084686279297,33.29134666804645,32.999746216259105,33.09694636685489,1406200
2015-01-22,33.73683547973633,33.73683547973633,33.17792796488606,33.412831033738044,1076700
2015-01-23,33.55862808227539,33.70442975380797,33.54242755322344,33.64772944709363,1491400
2015-01-26,33.63154220581055,33.639640928568824,33.348037470291594,33.574841876693995,777800
2015-01-27,33.388545989990234,33.550545191991425,33.218441883990245,33.35614491361531,7497600
2015-01-28,33.00783920288086,33.59914490860634,32.967339404668316,33.53434584945357,1612000
2015-01-29,33.177947998046875,33.20225035462875,32.7405426588203,33.04024803381107,1506100
2015-01-30,32.627140045166016,33.05644663361199,32.60284077994841,33.0321442784573,1497400
2015-02-02,32.91063690185547,32.93493616119546,32.32742995820494,32.70813483419196,1243900
2015-02-03,33.275142669677734,33.283241393159855,32.92683885115374,33.064538779905035,912600
2015-02-04,33.19414138793945,33.372344211441494,33.12124051377376,33.186042664115085,2196100
2015-02-05,33.51813507080078,33.52623379199413,33.32373177286884,33.32373177286884,1727100
2015-02-06,33.22652816772461,33.566730040838266,33.1293280739686,33.566730040838266,1000100
2015-02-09,33.048336029052734,33.2427393689014,32.95923462703611,33.15363796688477,741000
2015-02-10,33.39664840698242,33.43714821196102,33.1050448672372,33.2184455571521,1205800
2015-02-11,33.412841796875,33.485742666211095,33.226540261890854,33.39664126036294,802700
2015-02-12,33.574832916259766,33.574832916259766,33.43712994662953,33.55053057459833,659500
2015-02-13,33.599151611328125,33.599151611328125,33.4452511114441,33.599151611328125,767100
2015-02-17,33.61534118652344,33.65584097960431,33.48573999470296,33.57484139344257,2143600
2015-02-18,33.72874069213867,33.73684250444006,33.50193938667642,33.57484024770872,1388300
2015-02-19,33.58295440673828,33.66395711730549,33.53435587033542,33.66395711730549,1367000
2015-02-20,33.8016357421875,33.825934995042196,33.477634374361315,33.582933196688685,836700
2015-02-23,33.84214401245117,33.84214401245117,33.72874335078132,33.793545494556255,893600
2015-02-24,33.858341217041016,33.8988410079474,33.72064130997214,33.834041960484385,852400
2015-02-25,33.8664436340332,33.947443217292594,33.79354277312533,33.82594075246747,698700
2015-02-26,33.83403778076172,33.898836820219714,33.761136930161726,33.84213650196812,3936900
2015-02-27,33.817848205566406,33.91504834121453,33.75304605517659,33.80974948173598,2187400
2015-03-02,33.931251525878906,33.939353340277975,33.78544976606404,33.79355158046311,1935800
2015-03-03,33.8016357421875,33.898835843541804,33.65583404518829,33.88263840159568,1321900
2015-03-04,33.64774703979492,33.736848451199776,33.526244553345286,33.704447376154995,1782300
2015-03-05,33.76924133300781,33.79354368058706,33.68014302500433,33.68014302500433,831600
2015-03-06,33.169822692871094,33.566724816395116,33.12122110858998,33.566724816395116,995100
2015-03-09,33.323734283447266,33.37233588407575,33.113133527262164,33.113133527262164,585100
2015-03-10,32.89441680908203,33.169819580967896,32.87821628250821,33.11311928292679,2277800
2015-03-11,32.821529388427734,32.95922928563858,32.78912832204786,32.90252896444167,1252100
2015-03-12,33.25084686279297,33.25894867780591,32.85394444539689,32.85394444539689,868800
2015-03-13,33.088829040527344,33.21843021054657,32.87822829797196,33.21843021054657,717800
2015-03-16,33.542449951171875,33.550548676138284,33.17794552894283,33.17794552894283,536700
2015-03-17,33.39664840698242,33.45334875193988,33.28324771706751,33.34804678704587,772900
2015-03-18,33.8016357421875,33.91503637542344,33.161728637572686,33.33993139833517,571500
2015-03-19,33.69633865356445,33.79354185876893,33.615339072496674,33.67203939723131,917300
2015-03-20,33.96364974975586,34.03655062353769,33.73684840462865,33.8178480021922,730400
2015-03-23,34.02034378051758,34.133744432062876,33.963643454744926,33.996044523739585,634600
2015-03-24,33.817848205566406,34.085152441019495,33.80974948173598,34.04464955205756,1197300
2015-03-25,33.39400863647461,33.91464555590147,33.37773834483742,33.906511961703295,820700
2015-03-26,33.28825378417969,33.47536058915089,33.16623124995949,33.263849897983825,696500
2015-03-27,33.43467330932617,33.4590802914641,33.19876190575251,33.288243829458416,494600
2015-03-30,33.800758361816406,33.84143254138778,33.58925076610066,33.59738436071854,868700
2015-03-31,33.564857482910156,33.841446361485666,33.556723884970694,33.6787495767584,1322000
2015-04-01,33.48349380493164,33.589249149319585,33.28011981362296,33.58111245185237,1208100
2015-04-02,33.548580169677734,33.66246912593786,33.44282480890419,33.47536539733318,492500
2015-04-06,33.73568344116211,33.82516850650863,33.442824355752144,33.442824355752144,632500
2015-04-07,33.60551452636719,33.817022080970276,33.60551452636719,33.77634790930511,1614000
2015-04-08,33.70313262939453,33.751943496569936,33.55670313110865,33.662458458368526,804000
2015-04-09,33.76007843017578,33.77634871988038,33.540434174024334,33.69499727135737,2425200
2015-04-10,33.84956741333008,33.91464547648564,33.743812069556384,33.8007565385328,1152700
2015-04-13,33.70313262939453,33.95531745494029,33.70313262939453,33.87396600964795,2385800
2015-04-14,33.7763671875,33.849581979581515,33.5892634084566,33.69501569449712,1338700
2015-04-15,33.80887985229492,33.97157649739877,33.78447287293768,33.88209458388749,902600
2015-04-16,33.7763671875,33.84144527866015,33.654341499616756,33.7763671875,976700
2015-04-17,33.44282150268555,33.654329100081284,33.31266226507871,33.60552132550435,637800
2015-04-20,33.72755432128906,33.77636521423919,33.54858725362253,33.556720850826565,548500
2015-04-21,33.71126174926758,33.89023180192345,33.67058758363849,33.83328734939475,522600
2015-04-22,33.82518005371094,33.86585425096069,33.638073160525906,33.76009885551748,962400
2015-04-23,33.955322265625,34.03667061920219,33.75194827844125,33.76008187250266,995800
2015-04-24,34.00413513183594,34.06107960852099,33.882112583185645,34.01227183035737,1428300
2015-04-27,33.76821517944336,34.08548120347464,33.7356777002336,34.08548120347464,625900
2015-04-28,33.906517028808594,33.906517028808594,33.58925405257254,33.760087485431754,944500
2015-04-29,33.646209716796875,33.80077290697618,33.53232072369188,33.74382841042368,579900
2015-04-30,33.36960220336914,33.62992064321115,33.23130628663024,33.55670588805305,1471500
2015-05-01,33.62178421020508,33.6380513959859,33.3695993852379,33.46721801612441,774800
2015-05-04,33.71940994262695,33.82516529191699,33.67059906528363,33.67059906528363,631700
2015-05-05,33.35334014892578,33.71127731628395,33.32079956010012,33.71127731628395,1155400
2015-05-06,33.271995544433594,33.49163678575319,33.093025388885486,33.42655870398042,447400
2015-05-07,33.45097351074219,33.524188316150315,33.23946579692022,33.24759939607992,993400
2015-05-08,33.833290100097656,33.90650484547846,33.719401185780896,33.719401185780896,1592100
2015-05-11,33.654335021972656,33.857709060472054,33.638064726503714,33.81703487342048,582100
2015-05-12,33.58924102783203,33.67058936339009,33.36146010243732,33.50788958903389,619100
2015-05-13,33.55672073364258,33.79263539388141,33.49977624368727,33.67874641397079,442100
2015-05-14,33.955322265625,33.955322265625,33.67873351892547,33.67873351892547,390500
2015-05-15,34.0692253112793,34.0692253112793,33.9553363278092,33.996010521442514,398700
2015-05-18,34.11801528930664,34.142422275337374,34.00412636529802,34.036666944512035,448700
2015-05-19,34.14243698120117,34.21565176434763,34.05295190143974,34.10175968804287,1033700
2015-05-20,34.12615203857422,34.264444845587285,34.109881748942016,34.166826211034504,577900
2015-05-21,34.101749420166016,34.150560295314186,34.06107524249629,34.0936158259284,316400
2015-05-22,34.01226043701172,34.118012656435766,33.99599014866028,34.044797910474394,373800
2015-05-26,33.71940994262695,33.947187830413824,33.63805848038809,33.947187830413824,479500
2015-05-27,33.939048767089844,33.971586243501534,33.719404509298435,33.76821227553621,420800
2015-05-28,33.914642333984375,33.95531961083339,33.8088901032504,33.882104857041895,472500
2015-05-29,33.71126174926758,33.93090596755253,33.69499146236796,33.92277237572269,446000
2015-06-01,33.800758361816406,33.90651371129477,33.63805854028992,33.8332989467699,1481900
2015-06-02,33.68686294555664,33.76007769601497,33.54857014093558,33.703133234907426,878000
2015-06-03,33.67873764038086,33.74381571055843,33.58111588025278,33.74381571055843,834200
2015-06-04,33.45097351074219,33.670617926966564,33.41843601086069,33.548595320114835,798600
2015-06-05,33.25572204589844,33.44282577993579,33.198777566114956,33.44282577993579,850200
2015-06-08,33.109291076660156,33.271990913308464,33.109291076660156,33.271990913308464,882300
2015-06-09,33.052337646484375,33.14995628073505,33.019797067320674,33.109282108400635,564700
2015-06-10,33.33706283569336,33.418414290629684,33.16622943518813,33.17436302906141,606500
2015-06-11,33.50788879394531,33.54856606399922,33.3533257187565,33.442810747691084,464300
2015-06-12,33.304527282714844,33.43468652702636,33.263853100725214,33.4265529319249,1451100
2015-06-15,33.12556838989258,33.190646476397056,33.01167941107828,33.14183868732918,599800
2015-06-16,33.34519577026367,33.369599652370574,33.10928123242907,33.14182181073185,2077200
2015-06-17,33.467227935791016,33.532309111165596,33.223179734618824,33.38587956981404,1409600
2015-06-18,33.82518005371094,33.914662046363446,33.51605056877666,33.51605056877666,616700
2015-06-19,33.68686294555664,33.849562735824065,33.67872935250144,33.784481578420944,473800
2015-06-22,33.78449249267578,33.93092204089725,33.7682221980688,33.85770726678651,791000
2015-06-23,33.751953125,33.85770537918752,33.69500554542974,33.85770537918752,979500
2015-06-24,33.5067138671875,33.784642321958636,33.498537758307,33.7274189146108,769800
2015-06-25,33.43315887451172,33.59664370325354,33.424982762110695,33.59664370325354,517200
2015-06-26,33.49854278564453,33.555763083307895,33.400451292260534,33.46584458175908,444700
2015-06-29,32.92634201049805,33.39228057719205,32.90999290591387,33.18792144729914,1444300
2015-06-30,32.95903778076172,33.1960951022812,32.9099904706386,33.1960951022812,662300
2015-07-01,33.351409912109375,33.351409912109375,33.12252868078969,33.1715759953323,2502100
2015-07-02,33.37592697143555,33.48219144956411,33.294181467176486,33.42497115571884,998800
2015-07-06,33.40044403076172,33.44131521759667,33.155213791480385,33.179735879927016,802800
2015-07-07,33.71926498413086,33.71926498413086,33.21245508657691,33.44950936748646,1204000
2015-07-08,33.359588623046875,33.57212076607951,33.31871429860666,33.49855134766953,2720900
2015-07-09,33.359588623046875,33.6702122845351,33.34323951692542,33.64569018448949,1573000
2015-07-10,33.711082458496094,33.7683027637397,33.59663872973611,33.63751304914391,1013400
2015-07-13,33.94813919067383,33.97266440779235,33.83369857169736,33.97266440779235,863800
2015-07-14,34.021705627441406,34.05440383522192,33.907265018482335,33.93178711518136,636900
2015-07-15,33.99717330932617,34.05439359660215,33.931776913426894,34.00534629967769,630500
2015-07-16,34.21788787841797,34.2260608703006,34.11162027430949,34.11979638446449,707100
2015-07-17,34.14432144165039,34.20971473720384,34.08710113868888,34.20971473720384,701300
2015-07-20,34.16066360473633,34.201534795937576,34.05439601299548,34.103443313400184,532900
2015-07-21,34.00534439086914,34.168832253168546,33.94812410680509,34.1443101652187,1403600
2015-07-22,34.05440902709961,34.111629340302855,33.923619294310306,33.923619294310306,932200
2015-07-23,33.84186935424805,34.09527265114183,33.792822046007714,34.09527265114183,1142600
2015-07-24,33.71926498413086,33.96449537854254,33.686566766669664,33.89092594839167,616700
2015-07-27,33.629337310791016,33.702906720958836,33.54759490761469,33.59663910221136,687400
2015-07-28,33.980831146240234,33.98900725653238,33.6538553365478,33.77647204475057,469000
2015-07-29,34.2097053527832,34.226054451754834,33.95630211440239,34.0053462930455,415000
2015-07-30,34.2260627746582,34.24241187760552,33.980832466993576,34.12797127524686,597400
2015-07-31,34.28327560424805,34.40589229049394,34.23423142436718,34.29962470363229,420600
2015-08-03,34.31598663330078,34.356857837906645,34.136149591107326,34.283288422306875,699000
2015-08-04,34.29145431518555,34.40589490128738,34.23423402213463,34.332325507611614,1529000
2015-08-05,34.49582290649414,34.57756531388363,34.446775591096674,34.471297689658925,798600
2015-08-06,34.29145431518555,34.561206679815285,34.201535820884935,34.561206679815285,1186300
2015-08-07,34.28327560424805,34.28327560424805,34.09526563873705,34.266926504863804,599500
2015-08-10,34.503997802734375,34.528523020922094,34.40590628480289,34.40590628480289,414000
2015-08-11,34.430416107177734,34.48763639875635,34.31597552402051,34.41406700697356,2229400
2015-08-12,34.52851486206055,34.544860845959064,34.10344756043389,34.31597965211102,1055200
2015-08-13,34.53668975830078,34.667479464607226,34.42224915506671,34.54486275070068,741700
2015-08-14,34.70017623901367,34.708349231076355,34.487641026114595,34.495817136449716,949000
2015-08-17,34.84731674194336,34.86366584513857,34.51216792212303,34.68382882826385,915300
2015-08-18,34.839134216308594,34.90453061704805,34.773740933841154,34.773740933841154,5876100
2015-08-19,34.71653366088867,34.92089281242529,34.536696609689024,34.77375397385707,1327100
2015-08-20,34.21788787841797,34.569385776546326,34.201538776380325,34.536687572471045,6118400
2015-08-21,33.335052490234375,34.02169913114938,33.335052490234375,33.93995674557917,5387000
2015-08-24,32.084373474121094,32.91815884050744,21.588491682951624,31.978105886313607,6263200
2015-08-25,31.536699295043945,33.07347755431367,31.520350192080752,32.721979636286356,2473100
2015-08-26,32.493099212646484,32.55031951525726,31.642964547754076,32.00263858504766,2121300
2015-08-27,33.089813232421875,33.138860521412504,32.533956430279886,32.85275601304076,1919500
2015-08-28,33.05712890625,33.1225253190027,32.86094590453708,33.008084714958066,1207700
2015-08-31,32.73017120361328,32.95087952043632,32.68112387156127,32.9263542952733,1669100
2015-09-01,31.953588485717773,32.32960847527188,31.798276694799082,32.19064578628237,2154500
2015-09-02,32.411354064941406,32.411354064941406,32.03533095618655,32.28056436745739,1699600
2015-09-03,32.484920501708984,32.77102196439976,32.40317499931729,32.46857140123065,1594900
2015-09-04,32.04350662231445,32.22334050494298,31.880018723156624,32.149774224507894,1413600
2015-09-08,32.713802337646484,32.73015143845756,32.34595536507766,32.46039595248304,1328600
2015-09-09,32.26421356201172,32.97538230964096,32.19881715758631,32.97538230964096,917900
2015-09-10,32.33778762817383,32.54214674410909,32.182472704368536,32.23152001477115,1073200
2015-09-11,32.54214096069336,32.54214096069336,32.18246698487436,32.25603637826715,4570000
2015-09-14,32.45221710205078,32.583006766653504,32.37047161275434,32.583006766653504,1097900
2015-09-15,32.771034240722656,32.86095276790178,32.45223445764995,32.501278659185296,1906700
2015-09-16,33.04079055786133,33.07348877488097,32.77921105825141,32.84460749229069,1182000
2015-09-17,33.12252426147461,33.55576456817478,32.999907550614466,33.00808366108381,1355300
2015-09-18,32.80373001098633,33.11435365848838,32.64841506896229,32.77103180021569,868500
2015-09-21,33.008079528808594,33.17156741673093,32.828242540266814,32.95085923577659,1177600
2015-09-22,32.66476821899414,32.795557959998455,32.50128026317039,32.66476821899414,1714800
2015-09-23,32.73017120361328,32.78739153187029,32.58303232573125,32.68112387156127,736400
2015-09-24,32.70562744140625,32.75467474565901,32.38682775944393,32.54214266377488,2263900
2015-09-25,32.71548843383789,33.04412342614578,32.57582059926915,32.90445245748148,1568000
2015-09-28,32.05821990966797,32.57581889859738,31.984277196963767,32.57581889859738,1378100
2015-09-29,32.12394714355469,32.247186050890605,31.951415180560893,32.10751821439913,1534200
2015-09-30,32.52653503417969,32.55118156971951,32.23898167255978,32.38686401989531,1178400
2015-10-01,32.567604064941406,32.60046819206523,32.24718666072328,32.55117200137949,1594700
2015-10-02,32.97838592529297,32.97838592529297,32.21431244644194,32.321119259102474,2021900
2015-10-05,33.44669723510742,33.47134689612824,33.183790500918995,33.183790500918995,1232500
2015-10-06,33.192020416259766,33.44670964658673,33.12629214127432,33.44670964658673,917700
2015-10-07,33.43027114868164,33.44670321426786,33.200228498666654,33.32346742351528,2806800
2015-10-08,33.684967041015625,33.73426324300888,33.3070388946898,33.37276402991776,1464600
2015-10-09,33.75069808959961,33.83285529892404,33.66032327888476,33.7589125568934,1003300
2015-10-12,33.85749816894531,33.890362302755335,33.71783030139715,33.726044767801504,676000
2015-10-13,33.709598541259766,33.914994590151856,33.66030549534645,33.758894721268064,1811000
2015-10-14,33.479576110839844,33.81642570830896,33.46314404095149,33.70961882108308,1275900
2015-10-15,33.841064453125,33.88214618543397,33.528864599430676,33.5781576636476,2239600
2015-10-16,34.11219024658203,34.1204047129242,33.93144064609155,33.964304779652785,1211400
2015-10-19,34.186126708984375,34.186126708984375,34.013594740581404,34.038241269183054,2670400
2015-10-20,34.128623962402344,34.194349098604256,34.03824915779034,34.13683842914142,936000
2015-10-21,34.00537109375,34.2189847506252,33.980724569531766,34.19433509231181,860000
2015-10-22,34.49834442138672,34.53120542889176,34.153277202758865,34.16149480520791,1287800
2015-10-23,34.5147590637207,34.67907656958162,34.34222709290983,34.67907656958162,2352700
2015-10-26,34.53118896484375,34.564053090776625,34.449031784107106,34.506542437441865,2207500
2015-10-27,34.48191452026367,34.547639673506374,34.366893151516,34.440832773627584,2246000
2015-10-28,34.6790771484375,34.70372681189032,34.292934607429046,34.555841367556596,1796500
2015-10-29,34.6790771484375,34.74480540551728,34.522977239016704,34.63799855481053,1618600
2015-10-30,34.47368621826172,34.74481061824868,34.47368621826172,34.74481061824868,990900
2015-11-02,34.785888671875,34.81053520454275,34.50654980995438,34.58049254205385,2124500
2015-11-03,34.75302505493164,34.835185388537745,34.596925122224434,34.75302505493164,1563700
2015-11-04,34.67085266113281,34.83517012223764,34.59690996034038,34.83517012223764,1256300
2015-11-05,34.61336898803711,34.71195828787554,34.47369794034344,34.69552621555291,959500
2015-11-06,34.3339958190918,34.53939181733844,34.12859982084515,34.50652770543637,2131400
2015-11-09,34.08753967285156,34.29293578211795,33.939654223452095,34.29293578211795,1503200
2015-11-10,34.25186538696289,34.268297457233096,34.05468681191429,34.07111888218449,1156500
2015-11-11,34.24363708496094,34.383304924688574,34.227205021329034,34.35044393152045,1077400
2015-11-12,33.841064453125,34.15326744091547,33.841064453125,34.087542310594195,1422800
2015-11-13,33.537071228027344,33.84105654467806,33.52063916576306,33.79997795606506,1513000
2015-11-16,34.030025482177734,34.030025482177734,33.4959974847682,33.4959974847682,1304400
2015-11-17,33.988956451416016,34.22721675461203,33.89036716992333,34.10397780217361,1521700
2015-11-18,34.383296966552734,34.42437868317182,33.980722470083336,34.062879635131594,1150500
2015-11-19,34.391517639160156,34.49832447055063,34.35043905296236,34.37508557786199,1176900
2015-11-20,34.48191452026367,34.64622897041905,34.41618623292372,34.53120760167139,1520400
2015-11-23,34.48191452026367,34.596935889011334,34.41618623292372,34.5147755298364,1541100
2015-11-24,34.4901237487793,34.555852026132634,34.202570370600355,34.3504558605486,1341100
2015-11-25,34.49834442138672,34.547637499692804,34.46548027978463,34.53120542889176,808300
2015-11-27,34.564056396484375,34.60513499078145,34.45724954403529,34.481899207890216,460400
2015-11-30,34.399742126464844,34.62157031748552,34.399742126464844,34.62157031748552,1251700
2015-12-01,34.76945877075195,34.777676371550456,34.432609222230965,34.54763056063866,4359500
2015-12-02,34.4408073425293,34.78587432807201,34.39972876032288,34.78587432807201,2296500
2015-12-03,33.988956451416016,34.47369152539213,33.87393510065842,34.47369152539213,1648700
2015-12-04,34.67085266113281,34.703716780172755,33.99715389128843,34.071096592080856,1472400
2015-12-07,34.61336898803711,34.67909414323028,34.45726586802082,34.58050484339185,1828000
2015-12-08,34.53940200805664,34.61334471460572,34.32578835176148,34.40794865575775,1499200
2015-12-09,34.24363708496094,34.73658645753524,34.10396611113762,34.45724764398429,4154100
2015-12-10,34.22721481323242,34.44082543336663,34.1779186082338,34.28472548534919,2711000
2015-12-11,33.8164176940918,34.095756547799056,33.742474964166455,33.9150069559602,1791800
2015-12-14,34.05467224121094,34.087536367690035,33.68495865356006,33.84927615185996,2525100
2015-12-15,34.342227935791016,34.47368131688693,34.26828521304357,34.26828521304357,1464500
2015-12-16,34.83518600463867,34.88447907157788,34.35866546358423,34.449040265101196,2153700
2015-12-17,34.48191452026367,34.884489310880504,34.47369691729756,34.884489310880504,3695000
2015-12-18,33.988956451416016,34.375102243899434,33.98074198383194,34.375102243899434,1727000
2015-12-21,34.218994140625,34.251855137234955,34.00538042513228,34.20256207527202,1796700
2015-12-22,34.48191452026367,34.547639673506374,34.153279351758414,34.33402900784603,1319500
2015-12-23,34.81052017211914,34.81873776885722,34.596909668352104,34.62977378711469,1923200
2015-12-24,34.779945373535156,34.870884647289266,34.68900609978105,34.8212805469675,613300
2015-12-28,34.796478271484375,34.796478271484375,34.606333960606165,34.72207370169104,1262400
2015-12-29,35.0858268737793,35.143696743084014,34.84608162394749,34.97008713516987,1421600
2015-12-30,34.93701171875,35.135424917664906,34.895676555463375,35.135424917664906,1460000
2015-12-31,34.57325744628906,34.88741036005484,34.564991675200574,34.88741036005484,1229000
2016-01-04,34.14338302612305,34.20125291562053,33.829229944799216,34.184718210953754,2977700
2016-01-05,34.374855041503906,34.44925645884454,34.110303002827514,34.209511199957966,2930600
2016-01-06,34.1599006652832,34.275640386457255,33.9945568548899,34.027626247702734,2766100
2016-01-07,33.606014251708984,33.9780340127962,33.52334074083362,33.655615204562224,2740800
2016-01-08,33.267051696777344,33.77961471016296,33.209178678062905,33.71347591944424,3711800
2016-01-11,33.31664276123047,33.457186073015734,33.01902459855125,33.36624683956707,3771200
2016-01-12,33.49026870727539,33.564673284385975,33.167849924353426,33.548141737180714,2998400
2016-01-13,32.96117401123047,33.60601479173251,32.91157305758018,33.60601479173251,4079500
2016-01-14,33.30012512207031,33.50680415714507,32.91157068062659,33.06864561196156,4322700
2016-01-15,32.87021255493164,32.93635132008665,32.57259757274382,32.688337258095174,3519900
2016-01-19,33.093448638916016,33.25052673603548,32.84543440843565,33.12651804395928,3287900
2016-01-20,32.58087921142578,32.82062762138726,31.94430747825466,32.680084253810335,4905700
2016-01-21,32.680091857910156,32.911574548898095,32.41554291421437,32.67182608315124,3473200
2016-01-22,33.30012512207031,33.32492875077611,32.96944055815378,33.03557620946837,7374100
2016-01-25,33.01905059814453,33.349738406769,32.994250116283126,33.24226439591514,1744200
2016-01-26,33.44892883300781,33.47373245767474,33.10997539682509,33.12651009537929,3412300
2016-01-27,33.258792877197266,33.6804199119679,33.06038275209397,33.40760204786078,5806200
2016-01-28,33.30012512207031,33.45720320707708,33.10998078824215,33.3745297008441,3341700
2016-01-29,34.0937614440918,34.0937614440918,33.341450181989494,33.457189890978995,2829000
2016-02-01,34.217769622802734,34.35004403689225,33.84574684765385,33.90361670671359,3285600
2016-02-02,33.8622932434082,34.01937133256033,33.76308818698236,34.002836630877376,3394000
2016-02-03,33.94496536254883,34.06070511592072,33.52333837106922,34.00283523923478,6882900
2016-02-04,33.84575271606445,33.99456185192557,33.68867780762054,33.87882211373833,4827100
2016-02-05,33.44892883300781,33.81268589385746,33.33318909679976,33.80441696774473,5128100
2016-02-08,33.14305114746094,33.28359138160622,32.737958839405195,33.20092102665863,4246600
2016-02-09,33.15131378173828,33.35799280320466,32.85369863991083,32.91156851362769,5740700
2016-02-10,33.233985900878906,33.556404656374966,33.20091650193791,33.30012154508944,4979000
2016-02-11,32.93635177612305,33.10169553763001,32.737938631580704,32.88674770156997,5332100
2016-02-12,33.39105224609375,33.39105224609375,33.068633573340975,33.16783859103322,4594400
2016-02-16,33.7961540222168,33.7961540222168,33.49026680388493,33.65561064958592,3645300
2016-02-17,34.11029815673828,34.17643694542883,33.86228400649076,33.92842279518131,3804900
2016-02-18,34.18470001220703,34.27563926262518,34.027625132002555,34.159899545246006,5903500
2016-02-19,34.20951461791992,34.25084979401844,33.936696779060455,34.06070546102781,19258800
2016-02-22,34.540191650390625,34.57326104552881,34.3500473588527,34.43272084669816,6749500
2016-02-23,34.374855041503906,34.57326512842186,34.358320341982164,34.48232585788802,4958800
2016-02-24,34.531925201416016,34.581529293150766,34.077232065029406,34.20950648931771,4597700
2016-02-25,34.95356369018555,34.95356369018555,34.589809658343015,34.589809658343015,5015500
2016-02-26,34.680728912353516,35.00314757415077,34.655925293520276,35.00314757415077,4249500
2016-02-29,34.44925308227539,34.86261106878892,34.44925308227539,34.69727039712044,4204400
2016-03-01,34.97834396362305,35.00314442655561,34.58978655810486,34.65592217714845,3519700
2016-03-02,35.0858268737793,35.0940958000636,34.82954692505023,34.945286663659665,4441700
2016-03-03,35.1519660949707,35.16850079406815,34.87914829036989,35.07756152586788,3706200
2016-03-04,35.226375579833984,35.31731486072462,35.052765945591034,35.15197100034817,4214900
2016-03-07,35.20983123779297,35.28423579690642,35.06102211956606,35.11889198180197,3868700
2016-03-08,35.094085693359375,35.25116055714046,35.027946916817584,35.110620387494826,5712700
2016-03-09,35.20983123779297,35.27596687163217,35.11062621019869,35.201565466189685,4689800
2016-03-10,35.25944519042969,35.48265577653069,34.97009264464777,35.27597673826011,5539500
2016-03-11,35.672794342041016,35.697594811253694,35.46611535547918,35.49918159653907,3961300
2016-03-14,35.68106460571289,35.73893447694165,35.55705593669614,35.6314605073719,3934700
2016-03-15,35.664527893066406,35.68106259158005,35.46611781824525,35.53225345862854,3464300
2016-03-16,35.838138580322266,35.91254314904723,35.4826504357109,35.5653239307783,4154300
2016-03-17,36.04481887817383,36.11095767659604,35.78853891846649,35.83813986361166,3983300
2016-03-18,36.110958099365234,36.2018973714247,35.9786836546437,36.13575857222817,5043300
2016-03-21,36.07788848876953,36.144027287579256,35.986949217241914,36.07788848876953,3331000
2016-03-22,36.020023345947266,36.110962629414885,35.92081828837892,35.97868816809978,3198200
2016-03-23,35.96103286743164,36.077330454544004,35.927804080007654,35.97764726114364,2967800
2016-03-24,35.96103286743164,35.96103286743164,35.761663311759314,35.84473528031928,3285900
2016-03-28,36.04411315917969,36.11887637028486,35.95273554906531,36.01088436116126,4021700
2016-03-29,36.476070404052734,36.484376017385344,35.969342431221506,36.01087683562841,3536400
2016-03-30,36.54252624511719,36.62559504997314,36.492683060880545,36.584060647545165,3486400
2016-03-31,36.4926872253418,36.63390484348671,36.45115281817401,36.534221632509585,3297800
2016-04-01,36.800052642822266,36.83328144242766,36.32655333950003,36.384702154373095,4295300
2016-04-04,36.73358917236328,36.83327237777472,36.65882597608671,36.82496676435375,3833600
2016-04-05,36.426231384277344,36.63390659893998,36.37639136083658,36.6006809729369,4223000
2016-04-06,36.69205093383789,36.700359715980284,36.38469254087951,36.41792133170526,4269100
2016-04-07,36.451148986816406,36.61728976689675,36.30992821464298,36.567446582211105,4857700
2016-04-08,36.53422546386719,36.650523083682025,36.43454224243625,36.6172974557867,4401900
2016-04-11,36.39299774169922,36.6671273168556,36.35976895414341,36.59236412929084,3391200
2016-04-12,36.6172981262207,36.65883253850468,36.34316530117587,36.409622895928266,11409100
2016-04-13,36.62559127807617,36.76680886556232,36.49267930267155,36.76680886556232,5190400
2016-04-14,36.559146881103516,36.6588332752355,36.534226867006815,36.6505244912882,3997400
2016-04-15,36.66712951660156,36.708663919102264,36.54252630909946,36.62559511410086,3133400
2016-04-18,36.92463684082031,36.92463684082031,36.55082099235164,36.63388977251319,3036700
2016-04-19,36.999420166015625,37.04095457872235,36.88312254288777,36.999420166015625,4791000
2016-04-20,36.7917366027832,37.032640578355426,36.783427820799695,37.01602618326026,2870100
2016-04-21,36.35146713256836,36.80004634384063,36.326547121566186,36.80004634384063,5571300
2016-04-22,36.4677619934082,36.47606760610371,36.26008681843178,36.38469002209462,2918600
2016-04-25,36.550846099853516,36.550846099853516,36.33486522174942,36.40962844279949,2420900
2016-04-26,36.525917053222656,36.675443458359744,36.43453945354196,36.59237147279901,2511800
2016-04-27,36.650516510009766,36.72527970489149,36.38469252129073,36.50929890238424,2454800
2016-04-28,36.484375,36.72527897526301,36.39300058040161,36.49268378197284,2608500
2016-04-29,36.359771728515625,36.40961491365253,36.10225335861603,36.38469173664816,4037000
2016-05-02,36.67544174194336,36.70866736574046,36.384694559396145,36.42622896579658,2462300
2016-05-03,36.550846099853516,36.62560932090359,36.417934058972605,36.559151716026626,4014200
2016-05-04,36.59236145019531,36.64220462787977,36.35145751136083,36.40130068904528,2809500
2016-05-05,36.6172981262207,36.708672565696446,36.53422613278021,36.62560374112849,2955200
2016-05-06,36.73358917236328,36.74189478578425,36.4013075958292,36.57575399751721,3079900
2016-05-09,36.89141082763672,36.94955961188446,36.64220129959338,36.74188447703651,3213100
2016-05-10,37.19877624511719,37.207085026665936,36.96618106369914,37.00771546482784,2592100
2016-05-11,36.89141082763672,37.19046352883716,36.874796436584354,37.19046352883716,3079000
2016-05-12,37.00774002075195,37.09911766519034,36.81667911368704,36.9911256155019,3460200
2016-05-13,36.75851821899414,37.01603666256546,36.692060619799186,36.99111347843098,3175300
2016-05-16,37.07416534423828,37.124005347696055,36.683735083173595,36.78341825896017,7484200
2016-05-17,36.567447662353516,37.049252453059246,36.44284128139464,37.02433244441623,2395800
2016-05-18,36.35146713256836,36.692054348044216,36.1521007068066,36.52591671620015,4047500
2016-05-19,36.33485412597656,36.35146535325013,36.102255748810045,36.23516774910289,3237300
2016-05-20,36.41791915893555,36.50929674381861,36.334850355699146,36.45114794777879,2077700
2016-05-23,36.32655715942383,36.45946920294904,36.29332835632426,36.45946920294904,3305800
2016-05-24,36.69205093383789,36.74189412007651,36.326543741370415,36.43453572711813,2823800
2016-05-25,36.75851821899414,36.83328143365209,36.642220589275716,36.775132618792874,4567500
2016-05-26,36.86649703979492,36.90803143999143,36.77511945803963,36.80003946438322,2942600
2016-05-27,36.957881927490234,36.999416335897386,36.849889930533855,36.91634435021085,1908300
2016-05-31,36.93294906616211,37.0326354228553,36.78342269999373,37.0326354228553,3541700
2016-06-01,36.999420166015625,37.02434017986515,36.758516135895036,36.84989374517337,2563200
2016-06-02,37.1489372253418,37.1489372253418,36.891418861258515,36.99110206040905,2172200
2016-06-03,37.24032211303711,37.29016213794827,37.032646892247584,37.157250123397866,3132500
2016-06-06,37.21538543701172,37.3233773999475,37.12400786597923,37.315068619560236,3078200
2016-06-07,37.2652473449707,37.381544977882236,37.215404144205976,37.306781761171564,2909500
2016-06-08,37.4646110534668,37.481225452499146,37.25693581887137,37.31508463104828,1926500
2016-06-09,37.580902099609375,37.61412772018399,37.38983814472856,37.43137571597242,2391100
2016-06-10,37.43136978149414,37.49782418097926,37.30676342526154,37.43136978149414,2522300
2016-06-13,37.21538543701172,37.489518150109184,37.20707982549569,37.37322057565738,5346500
2016-06-14,37.2652473449707,37.29847614548052,37.074186495348485,37.19878974395106,2757100
2016-06-15,37.21538543701172,37.37322057565738,37.16554543017308,37.33999179185079,2743600
2016-06-16,37.40645217895508,37.423066573518156,37.049250618028346,37.14893698540679,2860700
2016-06-17,37.24032211303711,37.406459754570825,37.032646892247584,37.406459754570825,2773800
2016-06-20,37.398155212402344,37.63075045231692,37.38154081399809,37.48122403555112,2094300
2016-06-21,37.52174758911133,37.62196057826247,37.43823729577096,37.488342197489786,6202400
2016-06-22,37.51339340209961,37.65536471891792,37.479991197301224,37.58020418312314,5354400
2016-06-23,37.83909606933594,37.83909606933594,37.55515658473142,37.722177187440366,4366200
2016-06-24,37.17097854614258,37.56348373486924,36.96219973268574,36.97055266922266,9102900
2016-06-27,36.98726272583008,37.045720550388026,36.72837579870737,37.01231516900848,5942400
2016-06-28,37.42987823486328,37.446580927943,37.062428544248355,37.24615179669934,4874000
2016-06-29,37.93095779418945,37.9727161324164,37.596913388371384,37.65537123903239,5695600
2016-06-30,38.59069061279297,38.60739330686273,37.94765122681619,38.03116469716502,5566100
2016-07-01,38.657508850097656,38.73266939506126,38.57399536363045,38.68256130318093,4644900
2016-07-05,38.766075134277344,38.82453617298519,38.56564911993123,38.62410697292501,3301100
2016-07-06,38.85793685913086,38.89134225544822,38.582350303797426,38.72431845957533,7692300
2016-07-07,38.67420959472656,38.89969121823277,38.57399341602584,38.89969121823277,4228000
2016-07-08,39.10846710205078,39.12516661148781,38.766066630037734,38.85792986050822,3687000
2016-07-11,39.141868591308594,39.20867937068919,39.024952913105864,39.158571286153744,4465300
2016-07-12,39.05000686645508,39.20032794013744,39.03330735668008,39.191978185249944,4550600
2016-07-13,39.191978454589844,39.21703090513793,39.04165737987443,39.05000713481931,5886900
2016-07-14,39.25042724609375,39.35064021089273,39.158564034314395,39.27547969086532,6516100
2016-07-15,39.17527389526367,39.342297657636315,39.058358217316815,39.342297657636315,3377600
2016-07-18,39.15021514892578,39.25042811594564,39.08340438043735,39.20032003957932,5561800
2016-07-19,39.191978454589844,39.21703090513793,39.075062771080844,39.20868115019305,2658400
2016-07-20,39.217041015625,39.30055451517153,39.217041015625,39.30055451517153,2896700
2016-07-21,39.16693115234375,39.23373875782466,39.04166251171047,39.23373875782466,2929200
2016-07-22,39.4007568359375,39.40910659076898,39.10846763113473,39.191977922303124,1944300
2016-07-25,39.29219055175781,39.392403537391814,39.17527487089924,39.392403537391814,1856300
2016-07-26,39.217041015625,39.375715071906264,39.10847824478592,39.35065942918517,6123600
2016-07-27,38.99155807495117,39.2253926803481,38.8161845101891,39.19198728161794,7349200
2016-07-28,39.07506561279297,39.141873214350895,38.87463643669183,38.941447223963436,2069600
2016-07-29,39.1585693359375,39.26713525416739,38.941440685190855,38.941440685190855,3563000
2016-08-01,39.217041015625,39.30055451517153,39.11682800188344,39.166936101611356,2840200
2016-08-02,39.041656494140625,39.21703001542544,38.94144350850835,39.09176457981345,3179500
2016-08-03,38.74937057495117,39.04165980185608,38.74937057495117,39.04165980185608,9472200
2016-08-04,38.86628723144531,38.94144777533322,38.82453208166619,38.8996926255541,3884300
2016-08-05,38.98320007324219,38.991549828301686,38.89133683902026,38.94144492651772,2803700
2016-08-08,38.88299560546875,39.00826107309504,38.84123726387913,39.00826107309504,2825300
2016-08-09,38.96650695800781,39.03331775776436,38.85794100126056,38.916398858190405,2504000
2016-08-10,38.99155807495117,39.04166617304641,38.916397520665406,39.01661371685587,6032400
2016-08-11,39.05836486816406,39.09177026346951,38.94979892627827,39.07506756581679,2457900
2016-08-12,39.00823974609375,39.125155392909264,38.966484613047136,39.06669756950151,4237600
2016-08-15,38.94979476928711,39.091766091326186,38.924742318338716,39.091766091326186,2265700
2016-08-16,38.59904479980469,38.90803668579587,38.59904479980469,38.89133399118645,5188100
2016-08-17,38.69090270996094,38.732657847889406,38.41531306534997,38.640794633019084,6518800
2016-08-18,38.81618118286133,38.81618118286133,38.69091572693226,38.74102063501833,5256900
2016-08-19,38.68254852294922,38.73265659827445,38.55727992749248,38.724303659530555,5124500
2016-08-22,38.73267364501953,38.791131499104004,38.61575793685059,38.69926824676723,4280100
2016-08-23,38.73267364501953,38.882994751440776,38.73267364501953,38.86629205231462,2188600
2016-08-24,38.54059982299805,38.77443125413587,38.49049172244809,38.74102585376923,2394000
2016-08-25,38.54894256591797,38.699263654501294,38.46543226591112,38.51553717162974,5916800
2016-08-26,38.36520767211914,38.791118391636026,38.23158930997352,38.590689255561074,4182700
2016-08-29,38.624114990234375,38.64081769251592,38.38193058572407,38.41533599028716,1879100
2016-08-30,38.40696716308594,38.60739311952427,38.34850614126886,38.55728503755812,3689000
2016-08-31,38.3902587890625,38.432013924999836,38.24828750402035,38.41531123348237,2886400
2016-09-01,38.40696716308594,38.432019611212446,38.239943408911905,38.40696716308594,5016500
2016-09-02,38.64078903198242,38.724299295734426,38.507170698551796,38.52387338844467,3142000
2016-09-06,38.7744026184082,38.79945505732425,38.58232648672386,38.61573186241991,3194700
2016-09-07,38.74937057495117,38.79112572369278,38.6241019430127,38.79112572369278,1737500
2016-09-08,38.53224182128906,38.70761537161826,38.49048666916981,38.70761537161826,2624900
2016-09-09,37.49668502807617,38.340150231960145,37.488332089566235,38.3234475406529,8741700
2016-09-12,38.03116226196289,38.123025480607865,37.37142022416079,37.37142022416079,4752500
2016-09-13,37.48834228515625,37.889197428411684,37.379776354989104,37.88084767334351,6216900
2016-09-14,37.438236236572266,37.68877029521877,37.346373005068756,37.479991382061115,3799900
2016-09-15,37.77228546142578,37.81404061230393,37.3380248837227,37.404835673698784,3503100
2016-09-16,37.672061920166016,37.74722244499956,37.51338793123247,37.638656534526014,4042600
2016-09-19,37.75558090209961,37.89755223094087,37.66371766326944,37.74723114662125,2626100
2016-09-20,37.79733657836914,37.97271330299846,37.79733657836914,37.87249712157779,5353800
2016-09-21,38.31509780883789,38.33180050015429,37.76392173824736,37.88918714455138,9666400
2016-09-22,38.55729293823242,38.6157539720286,38.44037724206765,38.44037724206765,2807900
2016-09-23,38.3902587890625,38.515524196874516,38.36520315892996,38.515524196874516,2370100
2016-09-26,38.18373107910156,38.30966814997369,38.14175312304843,38.30966814997369,2639300
2016-09-27,38.301265716552734,38.40201664139202,38.19212368537869,38.24249594508599,2238600
2016-09-28,38.3348503112793,38.37682826298319,38.10816552882339,38.37682826298319,2361300
2016-09-29,37.973838806152344,38.36843864639795,37.93186084931432,38.34324931012489,3390800
2016-09-30,38.14175796508789,38.276089363138716,38.04940452841923,38.133360451183556,2641800
2016-10-03,37.87309265136719,38.124963605630185,37.78913353147089,38.06619382305925,3886100
2016-10-04,37.50367736816406,37.88988289818538,37.36934598463446,37.856299251624776,5399500
2016-10-05,37.41972351074219,37.63801402266867,37.386139862336115,37.596032860804584,18223100
2016-10-06,37.44490051269531,37.52046210182264,37.21821894802554,37.32736097465551,6070300
2016-10-07,37.40293884277344,37.638021223880834,37.26021311380966,37.51208411961924,3929200
2016-10-10,37.58763885498047,37.67159477396373,37.5372633819627,37.5372633819627,2648700
2016-10-11,37.11746597290039,37.52046002503603,37.025112568777466,37.52046002503603,3616300
2016-10-12,37.31056594848633,37.39452504180895,37.067092584630565,37.17623460188207,1726800
2016-10-13,37.33576583862305,37.43651357639573,37.058705556357104,37.15105898377909,2838000
2016-10-14,37.318973541259766,37.57084448384916,37.31057602830287,37.453304924154956,3451800
2016-10-17,37.235008239746094,37.3441534710649,37.209822110484936,37.33575916221527,1606700
2016-10-18,37.40293884277344,37.503686604554545,37.3273772207592,37.45331432502079,1915500
2016-10-19,37.369346618652344,37.44490822333929,37.26020456954787,37.44490822333929,1546800
2016-10-20,37.235008239746094,37.37773711188795,37.15944664925035,37.31896734180374,3010200
2016-10-21,37.134273529052734,37.17625149343135,36.99154780962275,37.10908739096824,2706400
2016-10-24,37.26020812988281,37.38614201458588,37.20983265437368,37.23501879077166,2969700
2016-10-25,37.18464279174805,37.26020439608322,37.151059144774,37.2434125725962,3427100
2016-10-26,37.05031204223633,37.17624591648036,36.98314474713585,37.134267958399015,1968500
2016-10-27,36.7900505065918,37.100691298153315,36.77325867965421,37.08389947121573,3119700
2016-10-28,36.86559295654297,37.0335079358904,36.731261613607394,36.739655921354434,3620900
2016-10-31,37.09229278564453,37.11747892184203,36.874002262889064,36.874002262889064,2501300
2016-11-01,36.69768524169922,37.10067935028079,36.58854320582321,37.05030708840339,4501600
2016-11-02,36.638916015625,36.798436721188956,36.62212419384392,36.66410214694035,3489200
2016-11-03,36.554969787597656,36.73127915890921,36.479408170933645,36.655717542245206,2430900
2016-11-04,36.5213737487793,36.697683060294864,36.50458192824748,36.571749210374726,3012300
2016-11-07,37.10907745361328,37.125869275410764,36.832017198023635,36.84041471027864,3172600
2016-11-08,37.35255813598633,37.43651405141004,37.05031171612037,37.05031171612037,2738400
2016-11-09,37.24342346191406,37.36096305797686,36.76486756210764,36.941176956201836,6356200
2016-11-10,37.05031204223633,37.335766640987536,36.87399949395403,37.335766640987536,7022000
2016-11-11,36.991539001464844,37.109078554822666,36.91597740249016,36.96634966666487,4093000
2016-11-14,36.941165924072266,37.05870548503299,36.84041818649348,36.941165924072266,5783700
2016-11-15,37.15105056762695,37.15105056762695,36.97474126578743,36.97474126578743,3910600
2016-11-16,37.19303512573242,37.23501308086288,37.06710126034104,37.1090792154715,1944400
2016-11-17,37.30217742919922,37.31896925046956,37.142659931199624,37.167846061748925,3266400
2016-11-18,37.20143508911133,37.32736896279888,37.134267794307654,37.31057713909796,3356100
2016-11-21,37.35255813598633,37.36934675690077,37.21822674968067,37.23501537059511,2497200
2016-11-22,37.4701042175293,37.49529035599559,37.30218915475596,37.36935325823723,2907900
2016-11-23,37.37773895263672,37.394530773875196,37.24340758544131,37.2853855371813,2297000
2016-11-25,37.57923126220703,37.61281490187797,37.419713777838325,37.419713777838325,1468800
2016-11-28,37.63801574707031,37.70517984424662,37.56245413605126,37.56245413605126,2131100
2016-11-29,37.79753112792969,37.83950908661367,37.646407914497,37.646407914497,2847000
2016-11-30,37.318973541259766,37.797529292993445,37.318973541259766,37.721967689945345,4206300
2016-12-01,37.008331298828125,37.28538836348341,36.932769698883476,37.28538836348341,4052900
2016-12-02,37.12587356567383,37.26020495286448,37.058706270722055,37.06710378394748,3324800
2016-12-05,37.21823501586914,37.251815467869136,37.15106770644198,37.251815467869136,2805400
2016-12-06,37.327362060546875,37.335759572200985,37.16784456895408,37.285384110413226,3069100
2016-12-07,37.78912353515625,37.82270717423093,37.310567887834466,37.344151526909144,3278900
2016-12-08,37.80592346191406,37.915068710956156,37.654800256382785,37.74715368228665,3034600
2016-12-09,38.04940414428711,38.04940414428711,37.81432500074972,37.81432500074972,2787000
2016-12-12,38.234107971191406,38.24250228162939,37.990631333222424,37.990631333222424,4045800
2016-12-13,38.42721176147461,38.46079541094476,38.3012746773181,38.3012746773181,2856100
2016-12-14,38.04940414428711,38.49437629532948,37.98224004729634,38.44400402326468,3605300
2016-12-15,38.14175796508789,38.276089363138716,37.9654486056549,38.041010217228056,3042200
2016-12-16,38.28447341918945,38.3768268311197,38.19212320997151,38.27607911024684,2322700
2016-12-19,38.41041946411133,38.4607949376967,38.30967171965364,38.38523332867517,1397100
2016-12-20,38.42721176147461,38.477587235679835,38.35165015152332,38.41041993673954,2118600
2016-12-21,38.301265716552734,38.46078641285876,38.28447389574619,38.37682730882602,1617500
2016-12-22,38.29450607299805,38.31986886631515,38.17615712007528,38.260691165086655,2105700
2016-12-23,38.35367202758789,38.362127365070585,38.294497564274586,38.294497564274586,1148800
2016-12-27,38.39594650268555,38.47202843098384,38.35367948135694,38.35367948135694,1263000
2016-12-28,38.16770553588867,38.446670468116594,38.159250196409765,38.412855559735284,1448500
2016-12-29,38.35367202758789,38.362127365070585,38.19305608784698,38.19305608784698,4181600
2016-12-30,38.22687530517578,38.38749126305492,38.12543059252571,38.38749126305492,1970100
2017-01-03,38.32831573486328,38.353675299942275,38.18460400829343,38.30295616978429,3315100
2017-01-04,38.50584030151367,38.53965520581683,38.3705839090678,38.3705839090678,2131000
2017-01-05,38.5481071472168,38.5481071472168,38.39594330329944,38.43821354587285,2254700
2017-01-06,38.59883499145508,38.67491692423114,38.412856216943105,38.46357858038288,1784000
2017-01-09,38.4128532409668,38.59883200107035,38.4128532409668,38.57347243369876,1806500
2017-01-10,38.36212921142578,38.51429304577397,38.328314309400284,38.412848339697476,2367100
2017-01-11,38.4804801940918,38.4804801940918,38.260686543981414,38.37058336903661,5593100
2017-01-12,38.4720344543457,38.51430470705935,38.23533651803338,38.40440785458541,1462600
2017-01-13,38.49739074707031,38.53965776787573,38.38749391316265,38.38749391316265,3650200
2017-01-17,38.615745544433594,38.615745544433594,38.42131463946427,38.4720337822065,3288800
2017-01-18,38.6495475769043,38.66645502710679,38.57346566337628,38.61573267649931,2175900
2017-01-19,38.43821716308594,38.6157405894397,38.3621352339676,38.58192568210554,2477700
2017-01-20,38.5734748840332,38.68336849946893,38.48048549807438,38.52275252130099,1701400
2017-01-23,38.556556701660156,38.60727582551292,38.438207779648685,38.54810136450718,2132300
2017-01-24,38.6495475769043,38.69181459002733,38.48892841236382,38.5396507629713,1382100
2017-01-25,38.77635192871094,38.78480726691767,38.67491044359682,38.691817895243624,2091400
2017-01-26,38.717185974121094,38.77636045551383,38.666466832794384,38.76790834021517,2466900
2017-01-27,38.73408889770508,38.75944846540143,38.65800696984901,38.717181444318506,1447300
2017-01-30,38.615745544433594,38.65801257164128,38.48048912250852,38.63265300027016,2014800
2017-01-31,38.70873260498047,38.70873260498047,38.53966128157741,38.573476191211476,1595600
2017-02-01,38.4466667175293,38.666460375799126,38.370584793476944,38.6241901320625,2524200
2017-02-02,38.67491149902344,38.70027106480235,38.46357318482112,38.488932750600036,1386300
2017-02-03,38.8778076171875,38.94543421810491,38.79327033508127,38.801725675675684,2017200
2017-02-06,38.76789474487305,38.85242876728427,38.71717239656656,38.84397665494965,3224400
2017-02-07,38.86933898925781,38.88624643989931,38.7848049608168,38.81016452439581,1456900
2017-02-08,39.00460433959961,39.02996390901062,38.759451086069156,38.84398835871787,2511900
2017-02-09,39.173683166503906,39.232857656313286,39.00461181357661,39.00461181357661,1472200
2017-02-10,39.3173828125,39.325838151853006,39.13985938329224,39.15676683723113,2169100
2017-02-13,39.44418716430664,39.46954673286978,39.3173828719567,39.35119777988563,1772000
2017-02-14,39.469566345214844,39.486473807580595,39.26668324636329,39.3765801393563,1746300
2017-02-15,39.6217041015625,39.67242645514478,39.35964666997052,39.40191368557247,1547500
2017-02-16,39.79077911376953,39.79923445254142,39.613255696762494,39.65552271632128,1922600
2017-02-17,39.8245964050293,39.84995597333037,39.67243254568873,39.71469956777954,2401100
2017-02-21,40.11202621459961,40.145841130225364,39.866872913464654,39.866872913464654,1603000
2017-02-22,40.12047576904297,40.15429068250932,40.02748636939434,40.02748636939434,1766500
2017-02-23,40.3317985534668,40.37406556658039,40.15427516352986,40.21344962684217,1560600
2017-02-24,40.5262336730957,40.54314112507981,40.25572089088339,40.25572089088339,1218700
2017-02-27,40.450157165527344,40.54314655150258,40.433252936047445,40.534694436762635,1644900
2017-02-28,40.46706008911133,40.51778244617366,40.37407071354711,40.37407071354711,1676500
2017-03-01,40.729122161865234,40.83901899355682,40.517783837332836,40.54314340435131,2245100
2017-03-02,40.636138916015625,40.76294321977945,40.61077934516982,40.695313397834106,3529600
2017-03-03,40.56005859375,40.636140534084284,40.450161741096586,40.636140534084284,1809600
2017-03-06,40.48396301269531,40.543137476931705,40.39942898514802,40.43324388607351,1856900
2017-03-07,40.41634750366211,40.49242943919635,40.38253259347637,40.40789216373201,1478300
2017-03-08,40.28108596801758,40.43324981974626,40.264178515073624,40.365620007970435,2665400
2017-03-09,40.29800033569336,40.36563016448572,40.18810670105737,40.28954821947818,1543800
2017-03-10,40.47552490234375,40.500884474427785,40.32336102030442,40.38253550501221,1385100
2017-03-13,40.54315948486328,40.54315948486328,40.399450915070666,40.47553287106917,1951000
2017-03-14,40.41634750366211,40.49242943919635,40.35717302322073,40.45861452901062,2221600
2017-03-15,40.813655853271484,40.92355268402468,40.49242392455735,40.509328152580714,2050800
2017-03-16,40.678401947021484,40.83056580668598,40.602320017189236,40.83056580668598,1120200
2017-03-17,40.7967529296875,40.90664977264131,40.71221888111826,40.77984869978745,1009600
2017-03-20,40.703765869140625,40.83902227873099,40.63613605196186,40.830566939200054,1655400
2017-03-21,40.509334564208984,40.855932564116735,40.50088244885954,40.754487831319025,5278100
2017-03-22,40.56851577758789,40.63614238053148,40.44171146301311,40.560060436740144,2536700
2017-03-23,40.54315948486328,40.762953235422586,40.48398498850536,40.5262520252227,1635000
2017-03-24,40.508338928222656,40.66116880684693,40.397964312791004,40.57626475822537,2337000
2017-03-27,40.431922912597656,40.47437493577834,40.27909303804177,40.2960744950904,1826500
2017-03-28,40.54230499267578,40.61871993792406,40.321552505781895,40.38947510217921,1696900
2017-03-29,40.533809661865234,40.550787879197294,40.414939468369624,40.533809661865234,1191500
2017-03-30,40.54230499267578,40.57626791031548,40.40645656099906,40.49136061621623,1433800
2017-03-31,40.5168342590332,40.61023066272133,40.49985280028244,40.52532336896754,1340900
2017-04-03,40.46586990356445,40.567755366883,40.32153243376988,40.52530336040698,1736300
2017-04-04,40.482872009277344,40.50834257838257,40.380986493974326,40.43192763218477,1566200
2017-04-05,40.49985122680664,40.72909605271227,40.41494393635162,40.55928471068418,3961900
2017-04-06,40.482872009277344,40.542305496444285,40.380986493974326,40.49136111935171,1114700
2017-04-07,40.45738983154297,40.55927531761151,40.42342692322639,40.42342692322639,2169900
2017-04-10,40.5168342590332,40.584756855154154,40.406456396594315,40.45740077284659,1682300
2017-04-11,40.55927658081055,40.55927658081055,40.36399471023006,40.48286165415894,3182000
2017-04-12,40.508338928222656,40.55079095253343,40.44041633710178,40.49984981891324,1223800
2017-04-13,40.355499267578125,40.53380290867421,40.338517814193686,40.44889564175202,1614800
2017-04-17,40.61872100830078,40.627210118493366,40.37249470724757,40.37249470724757,1079200
2017-04-18,40.627201080322266,40.65267488299732,40.533807933451946,40.56776760554958,1111500
2017-04-19,40.61872100830078,40.74608033336477,40.567776630498756,40.686643606487976,1396800
2017-04-20,40.74607849121094,40.82249343501813,40.52532276959814,40.65268208890414,1643900
2017-04-21,40.7205924987793,40.79700741972007,40.65266992398809,40.74606629834693,1418900
2017-04-24,41.02625274658203,41.07719710753663,40.90738580990241,41.00927129293049,1399000
2017-04-25,41.14512634277344,41.22154127713286,41.051729952013964,41.09418521245491,2435700
2017-04-26,41.13664245605469,41.25550942706285,41.07720897055061,41.14513156589154,3378100
2017-04-27,41.179100036621094,41.2809855628143,41.12815565408325,41.15362946479341,1082800
2017-04-28,41.085697174072266,41.153623006796856,41.00928223169809,41.153623006796856,1223000
2017-05-01,41.04323959350586,41.145125089922175,40.98380611735621,41.136635981421456,1089200
2017-05-02,41.02625274658203,41.08568621492184,40.97530838562743,41.05172330761877,1457500
2017-05-03,40.88192367553711,40.98380917956606,40.79701638977817,40.94135715612748,1567900
2017-05-04,41.04323959350586,41.060221049388836,40.87342827355764,40.92437264120657,1062000
2017-05-05,41.19607925415039,41.20456836466985,41.06023081366286,41.102682844024784,945500
2017-05-08,41.0687141418457,41.2130549114123,41.04324357499118,41.18758110567593,1467600
2017-05-09,40.966827392578125,41.119657266831965,40.890412455451205,41.08569435280183,1163300
2017-05-10,41.017765045166016,41.017765045166016,40.907387212088175,40.94983922823158,1918700
2017-05-11,40.95832824707031,40.97530646104328,40.78851695741202,40.941346794216386,1846400
2017-05-12,40.88192367553711,40.97531683154928,40.87343132752033,40.94984626526249,1137400
2017-05-15,41.07720184326172,41.10267240723492,40.92437198165952,40.93286109002343,1189300
2017-05-16,40.92436981201172,41.162103700175216,40.907388357302715,41.10267022813434,1280300
2017-05-17,40.69512939453125,40.864940720944844,40.65267737264826,40.74607376411983,1677500
2017-05-18,40.805503845214844,40.915878445144884,40.57625905947482,40.64418164105628,1425000
2017-05-19,40.95832824707031,41.01776171261857,40.771535504558095,40.82247986311987,1058100
2017-05-22,41.22153854370117,41.25550145424917,40.95833408415772,41.00078610290201,954000
2017-05-23,41.27248001098633,41.340402588430756,41.22153564874211,41.23002799522341,1165600
2017-05-24,41.44231033325195,41.476270018119685,41.280988064878855,41.306461877133,991600
2017-05-25,41.74795150756836,41.79040676601362,41.50172849854584,41.53568817086798,1304400
2017-05-26,41.72248840332031,41.76494043047425,41.69701783480436,41.7394698619583,887100
2017-05-30,41.78192138671875,41.79890284515255,41.663054416564194,41.69701733343179,1345800
2017-05-31,41.90928268432617,41.94324560279736,41.81588627797149,41.84135684738379,1241700
2017-06-01,42.197959899902344,42.21494135868977,41.91777068823287,41.95173360580773,1982600
2017-06-02,42.31681823730469,42.37625171149157,42.189458941829116,42.2573847631178,1640700
2017-06-05,42.265872955322266,42.34228788317521,42.23191328429535,42.30832821214829,842000
2017-06-06,42.11304473876953,42.24889314480886,42.11304473876953,42.206441125211846,2902800
2017-06-07,42.214942932128906,42.25739496123871,42.11305417560671,42.15550944359873,911800
2017-06-08,42.002662658691406,42.21492595777291,41.87530338369013,42.21492595777291,1140300
2017-06-09,41.97719955444336,42.09606975287225,41.81588057204103,41.994181011361775,1965900
2017-06-12,41.968711853027344,41.97720096233041,41.80739286521449,41.951730395539386,4286300
2017-06-13,42.104557037353516,42.147009058369086,41.96021627924265,41.9771977354252,967300
2017-06-14,42.18947219848633,42.299850073322354,42.07909756253275,42.24041658046045,1675200
2017-06-15,42.248897552490234,42.27437135801122,41.994182169453104,42.03663419347899,1406400
2017-06-16,42.29983139038086,42.29983139038086,42.104549537388955,42.29134228324252,1135900
2017-06-19,42.469642639160156,42.469642639160156,42.31681279978,42.37624626632995,3048100
2017-06-20,42.32530975341797,42.4781396211306,42.299839188426404,42.444179947435714,851300
2017-06-21,42.248897552490234,42.401727430088876,42.180974961825186,42.35927540606299,1271700
2017-06-22,42.1724853515625,42.32531523908298,42.1724853515625,42.24890029532274,813200
2017-06-23,42.18096923828125,42.29983618497737,42.16398778319875,42.20643980146431,1150800
2017-06-26,42.248897552490234,42.35078629681054,42.24040844323778,42.308334272784656,726100
2017-06-27,41.92287826538086,42.204527835647404,41.90580829847713,42.204527835647404,1741600
2017-06-28,42.07648849487305,42.17037164877799,41.99967530129282,42.03381522194226,925600
2017-06-29,41.65829086303711,42.04235362128178,41.47905788599219,42.02528691467028,2594600
2017-06-30,41.760711669921875,41.888734772991725,41.70096842335935,41.77778163404871,1062900
2017-07-03,41.760711669921875,41.94847801955425,41.760711669921875,41.87166480886489,686200
2017-07-05,41.79484939575195,41.82898606644399,41.71803618911034,41.82045271271163,2442100
2017-07-06,41.444923400878906,41.675363021425795,41.42785343760551,41.675363021425795,2855100
2017-07-07,41.700958251953125,41.73509817187961,41.513191948119385,41.54733186804588,888400
2017-07-10,41.6241455078125,41.735098620886305,41.60707554766561,41.683888740445624,1341700
2017-07-11,41.555870056152344,41.6241499039513,41.37664033932361,41.60707994200156,1056000
2017-07-12,41.828983306884766,41.89726315528942,41.72656679004015,41.72656679004015,2091600
2017-07-13,41.79484939575195,41.89726591935323,41.72656954284271,41.8460560296713,1451900
2017-07-14,42.0338134765625,42.09355670733727,41.88018709578112,41.88018709578112,1310300
2017-07-17,42.059425354003906,42.076495317096324,41.97407879430437,42.02528868358163,1040600
2017-07-18,42.0252799987793,42.042346702582215,41.9228602413905,42.0082100392145,755400
2017-07-19,42.23011016845703,42.23864677554758,42.03381053027608,42.05088048869551,848400
2017-07-20,42.31547546386719,42.375218712342765,42.19598571115316,42.27279892430218,2085900
2017-07-21,42.40934753417969,42.40934753417969,42.23865443057354,42.24718778344894,3041900
2017-07-24,42.31547546386719,42.409355385926766,42.25572895962875,42.392285421253334,822600
2017-07-25,42.383758544921875,42.41789847948684,42.33254864307443,42.400828512204356,1733300
2017-07-26,42.40934753417969,42.434954104330416,42.34960429676509,42.41788414281735,984200
2017-07-27,42.50323486328125,42.50323486328125,42.324005133458826,42.45202822948203,884100
2017-07-28,42.486167907714844,42.511774482189736,42.324008129600294,42.43496127029067,856900
2017-07-31,42.60565185546875,42.64832839178781,42.52030529435586,42.5629785749123,1085600
2017-08-01,42.65685272216797,42.690992641696376,42.57150617910887,42.673922681932176,1196300
2017-08-02,42.58004379272461,42.59711375419725,42.477627279650974,42.545903869779316,1105100
2017-08-03,42.57151794433594,42.63126119214056,42.51177469653131,42.597121263177115,1650000
2017-08-04,42.57151794433594,42.69100443994518,42.49470473204959,42.54591136973194,731600
2017-08-07,42.60565185546875,42.64832839178781,42.528841903924715,42.64832839178781,3280300
2017-08-08,42.4691047668457,42.63980118246534,42.409361509743334,42.54591799108638,797800
2017-08-09,42.52030563354492,42.5459089509305,42.281332655912415,42.28986600978673,912300
2017-08-10,42.264251708984375,42.49469127285712,42.264251708984375,42.49469127285712,1783300
2017-08-11,42.30693054199219,42.417883662690116,42.25572065803263,42.28132722789352,1217900
2017-08-14,42.691001892089844,42.70807185555281,42.47763223244671,42.47763223244671,2132400
2017-08-15,42.74220657348633,42.84462308602,42.648323413762874,42.84462308602,891300
2017-08-16,42.88730239868164,42.921442326252695,42.74221259014871,42.77634926195707,929300
2017-08-17,42.400814056396484,42.87022660145507,42.383744094933704,42.81901671706674,998400
2017-08-18,42.32400894165039,42.49470533311924,42.24719572827755,42.460565403672895,3186800
2017-08-21,42.486167907714844,42.53737780090182,42.264264882096896,42.324008129600294,1258700
2017-08-22,42.78488540649414,42.81048872401268,42.54590917185807,42.56297913545798,2148700
2017-08-23,42.60565185546875,42.75927827008205,42.58004853828741,42.6824650627754,1091100
2017-08-24,42.486167907714844,42.67393426030428,42.469097943319184,42.67393426030428,720600
2017-08-25,42.622711181640625,42.73366428800729,42.57150456005739,42.57150456005739,998300
2017-08-28,42.622711181640625,42.68245441066226,42.55443460094238,42.673921058985655,716000
2017-08-29,42.63978576660156,42.673925688535306,42.49469598202638,42.520299295595606,1118400
2017-08-30,42.733665466308594,42.77633873739185,42.58003908579934,42.6227123568826,1193600
2017-08-31,42.92996597290039,42.96410589275169,42.750736277323995,42.83608282119029,749800
2017-09-01,42.895835876464844,43.02385897734434,42.878769168392765,43.02385897734434,862800
2017-09-05,42.71660232543945,42.861695377197556,42.588582491754266,42.84462541488705,1479900
2017-09-06,42.79341506958008,42.8787648802184,42.73367183001444,42.84462495596307,1245200
2017-09-07,42.88730239868164,42.92997568026411,42.80195583551671,42.85316247111059,1578700
2017-09-08,43.03239440917969,43.12627758692273,42.79342141547948,42.8019580256904,1483300
2017-09-11,43.356712341308594,43.39085226678014,43.194552578962465,43.194552578962465,759500
2017-09-12,43.356712341308594,43.433525545738334,43.271365783392206,43.433525545738334,1088400
2017-09-13,43.22868728637695,43.3396371471232,43.20308071748297,43.3396371471232,1287300
2017-09-14,43.23721694946289,43.24575030119134,43.10919388320328,43.186007071806685,914100
2017-09-15,43.254295349121094,43.2798986650644,43.066529016836995,43.271365311670785,727400
2017-09-18,43.296966552734375,43.32256986745072,43.18601342935974,43.2884331997497,799000
2017-09-19,43.18600845336914,43.34817144325397,43.16894174936625,43.296961563959506,2771700
2017-09-20,43.143341064453125,43.22869087491471,42.964111346127346,43.22015426598737,962200
2017-09-21,42.96411895751953,43.18602199250658,42.93851563772643,43.17748863782987,1072300
2017-09-22,42.98973083496094,43.01533741561429,42.92145421666704,42.96412751007117,759600
2017-09-25,42.98118209838867,43.01532202320094,42.827555692495906,42.98118209838867,636900
2017-09-26,42.94603729248047,43.05747503478346,42.94603729248047,43.040330515199706,1020500
2017-09-27,42.96317672729492,43.07461445640906,42.80887933928532,43.07461445640906,1139600
2017-09-28,43.02317810058594,43.05746713346118,42.86031009940179,42.92031427194238,1244700
2017-09-29,43.151771545410156,43.160342170863686,43.02318927372622,43.117482503630036,1975900
2017-10-02,43.28892135620117,43.29749198104365,43.126053324332034,43.21177265268784,1657500
2017-10-03,43.36606216430664,43.40035119739926,43.28034285155725,43.28891347483932,1562800
2017-10-04,43.46037292480469,43.46037292480469,43.28036033333111,43.40036872764683,858800
2017-10-05,43.6060905456543,43.6060905456543,43.477511542061514,43.477511542061514,1204700
2017-10-06,43.54607391357422,43.62322260167825,43.46892522547018,43.52035877420025,1356500
2017-10-09,43.45178985595703,43.63180567941505,43.41750408623518,43.63180567941505,664100
2017-10-10,43.5632209777832,43.60608063590735,43.4603571442888,43.5546503541513,2253900
2017-10-11,43.640377044677734,43.657521564820904,43.546083818881726,43.597517379311235,2756900
2017-10-12,43.708946228027344,43.751805884669494,43.606079128107545,43.606079128107545,890000
2017-10-13,43.743221282958984,43.82036995402165,43.70893552802777,43.751795174177836,709100
2017-10-16,43.700382232666016,43.77753094008863,43.64894867105663,43.77753094008863,703200
2017-10-17,43.8032341003418,43.811807993255485,43.666081243561166,43.70894416816552,1339200
2017-10-18,43.82039260864258,43.87182617260203,43.76896231466622,43.846111025613844,1197100
2017-10-19,44.02611541748047,44.034686041557,43.76895418541223,43.82038446983639,1332300
2017-10-20,44.18041229248047,44.19755681041491,44.07754518487382,44.11183422074271,1211200
2017-10-23,44.1461181640625,44.317560053647505,44.12897364810579,44.317560053647505,1481900
2017-10-24,44.04326248168945,44.24899017124386,44.017544068008156,44.197559883846594,856700
2017-10-25,43.98326110839844,44.03469139907991,43.79467465594535,43.85467884172899,1242400
2017-10-26,44.00040054321289,44.14612404327872,43.95753761262176,44.06040472206146,600700
2017-10-27,44.19755554199219,44.19755554199219,43.974680085223184,44.008969120108006,918900
2017-10-30,43.9489631652832,44.18040923641482,43.91467413178618,44.008967338911894,757500
2017-10-31,43.991825103759766,44.01754024522512,43.93182092701901,44.01754024522512,780600
2017-11-01,43.9489631652832,44.137549579534635,43.9489631652832,44.137549579534635,987400
2017-11-02,44.06040954589844,44.10326921119944,43.940397905079635,44.03469113073155,737500
2017-11-03,44.111839294433594,44.13755770928458,43.97468640516534,44.077550254620824,828300
2017-11-06,44.02611541748047,44.12897925631127,44.00040027526839,44.11183473817572,2252000
2017-11-07,44.214698791503906,44.214698791503906,44.02611237502776,44.111831689799324,848600
2017-11-08,44.343284606933594,44.36042912653018,44.19756109533671,44.23184686454714,1619100
2017-11-09,44.2575569152832,44.283272054827144,44.04325536579798,44.24041239892653,1547000
2017-11-10,44.214698791503906,44.240413931938924,44.077542655897794,44.22326941498816,926800
2017-11-13,44.360416412353516,44.40327606406957,44.1546855061419,44.17183002082469,4051500
2017-11-14,44.4461555480957,44.4461555480957,44.15470520840398,44.19756814922772,9056200
2017-11-15,44.1461181640625,44.38613484749227,44.11182913214909,44.38613484749227,1122200
2017-11-16,44.429012298583984,44.51473163641167,44.20613678825899,44.28328550029716,749400
2017-11-17,44.27471160888672,44.411864501284754,44.26613771374647,44.403290606144495,701400
2017-11-20,44.308990478515625,44.386139172847784,44.27470471324318,44.31756437232052,1118000
2017-11-21,44.566162109375,44.609021775315504,44.40329080082501,44.40329080082501,1091900
2017-11-22,44.43757247924805,44.634729525896134,44.41185733794075,44.634729525896134,1035400
2017-11-24,44.540435791015625,44.55758030834645,44.45471647434379,44.540435791015625,258400
2017-11-27,44.63473129272461,44.65187581093558,44.54901197165227,44.58329773809171,874900
2017-11-28,44.96903610229492,44.986180618553654,44.66901524272235,44.73759003777517,831900
2017-11-29,45.05475997924805,45.089045742769365,44.95189287873744,45.00332642899274,1016200
2017-11-30,45.34621047973633,45.47478945112623,45.08904599699208,45.200483721515766,856800
2017-12-01,45.30335998535156,45.41479774045743,44.78903741868054,45.397653218903976,1661600
2017-12-04,45.183349609375,45.569093152337196,45.174778983968274,45.56052252693048,1589700
2017-12-05,45.037620544433594,45.30335240911501,45.00333150706097,45.19191794262784,853700
2017-12-06,45.07191467285156,45.114774339417224,45.00333659036015,45.05477015222871,625800
2017-12-07,45.11477279663086,45.14048794169428,45.01190567641147,45.07191313153087,946900
2017-12-08,45.30335998535156,45.30335998535156,45.114776788229854,45.2605003164595,915500
2017-12-11,45.35478973388672,45.371934253997644,45.2176368429822,45.34621910882269,1071400
2017-12-12,45.3719367980957,45.466230029001565,45.3376477559512,45.406225840240204,1215800
2017-12-13,45.4576530456543,45.577661415025155,45.3805043410612,45.474797565561964,841700
2017-12-14,45.26048278808594,45.52621786427648,45.26048278808594,45.52621786427648,1061700
2017-12-15,45.67195510864258,45.731959293944335,45.397649327268006,45.406223222301314,1113500
2017-12-18,45.74910354614258,45.93768999597689,45.70624388117555,45.86911191604339,1232500
2017-12-19,45.49193572998047,45.877679199055336,45.48336510621541,45.74052632893787,1055400
2017-12-20,45.38050842285156,45.62909907889823,45.38050842285156,45.620528453164916,1589900
2017-12-21,45.35122299194336,45.557914402314175,45.30816323964692,45.557914402314175,1107200
2017-12-22,45.36845016479492,45.41150991957318,45.29094129209459,45.37706080165109,918100
2017-12-26,45.37704849243164,45.46317126387473,45.34260266910222,45.39427304672026,866000
2017-12-27,45.489013671875,45.5320734218063,45.39428025087714,45.4459539219437,1562900
2017-12-28,45.55790710449219,45.62680204008065,45.47178432844662,45.62680204008065,1243300
2017-12-29,45.45457077026367,45.7129358756598,45.445960133199904,45.7129358756598,1462900
2018-01-02,45.43733596801758,45.6440273486906,45.35121647579851,45.6440273486906,1742200
2018-01-03,45.53207015991211,45.57512990675863,45.411501554642605,45.514845604123884,1994400
2018-01-04,45.71293640136719,45.833505033139254,45.566529287609086,45.678487282218356,1109200
2018-01-05,45.945465087890625,45.95407901130441,45.74738755761336,45.76461211919171,1449400
2018-01-08,46.02296829223633,46.057417411141344,45.84211534585819,45.95407333967509,1607700
2018-01-09,46.04880142211914,46.169370039025075,46.0143523072179,46.10047180922259,1998400
2018-01-10,45.82490158081055,45.94547024013017,45.661273155341,45.94547024013017,1123000
2018-01-11,45.962677001953125,45.962677001953125,45.73876433354681,45.928231173524054,1362100
2018-01-12,46.100467681884766,46.13491679370181,45.91961477271748,45.99712363168177,862000
2018-01-16,46.06602096557617,46.41050222134876,45.97989818769698,46.31576880830568,1945500
2018-01-17,46.49663162231445,46.565526569183305,46.14353639583423,46.246880458761765,1194200
2018-01-18,46.4105110168457,46.53969356552252,46.26410719457742,46.44496013452601,1338400
2018-01-19,46.60859680175781,46.625821363660165,46.427743829657,46.5138633539195,1221700
2018-01-22,46.90139389038086,46.90139389038086,46.62580755207643,46.65164274465238,1211300
2018-01-23,46.97890853881836,47.02196829349719,46.82389079377562,46.93584878413953,1353500
2018-01-24,47.004737854003906,47.15114164841325,46.84972013918928,47.073632791005934,1667000
2018-01-25,47.23725891113281,47.24587283113148,47.047795379384866,47.08224120363583,1758300
2018-01-26,47.633419036865234,47.633419036865234,47.24587475236346,47.323383609263814,1723300
2018-01-29,47.27170944213867,47.75398713388162,47.245874251861586,47.62480461200019,1630800
2018-01-30,46.996131896972656,47.142539001438365,46.901398467950486,47.039191650551295,1800400
2018-01-31,47.0391845703125,47.16836709685275,46.823882549577505,47.090858237978225,1704500
2018-02-01,46.91000747680664,47.168369256468175,46.78082494435174,46.9013935558439,10346400
2018-02-02,46.12630844116211,46.746376058315384,46.083245406635555,46.617196810480586,2584000
2018-02-05,44.464176177978516,46.109083556601284,44.050796674399045,45.773212915270975,6267200
2018-02-06,44.74836349487305,44.9033811859261,43.491000698773846,43.559898910463005,7971900
2018-02-07,44.61057662963867,45.299542417171125,44.60196599459052,44.71392067645654,6274600
2018-02-08,43.267093658447266,44.74836926297891,43.267093658447266,44.67086040746142,5094100
2018-02-09,43.98189926147461,44.28332079510395,42.81065567037491,43.60296886416225,6896600
2018-02-12,44.41250228881836,44.636418238765366,43.92161392541301,44.17997570321874,3124800
2018-02-13,44.550296783447266,44.63641956878084,44.11108207661524,44.266099804967325,2246100
2018-02-14,44.92060470581055,44.9550538108629,44.18857929230913,44.18857929230913,1871100
2018-02-15,45.48039245605469,45.50622764295386,44.86032168849402,45.14451860012761,1521900
2018-02-16,45.62680435180664,45.88516612253751,45.28232308591487,45.45456207623668,1617100
2018-02-20,45.161746978759766,45.53206668683938,45.0756274916357,45.50623149775173,2273500
2018-02-21,44.851722717285156,45.557913148303605,44.81727360229684,45.25648832002844,1185500
2018-02-22,44.894779205322266,45.24787439516758,44.77421059687482,44.92922503255855,1493400
2018-02-23,45.53207015991211,45.53207015991211,44.963672959892946,44.99812207146941,2582500
2018-02-26,45.93684005737305,45.979899805203395,45.635418537312454,45.687088920609604,1636300
2018-02-27,45.402896881103516,46.09186277685842,45.402896881103516,45.954069597707445,1706200
2018-02-28,45.04119110107422,45.747381607693356,45.04119110107422,45.60097778119248,1535400
2018-03-01,44.541683197021484,45.31676850219063,44.317767255235104,45.10146648099118,3646200
2018-03-02,44.76560974121094,44.84311862429827,44.248886044128135,44.248886044128135,2493700
2018-03-05,45.27371597290039,45.38567396164282,44.49001662220066,44.6191991696149,1619500
2018-03-06,45.333984375,45.44594232444915,45.110071761349204,45.44594232444915,1443600
2018-03-07,45.359825134277344,45.43733398799612,44.98950870567419,45.0584036393976,1468300
2018-03-08,45.618194580078125,45.626805215657974,45.39427863202333,45.4028925528514,1218600
2018-03-09,46.15216064453125,46.15216064453125,45.64404753117051,45.71294578360901,791800
2018-03-12,46.031578063964844,46.28132922563319,45.97129375394125,46.22965555193503,2786300
2018-03-13,45.97990036010742,46.31577099658498,45.87655630701776,46.13491808236602,995000
2018-03-14,45.78181838989258,46.169362657449796,45.68708498168438,46.05740469454484,1221700
2018-03-15,45.738765716552734,45.971292313033466,45.68709204447422,45.7818254673273,873400
2018-03-16,45.86795425415039,45.971301619228534,45.74738561347495,45.74738561347495,1492700
2018-03-19,45.50624084472656,45.799051760438694,45.23065448702674,45.799051760438694,1289400
2018-03-20,45.55790710449219,45.65263723027033,45.44594913825694,45.56651773947275,1046300
2018-03-21,45.35122299194336,45.76460252743647,45.27371412371037,45.46318097611291,1216800
2018-03-22,44.507774353027344,45.225779481845656,44.49912182016452,45.0527684242818,1837700
2018-03-23,43.858985900878906,44.57699124110342,43.81573312375279,44.54239099938775,2803500
2018-03-26,44.732704162597656,44.75000593355297,44.08390260166276,44.326124095061715,2515000
2018-03-27,44.3607292175293,45.04413439556252,44.16176377961629,44.793263639073,2815000
2018-03-28,44.48183059692383,44.7759540844559,44.308819498355106,44.49913236677573,2857500
2018-03-29,44.923011779785156,45.17388246085243,44.57698302659065,44.60293732806383,3388400
2018-04-02,44.17041015625,44.98357356736119,43.82438134728018,44.86246447421434,3450300
2018-04-03,44.64618682861328,44.71539059420083,44.179049035992904,44.28285633436148,2120700
2018-04-04,45.10468292236328,45.14793569874179,44.1271543363275,44.1271543363275,2437300
2018-04-05,45.32093048095703,45.43339029082801,45.07005986661941,45.24307419719618,1363100
2018-04-06,44.542381286621094,45.28633747090154,44.326114148173666,45.018168331210504,1953800
2018-04-09,44.698089599609375,45.20848016703167,44.62023659946955,44.80190019974496,936700
2018-04-10,45.121971130371094,45.27768371851065,44.88840224816175,45.121971130371094,1588300
2018-04-11,44.91436004638672,45.16523073192475,44.82785450653386,44.82785450653386,2212000
2018-04-12,44.992218017578125,45.24308871240184,44.95761778034118,45.07872686060782,1805300
2018-04-13,45.018165588378906,45.22578018065325,44.87975476020453,45.191179948590495,1401900
2018-04-16,45.476654052734375,45.615064890693105,45.243085144933765,45.243085144933765,2216400
2018-04-17,45.865936279296875,45.95244181687639,45.623718134094446,45.79672920925348,1916800
2018-04-18,45.848636627197266,45.98704747369547,45.822685624721004,45.9091911662918,1167300
2018-04-19,45.51990509033203,45.76212652253234,45.372845024330545,45.76212652253234,1494800
2018-04-20,45.191192626953125,45.63237623429075,45.052781759947656,45.48531613183667,1314800
2018-04-23,45.25174331665039,45.34689809837333,45.06142715325433,45.26904508604777,857000
2018-04-24,44.86246109008789,45.424753737279104,44.58563938378375,45.424753737279104,1490300
2018-04-25,44.86246109008789,44.89706462836967,44.542386610919046,44.79325401352433,1170400
2018-04-26,45.25174331665039,45.381501637168085,44.914363763364165,45.009521845062196,872300
2018-04-27,45.29498291015625,45.381488431996544,45.165221327421676,45.2430776170676,849000
2018-04-30,45.018165588378906,45.50260183700202,44.96626029032309,45.416096306883446,2186100
2018-05-01,44.94895935058594,44.966261116922595,44.57697962428411,44.93165758424928,1400000
2018-05-02,44.507774353027344,44.974912128388304,44.43856729002229,44.78459600509879,1043800
2018-05-03,44.525089263916016,44.66350013081476,44.04929881522466,44.36072409074069,1567000
2018-05-04,45.00086212158203,45.12197117916057,44.352060770290436,44.36936253565513,893300
2018-05-07,45.035465240478516,45.18252529477213,44.93165464923966,45.16522352956565,975000
2018-05-08,44.97490692138672,45.04411067640527,44.75863982449598,45.026808912657124,961500
2018-05-09,45.165225982666016,45.234433047250825,44.87975509118984,45.00951338732466,1090100
2018-05-10,45.60641860961914,45.641018846367835,45.29499337905666,45.34689538416715,3885100
2018-05-11,45.70158386230469,45.77078764664428,45.51126768041383,45.66698032014718,1801600
2018-05-14,45.60641860961914,45.81403323001087,45.51126053361673,45.75347869073204,1677600
2018-05-15,45.28634262084961,45.424753473197015,45.147931768502204,45.424753473197015,1719900
2018-05-16,45.35554885864258,45.43340516789731,45.24308901194687,45.28634178376062,1144300
2018-05-17,45.25174331665039,45.39880340656546,45.15658523495236,45.33824886366219,913100
2018-05-18,45.23442459106445,45.26037558544521,45.13926654503655,45.173870070860126,876200
2018-05-21,45.537200927734375,45.56315192424402,45.28633029489404,45.41609187739053,1230600
2018-05-22,45.32093048095703,45.59775208989031,45.29497948636137,45.55449933223959,1081000
2018-05-23,45.571815490722656,45.571815490722656,45.16523218042999,45.208484951743586,983100
2018-05-24,45.55451583862305,45.59776861194613,45.346897906707134,45.48531206130112,1475300
2018-05-25,45.537200927734375,45.701566038893134,45.36418658439711,45.51989916340323,1207700
2018-05-29,45.26039123535156,45.390152852071346,45.044124074135254,45.3815003176367,1489700
2018-05-30,45.81403350830078,45.89188981641433,45.3641974280864,45.3641974280864,2591300
2018-05-31,45.46800231933594,45.77942421264054,45.38149348788369,45.76212574632459,1230100
2018-06-01,45.675621032714844,45.753477338053685,45.61506649522628,45.641017497014296,1102700
2018-06-04,45.9091911315918,45.96109643647997,45.79673128765486,45.82268559008638,1429900
2018-06-05,45.89189529418945,46.00435515266028,45.796737206250704,45.9870533821282,1143300
2018-06-06,46.13410949707031,46.15140796489564,45.84863527833054,45.909189815643565,1773900
2018-06-07,46.1687126159668,46.255221460369924,46.082207071538654,46.220617922608675,1049800
2018-06-08,46.40227127075195,46.43687480085073,46.11680039737267,46.11680039737267,1647500
2018-06-11,46.39362716674805,46.514736235507385,46.359023632824055,46.454181701127716,2292000
2018-06-12,46.48013687133789,46.52338964263579,46.32442425468551,46.384978794497556,2163700
2018-06-13,46.27251434326172,46.592588756150015,46.263861810495506,46.592588756150015,1266900
2018-06-14,46.44554138183594,46.50609593214015,46.33308481697126,46.4195903745557,1141800
2018-06-15,46.60124588012695,46.609898414358334,46.30712241578341,46.35037848699048,1453300
2018-06-18,46.436885833740234,46.436885833740234,46.25522220752176,46.419584064580135,957100
2018-06-19,46.36768341064453,46.393637716977025,46.10816344714725,46.17737053073339,2793500
2018-06-20,46.34172058105469,46.45418041320244,46.30711704809006,46.45418041320244,1010300
2018-06-21,46.21195983886719,46.35902320670507,46.116805071412784,46.35902320670507,1150500
2018-06-22,46.37633514404297,46.50609347355987,46.2984788263427,46.33308236753734,1734100
2018-06-25,46.19466781616211,46.384980677594015,45.97840065091786,46.298475131486335,1815300
2018-06-26,46.15203857421875,46.317300988880795,46.13464200666653,46.25641466147604,2411400
2018-06-27,45.8215217590332,46.34340564244361,45.81282181407751,46.273822673082066,2196400
2018-06-28,46.160743713378906,46.282516390649555,45.7606325400449,45.7606325400449,1488900
2018-06-29,46.239017486572266,46.52605587032955,46.152037968009665,46.308603755867104,1440100
2018-07-02,46.30860137939453,46.32599462776971,45.9606766868871,46.134639033140814,1658600
2018-07-03,46.33469772338867,46.543449898655446,46.273811395764525,46.4825635710313,1095000
2018-07-05,46.70002746582031,46.717424037822234,46.334709407950534,46.50867180991288,1125500
2018-07-06,46.94358444213867,47.021867370937166,46.691339080670474,46.691339080670474,871600
2018-07-09,47.004459381103516,47.11753211453095,46.93487309771129,47.07404234643912,869800
2018-07-10,47.26539611816406,47.27409274360493,47.01315084564768,47.01315084564768,1126000
2018-07-11,47.16972351074219,47.27409962149949,47.07404402669102,47.07404402669102,975000
2018-07-12,47.47415542602539,47.49154867829885,47.17842036652882,47.34368280757882,2988800
2018-07-13,47.49155044555664,47.50894701653398,47.38717433774925,47.48285381909629,929500
2018-07-16,47.352378845214844,47.56113436852361,47.30019245293001,47.53504117238119,1220700
2018-07-17,47.50894546508789,47.5611351763156,47.35237964946127,47.3784761641034,758300
2018-07-18,47.50894546508789,47.57853174672484,47.3784761641034,47.57853174672484,887600
2018-07-19,47.517642974853516,47.630715699635715,47.41326355774574,47.50024640533555,4275000
2018-07-20,47.48286056518555,47.53505028553238,47.40457764369386,47.51765371208344,736400
2018-07-23,47.40455627441406,47.55242210498866,47.326273388211156,47.47414253684137,755600
2018-07-24,47.465450286865234,47.56982637936489,47.2914879206617,47.50024342371717,4233300
2018-07-25,47.83946990966797,47.87426304775396,47.430658832298256,47.4915451649206,944700
2018-07-26,47.90034866333008,48.01342468519013,47.77857601735268,47.77857601735268,911600
2018-07-27,47.69160842895508,47.95255035244729,47.58722900511293,47.93515378180693,707800
2018-07-30,47.41325759887695,47.70029598276397,47.36107121493818,47.70029598276397,1130700
2018-07-31,47.76118850708008,47.78728170243542,47.50894322512384,47.552432990068205,992600
2018-08-01,47.639400482177734,47.743776548011446,47.543721039307115,47.743776548011446,2441300
2018-08-02,47.82206344604492,47.856856576932074,47.40455582956587,47.51763184592132,1326900
2018-08-03,48.0830078125,48.10910432106135,47.81336932912685,47.917745409204976,850500
2018-08-06,48.2134895324707,48.274375867219085,48.06562034947008,48.18739633702322,1210400
2018-08-07,48.29177474975586,48.36135771363388,48.187398644910566,48.36135771363388,1277400
2018-08-08,48.29177474975586,48.37875428411752,48.20479189733766,48.32656789072314,991400
2018-08-09,48.30045700073242,48.387439827262696,48.283060435426364,48.34395007302534,1034900
2018-08-10,48.13520431518555,48.28307017302486,48.04822478916904,48.152600884000094,952400
2018-08-13,48.013431549072266,48.24828025048311,47.93514864860198,48.19609054415085,1620200
2018-08-14,48.28306198120117,48.35264824465319,48.09170639281947,48.12649952454548,1352700
2018-08-15,48.25697708129883,48.28307027554794,48.00473181003662,48.12650779199703,1305500
2018-08-16,48.6309928894043,48.71797241180112,48.361351061084406,48.47442709464515,1001000
2018-08-17,48.90933609008789,48.96152579942539,48.61360103995488,48.68318731907155,1104500
2018-08-20,48.99631881713867,49.04850520828998,48.9354291640348,49.03110863855407,986500
2018-08-21,48.90933609008789,49.17027800066256,48.891939520308725,49.04850533026481,6718400
2018-08-22,48.778865814208984,48.970221441824016,48.74407267534939,48.970221441824016,1081700
2018-08-23,48.78756332397461,48.90933599413346,48.71797704499446,48.778866698130294,2051000
2018-08-24,49.06589126586914,49.074587889845674,48.78755284584029,48.78755284584029,858800
2018-08-27,49.12678527832031,49.23986131605069,49.031105809322014,49.14418184705239,923800
2018-08-28,49.12678527832031,49.213768121980685,49.03980575271616,49.213768121980685,1219400
2018-08-29,49.335548400878906,49.36164159897687,49.1789825761777,49.213775719012794,983200
2018-08-30,49.135494232177734,49.30075668835393,49.039814745633734,49.28336011643167,835600
2018-08-31,49.22246551513672,49.2572586531436,49.022409948681535,49.083296281165445,831500
2018-09-04,49.196372985839844,49.257259319146996,49.04850380633939,49.18767304219236,2136200
2018-09-05,49.27465057373047,49.30074376574595,49.048498516076464,49.17897111226577,1101900
2018-09-06,49.51820373535156,49.57909007174954,49.265958445670506,49.33554472615762,1159400
2018-09-07,49.352928161621094,49.483397425726956,49.274645275935335,49.3877179745493,1071000
2018-09-10,49.457313537597656,49.596482769649825,49.3790306371898,49.50080330047842,2217300
2018-09-11,49.509498596191406,49.59648143767311,49.335539549340254,49.40512250446949,2158000
2018-09-12,49.59648132324219,49.63997108485463,49.431218901892436,49.431218901892436,3307400
2018-09-13,49.857418060302734,49.87481462676173,49.666059147309525,49.77043854606352,4141900
2018-09-14,49.86613082885742,49.91831722360175,49.7095650085112,49.90962059716323,1803900
2018-09-17,49.77914047241211,49.9096130757238,49.726950767476204,49.76174390410014,1210700
2018-09-18,49.94441223144531,50.02269514445616,49.718263437223285,49.848736064926946,1244500
2018-09-19,49.674766540527344,49.99659477315196,49.65736997145895,49.99659477315196,1337400
2018-09-20,49.97050094604492,49.98789751489311,49.726952300226536,49.84002833871163,1216100
2018-09-21,50.08357238769531,50.161851963243045,50.02268274328719,50.040079310538665,1072900
2018-09-24,49.72694778442383,50.048779301804785,49.692157967943025,50.048779301804785,1105700
2018-09-25,49.674766540527344,49.918311871372325,49.65736997145895,49.822632400524284,1118000
2018-09-26,49.502647399902344,49.90453890262475,49.485173421589984,49.773489064512965,1985300
2018-09-27,49.5987548828125,49.79096532021935,49.48517568499747,49.59001622684633,1066800
2018-09-28,49.83465576171875,49.83465576171875,49.362868256382434,49.537604739783426,1109600
2018-10-01,49.825904846191406,49.983167309280034,49.712328992821035,49.97443198702862,1545900
2018-10-02,49.843379974365234,49.98316846335826,49.79096137400564,49.87832792981861,5827600
2018-10-03,49.659915924072266,50.053072151963725,49.57254935468349,49.887071004175674,1803100
2018-10-04,49.43275833129883,49.590017481640935,49.17065197081341,49.590017481640935,1636900
2018-10-05,49.45896911621094,49.61623160408609,49.30170662833579,49.45023045976181,1940900
2018-10-08,49.537593841552734,49.59001244206613,49.28422616300304,49.406540674628275,1285700
2018-10-09,49.59001922607422,49.72980773460075,49.44149539387394,49.47644335421081,5624400
2018-10-10,48.340660095214844,49.63370459990822,48.3057121357532,49.41528485250419,3834100
2018-10-11,47.2747688293457,48.340658221873746,47.08255839257619,48.122238482934115,7586400
2018-10-12,47.72034454345703,47.8776070251284,47.25729575454733,47.83392374306875,3537200
2018-10-15,47.729087829589844,48.10477009082384,47.702875191554625,47.80771907805326,1996200
2018-10-16,48.6027717590332,48.65519037471614,47.79898521273981,47.99119569110112,6943700
2018-10-17,48.61149597167969,48.71633651190096,48.218339779824056,48.628969950520016,2907500
2018-10-18,48.30570983886719,48.742549312903996,48.02613284210929,48.58528683562509,2406100
2018-10-19,48.39308166503906,48.69013267301193,48.27950245624387,48.506660873834264,3377300
2018-10-22,48.22707748413086,48.51538979725611,48.122236945978095,48.49791581876055,2103500
2018-10-23,48.087284088134766,48.29696514307049,47.51065618783111,47.97370490589942,4557400
2018-10-24,47.36214065551758,48.21834572737921,47.283509407447575,48.08729586914327,4325200
2018-10-25,47.6417236328125,47.86888208129088,47.19614872667647,47.48446111704178,5093400
2018-10-26,47.02140426635742,47.44076979313448,46.628248043497386,47.22235003963679,5084000
2018-10-29,47.05635070800781,47.78150253314833,46.54087997307771,47.44950691817838,4586700
2018-10-30,47.72034454345703,47.74655717894945,47.05634999081631,47.11750725226398,5167900
2018-10-31,47.81644821166992,48.235813704908345,47.73781697338642,47.982446011237,3632200
2018-11-01,47.9649772644043,48.03486984963442,47.73781886355958,47.90382000252014,3264900
2018-11-02,47.87761306762695,48.34066524779796,47.50193079542275,48.27076932142452,3708800
2018-11-05,48.27949142456055,48.393070607403324,47.83391668082394,47.97370516246878,2137100
2018-11-06,48.585296630859375,48.602770613282246,48.13971841112965,48.27950693769123,2332100
2018-11-07,49.380340576171875,49.39781455720603,48.7949738764015,48.89981776260644,3776400
2018-11-08,49.406551361083984,49.41529001827334,49.179396266478655,49.28423682300256,2081300
2018-11-09,49.380340576171875,49.50265511058986,49.10949886937411,49.35413127103119,3697000
2018-11-12,48.82117462158203,49.42401182271502,48.74254339249335,49.42401182271502,4799800
2018-11-13,48.72507095336914,49.030857224574866,48.55907316797466,48.93475201567581,2983700
2018-11-14,48.471710205078125,48.943497661889324,48.279499759824475,48.943497661889324,4537800
2018-11-15,48.777488708496094,48.82990730317392,47.9649671627888,48.36685860847926,4418100
2018-11-16,49.03961181640625,49.22308363875385,48.63771687287437,48.725086787912375,3258700
2018-11-19,48.585296630859375,49.13571541230494,48.375612174606324,49.06581948261347,3435200
2018-11-20,47.947509765625,48.34066602574967,47.81645656797635,48.13971690060275,5683200
2018-11-21,47.912567138671875,48.20087953966313,47.8863578293513,48.104777627880466,5803200
2018-11-23,47.798980712890625,47.99119117315703,47.676666177383325,47.77277140751652,1190700
2018-11-26,48.20086669921875,48.218340678384706,47.93002835419826,48.07855217787778,2134600
2018-11-27,48.349395751953125,48.35813107546832,47.97371351720285,48.16592396274603,2763500
2018-11-28,49.161922454833984,49.18813176085025,48.40182258497151,48.48918916023986,3218600
2018-11-29,49.135704040527344,49.35412377103093,48.9434936111816,49.144439363306425,3680800
2018-11-30,49.36286163330078,49.60749067754723,49.14444189156051,49.17938985011594,3340400
2018-12-03,49.79096603393555,50.035595079363034,49.40654515361146,49.98317314127681,3707800
2018-12-04,48.90854263305664,49.93948396397192,48.83865005667988,49.843378755236024,5444300
2018-12-06,48.8823356628418,48.8823356628418,47.676657834301494,48.576546044763454,8655800
2018-12-07,48.14845275878906,48.96970986222163,47.930032997286894,48.8736046339093,5345900
2018-12-10,48.296966552734375,48.462967669958935,47.388343066792075,48.1484427455549,5977600
2018-12-11,48.349395751953125,48.838657189326256,48.13097600304347,48.79497057328763,7042000
2018-12-12,48.40181350708008,48.84738828989381,48.340656249298206,48.53286334540384,6080700
2018-12-13,48.48918914794922,48.69013493727245,48.296978683022125,48.48918914794922,5332500
2018-12-14,47.825191497802734,48.30571429702678,47.685402986522625,48.30571429702678,4808500
2018-12-17,46.80527877807617,47.7452494078834,46.550522857277244,47.73646610763197,5321900
2018-12-18,46.63835906982422,47.16544409896303,46.37481655525482,47.103950957267664,7386700
2018-12-19,46.23426818847656,47.36750152899929,45.953155678302274,46.77892325804857,9182800
2018-12-20,45.58419418334961,46.17277581535644,45.11860220885391,45.944369802532705,14193400
2018-12-21,44.969261169433594,46.392397105370826,44.898984713346,45.78624549709642,13145600
2018-12-24,43.72181701660156,44.89019012025403,43.69546376912164,44.767203830514305,9083700
2018-12-26,45.215240478515625,45.232810431614844,43.4846386361898,43.89752415620684,8794300
2018-12-27,45.707183837890625,45.75111039435365,44.266481255623475,44.80235307366508,10713400
2018-12-28,45.65707778930664,46.20208191673692,45.51643232005907,46.01748201383183,9279000
2018-12-31,46.06142807006836,46.07021694324989,45.59553731340199,45.90320152678572,9684600
2019-01-02,45.65707778930664,45.780145508994195,45.34941687321898,45.5779645032766,4628700
2019-01-03,44.989009857177734,45.63070498038164,44.92747767777821,45.48127064562628,5881200
2019-01-04,45.9735221862793,46.12295985512663,45.21755167543855,45.437310388903796,6096800
2019-01-07,46.12297439575195,46.4657975603151,45.85047229797598,46.043861099833315,5668500
2019-01-08,46.518516540527344,46.580052056934086,46.13174246451495,46.465776602537844,4442100
2019-01-09,46.527313232421875,46.72070196561953,46.3954566682868,46.67674754207336,4677000
2019-01-10,46.87892532348633,46.89650306781119,46.254808095906114,46.36908355352664,3325500
2019-01-11,46.887725830078125,46.90530693201694,46.615223779904966,46.72071039153786,4522500
2019-01-14,46.5449104309082,46.72071812614899,46.518537097007716,46.64160483095328,3471200
2019-01-15,47.010799407958984,47.063542724116985,46.606444043839915,46.65039513067842,5823400
2019-01-16,47.00200653076172,47.107489800845286,46.89651990742545,47.08111982163757,3727900
2019-01-17,47.31844711303711,47.41513812884103,46.89650743838454,46.940461863047545,5570000
2019-01-18,47.84587860107422,47.854667476246185,47.4678932568796,47.59095762880294,4014200
2019-01-22,47.511844635009766,47.766765608867956,47.23055368221889,47.73160340145593,4072200
2019-01-23,47.78434371948242,47.86345700457769,47.415147271287026,47.722811536991934,3687500
2019-01-24,47.67006301879883,47.793127370328776,47.41514208877133,47.793127370328776,3253200
2019-01-25,47.837074279785156,48.0480441163597,47.73159103812378,47.94256087469832,5182900
2019-01-28,47.73160171508789,47.7843450243425,47.40635969114919,47.626118449831225,3352400
2019-01-29,47.810707092285156,47.854658166099554,47.564578396322936,47.810707092285156,7207800
2019-01-30,48.320560455322266,48.478787041370566,47.88104290591094,47.88104290591094,4304500
2019-01-31,48.66337203979492,48.81280636151208,48.15353019410862,48.2590167952346,5829300
2019-02-01,48.77764129638672,48.90070562876057,48.62820364046735,48.84796233492111,3523200
2019-02-04,49.120460510253906,49.120460510253906,48.593037672554985,48.86553963969533,3261100
2019-02-05,49.26112365722656,49.27870476013523,49.05894600365572,49.199591473672506,8785100
2019-02-06,49.19078826904297,49.26111266498526,49.05893505652881,49.26111266498526,2857200
2019-02-07,49.0853157043457,49.12047790996456,48.74249258269303,48.96225133793218,3377200
2019-02-08,49.28749084472656,49.31386082097046,48.935875512963804,48.97982994437339,3161200
2019-02-11,49.29628372192383,49.4457180602782,49.21717043889729,49.43692918583186,2460900
2019-02-12,49.64789581298828,49.744590198370055,49.4017670889273,49.586363631973036,5800500
2019-02-13,49.762176513671875,49.85887090918342,49.61273880608511,49.79733872172202,5598500
2019-02-14,49.62153625488281,49.823713942561064,49.463309655264524,49.64790623706817,9489500
2019-02-15,50.1313591003418,50.140151327132486,49.89401927577352,49.89401927577352,2828200
2019-02-19,50.236846923828125,50.3335379481126,50.03466594175051,50.17531474780524,3672300
2019-02-20,50.28080749511719,50.368709662250474,50.113788683010114,50.27201526645222,3234500
2019-02-21,50.307167053222656,50.33353702724942,50.06982722722564,50.272004852352275,2506500
2019-02-22,50.57966995239258,50.606039926874125,50.28079794634404,50.42144339899911,2113900
2019-02-25,50.439029693603516,50.85217386711625,50.39507861385779,50.8258038899193,3908400
2019-02-26,50.41265106201172,50.54450764063595,50.33353778548759,50.40386218828775,5048800
2019-02-27,50.403865814208984,50.44781689249476,50.20168817149256,50.34233363395843,2666000
2019-02-28,50.52691650390625,50.711512994712585,50.38627107949408,50.43022214588824,3478300
2019-03-01,50.79063034057617,50.83458476375698,50.49175837050581,50.81700366513499,4397700
2019-03-04,50.51813888549805,51.019188531159934,50.10499139220583,50.95765635385073,3562200
2019-03-05,50.50934982299805,50.64999528755303,50.465398744059435,50.50934982299805,2644800
2019-03-06,50.31596374511719,50.632413521276334,50.254428211507324,50.562092466547305,2355300
2019-03-07,50.08740997314453,50.32474980693869,49.964345619307295,50.32474980693869,3485800
2019-03-08,50.04344940185547,50.05223827406815,49.71820747796191,49.9203850713688,3642400
2019-03-11,50.61483383178711,50.61483383178711,50.14015415587073,50.16652413122647,2543100
2019-03-12,50.74668502807617,50.843379404841635,50.62362067701179,50.693941726226264,4734200
2019-03-13,51.0103874206543,51.151032851904056,50.85216089134187,50.896115313124334,2564800
2019-03-14,50.96643829345703,51.06313265985904,50.82579285685002,51.019181589654046,2023200
2019-03-15,51.14225387573242,51.28289933419765,50.99281618990874,51.08951057133837,2311400
2019-03-18,51.17741775512695,51.256531037683494,51.00161008797327,51.22136883360229,2867400
2019-03-19,51.063140869140625,51.370801763289094,50.913703182516905,51.33564291342373,3284000
2019-03-20,50.87425994873047,51.20082868642616,50.69773512375704,51.07726231902406,3531500
2019-03-21,51.52740478515625,51.59801270046014,50.76835033578474,50.812480703716076,2866600
2019-03-22,51.13022232055664,51.571532712850804,51.13022232055664,51.39500788254692,4557600
2019-03-25,51.19199752807617,51.34204142194558,51.00664800026199,51.14786716911049,3294100
2019-03-26,51.57152557373047,51.677439110478595,51.23612877927565,51.456783944877124,8594700
2019-03-27,51.430301666259766,51.70391525850383,51.19199370532403,51.64212872024909,5042400
2019-03-28,51.606834411621094,51.66861759247005,51.315567958821,51.55387595649448,2600600
2019-03-29,51.89809799194336,51.92457890322437,51.624487721842854,51.76570690326175,3608600
2019-04-01,52.083457946777344,52.17172205713832,51.88928363784629,52.13641641299393,3958700
2019-04-02,52.04814529418945,52.16288356438926,51.89809801995228,52.127581294213634,4205100
2019-04-03,52.012855529785156,52.198205130760876,51.88046103369855,52.198205130760876,2894800
2019-04-04,52.04814529418945,52.154058838578074,51.827490112670155,52.04814529418945,3540300
2019-04-05,52.27762222290039,52.27762222290039,52.065795146192414,52.23349186249712,2966700
2019-04-08,52.268795013427734,52.268795013427734,51.99518140484232,52.242314104899776,3166100
2019-04-09,52.11874771118164,52.19818370283788,52.02165890283173,52.19818370283788,2597200
2019-04-10,52.2423210144043,52.30410419759003,52.127582741019914,52.22466819536109,2255600
2019-04-11,52.224666595458984,52.28645314368285,52.06579796279901,52.268800325180436,3423500
2019-04-12,52.45414733886719,52.45414733886719,52.24231689398704,52.44531924657639,2472000
2019-04-15,52.524749755859375,52.55123066303491,52.410011503509985,52.533577847228,3625200
2019-04-16,52.21583938598633,52.72776099741369,52.10992584694059,52.71893290511697,9107600
2019-04-17,51.89809799194336,52.41001962891866,51.818661991962045,52.25997235476247,3569400
2019-04-18,51.98635482788086,52.136398714161544,51.75687158577695,52.03930990918915,3765900
2019-04-22,51.92459487915039,51.95989716016861,51.809853206778435,51.91576678369691,1999300
2019-04-23,52.365882873535156,52.40118513938226,51.924572564607054,52.03931082073843,3046300
2019-04-24,52.42767333984375,52.55123970482218,52.3041036079344,52.38353960926781,3142700
2019-04-25,52.392364501953125,52.4894533162004,52.12757896932557,52.32175323088939,5718900
2019-04-26,52.674808502197266,52.674808502197266,52.40119484787384,52.48063085287541,2382100
2019-04-29,52.54240798950195,52.67480243824026,52.54240798950195,52.6218439853588,1994900
2019-04-30,53.02785873413086,53.05433628044027,52.58654833867477,52.621850611443605,2224700
2019-05-01,52.49827194213867,53.07197666861845,52.49827194213867,53.07197666861845,3327300
2019-05-02,52.507110595703125,52.948420976559184,52.233496947477214,52.48945777643716,3378000
2019-05-03,52.718936920166016,52.789548196194694,52.56006491603244,52.674806556113566,2391600
2019-05-06,52.69246292114258,52.78072365518712,52.145238962817835,52.17171650964496,2074300
2019-05-07,52.09227752685547,52.560065451048814,51.756880696167094,52.560065451048814,4133100
2019-05-08,52.074615478515625,52.32174816947052,51.92457159241599,52.056962662457366,3651000
2019-05-09,52.074615478515625,52.145226742748676,51.57152200511152,51.845135603619,4693200
2019-05-10,52.4718017578125,52.60419284383845,51.5450506879077,51.977532949295565,3184200
2019-05-13,51.871620178222656,52.0216640846688,51.61565936106421,51.889272996674705,4042500
2019-05-14,52.09227752685547,52.365891173855324,51.90692797578991,52.03931906929488,3072600
2019-05-15,52.312923431396484,52.45414259289572,51.83630749873766,51.986354751728946,2977300
2019-05-16,52.78955841064453,53.02786646295601,52.38355022878148,52.515944713487286,2494500
2019-05-17,52.718936920166016,53.00137529041883,52.51593455197999,52.577717735039606,2252700
2019-05-20,52.63949203491211,52.88662472544566,52.52475041419423,52.577708862278726,2319300
2019-05-21,53.00137710571289,53.07198838416001,52.73659154539836,52.868986009021164,8799400
2019-05-22,53.15141677856445,53.17789432072545,52.88662788923214,52.96606388264571,3287500
2019-05-23,52.90428924560547,52.92194206553901,52.63067895396346,52.88663642567193,3708100
2019-05-24,52.93959045410156,53.15142090864136,52.80719936607868,53.08080963481781,1948200
2019-05-28,52.38353729248047,53.17789727068206,52.36588784134779,53.06315563673499,2893500
2019-05-29,52.09227752685547,52.37471589998326,51.86279424435727,52.2423214395473,3644100
2019-05-30,52.365882873535156,52.42766604743065,52.16287716852943,52.23348843408454,2530200
2019-05-31,52.17171859741211,52.30410970377684,51.90693301775132,52.13641295560898,3737900
2019-06-03,52.45414733886719,52.51593051718,52.1010977197105,52.295275346939746,4972300
2019-06-04,53.00137710571289,53.03668274493645,52.59537235543521,52.85133318940938,4008700
2019-06-05,53.725128173828125,53.76043381456227,53.21320985090786,53.30147058581201,4876100
2019-06-06,54.087005615234375,54.19292254339232,53.7251311946899,53.86635039863576,3652500
2019-06-07,54.41356658935547,54.704829664667514,54.289996865205666,54.387085679286585,3750300
2019-06-10,54.360599517822266,54.6695153618945,54.298816349007815,54.5459490242656,5252900
2019-06-11,54.19290542602539,54.62538762847329,54.06933571553851,54.60773481268945,2549900
2019-06-12,54.422386169433594,54.45769180156702,54.28116700783028,54.289991732398434,2833700
2019-06-13,54.46652603149414,54.62539803689011,54.27235175473428,54.607745217742675,3540700
2019-06-14,54.643043518066406,54.74013232687385,54.448865900451516,54.528301892482105,2281100
2019-06-17,54.532135009765625,54.74508333595635,54.50551773825384,54.727337360048885,2564500
2019-06-18,54.718475341796875,54.913677737250666,54.59425686639886,54.8693144795656,4704000
2019-06-19,55.029014587402344,55.11774108612069,54.60312130109614,54.736211049173654,3307300
2019-06-20,55.42829132080078,55.481525866843484,55.082253232727176,55.44603729771469,7521000
2019-06-21,55.241973876953125,55.47266824901879,55.206485299073655,55.41055900685492,2386800
2019-06-24,55.29520034790039,55.419418806454665,55.241962415077495,55.330692303115654,3090500
2019-06-25,54.9669075012207,55.44603873622987,54.958032820184,55.410546781481244,2832300
2019-06-26,54.354679107666016,55.06450461133673,54.34580781198461,55.02901265921342,3372100
2019-06-27,54.55875778198242,54.60312103112225,54.381301400724155,54.48777387559954,2728900
2019-06-28,54.77170181274414,54.80719376534008,54.56762816236583,54.7095925880507,2823900
2019-07-01,55.002403259277344,55.17985627589281,54.78058360380868,55.09112976758507,5799000
2019-07-02,55.410545349121094,55.42829132603668,55.03788660329192,55.064507261014796,10389000
2019-07-03,56.005027770996094,56.005027770996094,55.55251714609175,55.570263125360476,2377300
2019-07-05,55.88967514038086,55.942909685065224,55.42828990648911,55.738836032810994,3472000
2019-07-08,55.783203125,55.86305833222739,55.676730643596535,55.76545714731623,2886500
2019-07-09,55.88079833984375,55.89854431563161,55.63236144821122,55.694470671119355,4122900
2019-07-10,56.13811492919922,56.2268414313699,55.99615049490668,56.03164244965458,3748100
2019-07-11,56.14698791503906,56.20909714536727,55.898550993726246,56.182479870854955,2246700
2019-07-12,56.271202087402344,56.2889480639579,56.04051116157787,56.26233079147403,3352400
2019-07-15,56.368804931640625,56.41317156668992,56.25346115766979,56.368804931640625,2125400
2019-07-16,56.21797180175781,56.42204547055994,56.120370615656974,56.32444428445909,3446500
2019-07-17,56.058258056640625,56.34218691678393,56.058258056640625,56.3244409399376,3339300
2019-07-18,56.31557083129883,56.35993408200057,55.89854882836447,56.040513261429496,3187500
2019-07-19,55.800941467285156,56.448654332968204,55.774324196751195,56.368799136667626,3531800
2019-07-22,55.8098258972168,55.934044361007786,55.71222470860979,55.92516967948027,3161500
2019-07-23,55.98727035522461,56.02276230651213,55.63236099644575,55.99614503539588,2953500
2019-07-24,55.96953582763672,55.98727842113783,55.694478242579926,55.925169189786175,5032600
2019-07-25,55.99614715576172,56.058256380517335,55.79207350517914,55.94290922681452,3283100
2019-07-26,56.413177490234375,56.47528672418618,55.996155446815656,56.10262793577597,4351200
2019-07-29,56.49302673339844,56.55513934920746,56.39542893072539,56.49302673339844,4566300
2019-07-30,56.235713958740234,56.51076813575501,56.16473005196289,56.34218643420728,4533800
2019-07-31,55.68560791015625,56.36881289308177,55.26858923632603,56.342195616052045,3744800
2019-08-01,55.60574722290039,56.226842908509276,55.517020718398776,55.79207829787249,7705500
2019-08-02,55.534767150878906,55.81869602924752,55.30407620646662,55.48152921692259,7858600
2019-08-05,54.23045349121094,55.14435252173409,53.84892351806697,55.14435252173409,6193100
2019-08-06,55.082252502441406,55.153233024456945,54.35468099741358,54.47890283416397,10287300
2019-08-07,55.33956527709961,55.561384926870396,54.239341709668096,54.77170751523828,6181000
2019-08-08,56.271202087402344,56.32444001706904,55.446036178111655,55.561379948674414,8346900
2019-08-09,56.11149215698242,56.37767502210963,55.77432538931529,56.19134735499046,4373900
2019-08-12,55.66783905029297,56.1114781765364,55.45489078042903,55.90740119993025,3977900
2019-08-13,56.155860900878906,56.26233338041274,55.5170192542777,55.614620437475004,5575500
2019-08-14,54.922542572021484,55.90741890096056,54.90479659518938,55.90741890096056,5350300
2019-08-15,55.3573112487793,55.51702166737155,54.904800652567424,55.09999964274743,5444400
2019-08-16,55.88079833984375,55.996145490115474,55.543631569271895,55.587998201090954,6079400
2019-08-19,56.359928131103516,56.47527527850811,56.12036254097031,56.26232695904569,2599600
2019-08-20,55.98727035522461,56.40429232110601,55.96952776427962,56.40429232110601,3370300
2019-08-21,56.368804931640625,56.38655090872054,56.209094522620504,56.33331636217986,3742200
2019-08-22,56.475276947021484,56.60836668900615,56.058254975798825,56.537386170220756,3445500
2019-08-23,55.42829132080078,56.62611599254774,55.15323375568378,56.3776790851511,9339300
2019-08-26,55.98727035522461,55.98727035522461,55.490396575994446,55.76545073672578,4118400
2019-08-27,55.92516326904297,56.35993122717534,55.86305404426676,56.28894732188887,4685100
2019-08-28,56.19135284423828,56.20022414057301,55.72109290571918,55.99615047788322,6153400
2019-08-29,56.652740478515625,56.73259569244575,56.28895636721164,56.6438691812787,3539600
2019-08-30,56.572879791259766,56.93666386736829,56.42204405992899,56.85681204586314,3685500
2019-09-03,56.643863677978516,56.67048095180271,56.33331753436589,56.35106012711594,6671800
2019-09-04,57.12298583984375,57.12298583984375,56.76807648031305,56.99876739477306,3244900
2019-09-05,57.24720001220703,57.540003512047456,57.202840153362665,57.40691039672026,4545400
2019-09-06,57.39805603027344,57.52227449538362,57.31819743447482,57.4246733057401,4544900
2019-09-09,56.927791595458984,57.58437578756113,56.830190419273805,57.54000915496869,4988900
2019-09-10,56.4575309753418,56.89229892246778,56.12036420316443,56.8301896992639,5443600
2019-09-11,56.643863677978516,56.66160965542768,56.32444285329175,56.439790014361776,6003300
2019-09-12,56.892295837402344,57.122983357137336,56.85680388758221,56.96327296764536,4760100
2019-09-13,56.63499450683594,56.972157936924845,56.537393319552585,56.93666598069467,5810200
2019-09-16,56.52851486206055,56.62611604282417,56.413171089066275,56.62611604282417,3359000
2019-09-17,57.00764465332031,57.0342619256968,56.5551340994253,56.5551340994253,3418800
2019-09-18,57.060882568359375,57.140741159603536,56.555137439839676,57.13186647848791,2568000
2019-09-19,57.14961242675781,57.353682694438916,57.08749643205729,57.211721652060476,3771700
2019-09-20,57.00764465332031,57.38917468597837,56.874551522039994,57.36255741360188,4177400
2019-09-23,57.08749008178711,57.19396592877522,56.90116242660574,56.98989568379438,3417800
2019-09-24,56.995704650878906,57.50371585413695,56.853104120175374,57.32546774065616,5271800
2019-09-25,57.05808639526367,57.1204739123576,56.79962528153085,57.0759152857073,8810700
2019-09-26,57.1650390625,57.334379522249236,56.91548899533019,57.18286795285747,4543300
2019-09-27,56.862022399902344,57.33438948034261,56.55008476176136,57.33438948034261,3360800
2019-09-30,57.12937927246094,57.236332198926135,56.92439126319887,56.93330570700305,3234900
2019-10-01,56.648109436035156,57.29872449367165,56.61245845756795,57.17394946890087,13452000
2019-10-02,55.86381149291992,56.55007760990365,55.59643592263317,56.46095015323151,4962700
2019-10-03,56.23813247680664,56.24704692175089,55.50730438514863,55.90836941102548,6757000
2019-10-04,57.06700134277344,57.084830233373985,56.28270014958526,56.389649694135514,6818300
2019-10-07,56.75505828857422,57.04917375759256,56.710496265958696,56.93330977890069,5262900
2019-10-08,56.131187438964844,56.639202045869915,56.077710964603575,56.55898903426044,4538800
2019-10-09,56.514427185058594,56.69267870029746,56.264877103643094,56.46095071052747,3420900
2019-10-10,56.772891998291016,56.88875599375995,56.371826936948445,56.558989498953345,5692700
2019-10-11,56.83527374267578,57.28981183275848,56.82635929784923,57.2630752980079,7412700
2019-10-14,56.75505828857422,56.95113526791978,56.710496265958696,56.853096778247,2896500
2019-10-15,56.89767074584961,57.040271288075196,56.86201976032694,56.93332173137229,3284100
2019-10-16,56.92439651489258,56.92439651489258,56.63028443963967,56.91548547013045,5240200
2019-10-17,57.06700134277344,57.173954287188415,56.96005179822318,57.09373787894482,2755800
2019-10-18,57.1115608215332,57.21850695508059,56.942220377111525,57.066995399402636,3064000
2019-10-21,57.236328125,57.30763007090172,57.06698770341537,57.30763007090172,4515500
2019-10-22,56.746150970458984,57.33438198236722,56.71050338780849,57.33438198236722,3608800
2019-10-23,56.82637023925781,56.89767221214066,56.61247112033967,56.781808206138635,3125500
2019-10-24,56.83527374267578,56.99569975090839,56.66593668948116,56.968959816293264,3637400
2019-10-25,56.603553771972656,56.88875824901762,56.59464272575173,56.879843802931674,3462500
2019-10-28,56.59463882446289,56.84418889982663,56.558987842306706,56.719413862144755,3120600
2019-10-29,56.78181457519531,56.960066127531206,56.50552789894697,56.639214013299714,9033900
2019-10-30,57.0937385559082,57.12938953780258,56.63920043628159,56.78180096399433,4032500
2019-10-31,56.995704650878906,57.15612727303864,56.75506561784204,57.15612727303864,7859700
2019-11-01,57.022438049316406,57.28089915958334,56.933313997481555,57.254162624005815,3097300
2019-11-04,56.61246109008789,57.17395212753055,56.51442259467645,57.15612323760345,5380700
2019-11-05,56.33617401123047,56.69267703121243,56.17574799222506,56.54116205776743,6557400
2019-11-06,56.648109436035156,56.66593492526876,56.35399396347739,56.45203245432998,5643200
2019-11-07,56.61246109008789,56.80853808091079,56.51442259467645,56.7015851405358,3317000
2019-11-08,56.59463882446289,56.639200852225734,56.345088749099155,56.523336860150515,3194500
2019-11-11,56.48768615722656,56.56789916271426,56.247047140763456,56.469860667133226,2981700
2019-11-12,56.52333450317383,56.683760516322245,56.425299406129476,56.57681097417818,3206500
2019-11-13,56.85309982299805,56.9422238730021,56.487685778198106,56.487685778198106,4140100
2019-11-14,56.986785888671875,57.00461137864268,56.76397236383365,56.97787484361876,12736200
2019-11-15,57.2630729675293,57.280895056728006,57.004608475910736,57.18286336654188,3886600
2019-11-18,57.40568161010742,57.49480566290217,57.24525559518512,57.28981422171781,10842500
2019-11-19,57.47698974609375,57.56611381900541,57.34330023686082,57.530469629625465,2743500
2019-11-20,57.42350387573242,57.63740296303741,57.209604788427434,57.49480583807721,3893600
2019-11-21,57.147216796875,57.450239934730604,57.10265137084714,57.40568130843207,2811800
2019-11-22,57.19178009033203,57.396771547167546,56.98679203336146,57.325469579596074,2632600
2019-11-25,57.32547378540039,57.46807773100578,57.22743527272929,57.32547378540039,2811100
2019-11-26,57.77998352050781,57.78889116240146,57.289791227291296,57.37891524431431,4740600
2019-11-27,57.94933319091797,57.95824763501157,57.708697598219075,57.851301504802514,2674800
2019-11-29,57.788909912109375,57.993901337526076,57.72652239997887,57.93151382539558,1083400
2019-12-02,57.38785171508789,57.81565668063473,57.27199112845589,57.744354719755385,3801600
2019-12-03,57.2541618347168,57.26307627969618,57.022437263221875,57.11156471369269,2928500
2019-12-04,57.53045654296875,57.61958059560704,57.26307758532452,57.352201637962814,2751300
2019-12-05,57.62849044799805,57.6463125372136,57.378933600878554,57.566096136421564,2835200
2019-12-06,57.8602294921875,58.01174109640582,57.78892751382679,57.806756408282425,2645900
2019-12-09,57.726524353027344,57.87804271595243,57.726524353027344,57.87804271595243,2657300
2019-12-10,57.66413497924805,57.82456098208488,57.58392537769405,57.82456098208488,2639200
2019-12-11,57.655235290527344,57.82456896152909,57.494809265552675,57.77109588644746,2339300
2019-12-12,57.797821044921875,57.96716148231416,57.5839219869774,57.708697004089046,3361300
2019-12-13,57.94042205810547,57.97607303260487,57.637392174724596,57.79781816010786,4008300
2019-12-16,58.212989807128906,58.24885262673347,58.042643124040566,58.17712698752434,2324300
2019-12-17,58.17711639404297,58.33849563281123,58.141253580968666,58.23987460688995,2699300
2019-12-18,58.15022659301758,58.329533835520735,58.0964357882932,58.293671018993535,2919100
2019-12-19,58.38333511352539,58.419197932284305,58.12333480762321,58.17712561569494,2677000
2019-12-20,58.7598762512207,58.83160187873028,58.53573879535251,58.54470620882429,6206200
2019-12-23,58.50883865356445,58.858492509172606,58.49987124081939,58.858492509172606,3101100
2019-12-24,58.562625885009766,58.670214311006255,58.43710947474621,58.57159329720898,1350300
2019-12-26,58.73297882080078,58.73297882080078,58.56263217138674,58.66125319577044,1682200
2019-12-27,58.876441955566406,58.9481676034081,58.71506266798973,58.93023961151481,2402700
2019-12-30,58.68816375732422,58.87643844157094,58.553679885681184,58.82264762896726,3958800
2019-12-31,58.81367111206055,58.85850134238203,58.526775422348365,58.63436387104023,2498200
2020-01-02,58.83160400390625,59.11849968417579,58.58953171235012,59.11849968417579,4728600
2020-01-03,58.867469787597656,59.001946800652,58.4729856422838,58.59850208122314,3191200
2020-01-06,58.94815444946289,58.96608243735566,58.661258762249524,58.74194496796606,2627500
2020-01-07,58.70608901977539,58.91229166123641,58.64333080192211,58.91229166123641,3676600
2020-01-08,58.83160400390625,59.073669455329814,58.71504814495976,58.71504814495976,3759200
2020-01-09,59.199188232421875,59.23505104889242,58.97505075958058,58.97505075958058,4662600
2020-01-10,59.17229461669922,59.35160186433297,59.1005689815925,59.32470646120121,3603200
2020-01-13,59.53091049194336,59.53091049194336,59.2171194172986,59.25297539143021,3232700
2020-01-14,59.49504852294922,59.53091133772277,59.36953209130805,59.521943923996254,4652900
2020-01-15,59.9074592590332,60.02400827427551,59.539877386264465,59.56677278669482,4414100
2020-01-16,60.36468505859375,60.36468505859375,60.032959250472096,60.068822054603935,4249800
2020-01-17,60.62471389770508,60.65160930347678,60.436439217169394,60.481262613411005,4102100
2020-01-21,60.7771110534668,60.8309018519967,60.55297360608277,60.606764404612676,4601800
2020-01-22,60.884700775146484,61.09987081393762,60.8129751488387,60.95641956132206,4333900
2020-01-23,61.028141021728516,61.028141021728516,60.61572895880915,60.82193157020296,3253700
2020-01-24,60.74123764038086,61.117786844638154,60.54399562668488,61.1088262732017,4984300
2020-01-27,60.310890197753906,60.535027603757364,60.10468761470397,60.158478403302944,3262000
2020-01-28,60.669525146484375,60.82193697543012,60.427459702872454,60.51711331753864,5018000
2020-01-29,60.463321685791016,60.830903552910215,60.463321685791016,60.830903552910215,3881300
2020-01-30,60.93849182128906,61.01021744788695,60.248144635515786,60.29297486217253,6537900
2020-01-31,60.19435119628906,60.92952173635179,60.03297196358593,60.84883554006619,4701400
2020-02-03,60.517120361328125,60.83091146924912,60.45436213974393,60.45436213974393,4735300
2020-02-04,60.92952346801758,61.20745171663172,60.88470008218453,61.11779810483349,4511000
2020-02-05,61.40471267700195,61.449542916773154,61.17161458256757,61.27919621380367,5457600
2020-02-06,61.47641372680664,61.60193013978363,61.41365552031815,61.55710675808128,3507500
2020-02-07,61.315040588378906,61.512282639808824,61.225386975946805,61.44055701381027,3666500
2020-02-10,61.67366027832031,61.67366027832031,61.252280786675364,61.270208772643834,3075500
2020-02-11,61.781246185302734,62.014344194010135,61.745383374701966,61.844004393821145,3124000
2020-02-12,61.87090301513672,62.0053868518631,61.664693553471984,61.987452025562476,4362300
2020-02-13,62.1667594909668,62.265380515609806,61.70055660730794,61.70952402049333,3494300
2020-02-14,62.462623596191406,62.462623596191406,62.19366275737786,62.25642097044757,3705200
2020-02-18,62.417816162109375,62.47160697559313,62.26539745701546,62.444711568851254,3810500
2020-02-19,62.39090347290039,62.570217554724486,62.364008070659985,62.54332215248407,3086900
2020-02-20,62.26539993286133,62.40885122803399,61.70954326440285,62.36402098825897,3610600
2020-02-21,62.08606719970703,62.21158361145621,61.90675999438861,62.16675339006089,3561700
2020-02-24,60.8309211730957,61.44057549722375,60.70540470990471,60.759195525519644,6257800
2020-02-25,59.30677795410156,61.081942946611655,59.244019733965004,60.9833219092352,8344600
2020-02-26,59.10056686401367,60.20332623383509,59.04677605967749,59.47711617463258,10318100
2020-02-27,56.47367477416992,58.67918309468777,56.464707360715806,58.30263381120247,12483800
2020-02-28,54.93159866333008,55.50538990462734,53.91849657912771,54.626771638882715,16727900
2020-03-02,57.970916748046875,58.00677272283156,55.35298940021608,55.36195339391225,12385900
2020-03-03,56.966773986816406,58.93918077177716,56.491600276563716,58.230905622961,13061400
2020-03-04,59.53091049194336,59.53091049194336,57.73781081953623,57.935052877922196,6208100
2020-03-05,58.060569763183594,58.88539397732868,57.54056921247508,58.428151642041364,6288200
2020-03-06,57.54057693481445,57.69298878698745,55.96264708371347,56.796438823428566,7646200
2020-03-09,54.06195831298828,55.60402523617974,52.10747925640679,53.344719076643344,9272400
2020-03-10,55.80126953125,55.86402775317568,53.37161660501353,55.72954389472547,14800500
2020-03-11,53.37160110473633,54.76125583824713,52.708156259896185,54.76125583824713,8619900
2020-03-12,48.359901428222656,51.68610422892941,48.359901428222656,49.310245574148375,17075700
2020-03-13,51.57851028442383,51.766788346729165,48.16265764355299,50.48472182470134,12226100
2020-03-16,46.37852478027344,49.453691135534214,44.82749390168316,45.59852734400273,10590100
2020-03-17,48.808162689208984,49.54333314328108,46.25299750372248,47.167478575387534,10076100
2020-03-18,46.55783462524414,47.79507439290048,44.16404471434527,46.04680147731211,11038600
2020-03-19,45.75093460083008,46.93438004773688,44.69300557707005,45.93024524249663,10031100
2020-03-20,43.34817886352539,47.0688616785205,43.32128346555874,46.46817499015957,8509000
2020-03-23,41.78818893432617,43.357151167268725,41.01715551835523,43.34818375355766,17770700
2020-03-24,45.41025161743164,45.49990523509003,43.312324815602175,43.312324815602175,10179000
2020-03-25,46.20684051513672,47.90283292410345,44.70931325280782,45.55730945729118,10330300
2020-03-26,49.42741775512695,49.589800491599085,46.44138348037056,46.44138348037056,9797300
2020-03-27,48.39898681640625,49.92357617199794,47.59609302090637,47.59609302090637,11079700
2020-03-30,49.95063781738281,50.04085234160233,48.56136855772447,48.723747818655156,6507800
2020-03-31,48.7237548828125,49.941625326355854,48.507246875959936,49.941625326355854,7946500
2020-04-01,46.856361389160156,47.532954996611636,46.2880252366607,46.856361389160156,9661700
2020-04-02,47.90282440185547,48.09227322091184,46.37823476379602,46.37823476379602,7130000
2020-04-03,47.22623062133789,48.11933566327781,46.748105591544906,47.668273275523546,6831000
2020-04-06,50.20323181152344,50.51897402263209,48.687662315537914,48.73276785407744,6520300
2020-04-07,50.1220588684082,51.845117227378324,50.113035692588156,51.43013717298766,7958700
2020-04-08,51.962371826171875,52.196926132357774,50.16714592912712,50.6091850240181,6343800
2020-04-09,53.369693756103516,53.793693439650134,52.48561201869353,52.74722899115133,13717100
2020-04-13,52.26008224487305,53.18926955083901,51.79999673746655,53.18024981835354,10152800
2020-04-14,53.75761795043945,53.91097751739759,52.90962186184799,53.1622157092299,5934600
2020-04-15,52.44050979614258,52.86450606521079,52.08868171361109,52.76527523888938,6124500
2020-04-16,52.711143493652344,52.81939748791259,52.06161264542598,52.467569425567454,4493300
2020-04-17,54.24475860595703,54.34399287253004,53.23437647478878,54.01922743332114,4636500
2020-04-20,53.06298065185547,53.91999990320953,52.990812457088644,53.55012887153037,4061400
2020-04-21,51.73685073852539,52.50365880677398,51.520342735286086,51.91727636877992,7454400
2020-04-22,52.6750602722168,53.05395443275939,52.269103472111375,52.611911819015134,7480000
2020-04-23,52.278133392333984,53.117109740371994,52.233027840131165,52.720172621787874,9228500
2020-04-24,52.75624465942383,52.882541549134444,52.052588593132,52.386373721843235,6806300
2020-04-27,53.59523010253906,53.80271837759873,52.97276527736006,53.035913733189844,3559900
2020-04-28,53.58620834350586,54.38909877270082,53.49599380906493,54.235735784817535,3896000
2020-04-29,54.10041427612305,54.50636759990736,53.85684021705308,54.3981136096537,4843800
2020-04-30,53.288509368896484,53.712509107887946,53.062978178595976,53.70348593312953,6051300
2020-05-01,52.19694137573242,52.61191795699458,51.95336726725255,52.368343848514705,5023200
2020-05-04,52.35029602050781,52.39540500924665,51.619577205063,51.8451083834265,4376100
2020-05-05,52.891571044921875,53.39675866415683,52.66603987452554,52.8013565119638,4367000
2020-05-06,52.22399139404297,53.35164711922556,52.169866121686795,53.13513914713651,3854200
2020-05-07,52.83744430541992,53.30654957038561,52.593870219303156,52.593870219303156,6513500
2020-05-08,53.56816101074219,53.70347763922462,53.21633295882258,53.29752431244498,3686100
2020-05-11,53.4057731628418,53.784663815720705,53.09002751077737,53.23436729873105,4344100
2020-05-12,52.49463653564453,53.6944640723462,52.48561680257633,53.62229244246968,4046400
2020-05-13,51.745880126953125,52.521708021284205,51.29481771781488,52.4224737406605,6051600
2020-05-14,52.242042541503906,52.242042541503906,50.807664095098055,51.1955780010736,6279300
2020-05-15,52.46757125854492,52.46757125854492,51.65565766989742,51.89021201387672,4829100
2020-05-18,53.91096496582031,54.25377327983515,53.676414082335796,53.75760543456741,11773500
2020-05-19,53.288509368896484,53.95608320637243,53.2704664607125,53.77565756586546,4999500
2020-05-20,53.75761795043945,54.05531735037769,53.631321026748495,53.901957783419554,4215800
2020-05-21,53.39676284790039,53.80271967468784,53.216340650512926,53.658379851978175,4027100
2020-05-22,53.58620834350586,53.64033362283781,53.22535708840734,53.49599380906493,3108500
2020-05-26,54.19063186645508,54.71386585793556,54.082377863206005,54.704842683554055,3783300
2020-05-27,54.867218017578125,54.90330382757737,54.073347404256026,54.804069570745575,4797700
2020-05-28,55.363399505615234,55.6971881683775,55.110805656029164,55.237102580822196,4834200
2020-05-29,55.58891677856445,55.6791313031855,54.840155151537026,55.33632299228998,5423700
2020-06-01,55.77836990356445,55.94977235169474,55.35437020815544,55.39947575331262,4566200
2020-06-02,55.93173599243164,55.94977890087302,55.46263069695452,55.841524891557654,6048900
2020-06-03,56.418880462646484,56.55419710500244,56.175306376806546,56.2023690170112,4014200
2020-06-04,55.98586654663086,56.31965176036776,55.62501524868127,56.20237457233419,5044400
2020-06-05,57.14057922363281,57.43827858820319,56.62636841464817,56.770708230480125,4598600
2020-06-08,57.74500274658203,57.74500274658203,57.05036632938895,57.22176877986547,7238500
2020-06-09,57.14057922363281,57.35709066804708,57.01428231494643,57.24883322517361,6987500
2020-06-10,56.86994171142578,57.257855606351164,56.61734445621901,57.0593870718314,4014300
2020-06-11,54.019222259521484,55.96781126681223,53.91096482926537,55.92270572487164,6991000
2020-06-12,54.36202621459961,55.210025530644295,53.51403033988712,55.155896816429035,7971800
2020-06-15,54.753719329833984,54.980386492788206,53.19424814193572,53.33024982317482,6094100
2020-06-16,55.55157470703125,56.140907106938734,54.88970717310501,56.140907106938734,6850200
2020-06-17,55.40650939941406,55.85077500199107,55.29771015410254,55.77824332467194,5616700
2020-06-18,55.43370819091797,55.46997575880885,55.05290910406067,55.09824183459144,3512300
2020-06-19,55.08918380737305,56.14998789085562,54.94411696657767,56.09558652855749,4170900
2020-06-22,55.20705032348633,55.34305199651647,54.681184335679966,54.83531633702565,3444900
2020-06-23,55.17078399658203,55.660385880157854,55.08918368265273,55.61505314101186,3676900
2020-06-24,54.01024627685547,54.87158210751552,53.66571125285823,54.68118253846419,7563000
2020-06-25,54.527042388916016,54.563309958565014,53.57504116695749,53.92864132437073,5292200
2020-06-26,53.692909240722656,54.545176378681525,53.56597620514004,54.32757441863574,7035900
2020-06-29,54.318511962890625,54.318511962890625,53.6113116101584,53.946778000728045,3981700
2020-06-30,54.9713249206543,55.1798583091606,54.20972306500809,54.20972306500809,4645400
2020-07-01,55.20705032348633,55.406518521619546,54.944115600250036,54.998516961195335,4186400
2020-07-02,55.37931823730469,55.89611904851206,55.28864930457858,55.578782971969865,4603600
2020-07-06,55.67851638793945,56.068384147230084,55.515315769693785,56.023051410754306,3211700
2020-07-07,55.28863525390625,55.76916836990381,55.23423390809577,55.32490281777991,3781700
2020-07-08,55.3974494934082,55.52438600135167,55.016650345576366,55.33398296876956,3899600
2020-07-09,55.071044921875,55.46090918577057,54.436376295007776,55.39744266895042,4798200
2020-07-10,55.4971809387207,55.542513674343155,54.84438193669208,55.016647715523824,3248900
2020-07-13,55.10731887817383,56.10465645820159,55.02571856215943,55.80545414659335,4173300
2020-07-14,55.97771072387695,56.02304345391421,54.853440342158684,54.8625055046999,5447200
2020-07-15,56.385711669921875,56.666780144558565,56.18624695570576,56.44011302398033,6180000
2020-07-16,56.43106460571289,56.51266493168088,56.1227970919079,56.1227970919079,3270500
2020-07-17,57.00225067138672,57.10198476510062,56.52171744749179,56.612382918868406,2660500
2020-07-20,57.038516998291016,57.14731625330115,56.793716080518756,56.80278470265807,2895900
2020-07-21,57.129188537597656,57.48279220661598,56.98412169594898,57.30145778988856,7671700
2020-07-22,57.68225860595703,57.73665997013484,56.99319195303698,56.99319195303698,3733600
2020-07-23,57.39212417602539,57.93612743480587,57.19265942727229,57.60065754802467,4898400
2020-07-24,57.04759216308594,57.373993444005464,56.811859826125485,57.147326272107634,3013300
2020-07-27,57.24704360961914,57.24704360961914,56.90250864084527,57.04757545001339,3418300
2020-07-28,57.10198974609375,57.437456169849135,57.029458054398745,57.08385595850342,3774100
2020-07-29,57.636924743652344,57.74572401122453,57.1654566392844,57.183590426990826,3049600
2020-07-30,57.401187896728516,57.48278820564292,56.78465299796772,57.04758425232205,4873900
2020-07-31,57.48278045654297,57.49184561912649,56.65771231481862,57.40118015862889,3657100
2020-08-03,57.53718948364258,57.64599220769331,57.337724740215464,57.5643918939884,2992000
2020-08-04,57.79106140136719,57.80012656607413,57.38305981622632,57.38305981622632,3534100
2020-08-05,57.745723724365234,58.081190148601706,57.627859292858524,58.03586086756036,2435100
2020-08-06,57.89078903198242,57.89078903198242,57.50092125523207,57.62785776518145,2427400
2020-08-07,58.32599639892578,58.38039430483093,57.65506007054194,57.664125235303985,3499100
2020-08-10,58.26253128051758,58.398532965906846,58.08119339422087,58.398532965906846,5004100
2020-08-11,57.727596282958984,58.48920161190609,57.61879700396656,58.34413129502724,7247300
2020-08-12,58.316925048828125,58.489194299250315,57.99052379399271,57.99052379399271,2858600
2020-08-13,58.208126068115234,58.34412775259831,58.06306267737751,58.09026163080752,3026300
2020-08-14,58.21719741821289,58.38039806376921,58.02679781795273,58.081195727360395,2187900
2020-08-17,58.48918914794922,58.63425251658185,58.29878958561966,58.335050239778845,3317500
2020-08-18,58.48918914794922,58.63425251658185,58.27158371900232,58.480120525743445,2315100
2020-08-19,58.063053131103516,58.50731877119471,57.98145282556306,58.471051200139854,3091400
2020-08-20,58.063053131103516,58.126519651116546,57.73665190894169,57.78198464342729,4394400
2020-08-21,57.99052429199219,58.0539908189034,57.736658184347334,57.9542567169954,2863700
2020-08-24,58.36226272583008,58.371324431731665,58.05399179185727,58.19906209427571,2696700
2020-08-25,58.47105407714844,58.61612436850589,58.29879175282673,58.4982530274449,2345600
2020-08-26,58.62519454956055,58.70679140261915,58.226258155054296,58.434788057759,2901600
2020-08-27,58.89719009399414,59.11478861622018,58.72492085034352,58.88812147134613,4974800
2020-08-28,59.169189453125,59.178251157830914,58.74305414266438,59.00598884310459,2954900
2020-08-31,59.05131530761719,59.259852100567585,58.95158122194502,58.96971846515714,3071100
2020-09-01,59.03318405151367,59.0513143771086,58.73398179921189,59.01504680858735,2924900
2020-09-02,60.166526794433594,60.31159016846616,58.96065593745963,58.996923510300824,4629600
2020-09-03,58.72491455078125,60.22091892993649,58.30784787903261,59.93078529231432,6885300
2020-09-04,58.36226272583008,59.03319558118347,57.673192624007996,58.906262525233714,5941900
2020-09-08,57.42839050292969,57.990524078646494,57.283323662142564,57.88172481272273,4450300
2020-09-09,58.316925048828125,58.824657259757636,57.80012421489414,57.81825800223681,7071000
2020-09-10,57.50092697143555,58.55266597785845,57.355860118595594,58.55266597785845,4772100
2020-09-11,57.673194885253906,57.927061007106985,57.237994336934406,57.664126261664,4827000
2020-09-14,58.480133056640625,58.706800239030706,58.03586731600943,58.03586731600943,2749600
2020-09-15,58.752132415771484,59.11479434887324,58.643329685441174,58.797461698742715,2955100
2020-09-16,58.74304962158203,59.33238549670559,58.67958310686603,58.97878535509771,2824900
2020-09-17,58.43479537963867,58.61613327137788,57.89986416300787,58.244395781312456,4765200
2020-09-18,57.89986038208008,58.48919638641496,57.57345911559715,58.36226332915302,3668300
2020-09-21,57.21985626220703,57.455588577888626,56.53078618498468,57.455588577888626,4732600
2020-09-22,57.60972213745117,57.700387611566356,57.09292132592914,57.283320896770704,3110300
2020-09-23,56.491729736328125,57.712680163209306,56.4552826248898,57.66712301180532,4068700
2020-09-24,56.56461715698242,57.03841564555227,56.04525457091222,56.27304377632703,4112400
2020-09-25,57.34822463989258,57.43934243221526,56.291282579468046,56.30950613793259,3698200
2020-09-28,57.98603057861328,58.286714055201244,57.77646488695565,57.90402631007003,2763600
2020-09-29,57.73090362548828,58.186482090366454,57.63978584703993,58.04980716058786,3090000
2020-09-30,58.06803512573242,58.541837182278904,57.72179449291228,57.94958374264877,3532500
2020-10-01,58.31404113769531,58.60561106532077,57.995137615538624,58.48716317182698,3437600
2020-10-02,58.08625030517578,58.39604030338061,57.50311046608121,57.50311046608121,4438600
2020-10-05,58.85162353515625,58.878964082734406,58.368711468245756,58.368711468245756,2752500
2020-10-06,58.241153717041016,59.2525385422193,58.168262964519144,58.833407156801236,4082200
2020-10-07,58.9427490234375,59.124977644256774,58.66028562411846,58.69673273859757,3569300
2020-10-08,59.498558044433594,59.52589164363484,59.09764671861096,59.09764671861096,2245900
2020-10-09,59.88124465942383,60.05436672984995,59.5987881879512,59.7263496235567,2124300
2020-10-12,60.43704605102539,60.62838818864923,59.98146754670874,59.999687628187836,2832700
2020-10-13,60.02702331542969,60.4917153524476,59.881241803794126,60.2548125755162,2451700
2020-10-14,59.753665924072266,60.26391151876911,59.58965741840901,60.06345590611682,2746500
2020-10-15,59.48944091796875,59.59878225971604,59.00652882384319,59.052082502555756,2458600
2020-10-16,59.617000579833984,59.990571321177185,59.58055346699484,59.6078870637302,2514200
2020-10-19,58.71495819091797,59.83567738677974,58.5691697369264,59.644335254597884,2939000
2020-10-20,58.78783416748047,59.3163067842648,58.67849979957665,58.888061972442145,3204900
2020-10-21,58.86985778808594,59.17054128414653,58.67851564102283,58.67851564102283,3235200
2020-10-22,59.0703010559082,59.1614153518303,58.62382918821215,58.806064731631515,2836100
2020-10-23,59.252532958984375,59.316313664851634,58.90629583450145,59.24341944341032,2965700
2020-10-26,58.37782669067383,58.84251869102577,57.84024394025547,58.72406383611833,3156600
2020-10-27,57.94046401977539,58.496266776592144,57.94046401977539,58.33225826612571,3345100
2020-10-28,56.22748947143555,57.32998844716073,56.18193232320819,57.02019844889962,4304600
2020-10-29,56.373287200927734,56.892646455097804,55.72636651251075,56.12727437382795,4712000
2020-10-30,56.181949615478516,56.43707250470624,55.516805314428616,56.07261173092216,5357900
2020-11-02,56.99287414550781,57.20243985492564,56.44618129274724,56.71041767775648,4715300
2020-11-03,57.9495849609375,58.34138275678418,57.43022573868272,57.43022573868272,4403500
2020-11-04,58.5873908996582,59.49854779108943,58.2138132374152,58.2138132374152,5764200
2020-11-05,59.08852005004883,59.662553311815984,59.01562583401886,59.225194967211245,4151100
2020-11-06,59.28898239135742,59.525885144530626,59.024746041967276,59.070306670046065,2803600
2020-11-09,60.25480270385742,61.95866859272449,60.17280192041736,60.91083677767951,4593300
2020-11-10,60.683048248291016,60.8015030944918,59.95412689805185,60.027014166972926,3534700
2020-11-11,60.9746208190918,61.15685637822457,60.683050876055155,60.965514254816995,2097700
2020-11-12,60.345924377441406,60.801502826171195,59.99056679198275,60.66482790123717,2514600
2020-11-13,61.12950897216797,61.28441091794534,60.55548266634889,60.57370969600505,1789900
2020-11-16,61.6124382019043,61.749106189222196,61.21152690156869,61.594211169211135,2339600
2020-11-17,61.2297477722168,61.47576405571362,61.029299071040455,61.175080576584726,4570300
2020-11-18,60.455265045166016,61.366422037411404,60.455265045166016,61.23886061462314,2680400
2020-11-19,60.564605712890625,60.62838642357505,59.963238767943615,60.27303575667949,6582300
2020-11-20,60.273048400878906,60.63751266049488,60.2001541586402,60.49172417601746,2187700
2020-11-23,60.35503005981445,60.591932796135175,60.03612654067618,60.48259146746977,3619500
2020-11-24,60.9017333984375,61.120416093824666,60.65572405559764,60.65572405559764,3464700
2020-11-25,60.79240036010742,60.910848275738566,60.573724611412736,60.81062044267502,3417800
2020-11-27,60.88350296020508,60.93817014896489,60.71949444235026,60.87438944488665,1255500
2020-11-30,60.72861099243164,60.81972529544301,60.345926748838494,60.79239169969717,3195700
2020-12-01,61.17506790161133,61.36640999825531,61.02928642627178,61.13862079488273,3559700
2020-12-02,60.9746208190918,61.19330349005112,60.76505861555884,61.12040926639801,2355600
2020-12-03,60.86528396606445,61.05662608170984,60.67393489884356,60.828836855716446,2126600
2020-12-04,61.17506790161133,61.193294930763024,60.87438448478158,60.87438448478158,2148100
2020-12-07,61.111297607421875,61.266192623709394,60.91084196207285,60.91995547820035,2099600
2020-12-08,61.293521881103516,61.35730258632852,60.837943429046156,60.837943429046156,3214400
2020-12-09,61.011077880859375,61.375542106987474,60.774175091139575,61.311761388783324,3006100
2020-12-10,60.774173736572266,61.02019003814558,60.63750573745016,60.74684013674785,2566900
2020-12-11,60.88350296020508,60.956397179601744,60.455258110718866,60.455258110718866,3077800
2020-12-14,60.7114372253418,61.571808617565665,60.68397952964087,61.18738691147816,2771000
2020-12-15,61.34297561645508,61.39789798243533,60.81211062164453,60.949399078754745,3094700
2020-12-16,61.324676513671875,61.59926741071907,61.214838758225675,61.34297931467795,2195600
2020-12-17,61.91963577270508,61.974551173911024,61.59928429377288,61.60843220521487,3381100
2020-12-18,61.91047668457031,62.0935326649497,61.580970333376996,61.9745469760169,4383100
2020-12-21,61.397911071777344,61.443671572857646,60.50092005632396,61.11416523927377,3769200
2020-12-22,61.20569610595703,61.39790695714351,61.07755553849938,61.20569610595703,2373700
2020-12-23,61.16909408569336,61.562670748921164,61.132481491074685,61.30638956972881,2535700
2020-12-24,61.42536544799805,61.452823143789225,61.20569689853139,61.223999701346415,965800
2020-12-28,61.63587951660156,61.828097354699544,61.51689383966515,61.66334419571365,1653900
2020-12-29,61.50773620605469,61.94708027148718,61.40705333654176,61.77317222721267,2645000
2020-12-30,61.590110778808594,61.82808908398449,61.51688561057964,61.58095588699587,1982900
2020-12-31,62.1301383972168,62.20336357453821,61.45282296483689,61.480280660548104,2342500
2021-01-04,61.2606086730957,62.294888057940675,60.71143384028542,62.166747496389505,6084100
2021-01-05,61.324676513671875,61.434514269118075,60.83041708886888,61.09585309384474,4288100
2021-01-06,61.882999420166016,62.139280504923505,60.90363557019369,60.90363557019369,4898400
2021-01-07,62.2582893371582,62.413894610671775,61.85556476107773,61.92878995059724,4070500
2021-01-08,62.58778762817383,62.63355511150057,62.04776763723338,62.15760540733505,4565000
2021-01-11,62.2674446105957,62.57864817637842,62.130149125195636,62.130149125195636,3456300
2021-01-12,61.882999420166016,62.2399633572405,61.526035483091526,62.20335077611288,4159400
2021-01-13,61.87385177612305,62.084372396480276,61.68164094004208,61.690795832180214,6749400
2021-01-14,61.52606201171875,62.02032159535124,61.45283681789049,61.992863893450355,18217200
2021-01-15,61.590110778808594,61.800624408546334,61.13246395208224,61.14161884389496,9771100
2021-01-19,61.91047668457031,62.01115956872039,61.70911091627017,61.809793800420245,5922600
2021-01-20,62.46879196166992,62.57862971421295,61.94707485757923,62.001990242282545,3966300
2021-01-21,62.157596588134766,62.45963819256867,62.09351932731389,62.42302560772954,5246900
2021-01-22,62.00200271606445,62.18506567379876,61.84640443934366,61.89217192456169,4492200
2021-01-25,62.459651947021484,62.459651947021484,61.88301932088013,61.88301932088013,4898600
2021-01-26,62.413875579833984,62.6060864063612,62.24912244521976,62.505403547256044,4521100
2021-01-27,61.022621154785156,62.00198500368665,60.80295265139546,61.80061929927284,6395600
2021-01-28,61.2606086730957,61.98369154649837,61.24230587136134,61.27891147483007,5597500
2021-01-29,60.43684387207031,61.27891242768222,60.21717533215786,60.99517360599792,5739000
2021-02-01,61.022621154785156,61.242296641310666,60.56497436589407,60.77549496136373,3924600
2021-02-02,61.56264877319336,61.91961271437875,61.269755103935196,61.288057903141876,3292900
2021-02-03,61.233150482177734,61.590114469765425,61.095855029304744,61.48027671083967,4519700
2021-02-04,61.66333770751953,61.70909820161678,61.214838776664905,61.23314856081308,4308700
2021-02-05,61.98370361328125,62.14845679351163,61.892175620517314,61.901323531596944,3394900
2021-02-08,62.2674446105957,62.276599505125965,62.011163428856094,62.1393040197259,5809000
2021-02-09,62.304039001464844,62.35895438632421,62.075215587035615,62.10267327946529,3232300
2021-02-10,62.157596588134766,62.54201825424085,61.98368855593303,62.40472280687824,3790300
2021-02-11,62.18505096435547,62.38641667866263,61.92876986728677,62.294881729878526,3834800
2021-02-12,62.2674446105957,62.29490231104803,61.95624802795145,62.020318323386356,2783700
2021-02-16,61.81895065307617,62.313210195526466,61.71826776573602,62.276597601662935,3324200
2021-02-17,61.99284744262695,62.00199535207381,61.50773589960121,61.5901159665818,2142400
2021-02-18,62.056922912597656,62.13929600332792,61.57181132901503,61.67249420644373,2971200
2021-02-19,61.43451690673828,62.175902584205026,61.36129173329698,62.111832303228105,2877600
2021-02-22,61.14162063598633,61.29721888568121,60.86702973864756,61.105008050798716,2655400
2021-02-23,61.242305755615234,61.48027709339658,60.74804631207906,60.931102261624225,5780400
2021-02-24,61.55349349975586,61.709091733021964,60.94024847467001,61.00431874619934,3873000
2021-02-25,60.802947998046875,61.64501634920902,60.610737199399125,61.342967815704576,7114500
2021-02-26,60.2080192565918,61.01348219233976,60.2080192565918,61.004327299941664,4917100
2021-03-01,61.233150482177734,61.51688929714825,60.66566586909988,60.66566586909988,5156400
2021-03-02,61.022621154785156,61.40704278150107,60.86702292251478,61.19652916916723,4255900
2021-03-03,60.29955291748047,60.894495282997106,60.28125011409515,60.894495282997106,5325300
2021-03-04,59.65884780883789,60.79381012076712,59.30188379957678,60.23548036615109,7399800
2021-03-05,61.01347732543945,61.169075568111126,59.84189560172734,60.18971165374198,5966400
2021-03-08,61.18737030029297,62.038593551617424,61.004314389891405,61.13245492379957,3902700
2021-03-09,61.535194396972656,62.111826875373914,61.526039505308304,61.54434230550073,3705700
2021-03-10,61.91963577270508,62.13014946608688,61.59928429377288,61.64504480039833,4610900
2021-03-11,62.066062927246094,62.477949277913126,61.9836898469947,62.130133206264965,5427300
2021-03-12,62.35896301269531,62.37727279893892,61.86470353117886,61.86470353117886,4082500
2021-03-15,62.79831314086914,62.82577083973768,62.24913821408427,62.29489871781914,2795600
2021-03-16,62.908145904541016,62.990518994579965,62.7525406514605,62.87153331458899,2904400
2021-03-17,62.62439727783203,62.88067841289868,62.45964412198387,62.76169273822837,3100700
2021-03-18,62.17589569091797,62.542014534396905,62.14843799970586,62.26742365600367,3446100
2021-03-19,62.03861999511719,62.41389384947405,61.88302170663971,62.11184518374365,4179100
2021-03-22,62.5969352722168,62.63354785801064,61.91961989287244,61.91961989287244,2945700
2021-03-23,62.532859802246094,62.96304892069452,62.41387414564518,62.45048672839996,3616400
2021-03-24,62.404727935791016,62.85321991644205,62.404727935791016,62.53286850169131,3742500
2021-03-25,62.803565979003906,62.88627845194315,62.16946973926908,62.27974368810254,2915500
2021-03-26,63.86958312988281,63.89715161230147,62.78517841643372,62.9505963222586,3573000
2021-03-29,64.21879577636719,64.32907671767013,63.65821326120817,63.68578875501861,4261700
2021-03-30,63.65821075439453,64.07175900951066,63.52036834733515,63.97066990345868,4605800
2021-03-31,63.58472442626953,63.88798486324664,63.575532591416994,63.78690272513139,2904400
2021-04-01,64.07176208496094,64.08095391631032,63.575508361788955,63.79606323498328,5161700
2021-04-05,64.82534790039062,64.92643703765665,64.25557340046528,64.28314189038969,4166900
2021-04-06,64.80695343017578,64.94480286813439,64.47612459491425,64.67829582443139,2722900
2021-04-07,64.6599349975586,64.93563394095621,64.56803768686451,64.71507198171196,2259300
2021-04-08,64.77938079833984,64.93561389072646,64.73343566283702,64.86209326034607,3807900
2021-04-09,65.03670501708984,65.04589684999104,64.67830065839901,64.88967074724154,2773100
2021-04-12,65.11022186279297,65.11941369515844,64.90804361863538,65.01832457307964,2007200
2021-04-13,65.31239318847656,65.37672198559298,64.96318072003211,64.99074920289443,4524400
2021-04-14,65.23888397216797,65.4134937425911,65.11022635542912,65.22969915048253,2719300
2021-04-15,65.99244689941406,66.03839904883787,65.41348767776753,65.42267950991503,2976300
2021-04-16,66.35086059570312,66.470333396546,66.1119290166466,66.13030567222225,1966000
2021-04-19,66.14867401123047,66.36003705228946,66.02000940675647,66.17624249386313,2990000
2021-04-20,66.3416748046875,66.40600361523471,66.02921557394784,66.02921557394784,2826400
2021-04-21,66.62655639648438,66.68169337195054,66.31410418709034,66.31410418709034,3508100
2021-04-22,66.25896453857422,66.68169773789307,66.1211150795689,66.53466345658487,3926600
2021-04-23,66.5622329711914,66.73684275604148,66.17626008908424,66.36005469637865,2011300
2021-04-26,66.249755859375,66.61735198614754,66.20381072559903,66.61735198614754,1558700
2021-04-27,66.0935287475586,66.27733031371858,66.01082330127123,66.2130015183908,2841500
2021-04-28,65.9189224243164,66.11190879976165,65.81783332127664,66.029196346678,3261800
2021-04-29,66.249755859375,66.31409166702468,65.86378308135467,66.01082433658887,2224000
2021-04-30,66.12110137939453,66.18543017875957,65.94649864472558,66.02920409620351,2459500
2021-05-03,66.52545928955078,66.70006903934026,66.37842503550183,66.415178340529,2462200
2021-05-04,66.25896453857422,66.4427661543529,65.92812864148732,66.25896453857422,3692900
2021-05-05,66.20382690429688,66.47033398605237,66.02002529033723,66.47033398605237,2226600
2021-05-06,66.71844482421875,66.73682848780669,66.15786227711322,66.18543076118179,3882800
2021-05-07,67.01252746582031,67.21470571890701,66.75521223873328,66.86549319804806,2268500
2021-05-10,67.11361694335938,67.64663106586387,67.07685662339554,67.16875391764808,2711000
2021-05-11,66.46112823486328,66.79196405939547,66.2405733556129,66.49788854995721,6721600
2021-05-12,65.3675537109375,66.29573269923395,65.33079338343595,66.1670750586363,5754100
2021-05-13,66.20382690429688,66.49790247531764,65.46863447108763,65.5145866274062,3431700
2021-05-14,66.75521850585938,66.92982828833864,66.43357444180394,66.46114293139229,1952500
2021-05-17,66.48869323730469,66.80115239358753,66.36003564686847,66.59897417681266,2782100
2021-05-18,66.19462585449219,66.59898233759019,66.17624920131215,66.50708504906257,2436300
2021-05-19,65.9189224243164,65.95567572422863,65.3031959754435,65.64322359578749,3971100
2021-05-20,66.70006561279297,66.92981231963397,65.9189282117962,65.9189282117962,2623400
2021-05-21,66.59896850585938,67.16873578318572,66.52544788578106,66.90223580519825,2514800
2021-05-24,66.81952667236328,67.05846519382496,66.77358154101734,66.92980760795619,1878400
2021-05-25,66.54385375976562,66.87468263792907,66.4795179372367,66.85630598243122,2985700
2021-05-26,66.49789428710938,66.6541203812522,66.42437365057847,66.58979157711612,9045700
2021-05-27,66.46112823486328,66.67249829382509,66.42436791976935,66.5530255169415,4457900
2021-05-28,66.70006561279297,66.89305200518183,66.65411346689953,66.67249712978214,3047500
2021-06-01,66.30491638183594,67.0125333181225,66.26815605885402,67.0125333181225,3051200
2021-06-02,66.52545928955078,66.57141143780488,66.29571257090713,66.415178340529,2454600
2021-06-03,66.49789428710938,66.59898340951092,66.04759265815673,66.18543508750993,2569000
2021-06-04,67.00333404541016,67.03090252887229,66.59897759113034,66.59897759113034,2865200
2021-06-07,66.95740509033203,67.09525456670185,66.86550777652403,67.09525456670185,2536800
2021-06-08,66.87466430664062,67.1136028305038,66.65410944455067,67.08603434915663,2333200
2021-06-09,67.01252746582031,67.21470571890701,66.8838698522768,66.8838698522768,2101500
2021-06-10,67.57752990722656,67.59596040027742,67.06139171953758,67.1812075040067,3331800
2021-06-11,67.49456024169922,67.54063997530322,67.2641404781198,67.54063997530322,4256200
2021-06-14,67.60514831542969,67.60514831542969,67.22726360953969,67.57749907254166,1718300
2021-06-15,67.35629272460938,67.69730940216188,67.31020596890417,67.69730940216188,3189000
2021-06-16,66.82174682617188,67.5222250376828,66.57289651821463,67.50378751451278,3186700
2021-06-17,66.98763275146484,67.15353525955011,66.61895972995835,66.71112622737172,4013400
2021-06-18,66.21342468261719,66.75721902061434,66.18577543408158,66.75721902061434,4013600
2021-06-21,67.06139373779297,67.08904299412909,66.360915439237,66.60976577811766,3732200
2021-06-22,67.26415252685547,67.40239878428406,67.01529519977521,67.06138197348767,2727800
2021-06-23,66.9231185913086,67.31022211743709,66.9231185913086,67.31022211743709,2412900
2021-06-24,67.35629272460938,67.4668896873392,67.19960900617434,67.31942472641555,2177700
2021-06-25,67.79871368408203,67.83558169263219,67.41161014208585,67.51299540763537,1948200
2021-06-28,67.92774963378906,67.99226689215205,67.7434166189959,67.91853790534705,1697000
2021-06-29,67.90008544921875,68.1028559400014,67.81713772036342,67.92773469217052,2120000
2021-06-30,67.84481048583984,68.00149427145868,67.7895119807637,67.95541452784678,2109800
2021-07-01,68.25955200195312,68.28720124989957,67.872448466996,67.872448466996,1804700
2021-07-02,68.68351745605469,68.7296042197822,68.3885804510161,68.47153521935505,1542600
2021-07-06,68.67431640625,68.74804539508335,68.24112607452949,68.69274689549485,1763300
2021-07-07,69.08905792236328,69.09827668140564,68.7111731838609,68.79412091968356,2574300
2021-07-08,68.63744354248047,68.76647805363213,68.37015576027963,68.4623222636946,2937600
2021-07-09,69.11672973632812,69.15359775268321,68.72040735032988,68.9508271786578,2562300
2021-07-12,69.13514709472656,69.19044558720186,69.01532431855931,69.14435882223707,2431100
2021-07-13,68.98768615722656,69.38400849130429,68.94160641671075,69.0890714309572,2590700
2021-07-14,69.23653411865234,69.31948185948163,69.07984333288609,69.25496460599666,1888400
2021-07-15,69.30106353759766,69.32871278939443,68.9969077041241,69.07064373015183,1826800
2021-07-16,69.3840103149414,69.6605168927205,69.31027428995306,69.55913161632512,2820400
2021-07-19,68.73880767822266,69.15356033203832,68.26874951387396,68.96000862480092,6238800
2021-07-20,69.30106353759766,69.54069507440609,68.84022392270602,68.94160920053054,2291100
2021-07-21,69.33792877197266,69.44852577472774,69.19045672582696,69.27341150974746,1892700
2021-07-22,69.55912017822266,69.58676942508313,69.26418315862226,69.30105116505396,2654900
2021-07-23,70.27803039550781,70.32411716260687,69.62363908745073,69.80797209214022,2012500
2021-07-26,70.14900970458984,70.2596137483036,69.98310715494662,70.23195746348408,1642400
2021-07-27,70.25961303710938,70.25961303710938,69.90937041815519,70.1490089945152,2178200
2021-07-28,70.09370422363281,70.25038799607793,69.89093367959605,70.18587073496205,3055700
2021-07-29,70.25961303710938,70.41629682356009,70.22274502291131,70.33334203365078,1478500
2021-07-30,70.2503890991211,70.4623713753214,69.8817160161613,69.8817160161613,1926300
2021-08-02,70.13056182861328,70.4808043994095,70.07526333084704,70.33333236289451,2024200
2021-08-03,70.56375122070312,70.57296998082785,70.00152639460669,70.04761316337668,2705500
2021-08-04,70.2872314453125,70.59138012322971,70.16740869378754,70.53608164212689,2143500
2021-08-05,70.5268783569336,70.53609711642369,70.25037885890899,70.37019460486766,1652000
2021-08-06,70.4900131225586,70.5913913434102,70.36097159305538,70.45314511867949,1598700
2021-08-09,70.56375122070312,70.61905674959785,70.43471670637152,70.58218874095259,2117800
2021-08-10,70.4992446899414,70.67436599968758,70.41629693175936,70.54533146572346,1481700
2021-08-11,70.60061645507812,70.78495649106077,70.53609920044755,70.66513370970871,2186800
2021-08-12,70.7573013305664,70.79416933834588,70.51766982778004,70.7388708426034,1511500
2021-08-13,71.05224609375,71.05224609375,70.85869430573312,70.8771318275562,1602200
2021-08-16,71.42090606689453,71.42090606689453,70.79416404521065,70.8679000552565,2590500
2021-08-17,71.49462890625,71.51305938943973,71.0890879575592,71.1904731947319,2886700
2021-08-18,70.67435455322266,71.45778039165053,70.63748654493912,71.3563951268342,2729000
2021-08-19,70.98772430419922,71.17206435140345,70.25038521094363,70.25038521094363,4861300
2021-08-20,71.51307678222656,71.6236808038201,70.88634175542326,71.01537626468904,2809500
2021-08-23,71.66055297851562,71.86332351396945,71.56838647108765,71.66055297851562,1889300
2021-08-24,71.43013763427734,71.7803731970166,71.42091887340536,71.7803731970166,1550600
2021-08-25,71.42090606689453,71.50386083615936,71.23657307363284,71.44855531269849,1914100
2021-08-26,71.07991790771484,71.39328552863678,70.99696310509354,71.35641750878906,2040000
2021-08-27,71.39325714111328,71.45777439222937,70.98771611589616,71.19048662850471,1600500
2021-08-30,71.65132904052734,71.80801982687122,71.39326002563615,71.43012803231393,1402300
2021-08-31,71.56838989257812,71.7250736658817,71.44856709852495,71.67898689403754,1953700
2021-09-01,71.83568572998047,71.93707101388858,71.52231111648588,71.65134565384986,2583900
2021-09-02,72.14904022216797,72.18590823070541,71.90018995435729,72.03844322840928,1860600
2021-09-03,72.1305923461914,72.25040807116537,71.82643662296682,71.99233910546643,1452000
2021-09-07,71.35639953613281,72.06609643370122,71.28266351500939,72.06609643370122,1640000
2021-09-08,71.70662689208984,71.76192538026157,71.29186713524432,71.33795389662242,2431400
2021-09-09,71.22736358642578,71.80802595130837,71.21814482600676,71.67898440100366,2438500
2021-09-10,70.84024810791016,71.43934086094326,70.82181059017535,71.36560485370939,2435400
2021-09-13,70.64671325683594,71.28266713371144,70.40707469194645,71.15363260612196,2066000
2021-09-14,70.34254455566406,70.8955505772568,70.25037805737412,70.8586825715702,2315000
2021-09-15,70.68359375,70.87714557556002,70.25962207993675,70.45317390549678,1970200
2021-09-16,70.4992446899414,70.7849700424517,70.13979034077641,70.64671674696024,1733700
2021-09-17,69.94624328613281,70.45316972671485,69.89094477692575,70.45316972671485,2899900
2021-09-20,69.28260803222656,69.68814903826275,68.63743555158051,69.26417754643067,6640800
2021-09-21,69.24574279785156,69.91857158187621,69.23653107051157,69.55911732373451,4566600
2021-09-22,69.5867691040039,69.90935536897634,69.26418283903148,69.55911985727101,5705200
2021-09-23,70.0660400390625,70.370195820813,69.72502328242099,69.72502328242099,3765700
2021-09-24,70.00682830810547,70.21961813113663,69.85880643598598,69.93281384284177,2494300
2021-09-27,69.32222747802734,69.9235827890446,69.29447381201892,69.9235827890446,3459600
2021-09-28,68.2582778930664,68.96140120388841,68.12875610665287,68.96140120388841,11789300
2021-09-29,68.68385314941406,69.07242558213439,68.43406313975866,68.52657769672703,5181500
2021-09-30,67.99925994873047,69.14645637151054,67.9715062780971,68.98918086564767,7498100
2021-10-01,68.37854766845703,68.7393593385208,67.48114175015218,68.20276509027971,5362700
2021-10-04,67.79571533203125,68.42482433698959,67.3978962986251,68.15652712297988,6561100
2021-10-05,68.21202850341797,68.54507950518172,67.79570239899853,67.8974705317405,2738700
2021-10-06,68.52658081054688,68.57284162033726,67.58292099313688,67.78645020435225,4370600
2021-10-07,69.13719177246094,69.57201092935202,68.87814111133957,68.87814111133957,1929100
2021-10-08,68.85037994384766,69.23894530556613,68.83187985641688,69.20194513070459,1935700
2021-10-11,68.48956298828125,69.17417910522775,68.4618093300602,68.85962823417928,2309900
2021-10-12,68.50808715820312,68.84114525644159,68.34155810908389,68.74862362816818,4076800
2021-10-13,68.92440795898438,69.04467619694582,68.33230622709672,68.60060342723479,3355800
2021-10-14,69.93281555175781,69.95132269772994,69.35922107796723,69.38697473851735,2513400
2021-10-15,70.04386138916016,70.3676659711732,70.00685414287145,70.09936872938796,2506100
2021-10-18,70.14562225341797,70.2103831630824,69.60902782567847,69.78481046265756,2720400
2021-10-19,70.70995330810547,70.70995330810547,70.28438071023868,70.31213437077659,2896700
2021-10-20,71.0985336303711,71.20955535428789,70.80248275833588,70.80248275833588,2016600
2021-10-21,71.43158721923828,71.43158721923828,70.95050722955624,71.05227537209825,18644400
2021-10-22,71.7183837890625,71.81090541475614,71.37607918426856,71.52410108024212,6947300
2021-10-25,71.8109130859375,71.96818857296314,71.5056086287161,71.80165951069782,3529600
2021-10-26,71.80165100097656,72.0051872816683,71.73689009879364,71.96818004350536,3620300
2021-10-27,71.05227661132812,71.80165380274461,71.03376946232001,71.7276393235306,3588900
2021-10-28,71.5148696899414,71.5981307005847,71.11705061390992,71.18181153054711,3145000
2021-10-29,71.74614715576172,71.80165448649619,71.21880633855628,71.21880633855628,3791400
2021-11-01,71.66287231445312,71.89416224848831,71.44083595413376,71.84790849672645,3117100
2021-11-02,72.04219055175781,72.06994421424912,71.66287167528714,71.68137882255373,4221200
2021-11-03,72.22721862792969,72.24571871651976,71.70913144650576,71.93116780162909,3361300
2021-11-04,72.31973266601562,72.4122472251156,72.06068907717228,72.26422534223731,3838600
2021-11-05,71.95893096923828,72.39375722183314,71.69988734430758,72.32899631560046,6834800
2021-11-08,72.023681640625,72.14395691968653,71.69062358206882,72.11619619946651,4920300
2021-11-09,71.97742462158203,72.116192924338,71.80164202688037,71.97742462158203,5084400
2021-11-10,71.95893096923828,72.20872807785675,71.82940915677294,71.91267721244888,3352500
2021-11-11,71.85716247558594,72.11620609926592,71.71838708906898,72.11620609926592,1735200
2021-11-12,72.31048583984375,72.4307540603154,71.93116697323504,72.06994234049209,2000800
2021-11-15,72.35673522949219,72.48625701555105,72.22721344343333,72.48625701555105,2976000
2021-11-16,72.56951904296875,72.79155536376189,72.31047549230885,72.31047549230885,3641900
2021-11-17,72.33824157714844,72.46776337472903,72.19021263225142,72.46776337472903,4331600
2021-11-18,72.17171478271484,72.36599748511401,71.84791027871623,72.36599748511401,2691000
2021-11-19,72.08843994140625,72.47700530959155,72.0329326197821,72.37524423941666,2291200
2021-11-22,71.8109130859375,72.31974678956337,71.78315236021845,72.1809713946073,3326200
2021-11-23,71.92190551757812,71.97741989344189,71.44082563000703,71.69061561696734,3773400
2021-11-24,72.09770202636719,72.09770202636719,71.58886132337807,71.75539036631915,2233700
2021-11-26,71.21881103515625,72.06070285992223,71.04302839835917,71.50560834074327,2855900
2021-11-29,71.80165100097656,72.10695542201417,71.46859291591898,71.73689009879364,2951100
2021-11-30,70.27513122558594,71.62586356480637,70.22887747480125,71.45933453348283,6604900
2021-12-01,69.79405212402344,71.43158173653204,69.78479855039103,70.84873364904428,7577100
2021-12-02,70.96898651123047,71.23728362122836,69.93280529934971,69.96981252746049,6754900
2021-12-03,70.86723327636719,71.32055956368309,70.33063894371901,71.18179125214348,7789100
2021-12-06,71.46858215332031,71.68137197611057,71.11702403132759,71.23729224343901,4655300
2021-12-07,72.2087173461914,72.33823913940722,71.90341295143627,71.90341295143627,3509500
2021-12-08,72.3012466430664,72.41226131221985,71.90342760897704,72.35675397764314,2627400
2021-12-09,72.04219055175781,72.33824138234601,72.01442983085795,72.14395868649831,1823100
2021-12-10,72.80082702636719,72.80082702636719,72.33824712569572,72.41225454541221,3295900
2021-12-13,73.11637115478516,73.34839823109809,72.65231700215931,72.7265673659965,3221900
2021-12-14,72.6244888305664,72.89364114047784,72.28108614256097,72.69873920866041,2823700
2021-12-15,73.65467834472656,73.6732373959073,72.63376058807384,72.64303657321186,3835800
2021-12-16,73.76606750488281,74.0816209995099,73.52475730958176,73.81246868184833,5874700
2021-12-17,72.95858764648438,73.71963610266573,72.90290341924548,73.50616809674365,3787700
2021-12-20,72.6152114868164,72.68017880254313,72.03978871349587,72.54096818377612,3333500
2021-12-21,73.14423370361328,73.14423370361328,72.49456054081467,72.95861482307265,2006400
2021-12-22,73.66397094726562,73.66397094726562,73.00501479101891,73.06998209991913,2416100
2021-12-23,73.9424057006836,74.15587378053516,73.75678682500013,73.75678682500013,2374200
2021-12-27,74.7776870727539,74.7776870727539,74.01663853345177,74.11873101514269,1748900
2021-12-28,74.88906860351562,75.04684533113267,74.77769304707147,74.84266035143762,1977500
2021-12-29,75.21391296386719,75.35313065370487,74.89835239484138,74.97260277354226,1982100
2021-12-30,75.1767807006836,75.48305817332584,75.11181339565995,75.35312356327856,1708800
2021-12-31,75.08395385742188,75.37166512993552,75.04682868017761,75.2046053727881,1747200
2022-01-03,74.61991882324219,75.02828171542937,73.99808787760063,75.02828171542937,2768800
2022-01-04,74.36931610107422,74.71271872383733,74.17441420628579,74.61062624358085,2209100
2022-01-05,73.47835540771484,74.5549647714897,73.44123021438745,74.30437148675638,3367700
2022-01-06,73.17207336425781,73.64541069887979,73.09783006308481,73.28344893737656,4462000
2022-01-07,72.90291595458984,73.13494304918636,72.80082346649498,73.08853479790507,3019100
2022-01-10,72.71729278564453,72.74513490510627,71.91911898351711,72.52239086850717,4250900
2022-01-11,72.96788787841797,72.96788787841797,72.10474674862564,72.66161039473882,3129100
2022-01-12,73.05142211914062,73.19063981591299,72.7729938065021,73.00502094082063,2879000
2022-01-13,72.30892944335938,73.15350441230288,72.20683695203908,73.15350441230288,4252900
2022-01-14,72.00264739990234,72.1140158699802,71.48290190955491,72.01192338513899,4527500
2022-01-18,71.26017761230469,71.6035803455382,71.08383471133251,71.5664551516016,4305000
2022-01-19,71.1766357421875,71.92840128325835,71.14879362302268,71.36225459055642,4414900
2022-01-20,70.5083999633789,71.96552994424405,70.46199170859309,71.40866629134183,4738900
2022-01-21,69.78449249267578,70.88893698434698,69.75665036578846,70.4341657230706,6134800
2022-01-24,70.10002899169922,70.16499629893997,68.0396271321992,69.19048669032875,13209100
2022-01-25,68.96772003173828,69.69164331532104,68.38301439828385,69.27399744583985,4884300
2022-01-26,68.1417236328125,69.67310405741344,67.71479457714356,69.32970136700533,8613300
2022-01-27,68.12317657470703,69.31115451809586,67.918991538017,68.66148129308856,11784800
2022-01-28,69.7566146850586,69.7566146850586,67.66837126576634,68.1324253589424,6936700
2022-01-31,70.5919189453125,70.65688624667773,69.44106657216922,69.54315905730098,5206900
2022-02-01,70.69401550292969,70.79610799394271,70.00721726594632,70.68473951713229,5608700
2022-02-02,71.40866088867188,71.48290417744433,70.60120405046601,70.75898077535182,3988200
2022-02-03,70.5733642578125,71.1395109536766,70.52695600500847,70.9538850233657,5380400
2022-02-04,70.39701843261719,70.89819780201398,69.78447059062437,70.27636689366987,4955100
2022-02-07,70.24853515625,70.65689808428796,70.0907513285815,70.50840440524851,3411500
2022-02-08,70.46199035644531,70.59192497026557,69.91440978118929,70.10931170191968,4180900
2022-02-09,71.29728698730469,71.29728698730469,70.93532527786574,70.93532527786574,4889500
2022-02-10,69.86798858642578,70.92603143493861,69.59883634167721,70.38772694544147,5199100
2022-02-11,69.1626205444336,70.35060499863049,69.0234099779568,69.98864336398346,6720100
2022-02-14,68.82852172851562,69.28329285780319,68.31805928070962,69.12551613062864,3828300
2022-02-15,69.31114196777344,69.61741946735013,69.01414753570367,69.36682621100346,1999400
2022-02-16,69.1162338256836,69.30185267371024,68.48511982912575,69.06054958745663,2639000
2022-02-17,68.27165222167969,68.81923986443101,68.20668491636057,68.79139774513784,2965700
2022-02-18,68.10459899902344,68.59650245067094,67.82617069831043,68.2716588118136,3429300
2022-02-22,67.59414672851562,68.24381987473845,67.26931015540421,67.99323368431143,3736800
2022-02-23,66.71243286132812,68.03035224229943,66.66603168735443,67.88185149141033,4681400
2022-02-24,67.39923095703125,67.52916555961845,65.3759544698673,65.65438272645211,7685500
2022-02-25,68.91204071044922,68.95844895743079,67.50131922160426,67.50131922160426,5037900
2022-02-28,68.42942810058594,68.7171394078058,67.71478074400807,68.29021043935218,4527600
2022-03-01,68.17884826660156,68.86564656091595,67.844728646469,68.44800057620311,4147500
2022-03-02,69.15336608886719,69.34826802351367,68.30878395782656,68.34590914741244,3996200
2022-03-03,69.3760986328125,69.85871185552963,69.06054519505604,69.60812571854096,3019400
2022-03-04,69.84015655517578,69.89584079285174,68.82852180590203,68.94917334783497,2980700
2022-03-07,68.75428009033203,69.61742128749309,68.75428009033203,69.55245397505757,2801700
2022-03-08,67.46420288085938,68.9677339797892,67.45491981406572,68.70786475680899,5087600
2022-03-09,68.55007934570312,68.90275794924622,68.0767421318367,68.39230263471576,3518600
2022-03-10,68.44799041748047,68.59649115145776,67.72406704160306,67.89112682687514,3015400
2022-03-11,67.96540069580078,69.03271999648855,67.92827549946884,68.71716644902783,2424100
2022-03-14,67.8911361694336,68.69858600860856,67.70551022641784,68.22525578595624,3272600
2022-03-15,69.1162338256836,69.16263499723767,68.20668447618061,68.23452659529408,4814300
2022-03-16,69.80303192138672,69.84015710709912,68.50367874507361,69.41322809276433,4655300
2022-03-17,70.61975860595703,70.63832473764674,69.71021641848797,69.71021641848797,3485900
2022-03-18,71.07453918457031,71.13022341971381,70.33204967176805,70.53623464183391,2584500
2022-03-21,70.9446029663086,71.4179331160585,70.56407515241457,71.0374123830691,4227600
2022-03-22,71.29728698730469,71.41793853014929,70.96316739691409,71.03741776831315,1941100
2022-03-23,70.42484283447266,71.1302070007251,70.42484283447266,71.10236488958013,1987300
2022-03-24,71.12153625488281,71.12153625488281,70.54406706333356,70.6092646247987,2144400
2022-03-25,71.51274871826172,71.55000549692916,70.92597044275824,71.2985311234288,1635400
2022-03-28,72.0902099609375,72.0902099609375,71.42891820302205,71.50342464591158,2422900
2022-03-29,72.90983581542969,72.93777661904882,72.29511681779985,72.48139357926273,2809000
2022-03-30,72.8353271484375,72.89121586542329,72.53728004652586,72.667675209487,2192100
2022-03-31,72.24853515625,73.05885389119592,72.2299103248039,72.93776761578899,4158100
2022-04-01,72.72355651855469,72.77943812384473,72.05294883106349,72.45345024964837,2568600
2022-04-04,72.86326599121094,72.90051565656071,72.40687587164687,72.74217970781525,1956500
2022-04-05,72.66766357421875,73.48729830274154,72.48138683010119,72.73286114526013,2093200
2022-04-06,73.0123062133789,73.12407655842435,72.21130317223113,72.27650076367317,3897600
2022-04-07,73.5245590209961,73.74809254714127,72.83531939754425,72.86326730606474,4291800
2022-04-08,73.67356872558594,73.99024769061715,73.42209443200377,73.58043036151854,3276300
2022-04-11,72.77943420410156,73.72946407888178,72.71423663277369,73.44072588642778,3068200
2022-04-12,72.40687561035156,73.24513519774744,72.2205988602647,73.01228570713762,8741800
2022-04-13,72.91915130615234,72.97503291302341,72.27648440312338,72.38825472286842,3179800
2022-04-14,72.44414520263672,73.1426937980944,72.4348292316829,72.9750418509444,2271000
2022-04-18,71.931884765625,72.6024854880235,71.68040327697189,72.31375432535175,4075400
2022-04-19,72.81668853759766,72.94708367588993,71.9039154635496,71.9039154635496,3222500
2022-04-20,73.09611511230469,73.41278700819113,72.88189045461488,72.88189045461488,3199200
2022-04-21,72.42550659179688,73.62701080018499,72.3044203104384,73.31964777120147,3487900
2022-04-22,70.65585327148438,72.15540462894215,70.59997166507073,72.03431834037544,5878300
2022-04-25,70.944580078125,71.04703442100708,69.6313126650038,70.45094030205809,5968000
2022-04-26,69.51954650878906,70.83282110641949,69.5102305390604,70.76762353032454,3986300
2022-04-27,69.6033706665039,70.39505748843048,69.51954115740456,69.70581790162177,5184100
2022-04-28,70.77693176269531,70.96321562559261,69.61268426709759,70.0690744016939,2681200
2022-04-29,68.39254760742188,70.376422562517,68.29940923926755,70.30191613159474,4099300
2022-05-02,68.18765258789062,68.91414195337069,67.07928659870758,68.50433163023011,6188800
2022-05-03,68.4298095703125,68.99796289698442,68.10382170402596,68.20627604857353,3134600
2022-05-04,69.9572982788086,70.05043664952711,68.03862083919879,68.33666788909936,3196600
2022-05-05,68.14108276367188,69.50092302433416,67.5822382651506,69.32395512606888,5815900
2022-05-06,67.75920104980469,68.224900026092,67.17242289784355,67.68468750815813,5582800
2022-05-09,66.42729949951172,67.14447277266729,66.1944500190583,67.03270956989105,6961900
2022-05-10,66.40867614746094,67.37732375444901,65.85914766622491,67.15379023791348,4836700
2022-05-11,65.95228576660156,67.22830350080415,65.83120659272925,66.26896476088643,4570700
2022-05-12,66.15719604492188,66.37142070263201,65.28167968750157,65.70081303362943,4546700
2022-05-13,67.22828674316406,67.32142509261915,66.52042249650437,66.5669952242322,2428700
2022-05-16,67.23762512207031,67.65675138732487,66.82780772066377,67.09791399831782,2561200
2022-05-17,67.86165618896484,67.88959699090938,67.21898932023022,67.74988587518413,2885800
2022-05-18,65.33756256103516,67.13516074976391,65.14196985938096,67.10721995038502,3636700
2022-05-19,65.07677459716797,65.66355272291409,64.45273259626093,64.83460915063691,4830300
2022-05-20,65.50523376464844,65.6635697451177,64.30372929531516,65.6263129663007,4000300
2022-05-23,66.46456909179688,66.61358909291563,65.72876373888838,66.06406762391006,3581100
2022-05-24,66.79986572265625,66.94888570759211,65.71013176767774,66.00817884355227,2971300
2022-05-25,67.00476837158203,67.21898591296674,66.42729910532353,66.65083261555172,2962500
2022-05-26,67.85234069824219,68.10382212952194,67.34007607830641,67.34007607830641,3518200
2022-05-27,69.10972595214844,69.10972595214844,68.03862398043115,68.03862398043115,1788400
2022-05-31,68.42050170898438,68.83963510616613,68.00137541780599,68.64403525721262,3166200
2022-06-01,67.88960266113281,68.69992151521605,67.4797852490443,68.69992151521605,8571200
2022-06-02,68.69990539550781,68.69990539550781,67.22829513012702,67.89890269946518,3728800
2022-06-03,68.11314392089844,68.49502057198838,67.9827487488199,68.18765747808729,2032800
2022-06-06,68.12244415283203,68.69991342861951,67.96410820989108,68.56951828666786,5165800
2022-06-07,68.65333557128906,68.69990830680061,67.59154257684192,67.67537207956235,3803200
2022-06-08,67.8057861328125,68.49501875350101,67.69401579999662,68.3925643915874,2765200
2022-06-09,66.42495727539062,67.95712171599487,66.42495727539062,67.61145490335453,2340100
2022-06-10,65.4253158569336,66.03257782865147,65.20109857411461,65.66822207116853,3907300
2022-06-13,63.547462463378906,64.5377688911805,63.31390076976091,64.24814754423288,5485700
2022-06-14,63.17377471923828,63.96788311815485,62.69730682879321,63.75300320591874,7446400
2022-06-15,63.63154602050781,64.35091287397793,62.70664374383566,63.61285709417837,3490000
2022-06-16,62.342308044433594,62.61323341331462,62.03400481092715,62.510472796551724,3766900
2022-06-17,62.51980209350586,62.893502286561976,62.01530790204086,62.323611095892524,3794800
2022-06-21,63.93986129760742,64.11736336502325,63.05232244957497,63.06166691451422,3669600
2022-06-22,64.18276977539062,64.77134998131683,63.43537640863993,63.43537640863993,3977800
2022-06-23,65.21976470947266,65.28516169823975,64.41631191734135,64.41631191734135,4395100
2022-06-24,66.71456909179688,66.72390642806141,65.54676056234577,65.62149489115006,2192500
2022-06-27,66.63984680175781,66.91077931384277,66.4436557677114,66.79866709678497,1754900
2022-06-28,65.49070739746094,67.12563950074575,65.47202559534254,66.83602523761155,3491600
2022-06-29,65.76164245605469,65.9578334608698,65.33188971297324,65.63084845284462,4968100
2022-06-30,65.59347534179688,66.0512543364388,64.98621341876834,65.25714588066533,4813800
2022-07-01,66.38758850097656,66.4997007052094,65.35057377697393,65.46268598120679,3535500
2022-07-05,66.1727066040039,66.1727066040039,64.98620910386488,65.86440343048075,1998100
2022-07-06,66.5931167602539,66.92010174415132,66.10731151671175,66.200734779577,7704400
2022-07-07,66.8920669555664,67.02286093246134,66.5931082758441,66.71456491705881,2642900
2022-07-08,66.77998352050781,66.99485635449679,66.53707728719294,66.73326831603745,2671700
2022-07-11,66.51837921142578,66.83602687713712,66.3315326747051,66.47167114111485,2524000
2022-07-12,65.9111099243164,66.77995967190775,65.65885931464383,66.50902726376239,2485400
2022-07-13,65.7242660522461,66.21941575421357,65.19174562005153,65.28516888175027,2194800
2022-07-14,65.55610656738281,65.6308480338081,64.70594555194543,64.97687802193319,2168400
2022-07-15,66.40626525878906,66.40626525878906,65.90177112383209,66.08861763556243,1528800
2022-07-18,65.5654525756836,66.59312281613231,65.39728783613826,66.59312281613231,1409600
2022-07-19,66.80799102783203,66.88272535515884,66.01388266905208,66.1073059240137,6720700
2022-07-20,66.649169921875,67.01353276764533,66.41560819863702,66.77997104440735,2066500
2022-07-21,67.18170928955078,67.18170928955078,66.43430879286208,66.649181624436,9052500
2022-07-22,66.98551177978516,67.47132424562969,66.58378525630349,67.20973620759315,2641400
2022-07-25,66.93877410888672,67.06956807007978,66.60244474360846,67.03219734863372,2655300
2022-07-26,66.81734466552734,66.97617207822287,66.58378290727185,66.66786884666821,3074700
2022-07-27,67.62079620361328,67.87304688854023,66.83603213437175,66.966826145912,3275400
2022-07-28,68.57373809814453,68.70453212103385,67.32184328625289,67.63949100451242,3933900
2022-07-29,68.95674896240234,69.05951667307328,68.39620234912074,68.54568524745552,1402000
2022-08-01,68.73252868652344,69.02214287949857,68.50831147672774,68.59239025749991,7489500
2022-08-02,68.29344940185547,68.97545279940107,68.27476759939351,68.65780513564033,2245100
2022-08-03,69.05017852783203,69.20899875964723,68.40554600986387,68.58305516762016,2041700
2022-08-04,69.03150177001953,69.21834829594485,68.84465524409423,69.0688725007522,1656700
2022-08-05,69.15296173095703,69.18099512903899,68.42425019108745,68.48030985951222,1420500
2022-08-08,69.34915924072266,69.78824935161828,69.16230556059135,69.39586731495116,1889000
2022-08-09,69.31177520751953,69.49862172406601,69.12492156323532,69.26506001451405,1778000
2022-08-10,70.06851959228516,70.15259839448146,69.81627605795782,70.01246705748761,4642000
2022-08-11,69.77889251708984,70.5636563711599,69.69480660258972,70.29272395647273,3433200
2022-08-12,70.75984954833984,70.78787581147097,70.03113819598137,70.05916445911248,2546800
2022-08-15,71.26436614990234,71.31108135501648,70.50762829568231,70.50762829568231,2578300
2022-08-16,71.59133911132812,71.8342453069657,71.058818650567,71.12421565003807,1541500
2022-08-17,71.12420654296875,71.48856222590216,70.95604183332738,71.11486920691017,1724300
2022-08-18,71.31105041503906,71.39512919447748,70.99340283910882,71.15223019094218,1599200
2022-08-19,70.87197875976562,71.11488497817007,70.71315847869846,71.08685158056495,2603400
2022-08-22,69.85363006591797,70.47958083869484,69.75086947548624,70.39549492031216,3918800
2022-08-23,69.3678207397461,69.76020266155646,69.25570856448442,69.74152086288134,4199500
2022-08-24,69.46125030517578,69.65744128392194,69.20900679757005,69.33980078340082,1454300
2022-08-25,70.03114318847656,70.03114318847656,69.32111358500863,69.62941675690445,988100
2022-08-26,68.190673828125,70.0404856796509,68.14396576347158,70.0404856796509,2241500
2022-08-29,67.79830169677734,68.31214037659042,67.59276622485211,67.81698349979843,1673000
2022-08-30,67.20972442626953,67.97580660097684,67.05089703581184,67.82632367530799,1590600
2022-08-31,66.77998352050781,67.7048861215575,66.77063905406585,67.44329808309814,3637200
2022-09-01,67.43392944335938,67.47130016799136,66.48100091232318,66.48100091232318,2372900
2022-09-02,66.5744400024414,68.03186297122001,66.32218933308289,67.90106896775211,2754700
2022-09-06,66.43431091308594,67.09762548939037,66.26614615235104,66.611820140456,2988200
2022-09-07,67.77027130126953,67.85435010135214,66.52772120774634,66.52772120774634,7249500
2022-09-08,68.05988311767578,68.20936603832996,67.04155744973656,67.45262122605962,4781700
2022-09-09,68.76057434082031,68.91005727467042,68.22805386252185,68.36819233107167,4188900
2022-09-12,69.16229248046875,69.35848346169824,68.93807523445471,69.07821368611513,1919400
2022-09-13,66.90142822265625,68.2934542565239,66.71458167380088,68.16266024677736,5318100
2022-09-14,66.90142822265625,67.27512844810593,66.49970172765215,67.06959296772166,2447300
2022-09-15,66.1259765625,66.89205852825815,65.97650080533893,66.76126456784112,2058800
2022-09-16,65.93915557861328,66.04192331977991,65.57479981547306,65.63085235511339,2746700
2022-09-19,66.26612854003906,66.26612854003906,65.49070195342556,65.57478787531433,1583300
2022-09-20,65.46267700195312,65.83637717039815,65.0329243029496,65.83637717039815,2274900
2022-09-21,64.61251068115234,66.19138289139231,64.57513995464987,65.71491503815743,2756800
2022-09-22,64.39762878417969,64.82738143399519,64.13604083453,64.56579348434549,2432000
2022-09-23,63.77168655395508,63.98655931965024,63.05231254909371,63.98655931965024,3223600
2022-09-26,63.08823776245117,63.83929111114189,62.834761375749004,63.57642458787281,4957500
2022-09-27,62.70332717895508,63.86745340574587,62.43107052317953,63.49192673700112,15236800
2022-09-28,63.829898834228516,64.11154562118723,62.8817027874565,63.16334241183989,8361600
2022-09-29,62.7784309387207,63.548257349621,62.40290428796017,63.45437031499953,5835200
2022-09-30,62.055538177490234,63.172727945095204,61.98043141809708,62.85352779896173,11786900
2022-10-03,63.58580017089844,63.83927649958485,62.45922040571435,62.58127066542263,3486700
2022-10-04,64.93770599365234,64.96586924306274,64.04583633696765,64.04583633696765,4724300
2022-10-05,64.66544342041016,65.08791361080566,63.980113871939885,64.4025768997599,2902400
2022-10-06,63.6796760559082,64.6560422598128,63.57640607147585,64.45889242478017,4036400
2022-10-07,62.28085708618164,63.332330327764645,62.01799056642976,63.23845045107833,3106400
2022-10-10,62.20575714111328,62.60944705496771,61.8677838568363,62.4216801400497,5072900
2022-10-11,62.16819763183594,62.77842751067806,61.85838762468267,62.00860114181446,9973700
2022-10-12,61.726951599121094,62.4216711781379,61.69878835657067,62.0743149699167,4071800
2022-10-13,63.03190612792969,63.29477262976193,60.60976679663266,60.70365382949416,4592600
2022-10-14,61.895938873291016,63.64213155567701,61.811441982169384,63.388648044886594,2857000
2022-10-17,63.08823776245117,63.2947777914699,62.54373160535474,62.54373160535474,3653400
2022-10-18,63.811119079589844,64.2617452967093,63.35110272719616,64.1021488099201,2633600
2022-10-19,63.24784851074219,63.67970172765901,62.80660515620776,63.482551813147616,2148800
2022-10-20,62.73149871826172,63.64214868251132,62.58129232845301,63.351118877985684,2573900
2022-10-21,63.85805130004883,63.93315805223519,62.45922206280486,62.73147866754984,2559000
2022-10-24,64.71237182617188,64.8625781617865,64.01765230348487,64.16785863909949,2883000
2022-10-25,65.48220825195312,65.52915176805976,64.59033874652638,64.59033874652638,2775600
2022-10-26,65.54792022705078,66.14875994520315,65.27566361061074,65.42587712143605,2110600
2022-10-27,65.51976776123047,66.12999771482481,65.42588788281031,65.68875440741697,4769500
2022-10-28,67.26594543457031,67.3222719163097,65.72629285805256,65.72629285805256,4026900
2022-10-31,66.83409881591797,67.25656179490767,66.70266557078453,66.88103516770867,3334000
2022-11-01,66.7590103149414,67.30352371516247,66.44920022558355,67.27536046387115,2406000
2022-11-02,65.41649627685547,67.35044894665863,65.41649627685547,66.63695615663103,5685200
2022-11-03,64.98462677001953,65.31320983574813,64.59971006261344,64.90952002283196,4089800
2022-11-04,65.51038360595703,65.79203042950847,64.57157041088725,65.50099346848498,3145600
2022-11-07,66.00794219970703,66.15815572334506,65.46343608295679,65.7263025867483,1989800
2022-11-08,66.51490783691406,67.05003102653771,65.89529490488567,66.11121791052601,1731500
2022-11-09,65.7356948852539,66.69328832785209,65.68875852438995,66.28020824182337,2094000
2022-11-10,68.0545654296875,68.14844531519573,67.087589000058,67.43495245527224,3804800
2022-11-11,67.67901611328125,68.07332296079836,67.05001321169439,68.05454269242558,3856200
2022-11-14,67.50067138671875,68.34560471017677,67.46311799872323,67.63210466341484,2267800
2022-11-15,67.8667984008789,68.31742466815814,67.22840522008717,68.23293492900905,3953400
2022-11-16,67.84800720214844,68.14842705281411,67.6884107232954,67.7165739651431,2204700
2022-11-17,67.80109405517578,67.87620083418771,67.16270075872767,67.18147387219231,4621500
2022-11-18,68.458251953125,68.55213183392874,67.98884538653049,68.28926530264795,1689200
2022-11-21,68.73051452636719,68.8243944152368,68.31743442024923,68.4300945844386,1969200
2022-11-22,69.3501205444336,69.39705689800945,68.81499740815919,68.90887727788585,1495500
2022-11-23,69.6036148071289,69.69749470099626,69.25625132098527,69.26564145914504,1429900
2022-11-25,69.80074310302734,69.8195233735272,69.55664972455097,69.55664972455097,733000
2022-11-28,69.04032135009766,69.7538213644964,68.96521457751335,69.5003377976684,1365300
2022-11-29,68.9745864868164,69.087239453346,68.53334326771106,69.07785648118464,1325700
2022-11-30,70.65507507324219,70.70201143014,68.82438525241687,68.99337189491497,2894100
2022-12-01,70.74896240234375,71.21836899622205,70.4673155809863,70.9367221748646,4390600
2022-12-02,70.8803939819336,70.9930541402998,69.94158081660997,69.95097095378449,2230400
2022-12-05,69.87586212158203,70.44853870855287,69.73503871841979,70.44853870855287,3769200
2022-12-06,69.32196044921875,69.94158057422149,68.97460416330146,69.7913670302538,3750700
2022-12-07,69.39704132080078,69.74440463965095,69.19050135621816,69.19989148985555,2050400
2022-12-08,69.84768676757812,69.96972987579265,69.4158336586176,69.6129835238447,1856600
2022-12-09,69.19989776611328,69.86645406335643,69.1717345252201,69.59419746376574,1285500
2022-12-12,70.21382904052734,70.21382904052734,69.32195234330358,69.35950572490434,3857800
2022-12-13,70.24874114990234,71.48431681119277,69.90919243144704,71.45602228398202,2680300
2022-12-14,69.98463439941406,70.824072195398,69.54134152865096,70.10725359844338,2770200
2022-12-15,68.61700439453125,69.51303112679689,68.37177322306302,69.20178420465965,2794100
2022-12-16,67.93792724609375,68.23031363980645,67.60781241513367,68.07940708678053,2627200
2022-12-19,67.55121612548828,68.13598885031031,67.24939585578447,68.01337683935537,3638500
2022-12-20,67.58895111083984,67.83417515652201,67.23053455859684,67.4474712715841,2873400
2022-12-21,68.40006256103516,68.53211564025216,67.84358450959334,67.99449100647415,3646000
2022-12-22,67.90017700195312,68.05109070247505,67.0418787171089,68.00392837207163,4301400
2022-12-23,68.25860595703125,68.28690048207622,67.62666371518898,67.77757744337897,2544300
2022-12-27,68.38121795654297,68.52269777771454,68.01337473907444,68.24917204237286,1771000
2022-12-28,67.66438293457031,68.68302887327374,67.62665450765964,68.35291413275735,3141100
2022-12-29,68.38121795654297,68.59815464180107,67.90962334994612,67.99450692507149,1759900
2022-12-30,68.0039291381836,68.14540893502644,67.45687776157064,68.11711441485015,3044300
2023-01-03,68.06996154785156,68.39064961167884,67.50404947776138,68.1737129335637,2352300
2023-01-04,68.4472427368164,68.77735753103475,68.06053889100716,68.34349134492453,2552600
2023-01-05,67.81531524658203,68.23031366452636,67.6926960264927,68.21145304387765,1805600
2023-01-06,69.28668212890625,69.43759586446572,68.15485789606211,68.2491753828053,2193000
2023-01-09,68.78679656982422,69.72998587850358,68.78679656982422,69.36214262379569,2419900
2023-01-10,68.98485565185547,69.03201798896855,68.56985011233984,68.61701244945291,4854000
2023-01-11,69.58847045898438,69.59790436211688,69.06972092205102,69.06972092205102,9219600
2023-01-12,69.39987182617188,69.66396368416483,69.03202856740121,69.44702697454865,3084800
2023-01-13,69.4847412109375,69.5884925905126,68.95655760289112,68.96599150902394,2425500
2023-01-17,69.1640625,69.68281221794885,69.07917173410448,69.3904258824511,4220500
2023-01-18,67.9473648071289,69.26783139791885,67.9473648071289,69.26783139791885,2293300
2023-01-19,67.53234100341797,67.89075748213246,67.51348038683608,67.68325471992135,5865800
2023-01-20,68.24917602539062,68.24917602539062,67.3154206647045,67.60780703515016,3670300
2023-01-23,68.57928466796875,68.90939944299743,68.06996164536922,68.24916989294009,3983400
2023-01-24,68.56983947753906,69.08859632147731,67.67381277905797,68.40949906976223,2574100
2023-01-25,68.67361450195312,68.67361450195312,67.8907728077504,68.17372529612464,2254000
2023-01-26,68.77735137939453,68.82451371547717,68.3812136617642,68.82451371547717,4581900
2023-01-27,68.56983947753906,68.84336515925548,68.33404222046917,68.51325043854987,3551300
2023-01-30,68.23973846435547,68.79622384472313,68.19258332104603,68.25860627844938,3285500
2023-01-31,69.04143524169922,69.05086914702196,68.2963222283137,68.39063969365706,2681600
2023-02-01,69.46588134765625,69.87145296422031,68.45666925936362,68.70189325377945,4090700
2023-02-02,69.37156677246094,69.54134111197766,69.00372356950176,69.50361268142257,4038200
2023-02-03,68.83395385742188,69.10747240439974,68.53213358865332,69.01315491965259,4752000
2023-02-06,68.69247436523438,68.85281480967788,68.44724314693305,68.46610376558876,2957600
2023-02-07,69.01314544677734,69.15462525245968,68.0888241487815,68.54155089181077,4046700
2023-02-08,68.34347534179688,68.76791471723155,68.29632020850045,68.6924578688039,2234000
2023-02-09,67.92849731445312,68.8433921823619,67.82475310090396,68.6830517116466,2546200
2023-02-10,68.5604248046875,68.60757994680321,67.82473838482751,67.8624596201351,2167800
2023-02-13,69.13577270507812,69.13577270507812,68.56042670519534,68.56042670519534,9756000
2023-02-14,68.58870697021484,69.19234736984146,68.25859225103797,69.07916209642602,4798300
2023-02-15,68.75849914550781,69.28668283341057,68.22088155004593,68.22088155004593,2620900
2023-02-16,68.36236572265625,68.85282100744423,68.12656839043898,68.23031259632815,3712100
2023-02-17,68.70188903808594,68.79621370272473,68.16427155106823,68.20199997773142,2847000
2023-02-21,67.82473754882812,68.38121571228686,67.77757521133124,68.17371294084042,2497700
2023-02-22,67.57007598876953,67.96621373908447,67.40973554639864,67.73985033832776,2325900
2023-02-23,67.58895111083984,67.85304297293666,67.07019409889,67.73042375413203,2146100
2023-02-24,67.05130767822266,67.24938371580005,66.74006075337577,67.0041525421969,3650100
2023-02-27,67.07019805908203,67.70213322297855,66.91928430270819,67.47576978438177,1958100
2023-02-28,66.62686157226562,67.08902210627127,66.61742766864428,66.9475495317512,3399300
2023-03-01,66.27790069580078,66.50427128072018,65.98551435189955,66.40995380165162,4067000
2023-03-02,66.85324096679688,67.00415467719564,66.06096557508866,66.06096557508866,3280800
2023-03-03,67.4568862915039,67.46632019807605,66.78722284412751,67.06074856702136,2602100
2023-03-06,67.48517608642578,67.73983395117666,67.38142472035219,67.4946027953699,1746300
2023-03-07,66.66461181640625,67.57950647628755,66.57029433719384,67.57950647628755,4106200
2023-03-08,66.68347930908203,66.84382695583395,66.40052684227179,66.74007555921459,5373800
2023-03-09,65.92892456054688,67.00415964092632,65.75915022175211,66.81551748895306,3434600
2023-03-10,65.19322967529297,66.0420940628565,64.99516083846405,65.86289303675113,5766100
2023-03-13,65.41960144042969,66.16472174862733,64.86311608794388,64.92913904203925,6796900
2023-03-14,66.03266906738281,66.24959852460445,65.38186630379475,65.95721221445287,2907000
2023-03-15,65.93836212158203,66.03267960481479,65.28755925413947,65.31585377951302,5856200
2023-03-16,66.5891342163086,66.65515715079151,65.61765081064854,65.69310764890335,3808700
2023-03-17,65.99494934082031,66.57029532732444,65.74971813445072,66.50427237129753,3297000
2023-03-20,66.75891876220703,66.82494170683466,66.1741461657798,66.1741461657798,2977600
2023-03-21,66.85324096679688,67.15506119163264,66.41937484334308,67.01358858308602,3054700
2023-03-22,65.93836212158203,67.20223222801881,65.91949430735787,66.81552119201302,2901000
2023-03-23,66.02362060546875,66.70584057135538,65.69198790789903,66.16575096987023,3894700
2023-03-24,66.95221710205078,66.96168716087936,65.85308303752245,65.9004622478755,2069200
2023-03-27,67.15118408203125,67.52071871997686,67.09432759454265,67.21751062655864,2333700
2023-03-28,67.20804595947266,67.41650291828472,67.04696821095517,67.05643826977206,1874500
2023-03-29,67.85236358642578,67.86184087421194,67.57758007304716,67.64390662944528,2894900
2023-03-30,68.16504669189453,68.19347132522891,67.8713086129841,68.15556940443233,3268000
2023-03-31,68.92305755615234,68.93253484280814,68.22189015370702,68.22189015370702,3048700
2023-04-03,69.1978530883789,69.26417964841784,68.6861879556274,68.82831836401164,2667100
2023-04-04,69.01783752441406,69.3210529914646,68.78095586257182,69.17892254854831,2191900
2023-04-05,69.43473815917969,69.48211737402411,69.0273014902986,69.0273014902986,1857700
2023-04-06,69.67161560058594,69.67161560058594,69.33050551549435,69.38736201571147,2681100
2023-04-10,69.60528564453125,69.62424022002959,69.11257511736103,69.30207749802977,1654600
2023-04-11,69.77582550048828,69.94638049761048,69.61474778905367,69.66211975938985,1524800
2023-04-12,69.80425262451172,70.18326454600803,69.65265219334387,69.91795836967596,1867100
2023-04-13,70.2401123046875,70.28749150475734,69.54842224959417,69.78530379184139,2181600
2023-04-14,69.7853012084961,70.24958698997922,69.55789696049119,69.99375811460504,2012200
2023-04-17,70.10747528076172,70.10747528076172,69.66213672266308,69.74741785651624,1526900
2023-04-18,69.97481536865234,70.23065151631079,69.77583571439129,70.18327230998828,2311900
2023-04-19,69.80425262451172,69.95586028473069,69.69055410839862,69.82320719656465,1310000
2023-04-20,69.72846221923828,69.82322063964456,69.41578401067612,69.46315599182674,3268300
2023-04-21,69.91796112060547,70.0032350110454,69.64317764743554,69.87058191766012,2080500
2023-04-24,70.04112243652344,70.04112243652344,69.76633902020447,69.76633902020447,2776700
2023-04-25,69.48210906982422,70.00324422556297,69.46315449453053,69.8421664808284,1772900
2023-04-26,68.61985778808594,69.09362097175797,68.54405394372581,69.02729441520599,3125900
2023-04-27,69.52946472167969,69.53894200710089,68.64826513282499,68.64826513282499,3027700
2023-04-28,69.9463882446289,69.974812875789,69.34944930311177,69.35891936079736,2442300
2023-05-01,70.16432189941406,70.40120346257339,69.89900847627226,69.89900847627226,9210800
2023-05-02,69.56737518310547,70.00323638838304,69.09361206053616,69.98428904426297,2784900
2023-05-03,69.3115463256836,70.04113835416274,69.30206903909121,69.70950561394494,2106600
2023-05-04,68.93253326416016,69.24521865517612,68.752500967081,68.9893825246898,3275700
2023-05-05,69.72846221923828,69.82322063964456,69.11257586091257,69.11257586091257,1830000
2023-05-08,69.58634185791016,69.73794232439009,69.43473416237742,69.59581191709135,2139800
2023-05-09,69.41577911376953,69.59580419592614,69.36839990690873,69.41577911376953,1766800
2023-05-10,69.72846221923828,69.86112256199658,69.15994784206319,69.65266560358678,2105400
2023-05-11,69.53894805908203,69.63369923438829,69.21679261723052,69.61475189094756,1498900
2023-05-12,69.60528564453125,69.81374260069835,69.27365286383471,69.60528564453125,1614400
2023-05-15,69.57686614990234,69.7095192719799,69.31155990574723,69.65266999939037,1592600
2023-05-16,68.80937194824219,69.30208251105304,68.79041737137275,69.27365787480186,1587700
2023-05-17,69.05571746826172,69.19784786591916,68.63881079193281,69.06519475585283,5382500
2023-05-18,69.1978530883789,69.24523230085794,68.64828603145475,68.90412221235694,2191500
2023-05-19,69.29259490966797,69.59580303297521,69.1125698305196,69.26417027764728,2779500
2023-05-22,69.13152313232422,69.58633897100081,68.94202074982293,69.27365353372643,3454900
2023-05-23,68.47770690917969,68.88514341445743,68.36400840569308,68.87567335853376,2457100
2023-05-24,67.94710540771484,68.41139123848001,67.91868077732842,68.27873814397567,2173800
2023-05-25,67.71023559570312,67.91869256010277,67.37860280190947,67.75761480726767,2358100
2023-05-26,68.00395965576172,68.22189388645967,67.65337954988291,67.78603265411576,2722300
2023-05-30,67.74813079833984,68.04186163955349,67.62495498116522,67.9471104548767,2049500
2023-05-31,67.6912841796875,67.89974113155712,67.37859875188308,67.54915378258983,1937900
2023-06-01,67.91868591308594,68.00395981069333,67.37859620774974,67.6533797040158,2165900
2023-06-02,68.69564819335938,68.77145202288982,67.89025238448883,67.98500355687635,2246400
2023-06-05,68.55353546142578,68.9704494020784,68.52511082529999,68.66724123498184,1887200
2023-06-06,68.29769134521484,68.63880136110399,68.05133250506128,68.53457289907945,2287200
2023-06-07,68.3833236694336,68.44990889447972,68.02186205593247,68.17405374578996,2050300
2023-06-08,68.77330780029297,68.83037876004771,68.2786686249416,68.2786686249416,1836000
2023-06-09,68.75428009033203,68.99208543500376,68.64964515809702,68.67818063829871,2681200
2023-06-12,69.11576843261719,69.13478967239078,68.71624982491925,68.896984260372,2079400
2023-06-13,69.35354614257812,69.44866681794231,69.12524781301329,69.25841820997161,2813800
2023-06-14,69.35354614257812,69.6959791224407,69.10622658083739,69.35354614257812,2488200
2023-06-15,70.31425476074219,70.4379181356969,69.31547706249434,69.31547706249434,2913400
2023-06-16,70.2952651977539,70.70429070334691,70.25721546964716,70.3808716430614,2078500
2023-06-20,69.7625732421875,70.12404201493544,69.7625732421875,70.07647804254968,1901400
2023-06-21,69.7435531616211,69.95282303199198,69.35355615912901,69.61038274542932,1952700
2023-06-22,69.80061340332031,69.82915613718629,69.58183657771036,69.7340282054509,1399900
2023-06-23,69.2584457397461,69.69600682614283,69.20137476329072,69.53430088802246,1742200
2023-06-26,69.42013549804688,69.50574193382818,69.03964551656345,69.15378743093854,1432000
2023-06-27,69.8672103881836,69.95282408974052,69.47721337979442,69.52477009644294,3252300
2023-06-28,69.50574493408203,69.72452904148284,69.36306027771134,69.72452904148284,3838000
2023-06-29,69.9813461303711,69.99086037477086,69.28695143402999,69.3440296431865,1852100
2023-06-30,70.70428466796875,70.81842658530213,70.16208878890623,70.30477344281594,2008500
2023-07-03,70.62818145751953,70.70428090318505,70.2857412092673,70.42842585557949,858400
2023-07-05,70.51403045654297,70.59012990023085,70.20013295150463,70.37135307118118,2288100
2023-07-06,70.14306640625,70.23818709805904,69.85770433082286,70.08599544261328,1573100
2023-07-07,69.73403930664062,70.27623522053185,69.68648259044448,69.97184465935158,2215200
2023-07-10,70.02892303466797,70.21916441436244,69.64843301803558,69.64843301803558,1945200
2023-07-11,70.52354431152344,70.53305855624244,69.91476327986994,70.0574479216855,2366500
2023-07-12,70.65672302246094,70.9230638479931,70.54258110137184,70.9230638479931,2554900
2023-07-13,70.74232482910156,70.82793125552838,70.57110471900593,70.72329634062316,3372800
2023-07-14,70.70428466796875,70.83745507635301,70.5901354933924,70.62818521825118,1598400
2023-07-17,70.7518310546875,70.92305116294051,70.50451876506574,70.59012519057129,1690400
2023-07-18,70.93257141113281,71.19891221157248,70.656716365751,70.70428033321916,4135100
2023-07-19,71.2655029296875,71.45575155704836,71.07526155956971,71.07526155956971,2307800
2023-07-20,71.70305633544922,71.77915577837926,71.22744570299992,71.22744570299992,8181600
2023-07-21,72.11209106445312,72.26428996993072,71.85526448301374,71.87428571757683,3000600
2023-07-24,72.21671295166016,72.30232663483595,72.0835425620462,72.0835425620462,2598200
2023-07-25,72.34989929199219,72.41648450147896,72.0550229724427,72.0835584540451,1907500
2023-07-26,72.140625,72.30233814791761,71.87428417836125,72.08355404028973,2840400
2023-07-27,71.58890533447266,72.3784133685444,71.50329165774114,72.19768628609592,1974600
2023-07-28,71.7411117553711,72.00745256953961,71.53184189931216,71.76014024623622,2154900
2023-07-31,71.68404388427734,71.81721429709648,71.43672429308045,71.712579364561,2192100
2023-08-01,71.5223388671875,71.79819394204675,68.63062496138808,71.46526064867791,2533000
2023-08-02,71.33206939697266,71.64597410672721,71.24646298008024,71.24646298008024,1710500
2023-08-03,71.06573486328125,71.30354016288689,71.00866391369327,71.23695496928698,2314300
2023-08-04,70.67575073242188,71.46525895444745,70.61867251526544,71.16086840617126,2113800
2023-08-07,71.30355072021484,71.39867140269247,70.88501100862182,70.88501100862182,1414500
2023-08-08,71.12281036376953,71.28452349335261,70.8659838169484,71.13232460839025,1981300
2023-08-09,71.22745513916016,71.57940966640655,71.10379897094869,71.10379897094869,1756300
2023-08-10,71.18939208984375,71.87427252428934,71.06573594477405,71.56988202645151,10097000
2023-08-11,71.46526336669922,71.55087706909808,70.99916689839652,71.05623786183338,1427100
2023-08-14,71.5413589477539,71.62697264551552,71.39867428964666,71.408188535452,1780800
2023-08-15,70.93257141113281,71.33208261179232,70.86598621102289,71.29403288926629,3285000
2023-08-16,70.72330474853516,71.22745089451809,70.70428351503742,70.84696816662044,2091500
2023-08-17,70.25721740722656,70.96111925350482,70.25721740722656,70.90404828839257,1959800
2023-08-18,70.41891479492188,70.54257821403107,69.96233261476719,69.96233261476719,2157600
2023-08-21,70.42843627929688,70.59965642876432,70.06697474475166,70.42843627929688,1521300
2023-08-22,70.27622985839844,70.59013464176412,70.22867314583092,70.41891451058673,2733200
2023-08-23,70.74232482910156,70.78037454881637,70.31427092524147,70.31427092524147,2058800
2023-08-24,70.22866821289062,71.11330428562881,70.22866821289062,70.6186651604191,1775700
2023-08-25,70.70428466796875,70.92306151435307,70.25720947243171,70.33330892214929,2804400
2023-08-28,70.9801254272461,71.16085251235378,70.81841231487189,70.84695504569663,1726700
2023-08-29,71.5413589477539,71.5413589477539,71.00867729854627,71.04672702452442,1993800
2023-08-30,71.63645935058594,71.83621491247905,71.53182444808367,71.59840963538137,1329200
2023-08-31,71.22745513916016,71.74111556112382,71.22745513916016,71.61745939291237,1492400
2023-09-01,71.37012481689453,71.70305078237699,71.23695443070154,71.55085916554576,1112100
2023-09-05,70.86599731445312,71.37014351673925,70.84697607883109,71.28453707057457,1191400
2023-09-06,70.62818145751953,70.78988733662682,70.45696133339342,70.72330213598013,934300
2023-09-07,70.87549591064453,71.05622300949979,70.49500596702799,70.49500596702799,1447200
2023-09-08,71.08477020263672,71.19891211281396,70.85647186779723,70.85647186779723,1190000
2023-09-11,71.35111236572266,71.38916208892276,71.11330703865394,71.15135676185406,2443100
2023-09-12,71.05622863769531,71.25599149827933,70.94208672563887,71.094278360795,922600
2023-09-13,71.20841979980469,71.32256895671186,71.01817846220122,71.01817846220122,1288100
2023-09-14,71.7411117553711,71.81721120434578,71.42720697128269,71.46525669577002,1231700
2023-09-15,71.18939208984375,71.80768732967613,71.17988510292895,71.55086079537999,1394800
2023-09-18,71.2845230102539,71.47476435792531,71.10378864989653,71.2179378128447,1046500
2023-09-19,71.35111236572266,71.39866907679081,71.05622882523245,71.18939922781152,2308400
2023-09-20,71.38915252685547,71.93134830965916,71.36060979534649,71.48427319349369,2517100
2023-09-21,70.51403045654297,71.17988970294837,70.4950092242422,71.06574053741654,2598500
2023-09-22,70.4759750366211,70.87549345505968,70.4569538058582,70.58060994892146,1940500
2023-09-25,70.56159973144531,70.56159973144531,70.22867371181808,70.26672343652447,2473600
2023-09-26,69.71726989746094,70.32924367254276,69.69814161338178,70.21449585397635,7668300
2023-09-27,69.4877700805664,69.94675403192083,69.09572782415958,69.88937647843753,2809400
2023-09-28,69.59295654296875,69.77463876156759,69.43040260806596,69.49733701039668,2755200
2023-09-29,69.21047973632812,69.88938798602948,69.06705406726022,69.87026699525495,2734500
2023-10-02,68.76107025146484,69.15311259011906,68.28296521218158,69.15311259011906,2220000
2023-10-03,68.33077239990234,68.70369375270934,68.08215573292966,68.42639195018289,9664300
2023-10-04,68.76107025146484,68.81844052168158,68.06303368417754,68.34033548239832,2471800
2023-10-05,68.62718200683594,68.8949269095968,68.37857268294054,68.64631029039876,2530800
2023-10-06,69.07659912109375,69.33477987194232,68.02476972079437,68.40725512871296,2697200
2023-10-09,69.64077758789062,69.65033443548315,68.89493493867792,68.89493493867792,1425700
2023-10-10,69.92762756347656,70.18580832259472,69.63120482811378,69.67901824137347,3729000
2023-10-11,70.05194854736328,70.12843980501249,69.65033479201306,70.02326341383188,1848500
2023-10-12,69.55470275878906,70.14755549476124,69.20090978169306,70.04237182716453,2127800
2023-10-13,69.7459716796875,70.05195864028087,69.46866985675842,69.76509267302883,2198400
2023-10-16,70.38660430908203,70.54915822501204,69.87025013909687,69.87025013909687,2775500
2023-10-17,70.3770523071289,70.59698381008162,69.88938317992289,69.88938317992289,3916800
2023-10-18,69.85115051269531,70.49180952689234,69.77465195405277,70.25275700261248,2386700
2023-10-19,69.10528564453125,69.90850574689927,69.02879439764585,69.63120400294498,17247500
2023-10-20,68.56980895996094,69.29653050445708,68.56980895996094,69.01922876648747,4957000
2023-10-23,68.18732452392578,68.75149214929444,68.1586393946414,68.33075746565018,3612600
2023-10-24,68.70368957519531,68.83755839650902,68.36901752191102,68.41683094179604,2779300
2023-10-25,68.55068969726562,68.94273196060236,68.36900748274473,68.51244042603477,6153100
2023-10-26,68.29251098632812,68.80886522046075,68.2447048673342,68.44550807583532,6963200
2023-10-27,67.47017669677734,68.2542686215985,67.298058601314,68.20646249776637,3230500
2023-10-30,68.12039947509766,68.23514730328975,67.68054374331649,67.73791400976081,3269100
2023-10-31,68.60806274414062,68.65587615894758,68.0439023849934,68.2160131695716,5412400
2023-11-01,69.03836059570312,69.18179355790889,68.59850486149467,68.7323736808058,4466900
2023-11-02,69.97544860839844,70.00413374136167,69.22004182738533,69.23917011289642,6378100
2023-11-03,70.49179077148438,70.74996421908186,70.3674788229393,70.38660710516261,8706700
2023-11-06,70.60653686523438,70.67347856300572,70.48223220216487,70.55873074650121,12615800
2023-11-07,70.55872344970703,70.73084150901292,70.44397564506912,70.54915930882838,4256500
2023-11-08,70.6352310180664,70.74997154207392,70.2718665712349,70.60653859176163,4094700
2023-11-09,70.08062744140625,70.68303707784193,70.04237816833532,70.68303707784193,5450800
2023-11-10,70.68301391601562,70.74994829813059,70.0327910774844,70.30052860594422,3684800
2023-11-13,70.70215606689453,70.76909046214315,70.46310361310633,70.46310361310633,2152800
2023-11-14,71.50537109375,71.65836817080609,71.05595129902547,71.05595129902547,2210800
2023-11-15,71.44800567626953,71.68705815388269,71.4097564044151,71.48625494812396,4611800
2023-11-16,71.44800567626953,71.58187448010868,71.27588760057596,71.3523861442848,8104900
2023-11-17,71.4766845703125,71.62011750342704,71.36193676476046,71.505369697875,7727200
2023-11-20,71.72531127929688,71.86874423263147,71.23764215608045,71.23764215608045,5049700
2023-11-21,71.94522094726562,72.0790897312464,71.4766802033329,71.4766802033329,7877900
2023-11-22,72.44245910644531,72.46158009320294,72.16515737899626,72.16515737899626,6273100
2023-11-24,72.63371276855469,72.63371276855469,72.3946602618275,72.41378854773565,829600
2023-11-27,72.43289947509766,72.60501754784069,72.37552921595082,72.50939801749512,8135900
2023-11-28,72.35639190673828,72.63369361686071,72.27033652875285,72.30858579518025,8374200
2023-11-29,72.27989959716797,72.57632961367747,72.17472322456399,72.48071008702696,10632700
2023-11-30,73.00662994384766,73.04487921818536,72.27990832203756,72.36597101312317,8373400
2023-12-01,73.51341247558594,73.52297661700915,72.87275361097633,72.87275361097633,3668700
2023-12-04,73.47515869140625,73.65684089077402,73.08311646076763,73.08311646076763,2648200
2023-12-05,73.22655487060547,73.47516418851694,73.09268607009854,73.28392512930773,2738400
2023-12-06,73.15005493164062,73.48472692651576,73.05443540386234,73.3508581285657,2177900
2023-12-07,73.2074203491211,73.34128913822039,73.05443057385128,73.28391888440693,1983400
2023-12-08,73.17874145507812,73.30305340933111,72.87275458317475,73.07355778392673,2365200
2023-12-11,73.92457580566406,73.92457580566406,73.3317304106693,73.3317304106693,4770100
2023-12-12,74.24014282226562,74.28795623974672,73.74291683885718,73.87678565344035,2215300
2023-12-13,75.18677520751953,75.21546763005384,74.19231612342018,74.2305653914973,2612300
2023-12-14,74.43136596679688,75.35889062305446,74.31662546189189,75.26327110386642,3401000
2023-12-15,73.98196411132812,74.25926586346932,73.78116090363335,74.25926586346932,3389200
2023-12-18,74.42182159423828,74.51744112945158,74.14451983540766,74.22101838169947,2515000
2023-12-19,74.56525421142578,74.58437520026182,74.38357198862053,74.40269297745657,2645600
2023-12-20,73.5460433959961,74.51717247189896,73.5460433959961,74.44024975908903,3456100
2023-12-21,74.09410858154297,74.1133429285813,73.55566423653381,73.92103613696803,3040900
2023-12-22,74.44025421142578,74.6806322015188,74.23833758003813,74.23833758003813,2467700
2023-12-26,74.62294006347656,74.79601250103492,74.36332773926215,74.39217925864997,1468000
2023-12-27,74.75755310058594,74.75755310058594,74.48833093195076,74.67102054741916,2825900
2023-12-28,74.88255310058594,75.00755435744095,74.65179227095635,74.65179227095635,2211900
2023-12-29,75.02677917480469,75.04601352256783,74.66140726060203,74.8056355258085,2386600
2024-01-02,75.31523132324219,75.36330251834461,74.57486302827698,74.57486302827698,2489000
2024-01-03,75.14216613769531,75.52677241442035,75.07486058945003,75.29600424693258,2638900
2024-01-04,74.99793243408203,75.52676694323935,74.99793243408203,75.16138770572918,2250200
2024-01-05,74.86331176757812,75.19983944136318,74.5940896285501,74.96907865587531,2170200
2024-01-08,75.44022369384766,75.44022369384766,74.6998627497454,74.75755111699257,2465500
2024-01-09,75.2959976196289,75.34407615089579,75.04600979715211,75.15177669733612,1803700
2024-01-10,75.4883041381836,75.5459925068938,75.18062061213935,75.23830898084955,1682800
2024-01-11,75.41138458251953,75.58445703165589,74.94024576821943,75.46907295364691,2771700
2024-01-12,75.77676391601562,75.8440694675092,75.51715888475613,75.51715888475613,1862000
2024-01-16,75.55561828613281,75.7959962974765,75.363311475605,75.4786955619217,2531000
2024-01-17,75.39216613769531,75.75753808927705,75.21909366889238,75.21909366889238,2383600
2024-01-18,75.76715850830078,75.83446406373072,75.1229398083224,75.27678526973675,3291800
2024-01-19,76.32481384277344,76.53634763965356,75.80559652381872,76.0555916779274,2303200
2024-01-22,76.45943450927734,76.56520142097514,76.30559639683356,76.3344405844321,3163600
2024-01-23,76.78634643554688,76.81519062089784,76.47866289887962,76.5171242579323,2233600
2024-01-24,76.44981384277344,77.06518087690179,76.43057949659547,76.97864099060834,2391200
2024-01-25,76.84404754638672,76.86328189697903,76.44983138830862,76.6132866895665,9986300
2024-01-26,76.90174102783203,77.01711778501189,76.70943420627366,76.81520112419197,2579600
2024-01-29,77.12287139892578,77.16133275660272,76.7286553203065,76.78634368894497,3831800
2024-01-30,77.38248443603516,77.43055563175493,76.99787819150711,77.06518373411797,1865600
2024-01-31,76.6517333984375,77.45939991075228,76.61327204036242,77.29594464074867,4320100
2024-02-01,77.52670288085938,77.52670288085938,76.43057988723136,76.65173085488608,2887500
2024-02-02,77.25748443603516,77.58440231667686,76.9690352497968,77.31518014188609,3117800
2024-02-05,76.79595947265625,77.08440864638285,76.6324968715487,76.997876094991,2852800
2024-02-06,76.94979858398438,77.07479982976653,76.7574991322864,76.92095439980507,2640700
2024-02-07,77.28632354736328,77.42093462592166,77.05556274637085,77.2094081708682,2028800
2024-02-08,77.17094421386719,77.22863257823263,76.94979325754404,77.1805540507592,1351100
2024-02-09,77.25748443603516,77.267101609636,76.97864508764356,77.17095188088987,2343600
2024-02-12,77.19979095458984,77.32478486010862,76.9305687976241,77.19017378162575,1358700
2024-02-13,76.62289428710938,77.07480610472071,76.2575150290809,76.8440379409908,5512500
2024-02-14,77.00747680664062,77.02671115072862,76.51711106869013,76.84402156065713,15329000
2024-02-15,77.54594421386719,77.63247677264562,77.03634402793804,77.03634402793804,3241300
2024-02-16,77.36323547363281,77.81514717539628,77.27670293623261,77.47861952591899,3033500
2024-02-20,77.32479095458984,77.68055302476517,77.22864122463155,77.23825839835362,3305500
2024-02-21,77.56517028808594,77.59401447399658,77.12287565402927,77.29594810524748,2496900
2024-02-22,78.36322021484375,78.50744846766597,77.64208628648629,77.70939182636951,4244300
2024-02-23,78.64205932617188,78.86320295555726,78.47860406345161,78.49783107375544,2344600
2024-02-26,78.27669525146484,78.78629543650916,78.27669525146484,78.65168434369573,2382700
2024-02-27,78.3055419921875,78.35361319218657,78.0940081720787,78.26708063073548,1919100
2024-02-28,78.36322021484375,78.43052575472696,78.19014777860781,78.19014777860781,1602100
2024-02-29,78.25743865966797,78.57473928929083,78.036295071084,78.5266607687714,11251900
2024-03-01,78.64205932617188,78.6612863364757,78.15168620225745,78.28629728164515,1925200
2024-03-04,78.73821258544922,78.78629111699853,78.39206769840534,78.39206769840534,3099500
2024-03-05,78.23822784423828,78.74782798989563,78.01707687413504,78.69974945942637,3016900
2024-03-06,78.78629302978516,79.05551520718795,78.58437639673306,78.62283042000132,2062300
2024-03-07,79.07473754882812,79.20934862957967,78.95936081432893,78.98820499795373,2807400
2024-03-08,78.96897888183594,79.23820840715179,78.8536021353122,79.0266745908523,2382400
2024-03-11,79.24781036376953,79.2766545475317,78.7093660381989,78.74782739513304,1431600
2024-03-12,79.5747299194336,79.70934100368444,79.22858503543031,79.28627340417955,2053200
2024-03-13,79.46896362304688,79.7574128047375,79.26704699513725,79.61319188176917,2151200
2024-03-14,79.19013214111328,79.63242679888678,78.81514303265848,79.52665988770674,2479800
2024-03-15,79.02667236328125,79.17089329237069,78.66129311424328,78.7959042052296,2519400
2024-03-18,79.2093505859375,79.4978071008174,79.10358368619848,79.1805064016003,1816000
2024-03-19,79.69010162353516,79.70933596907263,79.17088433032511,79.2478070409681,2002400
2024-03-20,79.9016342163086,79.94009557105554,79.50741816772081,79.58433354146135,2747300
2024-03-21,80.05615234375,80.33620490160233,79.89198588945872,80.02718265977758,1844400
2024-03-22,79.85335540771484,80.1913473259755,79.83403737371638,80.15271862564983,2024200
2024-03-25,79.60227966308594,79.88233223975575,79.5829689950306,79.82439286791782,1198300
2024-03-26,79.59261322021484,79.82438542128888,79.5443328707445,79.62158290343129,8117100
2024-03-27,80.51968383789062,80.51968383789062,79.80507126899906,79.9692377269913,1594500
2024-03-28,80.71281433105469,80.86732174669608,80.55829954774292,80.55829954774292,2621400
2024-04-01,80.4231185913086,80.6935121475392,80.22032342413564,80.59694407283853,2282600
2024-04-02,80.00785827636719,80.17202471763112,79.78575247175618,79.97888859469364,1465300
2024-04-03,79.82438659667969,80.09478013424298,79.72781116097453,79.83403824611315,2080500
2024-04-04,79.12908935546875,80.36517838114702,78.99389257876467,80.25895128978357,2156000
2024-04-05,79.5153579711914,79.73747116131229,79.0614873090686,79.14839636106932,1893700
2024-04-08,79.46707916259766,79.61193495308143,79.38016274123876,79.38016274123876,1426000
2024-04-09,79.48638916015625,79.69884333538653,78.90697337077368,79.66021463373816,1513000
2024-04-10,78.71382141113281,79.00352556376667,78.42410989082894,78.7234730588516,3513100
2024-04-11,78.54966735839844,78.93594702664578,78.26962215078278,78.8586969871338,2120500
2024-04-12,77.69984436035156,78.43377486458442,77.55498858919539,78.28891909342825,2875700
2024-04-15,77.23633575439453,78.42413719227034,77.12044963239606,78.33722812652593,4103300
2024-04-16,77.17839050292969,77.5453595458559,77.09148143550362,77.46810212969537,3699000
2024-04-17,77.17839050292969,77.52604150797941,76.95628464105903,77.3425569865163,5021500
2024-04-18,77.25564575195312,77.57432705892133,77.05285056597495,77.42947124960192,2565900
2024-04-19,77.73847961425781,77.84470669755434,77.3039196318056,77.3039196318056,2948100
2024-04-22,78.09579467773438,78.48206696846347,77.77711340697836,77.95093888487513,2632400
2024-04-23,78.385498046875,78.58829320761303,78.22133158832587,78.25996029051477,2727900
2024-04-24,78.559326171875,78.61727291094809,78.08613744753055,78.31790230080736,1926900
2024-04-25,78.43378448486328,78.57864027378672,77.83505066222646,78.13442125738061,1926700
2024-04-26,78.15373992919922,78.4337925184231,78.115111223685,78.29859573295947,2421700
2024-04-29,78.4917221069336,78.5206917905394,78.1633892025059,78.21166955262515,1422800
2024-04-30,77.69019317626953,78.26961631930655,77.69019317626953,78.1054424993547,2320600
2024-05-01,77.5839614868164,78.31789202148079,77.37151469700515,77.48739342459841,3781100
2024-05-02,77.8736801147461,78.07647527412593,77.58396853410545,77.99921787026555,3028400
2024-05-03,78.32755279541016,78.40481019398631,77.7867657407192,78.32755279541016,2356700
2024-05-06,78.80074310302734,78.82971278617663,78.42412248674424,78.56897827016186,1147200
2024-05-07,79.30290985107422,79.34153855165785,79.04216796405247,79.04216796405247,1183300
2024-05-08,79.32222747802734,79.4574242580979,79.21600038401877,79.21600038401877,1159800
2024-05-09,79.78575897216797,79.78575897216797,79.27393420610905,79.33188094184806,1255300
2024-05-10,80.0658187866211,80.11409914182904,79.92096298565306,79.94993267231226,1824700
2024-05-13,80.0658187866211,80.42312141231386,79.98856137708187,80.2299852561379,1212500
2024-05-14,80.14305877685547,80.1913464936792,79.75677914527904,80.13340712762765,1126400
2024-05-15,80.6838607788086,80.71283046455264,80.29758111098701,80.29758111098701,1582700
2024-05-16,81.0025405883789,81.14739639531957,80.72248799300625,80.78043473638596,1513700
2024-05-17,81.1860122680664,81.21498195134063,80.85767936739691,80.99287613445743,1292600
2024-05-20,81.06047821044922,81.25361435285592,80.93493308698045,81.19567498366823,1209900
2024-05-21,81.01219177246094,81.11841886276639,80.81905562699922,80.93493436720757,1004400
2024-05-22,80.96391296386719,81.23431391201667,80.80940550402568,80.83837519226643,1543200
2024-05-23,80.03683471679688,81.0315072001659,79.9982060154132,81.0315072001659,1859400
2024-05-24,80.17202758789062,80.39414076812439,80.05614885704787,80.2975727031984,909500
2024-05-28,79.40914916992188,80.16239052817265,79.21600563724704,80.16239052817265,1692200
2024-05-29,78.73316192626953,78.98424484788742,78.6945332177381,78.98424484788742,2493000
2024-05-30,78.86833953857422,79.00353630171293,78.54965829645967,78.71383210970326,1223700
2024-05-31,79.9595947265625,79.96924637736733,78.87801305496093,78.9456114489565,2870500
2024-06-03,79.74713897705078,80.03684321668773,79.27394286060098,79.94027513680875,2341200
2024-06-04,80.13340759277344,80.2106576254002,79.53467379197099,79.63124185850785,1089400
2024-06-05,80.3265609741211,80.38450035295011,79.79542544261247,80.28793226567748,924300
2024-06-06,80.38449096679688,80.6259148406248,80.17203677900079,80.32655159473319,5541800
2024-06-07,80.23963165283203,80.78042611652566,80.22032098554766,80.30723740750639,1242500
2024-06-10,80.4231185913086,80.4231185913086,79.98855857131967,80.20101275626425,952800
2024-06-11,80.35625457763672,80.35625457763672,79.78442359340232,80.17210448865306,1636000
2024-06-12,80.2690200805664,80.86992581708876,80.06548928135669,80.86992581708876,1403500
2024-06-13,80.25932312011719,80.36593554361556,79.92010513371214,80.21086763314362,1692900
2024-06-14,80.31747436523438,80.32716102530416,79.90071875592649,80.00733117187015,1156100
2024-06-17,80.94744873046875,81.00560566381971,80.11394489267421,80.32716233363735,1557700
2024-06-18,81.10253143310547,81.25759934927545,80.91838135040567,80.97653828906749,1357600
2024-06-20,81.5483627319336,81.62590038804711,81.17037590137751,81.20914472943427,1518800
2024-06-21,81.53866577148438,81.66466630677951,81.34482903250392,81.55805388202099,3079700
2024-06-24,82.02326202392578,82.33340523162964,81.60650639534899,81.78096241183223,1345700
2024-06-25,81.62589263916016,82.07172302789266,81.49989211133767,82.06202897319926,1208500
2024-06-26,81.28668212890625,81.40298121831147,81.08315132804925,81.37390644596016,1295300
2024-06-27,81.46112823486328,81.46112823486328,81.16067170356922,81.30605294201513,863600
2024-06-28,81.3739013671875,81.81973176901033,81.1122210379601,81.52897666924625,1716200
2024-07-01,81.1800537109375,81.68403358602133,81.01528437607105,81.54834641217582,1999200
2024-07-02,81.43203735351562,81.43203735351562,80.9765203669351,81.03466989832918,2028700
2024-07-03,81.28668212890625,81.46113815741194,81.15099492833492,81.37390644596016,828400
2024-07-05,81.52898406982422,81.52898406982422,80.98622785774872,81.38360280954689,1165400
2024-07-08,81.5871353149414,81.79066612580826,81.4223733339156,81.54836648510036,933300
2024-07-09,81.42237091064453,81.66467054414117,81.29637036881157,81.59682694253804,1102400
2024-07-10,82.06202697753906,82.0717210319967,81.44174059139618,81.5192782382633,1744000
2024-07-11,82.40126037597656,82.4884920936426,81.96512397084153,81.96512397084153,1279400
2024-07-12,83.02154541015625,83.38983817085723,82.61447642850005,82.61447642850005,1244700
2024-07-15,83.1378402709961,83.40921464871263,83.00215308213782,83.11845955590087,1557400
2024-07-16,83.95196533203125,83.95196533203125,83.38013444959412,83.40920921754238,1167500
2024-07-17,84.1167221069336,84.33963357709264,83.58366007934234,83.58366007934234,1874800
2024-07-18,83.6515121459961,84.45594859850016,83.53521306956458,83.98104344947843,1391400
2024-07-19,83.0118408203125,83.83565794552212,82.94399723104574,83.62243312371328,1604200
2024-07-22,83.38983917236328,83.43829466034406,82.95369541415023,83.13784549391114,1155600
2024-07-23,82.98277282714844,83.38983439598024,82.95369066274851,83.38014034118027,3058600
2024-07-24,82.68231964111328,82.96338808654816,82.53694578519658,82.8470890018148,2109400
2024-07-25,82.81800842285156,83.65151971993087,82.79862770649056,82.81800842285156,2001200
2024-07-26,83.71936798095703,83.99074978590765,83.0797007838544,83.12815627465415,1438300
2024-07-29,83.82596588134766,84.06826547653722,83.55459151783884,83.90350352646355,1211800
2024-07-30,84.09733581542969,84.36871755904158,83.7484312195787,83.83565551994234,1048100
2024-07-31,84.35902404785156,84.7176300941334,84.12641851765613,84.5431740978877,2438700
2024-08-01,84.40748596191406,84.80486085925085,83.95196892059218,84.43656812550218,2013300
2024-08-02,84.21365356445312,84.79517116134303,83.31229870123467,84.14580996805593,2104800
2024-08-05,82.33340454101562,83.43829017134263,82.10079898578817,82.99245977615782,5078900
2024-08-06,82.86646270751953,83.91319874795398,82.59508834023585,82.79861911569861,11539300
2024-08-07,82.84709167480469,84.08766458130359,82.80832284717687,83.36076570067709,2705700
2024-08-08,83.93258666992188,84.01981837798081,83.0021570188795,83.10876944295288,3401700
2024-08-09,84.14579772949219,84.3590225426988,83.51581734348986,83.97134173635918,1753500
2024-08-12,84.02949523925781,84.339638420103,83.81627781037406,84.30087699259447,2980500
2024-08-13,84.72732543945312,84.73701949423737,84.10703903241156,84.28149504654183,1580400
2024-08-14,85.27008819580078,85.37669322909538,84.71764534066635,84.80486965728862,1154000
2024-08-15,85.87097930908203,86.03574126731557,85.55114205293656,85.84190453932284,1132100
2024-08-16,86.15204620361328,86.21019574209416,85.74498464545309,85.74498464545309,1443000
2024-08-19,86.69480895996094,86.69480895996094,86.17144824025031,86.17144824025031,2253700
2024-08-20,86.76263427734375,86.81109715329438,86.58817827607685,86.61726043828524,1712300
2024-08-21,87.1890869140625,87.19878096846446,86.84017489956166,86.95648136919425,2233800
2024-08-22,86.97586059570312,87.44107907187808,86.74325505481407,87.22785424506442,2479600
2024-08-23,87.47015380859375,87.48953452266217,86.89833031361536,87.28600375015816,2781400
2024-08-26,87.53800201416016,87.89660809570334,87.4216955404279,87.59615155382768,1065500
2024-08-27,87.71247100830078,87.73185172625908,87.37325298604337,87.47017136463144,1227300
2024-08-28,87.60584259033203,87.92567983627862,87.25693057555338,87.63491735916409,1387500
2024-08-29,87.89659881591797,88.27458557264487,87.48952989803048,87.76091164142095,2121000
2024-08-30,88.50720977783203,88.55567266226315,87.64462367462356,87.9644609653138,2171300
2024-09-03,88.01290893554688,88.53627698621503,87.71245978205859,88.2552085482045,1947100
2024-09-04,88.0710678100586,88.28428526259847,87.78030531070806,87.84814890797017,4073800
2024-09-05,87.43138885498047,88.16798172692097,87.06309611620878,88.07106336349655,3487400
2024-09-06,86.56880950927734,87.76092691485236,86.53004068204588,87.38294009234271,2072500
2024-09-09,87.34416961669922,87.67369355035113,86.84987632182376,86.90802586437466,6618500
2024-09-10,87.5477066040039,87.77061812915171,87.18910047930765,87.63493092400137,3263500
2024-09-11,87.46046447753906,87.51862141167862,86.03574159867402,87.3538520584133,2314200
2024-09-12,87.97415161132812,87.99353972373792,87.14064763766491,87.51863449127441,2727000
2024-09-13,88.52658081054688,88.64288728381936,88.08075042126478,88.26490048868025,2013900
2024-09-16,88.99180603027344,89.13718728424455,88.69135686129148,88.69135686129148,1148900
2024-09-17,88.4781265258789,89.0111812315475,88.29397645596573,88.99180051627114,1054900
2024-09-18,88.0419692993164,89.02086164470454,87.98381976800097,88.52656844533483,2145900
2024-09-19,88.46842956542969,88.94333471527439,88.20674924860829,88.94333471527439,1475000
2024-09-20,88.4781265258789,88.57504489105526,88.1679833206762,88.27459574068938,1086400
2024-09-23,88.83673858642578,88.9336569581213,88.50720724938368,88.63320039314807,1366500
2024-09-24,88.65259552001953,88.80766344812476,88.41029587440644,88.7495138993851,1411000
2024-09-25,88.29042053222656,88.83560102196364,88.19306050689313,88.6116833622347,856900
2024-09-26,88.55328369140625,88.72852135905363,88.34884098373898,88.4753986330012,1387400
2024-09-27,88.6603775024414,88.95244276992646,88.60196741995571,88.7187875849271,1252200
2024-09-30,88.89401245117188,88.93295497639387,88.20279934041768,88.67010221555442,1477500
2024-10-01,88.73825073242188,88.90375089575032,88.40724297823766,88.76745576977073,2065400
2024-10-02,88.57275390625,88.70904903736478,88.17359857403703,88.41698379781735,2149800
2024-10-03,88.27095794677734,88.5240806786264,88.08599021323948,88.37804804765472,2002200
2024-10-04,88.68958282470703,88.71878786604242,88.12492726712853,88.42673002516024,1333700
2024-10-07,87.72576904296875,88.46566218938449,87.59921140283646,88.46566218938449,1523300
2024-10-08,88.43644714355469,88.54353723112943,87.96915169552598,87.96915169552598,2067800
2024-10-09,89.2055435180664,89.30290354302159,88.3098877376846,88.37803529863699,1699800
2024-10-10,88.93295288085938,89.33210818433409,88.7285101989066,89.21528061142092,1154600
2024-10-11,89.57550048828125,89.58523054948304,89.06925505973787,89.06925505973787,1966300
2024-10-14,90.16937255859375,90.23752013335536,89.54630689576518,89.64365951292054,969700
2024-10-15,89.7994155883789,90.60745636344565,89.75074299715718,90.04280082707169,1531900
2024-10-16,90.24723815917969,90.3738032293769,89.71179512247504,89.83835276514466,1257600
2024-10-17,90.39326477050781,90.53929738082101,90.2180271236374,90.46141233165037,901300
2024-10-18,90.4127426147461,90.5490377413549,90.14988242233815,90.49062023886017,1207500
2024-10-21,90.00386047363281,90.47116341133344,89.75074516709286,90.36407330951721,706500
2024-10-22,89.65338134765625,89.79941397375181,89.25423342569151,89.48788117092765,904100
2024-10-23,89.46841430664062,89.69232456451398,89.17634905220898,89.41973428839269,2038500
2024-10-24,89.14714050292969,89.57550087855927,89.10819797536995,89.38078824076052,1357800
2024-10-25,88.59221649169922,89.53655229545464,88.54353647865995,89.3029045734259,1035000
2024-10-28,88.73825073242188,89.0400460217299,88.67983323019683,88.81613578370371,1571900
2024-10-29,88.65064239501953,89.01085524426009,88.58249482111223,88.64091233269599,1353600
2024-10-30,88.24175262451172,88.63117049668422,88.2125475839162,88.44619533620846,1180100
2024-10-31,87.60894012451172,88.24174317055439,87.57973508704514,88.0567680298963,1595200
2024-11-01,87.58946990966797,88.16385543576924,87.55052738505528,87.88152770297253,1232500
2024-11-04,87.56026458740234,87.82311734327153,87.24873181904434,87.62841214837043,1222800
2024-11-05,88.3293685913086,88.34883614107879,87.45318030109817,87.5602703936532,1730100
2024-11-06,90.00386047363281,90.12068806494003,89.37106477975469,89.84809777941808,3170600
2024-11-07,90.17908477783203,90.4224699863275,89.9843795820465,90.30564983986703,3401400
2024-11-08,90.99685668945312,91.21103684661988,90.38352125256166,90.41273371469708,1849300
2024-11-11,90.87029266357422,91.45442307246157,90.8410876286352,91.0747427632008,1678000
2024-11-12,90.67559814453125,91.04554100981736,90.48089293701804,90.92872085632047,1464800
2024-11-13,90.67559814453125,90.83136825256386,90.4419504100099,90.70480318290547,1612800
2024-11-14,89.69232940673828,90.6171978106841,89.65338687554315,90.60746032100323,1377500
2024-11-15,88.73825073242188,89.55602148829938,88.64089813208321,89.46840637625277,4372500
2024-11-18,89.06925201416016,89.21528462999768,88.70904664629192,88.82586679694005,1739400
2024-11-19,88.95242309570312,89.07898072227326,88.29041507301577,88.63115285803279,3766600
2024-11-20,89.53655242919922,89.56575746605554,88.77719176082614,89.0108394832039,1600400
2024-11-21,90.50035095214844,90.57823599795921,89.37104749799933,89.72152277662103,1744500
2024-11-22,90.98713684082031,91.11369449116847,90.5879889112435,90.67560403205498,1633600
2024-11-25,91.39601135253906,91.66860902676419,91.08447858095178,91.43495387742837,2441800
2024-11-26,92.06775665283203,92.06775665283203,91.3570685737499,91.45442859946615,1750400
2024-11-27,91.94120788574219,92.32088825456923,91.90226535720507,92.14565058991614,1441600
2024-11-29,92.04829406738281,92.24299927425942,91.95093403641698,92.12617169361694,1104600
2024-12-02,91.6686019897461,92.05801235369141,91.38627427661713,92.04828229386139,1560300
2024-12-03,91.33760833740234,91.69782114981975,91.24999322027601,91.47390347128402,1864800
2024-12-04,91.58098602294922,91.63939609622243,91.21104317967371,91.51283846162144,864000
2024-12-05,91.38627624511719,91.65886647676126,91.32785874724578,91.47389135063418,1288800
2024-12-06,91.05526733398438,91.5907177302844,90.9871197769577,91.55177520805105,970300
2024-12-09,90.25697326660156,91.19157161153588,90.237505717292,91.0844815215148,1074600
2024-12-10,89.95518493652344,90.29592278227169,89.7020622107413,90.19857017313333,1896500
2024-12-11,89.76046752929688,90.20830287712789,89.69231996376217,90.0817378071866,1772000
2024-12-12,89.50735473632812,89.92597762984639,89.50735473632812,89.67285491044451,1566600
2024-12-13,89.2347640991211,89.63391201314205,89.2347640991211,89.63391201314205,809500
2024-12-16,88.87454986572266,89.49761544901665,88.7674597722633,89.33211527822586,1092800
2024-12-17,88.48137664794922,88.82368179216347,88.3640116863504,88.61829870563493,1847000
2024-12-18,86.60358428955078,88.58896163942804,86.60358428955078,88.54005770539756,2250000
2024-12-19,86.64270782470703,87.43490836359958,86.62315072600178,87.05348151445237,4581200
2024-12-20,87.4740219116211,87.98258850942904,86.32973400859078,86.54489938286473,1947600
2024-12-23,87.4446792602539,87.53269738550959,86.76006150759753,87.27841036528336,1568100
2024-12-24,88.09017181396484,88.12929346971546,87.39577921320026,87.4837973423695,566100
2024-12-26,88.12928771972656,88.2857668708267,87.76741802391312,87.78698258135839,841100
2024-12-27,87.69896697998047,88.10973319278433,87.25886138936107,87.77721029528404,866200
2024-12-30,86.76985168457031,87.07303520363773,86.3101815352144,87.07303520363773,1285500
2024-12-31,86.83832550048828,87.12195196335949,86.49602027346934,87.02415153588184,1619900
2025-01-02,86.71117401123047,87.42512375117556,86.3297397105652,87.2099583626902,1399200
2025-01-03,87.14149475097656,87.37621723070805,86.74051082567246,87.04369433956286,1276900
2025-01-06,86.66227722167969,87.31754825943176,86.5351374187662,87.30776597868643,1739900
2025-01-07,86.50577545166016,87.22951486639529,86.29061754473923,86.83830578361545,1638000
2025-01-08,87.043701171875,87.06325827101558,86.20260413664947,86.63293493467937,1745800
2025-01-10,85.75272369384766,86.67206412893995,85.68426264836383,86.38843766573713,1504200
2025-01-13,86.23194122314453,86.30040226085664,85.38106939182177,85.4006264904423,2480500
2025-01-14,86.69161224365234,86.71117680415935,86.05589833765859,86.51556850755705,3256100
2025-01-15,87.21974182128906,87.56204700682645,86.92633311271793,87.56204700682645,2063100
2025-01-16,87.73809051513672,87.78699445367126,87.03391558572248,87.18061993963268,1523900
2025-01-17,87.87500762939453,88.266216730511,87.85545053210055,88.11951238488071,1209900
2025-01-21,88.7063217163086,88.7454433723296,88.21731220858541,88.21731220858541,1479200
2025-01-22,88.64764404296875,88.92148817675864,88.58896528906892,88.80413066895899,1265200
2025-01-23,88.9508285522461,88.97039311156101,88.28577530770791,88.58896628354428,1605400
2025-01-24,88.9410629272461,89.13666377045398,88.84325504394828,88.96062002688933,840200
2025-01-27,89.87995147705078,89.90929085444802,88.50094104583586,88.50094104583586,1863200
2025-01-28,89.62566375732422,90.19291658834739,89.49852396900236,89.71368935054171,2053000
2025-01-29,89.50830078125,89.9190744559289,89.38116099009537,89.74303072726458,1415900
2025-01-30,90.36896514892578,90.49610494405115,89.73325124991196,89.92885208267307,1712900
2025-01-31,89.9288558959961,90.69171708417696,89.89951651600718,90.47655168199982,2082400
2025-02-03,90.3396224975586,90.59390207859786,89.12687350095335,89.17577743821879,2051500
2025-02-04,90.31027221679688,90.44720174358358,89.89950602151555,89.89950602151555,1576100
2025-02-05,91.06336212158203,91.10248378232721,90.32006549081134,90.49610923331772,1225400
2025-02-06,91.07313537597656,91.35676179199864,90.69170854863141,91.35676179199864,1026300
2025-02-07,90.67214965820312,91.29808128383596,90.6428102791412,91.1318198280227,1027900
2025-02-10,91.05357360839844,91.1220346445929,90.72105070736622,91.05357360839844,965100
2025-02-11,91.18072509765625,91.18072509765625,90.60368994147814,90.74061202022678,1051300
2025-02-12,90.80906677246094,91.02423215608151,90.4472045015474,90.4472045015474,1487400
2025-02-13,91.63060760498047,91.6501647029257,90.79928543929061,90.98511144738974,1871700
2025-02-14,90.90686798095703,91.70884330585477,90.8970931628473,91.61104289290493,1292900
2025-02-18,91.11225891113281,91.13181600912337,90.66236357872448,90.8579718670962,1154800
2025-02-19,91.68929290771484,91.68929290771484,91.06336126506702,91.17094396568089,1068000
2025-02-20,91.66973876953125,91.68929586950472,91.12204296825216,91.3665477572375,780300
2025-02-21,91.01445007324219,91.55236353345718,90.98511069572012,91.44478084141419,1873100
2025-02-24,91.46434783935547,91.7479742889239,91.13182490918874,91.25896471277709,1512500
2025-02-25,92.01204681396484,92.0902901396551,91.5230372209421,91.5230372209421,1961000
2025-02-26,91.3274154663086,91.9924687134132,91.16115401995573,91.93378995862822,1448500
2025-02-27,91.25895690917969,91.97291411244856,91.19049587284103,91.19049587284103,2529800
2025-02-28,92.49125671386719,92.54016064864072,91.0829069633491,91.51323771193915,2363600
2025-03-03,92.34455871582031,93.02917654122265,91.89467083942677,92.56950638486374,2717800
2025-03-04,91.27852630615234,92.40324978705476,91.09270028551722,92.1783021061968,3284200
2025-03-05,91.63060760498047,91.85554780897004,90.73082440394249,91.04379020291863,1750700
2025-03-06,91.03401947021484,91.48390736007728,90.55478473957771,91.00468009113371,2193100
2025-03-07,91.75775146484375,91.97291686024882,90.69171422976501,90.88731506466404,4829600
2025-03-10,91.10247802734375,92.19785461223795,90.52544289492126,91.24918238044732,3969500
2025-03-11,89.83104705810547,90.94598816337476,89.56698520125457,90.94598816337476,5607500
2025-03-12,89.13665008544922,89.97774701315983,88.74544099740129,89.97774701315983,5758900
2025-03-13,88.9508285522461,89.52786366494645,88.68676669503955,89.07797580271374,2589900
2025-03-14,89.96796417236328,90.09511141565847,88.97038809267656,89.14643180811453,4078100
2025-03-17,91.20028686523438,91.3958877129755,89.77237978398091,89.85062310775497,2361400
2025-03-18,90.72428131103516,91.07760017498025,90.42984642848421,91.07760017498025,2836600
2025-03-19,91.13648223876953,91.35240014972509,90.5378034812255,90.8420473624138,2413700
2025-03-20,90.82241821289062,91.20517904408788,90.48872486725297,90.79297622399694,2081800
2025-03-21,90.70465087890625,90.71446737201167,90.12560507812215,90.50836594353986,1780300
2025-03-24,91.31314849853516,91.42110746208978,90.88131264431665,91.10704706478283,8735400
2025-03-25,91.12666320800781,91.47998205467778,90.74390237208031,91.42109807616269,5241000
2025-03-26,91.41128540039062,91.71552928580756,91.16592549594728,91.16592549594728,1905700
2025-03-27,91.73516082763672,91.96088774300978,91.2935085139152,91.43091694700784,1986300
2025-03-28,91.01870727539062,91.86274593846274,90.94019779736227,91.70571949461605,2227900
2025-03-31,91.921630859375,92.20624173656185,90.61631447483207,90.61631447483207,2379300
2025-04-01,91.8529281616211,92.08847905578294,91.1953654296132,91.75478569961527,2538300
2025-04-02,92.0394058227539,92.15718127206375,91.1953671555084,91.37202658557815,2440200
2025-04-03,90.95983123779297,92.0786718911396,90.85187227231297,90.92057275145564,4178500
2025-04-04,85.58152770996094,90.03726426676461,85.58152770996094,89.75264589226113,13823800
2025-04-07,84.60990905761719,87.04388261893381,82.43111189503466,83.88364583268638,13621100
2025-04-08,83.8345718383789,87.04388363851773,82.84332319807528,86.56297282607993,7220400
2025-04-09,88.1921615600586,88.45714695293921,82.74516887727579,83.24570516137227,7803300
2025-04-10,86.97518920898438,87.77015297262773,84.88471784860268,87.28924961455378,5410700
2025-04-11,88.3099365234375,88.68288086747475,86.36668286436188,86.95554511360639,3153700
2025-04-14,89.4189682006836,89.77228707801434,88.75158893103556,89.17360828519226,3525200
2025-04-15,89.16378784179688,89.782099593628,89.08527087524847,89.47784822020044,2758600
2025-04-16,88.1627197265625,89.55636214033431,87.73088391302596,89.07545884021667,3766600
2025-04-17,88.36882019042969,89.0460158929574,87.95661736619095,87.96642637072779,2206800
2025-04-21,86.56297302246094,88.02532347337724,85.78764229818019,87.99588148230205,2699400
2025-04-22,88.35901641845703,88.50623387339024,87.13221677366496,87.27943422859818,2135800
2025-04-23,88.69269561767578,89.66431868423346,88.27067630791201,89.39932581021526,2890300
2025-04-24,89.2226791381836,89.31100510953732,88.18234805290274,88.61418388029442,2676600
2025-04-25,89.12452697753906,89.1441599625467,88.18234586749894,89.01656802336666,1571600
2025-04-28,89.45822143554688,89.56618039105037,88.7712092198165,89.28156200724935,2260000
2025-04-29,90.15503692626953,90.24336289090972,89.06563843563693,89.23248136070583,1232500
2025-04-30,90.82241821289062,90.96963564514873,89.00675651581318,89.8213456637673,2336300
2025-05-01,90.2041244506836,90.8714962438262,90.06671600691777,90.6555858042868,1727300
2025-05-02,91.10704803466797,91.28370747802067,90.69484516277518,91.05797305515144,1741900
2025-05-05,91.02853393554688,91.3033358588152,90.4985555887619,90.70465703121315,1143300
2025-05-06,90.63594818115234,91.07760050658679,90.2237453343123,90.49854723220567,1459400
2025-05-07,91.09722137451172,91.38183975080416,90.675202056256,90.81260299821928,2240600
2025-05-08,90.68502807617188,91.50943381456527,90.62613660357911,91.33277437236804,1468400
2025-05-09,90.42002868652344,90.88130650184543,90.30226072536207,90.72428005770028,1832200
2025-05-12,91.11685180664062,91.47998716594918,90.31207160821342,91.47998716594918,2358700
2025-05-13,90.4494857788086,91.0383480975569,90.4494857788086,90.96964761849944,5027300
2025-05-14,89.7821044921875,90.56725173713946,89.66432903593899,90.56725173713946,3223200
2025-05-15,91.35240173339844,91.35240173339844,89.75265035874376,89.75265035874376,2034200
2025-05-16,92.22587585449219,92.22587585449219,91.14629384537679,91.25425279506729,1840100
2025-05-19,92.63809204101562,92.65772502804214,91.75479481958807,91.75479481958807,1433600
2025-05-20,92.49087524414062,92.67735118325929,92.24551531910687,92.48106623834856,1591700
2025-05-21,91.27388763427734,92.15718481861875,91.23462914966325,91.99034187485157,2521400
2025-05-22,90.84204864501953,91.3327684540143,90.59668874052215,91.11685054001019,2491700
2025-05-23,90.70465087890625,90.95982728511483,90.13541408343725,90.2728225235421,2037900
2025-05-27,91.61738586425781,91.61738586425781,91.03834008996131,91.2640670065281,1996900
2025-05-28,90.93038940429688,91.83331212826543,90.88131442434157,91.57813571052104,1706200
2025-05-29,91.24444580078125,91.27388779234523,90.55743355053026,91.126670346735,2271800
2025-05-30,91.77442169189453,91.98052311519712,90.97945050168153,91.06778396183415,3096400
2025-06-02,91.93144989013672,91.95108287622918,90.91075175924686,91.54868902702681,2515600
2025-06-03,91.94126892089844,92.01978589185491,91.27388964334942,91.79405147230268,2022100
2025-06-04,91.54869079589844,92.167002577323,91.53887430266255,92.09829461246213,2316700
2025-06-05,91.38184356689453,91.73516242892315,91.22480963364178,91.70572043838577,2267000
2025-06-06,92.00997161865234,92.19644755722582,91.6664692221675,91.88238715361244,1429500
2025-06-09,91.4014663696289,92.11792056533686,91.04814751801811,92.11792056533686,3297200
2025-06-10,91.52906799316406,91.65665245782702,91.21500759047854,91.44073452701998,2416200
2025-06-11,91.34258270263672,91.60756809835601,91.04814782935762,91.46035814950633,2708100
2025-06-12,92.06884765625,92.06884765625,91.18555799519633,91.18555799519633,2941000
2025-06-13,91.28369903564453,91.98052025114839,91.14629809105448,91.57812642214185,3412700
2025-06-16,91.3280258178711,91.94849819296502,91.14089600825149,91.61363471859553,2301100
2025-06-17,90.71739959716797,91.18029492088041,90.64845822006482,91.04241216667414,1963100
2025-06-18,90.38253021240234,90.88482164939046,90.33329066856967,90.8749707350055,2028800
2025-06-20,90.41207885742188,90.84542138811909,90.18555292111198,90.7469347908718,2496100
2025-06-23,91.26892852783203,91.2787794426349,90.43178110670128,90.49087156742573,2423300
2025-06-24,91.74166870117188,91.90909667153916,91.1310397624816,91.46590321726204,1646500
2025-06-25,90.95376586914062,91.77121896562184,90.92422063910695,91.77121896562184,2620200
2025-06-26,91.29846954345703,91.35756751549964,91.0030097394281,91.19998294211405,1724700
2025-06-27,91.60379028320312,91.9583480689794,91.19013452376663,91.26892681261607,1957800
2025-06-30,92.45079803466797,92.52958281750848,91.6825844110852,91.81062377203916,2042900
2025-07-01,92.84474182128906,92.97278117856129,92.32275601900108,92.36215216631201,3897200
2025-07-02,91.96818542480469,92.56896343821379,91.65302380416759,92.54926912431898,2578200
2025-07-03,92.73640441894531,92.85458533741395,92.13562636990909,92.25380728837773,1301600
2025-07-07,92.4212417602539,92.70685819003445,92.02729531894654,92.65761864189439,2696300
2025-07-08,92.13563537597656,92.41140089808715,91.89925848784155,92.29321245401965,3928200
2025-07-09,92.31291198730469,92.31291198730469,91.74167912626729,92.23411969322089,2005300
2025-07-10,92.0371322631836,92.37199573165822,91.74167245293137,92.1257754660916,2114900
2025-07-11,91.3378677368164,91.8007630389684,91.25908296240138,91.8007630389684,2150400
2025-07-14,91.83030700683594,91.85985223609138,91.19998373589944,91.32802308140116,2888300
2025-07-15,90.78633117675781,91.81060832178507,90.78633117675781,91.68256898237807,2770000
2025-07-16,91.39697265625,91.43636128942791,90.62875905643894,90.98331686741427,2463000
2025-07-17,91.62348175048828,91.71212495120021,91.20983351795532,91.24922966115551,2727900
2025-07-18,91.54468536376953,91.94849017795039,91.39695922594304,91.71212084338234,1508500
2025-07-21,91.56439208984375,92.01743646952096,91.41665843006842,91.68257300642715,1453100
2025-07-22,92.38185119628906,92.46063597447565,91.643190363208,91.68257899527802,2090600
2025-07-23,92.54927062988281,92.6280629148353,92.12577149082057,92.61821200070477,1507400
2025-07-24,92.57881927490234,92.80534522398932,92.37199515480353,92.37199515480353,2495900
2025-07-25,92.82504272460938,92.94323116045604,92.57882245213031,92.70685428876271,1529400
2025-07-28,92.0075912475586,92.7167068471157,91.9780460165848,92.7167068471157,1824900
2025-07-29,92.36214447021484,92.5098781318092,91.9977432875344,92.23411263765769,1604400
2025-07-30,91.92879486083984,92.48033336595421,91.59393890599023,92.3129053885294,2057800
2025-07-31,91.20983123779297,92.24395930731912,91.07194849706227,91.79090742886585,4610400
2025-08-01,90.94390869140625,91.33786259749957,90.6484488973706,91.1802855434897,3088900
2025-08-04,91.95834350585938,91.95834350585938,91.04240385706207,91.04240385706207,1500700
2025-08-05,91.17044067382812,91.7810696444581,91.16058975916012,91.69242644053855,2156200
2025-08-06,91.6727294921875,91.85985178122745,91.1408928260847,91.38711308738898,1697700
2025-08-07,91.19013977050781,91.85001583503097,90.83558947837825,91.79091785797048,1955100
2025-08-08,91.43635559082031,91.69242677479815,91.22953146631578,91.44620650552423,1511900
2025-08-11,91.2393798828125,91.7810674660018,91.08180282209585,91.4856001453447,1013400
2025-08-12,91.426513671875,91.43635707269215,91.03255973184282,91.37726661160357,2066100
2025-08-13,92.15531921386719,92.15531921386719,91.50530163052753,91.57424300321577,1723700
2025-08-14,91.84015655517578,91.9780392990143,91.59393629631472,91.93864315591101,1617100
2025-08-15,92.1060791015625,92.36215029687722,91.80076835864082,92.02729432258205,1792400
2025-08-18,92.05683135986328,92.32274593260203,92.02728613111964,92.20456501762746,1987800
2025-08-19,92.67729949951172,92.89397451919271,92.05682718191711,92.12576855053874,1336800
2025-08-20,93.1500473022461,93.534150293262,92.81518385307703,92.81518385307703,2218900
2025-08-21,92.9038314819336,93.14020083059111,92.67730553368747,92.89398056747608,3271000
2025-08-22,93.11065673828125,93.86901185175587,93.002319220064,93.25839040076353,3671600
2025-08-25,92.26366424560547,93.06141555370111,92.26366424560547,93.04172123734854,2242100
2025-08-26,92.2538070678711,92.44093687372742,91.97804157337515,92.27350889693291,1919000
2025-08-27,92.6379165649414,92.68716362699718,92.21441737902065,92.21441737902065,1462900
2025-08-28,92.60836791992188,92.68716021068825,92.24396672470864,92.68716021068825,1321900
2025-08-29,92.83489227294922,92.87428841765154,92.51973062937692,92.57882108940726,1606600
2025-09-02,92.5985107421875,92.72655008453455,92.18486251471067,92.45078459955,2712000
2025-09-03,92.6379165649414,92.6379165649414,92.09623645256154,92.30306058791167,1408500
2025-09-04,92.78564453125,92.78564453125,92.38184720060157,92.49018471922471,1614700
2025-09-05,92.56896209716797,93.15988918804605,92.20456094005006,92.75609188966352,2608900
2025-09-08,92.64775848388672,92.66745279836864,91.98788999507555,92.51972665463926,2362800
2025-09-09,92.81519317626953,92.91367978390187,92.49018812248747,92.59851813105048,2830300
2025-09-10,92.32275390625,92.83489629552528,92.10607885802175,92.73640968652515,1716000
2025-09-11,93.47506713867188,93.55385191458979,92.44093899651845,92.44093899651845,2552600
2025-09-12,92.71670532226562,93.42582091016038,92.71670532226562,93.33717770465033,1859100
2025-09-15,92.43109130859375,92.89398663573583,92.32275378462235,92.76595479560899,2174500
2025-09-16,92.04747009277344,92.50226872504699,92.03758103422749,92.47260909255068,2164700
2025-09-17,92.50226593017578,92.84831508055451,92.16611338118551,92.16611338118551,2096100
2025-09-18,92.63079833984375,92.9076316175104,92.363846576993,92.56159002042709,3038900
2025-09-19,92.77909851074219,92.97684195847572,92.49238371202574,92.97684195847572,1609000
2025-09-22,92.87797546386719,92.98673247604222,92.38362815148662,92.68023201303014,1968300
2025-09-23,93.07571411132812,93.16470055260953,92.76922118243552,92.84831856509864,1813900
2025-09-24,93.09549713134766,93.243795302724,92.97685105110459,93.04605937879421,1150300
2025-09-25,92.55170440673828,93.23390611147683,92.34407944076162,93.0460517190088,1816700
2025-09-26,93.47119140625,93.47119140625,92.70989231551765,92.81864932847941,2040300
2025-09-29,93.64916229248047,93.70848156010598,93.37232898603898,93.6985925011211,2789800
2025-09-30,94.06441497802734,94.12373424737186,93.54040798377196,93.54040798377196,3545900
2025-10-01,93.89633178710938,94.06440806666417,93.5700607434031,93.72825550755458,2092400
2025-10-02,93.7579116821289,93.93587701366495,93.589835408773,93.90621738226582,2471200
2025-10-03,94.07429504394531,94.50931554945458,93.82712138778315,93.8963297097829,2255900
2025-10-06,94.00508880615234,94.19293565966424,93.84689404199334,94.19293565966424,1703000
2025-10-07,94.16328430175781,94.30170096098952,93.87656192388008,94.19294393685858,1864700
2025-10-08,94.35112762451172,94.40056537263001,94.01496753221817,94.40056537263001,1716600
2025-10-09,93.8073501586914,94.44011416147427,93.69859313854354,94.32147562541618,2005700
2025-10-10,92.92739868164062,94.2324751864658,92.91751716719783,94.03473929363867,3815000
2025-10-13,93.2141342163086,93.42175919614296,92.89775221706452,93.07571756308568,2515400
2025-10-14,93.62938690185547,93.87656058168416,92.75933826438958,92.86809528696558,2709000
2025-10-15,93.1844711303711,93.94576269489421,92.69012380341952,93.56017238332332,1863700
2025-10-16,92.27487182617188,93.3031151487543,92.0870174322637,93.2339068262315,3098700
2025-10-17,92.99662017822266,93.10537719763322,92.27487727828918,92.33419654591607,2579100
2025-10-20,93.55028533935547,93.63926423224045,93.1350278764688,93.184465623499,1093800
2025-10-21,93.65904998779297,93.91610517252201,93.34266799316036,93.43164689330308,1577300
2025-10-22,93.60960388183594,94.06440248708202,93.42174949633433,93.66892314330336,2513800
2025-10-23,93.36243438720703,93.56017029632022,93.07571203879391,93.51074009061264,1801500
2025-10-24,93.43164825439453,93.78757894643405,93.40198862058155,93.7776898874491,1251000
2025-10-27,93.8567886352539,93.88644826949735,93.46130924467658,93.71837198002314,911500
2025-10-28,93.1646957397461,93.74802193468356,93.1646957397461,93.74802193468356,1769000
2025-10-29,91.98815155029297,93.20424175104225,91.76074846079932,93.20424175104225,3080400
2025-10-30,92.18588256835938,92.78898687896498,91.7706326459185,91.7706326459185,3310500
2025-10-31,92.1265640258789,92.34407804689735,91.75086278975513,91.96836926763233,3055700
2025-11-03,91.70143127441406,92.13645934601719,90.93025063340254,92.13645934601719,3076900
2025-11-04,91.7706298828125,91.80028951307366,91.3454909150736,91.42458829119734,2435400
2025-11-05,91.89916229248047,92.1463359485045,91.70142638491778,91.7805237651994,1761100
2025-11-06,91.29605865478516,91.7014270744204,91.07855217208731,91.59267006150077,3542100
2025-11-07,91.938720703125,91.938720703125,91.28618610466383,91.30595668025386,2947900
2025-11-10,92.33419036865234,92.43305832246342,91.6124475170043,91.98814875874291,2463100
2025-11-11,93.23390197753906,93.26356160805759,92.34407534627825,92.34407534627825,1407500
2025-11-12,93.49095916748047,93.61949429337305,93.31299383736405,93.37232064283032,1561300
2025-11-13,93.04605102539062,93.76779387176613,92.98673176216559,93.39209263277212,2853400
2025-11-14,93.13502502441406,93.5206153013901,92.59124753943959,92.85819175306112,2194400
2025-11-17,92.65057373046875,93.35254601909509,92.47260839369437,93.15481010851975,1696100
2025-11-18,92.60113525390625,92.95705835252497,92.29463481380506,92.55169750910711,2916900
2025-11-19,92.1265640258789,92.60114075747744,91.88927943165028,92.49238374696822,2182300
2025-11-20,91.5827865600586,92.86809267629263,91.55312692621567,92.70989790494119,4858500
2025-11-21,92.64068603515625,93.21413074466071,91.85962389669176,91.87939447078361,4265800
2025-11-24,92.55170440673828,92.88785695837439,92.2748711187694,92.82853769470715,2801100
2025-11-25,93.58983612060547,93.66892595722427,92.64068264976659,92.64068264976659,2024800
2025-11-26,93.84689331054688,94.09406697026269,93.69858760608909,93.75791441375709,1664200
2025-11-28,94.25226593017578,94.33136331516094,93.85678654839177,93.85678654839177,1194100
2025-12-01,93.49095916748047,94.11384159445853,93.42175084705414,93.96553589550464,1743500
2025-12-02,93.2240219116211,93.6887096162757,93.07571620158257,93.6887096162757,1573000
2025-12-03,93.52062225341797,93.71836570704178,93.32288634293563,93.35254597519383,1468000
2025-12-04,93.4415283203125,93.68870196915451,93.21412524439575,93.52061815515468,1085900
2025-12-05,93.5107421875,93.79746454234258,93.3920961134867,93.50085312888015,1518200
2025-12-08,92.82853698730469,93.55028737670173,92.75932866583987,93.54039831845209,1855900
2025-12-09,92.60113525390625,93.24378067745019,92.58135713873027,92.85819040606751,1673700
2025-12-10,92.79888916015625,93.00651415096158,92.37375011903804,92.62092380473136,2135400
2025-12-11,93.57994842529297,93.69858695351975,92.86808708336659,92.86808708336659,2449200
2025-12-12,93.56016540527344,93.90621454284323,93.32288081811386,93.69858204304495,2332000
2025-12-15,93.6985855102539,93.82712063804162,93.34266238791452,93.63926624705422,1693600
2025-12-16,93.02448272705078,93.77900575690046,92.86564015857236,93.70951071299271,2235300
2025-12-17,93.09397888183594,93.4910966693583,93.05427392003632,93.14362144567316,1687800
2025-12-18,93.17340850830078,93.58045634336442,92.91528079763584,93.18333853643195,1941100
2025-12-19,93.44145965576172,93.73929230915792,93.13368940054319,93.13368940054319,2190800
2025-12-22,94.04705810546875,94.07684061195718,93.40174269211822,93.52087271807191,2481200
2025-12-23,94.0669174194336,94.09669992808587,93.82864977582358,93.82864977582358,1573900
2025-12-24,94.38460540771484,94.45410044921955,94.06691270735169,94.11655526887995,1103100
2025-12-26,94.42432403564453,94.49381908163403,94.16619633294411,94.32504648057265,748500
2025-12-29,94.38460540771484,94.50374301074781,94.23568529752148,94.35482290055445,1683900
2025-12-30,94.26547241210938,94.39454004863475,94.15626483092258,94.31511497606402,1215100
2025-12-31,93.4811782836914,94.17612876130062,93.4811782836914,94.15626870514485,1564400
2026-01-02,92.974853515625,93.64002148784563,92.64723075639078,93.64002148784563,3052100
2026-01-05,93.32231903076172,93.4017440988546,92.80607123694078,92.90534878486119,3348000
2026-01-06,93.86836242675781,94.02720499789447,93.12376941197462,93.1634743739649,2733900
2026-01-07,93.50102996826172,94.1463454487638,93.4910999402685,93.92793027926537,2545200
2026-01-08,93.83856964111328,94.12647984079796,93.47124194534344,93.48117197275094,2117800
2026-01-09,93.95771026611328,94.17612542974732,93.7095125936913,93.82865020323491,2759700
2026-01-12,94.1761245727539,94.19597705363459,93.66979920479085,93.76907675797786,1335500
2026-01-13,93.60030364990234,94.09669898752328,93.40174854461067,93.97756895410498,2116900
2026-01-14,93.9477767944336,93.97756687652135,93.44145901481558,93.44145901481558,1672400
2026-01-15,93.89814758300781,94.14634526160042,93.75915748894732,94.06692018659669,1884100
2026-01-16,93.73929595947266,93.91799858822591,93.42160323884376,93.76907846853288,1949700
2026-01-20,92.93513488769531,93.5010252645679,92.8457797890356,93.10390748312939,2858100
2026-01-21,93.65986633300781,93.83856895307451,93.03441094997014,93.20318354270213,3099900
2026-01-22,94.0569839477539,94.20590405995424,93.669796200668,93.84849882043008,1842100
2026-01-23,94.19597625732422,94.19597625732422,93.78893602038099,94.02720366089389,1150100
2026-01-26,94.83135986328125,94.93064498811697,94.42431963414278,94.47396219656065,2024200
2026-01-27,94.64273834228516,94.69237333217455,94.2456205512107,94.57324329692652,1827300
2026-01-28,94.47396087646484,94.76186349641249,94.33496321851538,94.43424834196378,2041000
2026-01-29,93.99742126464844,94.7420142697314,93.5308084362271,94.5434591647993,2949900
2026-01-30,94.30518341064453,94.34489594628234,93.6102329729622,93.97756824681811,3893100
2026-02-02,94.69236755371094,95.04977278642862,94.17611975889172,94.30517981399868,2169200
2026-02-03,94.19597625732422,94.7817266926418,93.82864855619843,94.31511386477654,5612800
2026-02-04,94.44417572021484,94.80158097497224,94.01727542005418,94.1364130297706,3597500
2026-02-05,94.24562072753906,95.04977876453526,94.14634317318267,94.38461081851639,5189200
2026-02-06,95.33768463134766,95.39724964636976,94.70229922314006,94.70229922314006,2982600
2026-02-09,95.20862579345703,95.3476158798832,94.8810030578561,95.09941821492339,2192900
2026-02-10,95.23841094970703,95.6156686841556,95.17884593226565,95.20862844098633,1765700
2026-02-11,95.33768463134766,95.40717967367063,94.80157677297409,95.29797209653573,2698300
2026-02-12,94.50374603271484,95.64544924045904,94.50374603271484,95.35754661244138,5389500
2026-02-13,95.49654388427734,95.85394915730191,94.65266569417408,94.65266569417408,4746100
2026-02-17,95.14905548095703,95.95322108526318,94.78172777563408,95.49653827973209,1895300
2026-02-18,95.33768463134766,95.38732719346044,94.841289307786,95.19869454670172,2089900
2026-02-19,95.35755157470703,95.57595917036333,95.01006876359803,95.31783903702623,1727000
2026-02-20,95.49654388427734,95.63553398218777,95.02000099544718,95.19870363195945,1652800
2026-02-23,95.10934448242188,95.7050173398985,94.98027685413453,95.18876197553178,1124000
2026-02-24,95.6950912475586,95.76458629088178,95.0299233222665,95.0894883381459,1614800
2026-02-25,95.71495819091797,95.77452321108419,95.2582677883364,95.50646547155186,1020800
2026-02-26,96.10214233398438,96.20141988863516,95.66531200425065,96.01278723272434,2089200
2026-02-27,97.1048583984375,97.17435344621896,95.6653148767962,95.6653148767962,3588500
2026-03-02,96.97579956054688,97.36298734229464,96.5886117787991,96.72760187612434,4618600
2026-03-03,96.5091781616211,96.7970883590005,95.11926973697251,95.90357525926987,6632600
2026-03-04,96.6581039428711,96.87651911054746,95.98300595841323,96.5091838217834,3193900
2026-03-05,96.11206817626953,96.52904603953242,95.71495794366437,96.20142328068022,3689900
2026-03-06,95.95321655273438,96.11205911592414,95.07955594482056,95.59581131756808,3300100
2026-03-09,95.94329071044922,96.19148838045233,94.77179740505889,95.27812277269491,3733600
2026-03-10,95.22847747802734,96.01278300167229,94.94056728015326,95.86386288906272,3565600
2026-03-11,94.73208618164062,95.18876899184761,94.42432349037745,95.08949143734903,4053200
2026-03-12,94.30518341064453,95.12920148274765,94.30518341064453,94.32504346565928,2471400
2026-03-13,94.38460540771484,95.24833598732316,94.22576284472899,94.72215816244588,2736900
2026-03-16,94.95050048828125,95.20862818715885,94.70230281708135,94.79165791739706,3059200
2026-03-17,94.7929916381836,95.64034282722614,94.78302834825391,95.27149574957744,2152100
2026-03-18,93.19799041748047,94.48396213328955,93.18802712757132,94.48396213328955,2279500
2026-03-19,92.9886474609375,93.50702754887531,92.64971306968685,92.93880819458202,3210600
2026-03-20,92.06155395507812,93.02852548936869,91.79240061524008,92.938810244611,4339100
2026-03-23,92.47027587890625,93.2179333316015,92.38055302968907,92.83911535467436,3787200
2026-03-24,92.02167510986328,92.56996027373368,91.74255088300735,92.04161690067572,2809700
2026-03-25,92.3406753540039,92.81917946137396,91.93195990894377,92.55998941964998,2684300
2026-03-26,91.92198944091797,92.78927481212398,91.88211346465467,92.0515806596001,2284000
2026-03-27,90.83539581298828,91.80235969739053,90.73570207151836,91.71264445674518,2229400
2026-03-30,91.40361785888672,92.01171319313968,91.07464675565514,91.49333310218722,2103500
2026-03-31,92.45033264160156,92.5400554894153,91.35376991591404,91.9020550815402,4531900
2026-04-01,92.38055419921875,92.69955441218464,92.13133504516524,92.51015302688818,3071100
2026-04-02,93.06839752197266,93.1880254488108,91.9518930215106,91.9518930215106,2776700
2026-04-06,93.12821197509766,93.23786901169579,92.78927757511433,92.85905863426179,1212600
2026-04-07,92.91886901855469,93.07837292873664,92.56996372198796,92.93881081010996,2264400
2026-04-08,93.8260269165039,93.8260269165039,93.22789488106292,93.806085125688,2131000
2026-04-09,93.56684112548828,93.79611849133367,93.30765107206012,93.54689933376645,1498200
2026-04-10,92.4603042602539,93.65655313298544,92.38055230725452,93.65655313298544,2162300
2026-04-13,93.21793365478516,93.26777292179868,92.37059005990581,92.39052424559823,1575400
2026-04-14,93.37742614746094,93.43724391322766,92.93880563003776,93.25780582705671,1813300
2026-04-15,93.64659118652344,93.82602928056394,93.18802885854548,93.4073353240928,2240500
2026-04-16,94.09518432617188,94.14503119980729,93.72633723573908,93.72633723573908,2220600
2026-04-17,94.56371307373047,94.68334100144318,94.11512165454609,94.31449392850254,2181700
2026-04-20,94.44408416748047,94.89268318758164,94.30452205604401,94.40420819198938,1976200
2026-04-21,93.79611206054688,94.5537403771655,93.69642592546762,94.51386440202087,1459600
2026-04-22,93.79611206054688,94.24471107675042,93.4771118649545,94.01542612105999,2868900
2026-04-23,94.01542663574219,94.03536842620596,93.24783502530872,93.46714908702246,2445400
2026-04-24,93.7861557006836,93.97555708965946,93.47711877186956,93.88584184312855,2014800
2026-04-27,93.27774047851562,94.0652738825627,93.27774047851562,93.58676978185846,1489500
2026-04-28,93.4870834350586,93.93568245450079,93.32758713889322,93.62664554629004,1471700
2026-04-29,93.5867691040039,93.68646284487018,93.18802456279728,93.55686402396988,1411700
2026-04-30,94.34439849853516,94.4042086592855,93.29767505201585,93.50702582577146,4106600
2026-05-01,94.28459167480469,95.09205929577195,94.25468659337108,94.72321221177253,1859700
2026-05-04,94.06527709960938,94.78302947243064,93.92571498329023,94.09518218088277,3148600
2026-05-05,94.16496276855469,94.42415281423733,93.73630552612623,94.30452488417653,2429500
2026-05-06,93.69642639160156,94.20483557026904,93.51698830534036,94.08520764424004,3013500
2026-05-07,93.98552703857422,94.22477529914445,93.74627877800397,93.98552703857422,1988700
2026-05-08,93.7363052368164,94.13505739689018,93.54689624952928,94.03537125826294,1724900
2026-05-11,93.80608367919922,94.12508387725187,93.5568645367967,93.7462735188033,1504000
2026-05-12,94.19486999511719,94.30452703211266,93.56684046051456,93.89581157150096,3250300
2026-05-13,94.01542663574219,94.1549887467301,93.56683522264744,93.93568229058098,1701700
2026-05-14,94.8827133178711,95.01230453544433,94.28458889016927,94.41418010774251,2691200
2026-05-15,94.40421295166016,94.96246903111678,94.3842787656919,94.73318406187414,2006100
2026-05-18,95.70014953613281,95.70014953613281,94.5437690785669,94.5437690785669,2851500
2026-05-19,95.49080657958984,96.12880696944127,95.4409597093721,95.54064584424302,3315700
2026-05-20,95.6004638671875,95.72008418712906,95.09205469074205,95.35124472655644,1708300
2026-05-21,95.74002838134766,95.74999927678134,94.68334163232122,95.13193305449457,1614600
2026-05-22,96.57740020751953,96.74687500612959,96.0989037088545,96.12880878932546,2133700
2026-05-26,96.1886215209961,96.70700161489624,96.17865823094931,96.70700161489624,2556600
2026-05-27,95.74002838134766,96.44780984584317,95.74002838134766,96.02912350440607,1692900
2026-05-28,96.02912139892578,96.31821651564566,95.6702452268297,96.00917960849566,931200
2026-05-29,96.29827880859375,96.33815478558026,95.87959245858278,96.15871669192343,2497800
2026-06-01,96.64718627929688,96.85653706458736,96.18862394196056,96.25840500186901,2463600
2026-06-02,96.62725067138672,96.69703173026844,95.83971723225591,96.22849850396332,1492500
2026-06-03,95.95934295654297,96.45778125296404,95.95934295654297,96.3780293002011,2771200
2026-06-04,96.35809326171875,96.53752374363745,96.15871338364572,96.22849443958012,2730900
2026-06-05,95.34127807617188,96.36805976439604,95.31137299485503,96.08893553135238,3330600
2026-06-08,94.93256378173828,95.72008961791676,94.93256378173828,95.5705642095063,2304800
2026-06-09,95.28146362304688,95.46090170843276,94.20483511073158,95.21168256792818,2453200
2026-06-10,94.92259216308594,95.75000157595926,94.85281110450416,95.10203025737695,2058100
2026-06-11,95.34127807617188,95.81978219393596,94.8827157496623,94.96246770355046,2987800
2026-06-12,95.75,95.84968613839538,95.0123058436315,95.58052519860651,1742200
2026-06-15,96.33999633789062,96.47000122070312,95.77999877929688,96.16999816894531,1813300
2026-06-16,95.91000366210938,96.5999984741211,95.80000305175781,96.44000244140625,1964500
2026-06-17,94.63999938964844,95.9000015258789,94.43000030517578,95.79000091552734,1714000
2026-06-18,94.23999786376953,95.05999755859375,94.1500015258789,94.98999786376953,3351400
2026-06-22,94.27999877929688,94.80999755859375,94.05999755859375,94.3499984741211,1890800
2026-06-23,94.55000305175781,94.76000213623047,93.88999938964844,94.08000183105469,2417500
2026-06-24,94.86000061035156,95.37999725341797,94.47000122070312,94.47000122070312,2450700
2026-06-25,94.88999938964844,95.66000366210938,94.75,95.19999694824219,2069600
2026-06-26,95.98999786376953,95.98999786376953,94.7300033569336,94.73999786376953,1885500
2026-06-29,96.16000366210938,96.27999877929688,95.66999816894531,96.0,1640500
2026-06-30,96.45999908447266,96.68000030517578,95.9000015258789,95.9800033569336,2496600
2026-07-01,96.88999938964844,97.29000091552734,96.29000091552734,96.29000091552734,2540200
2026-07-02,97.88999938964844,97.94999694824219,97.19999694824219,97.2300033569336,2281800
2026-07-06,97.88999938964844,98.08999633789062,97.55999755859375,97.95999908447266,1784500
2026-07-07,98.3499984741211,98.7300033569336,98.23999786376953,98.23999786376953,2395600
2026-07-08,97.6500015258789,97.94000244140625,97.58999633789062,97.86000061035156,1866300
2026-07-09,97.5999984741211,97.88999938964844,97.37999725341797,97.62000274658203,1693900
2026-07-10,97.76000213623047,97.76000213623047,97.12000274658203,97.69000244140625,1811000
2026-07-13,97.81999969482422,98.0199966430664,97.66000366210938,97.76000213623047,2101100
2026-07-14,96.87999725341797,97.48999786376953,96.87999725341797,97.19999694824219,1933600
2026-07-15,96.08999633789062,96.9800033569336,95.9800033569336,96.91000366210938,3711000
2026-07-16,97.12999725341797,97.1500015258789,96.13999938964844,96.13999938964844,2760000
2026-07-17,96.5999984741211,97.62000274658203,96.55999755859375,96.9000015258789,3122200
2026-07-20,96.5,96.94000244140625,96.45999908447266,96.61000061035156,1697000
2026-07-21,96.55000305175781,96.63999938964844,96.29000091552734,96.58000183105469,1745200
2026-07-22,96.25,96.83000183105469,96.06999969482422,96.48999786376953,1436700
2026-07-23,96.11000061035156,96.33000183105469,95.79000091552734,95.87999725341797,1950800
2026-07-24,96.94999694824219,97.0999984741211,96.30999755859375,96.30999755859375,2088600
2026-07-27,97.55000305175781,97.79000091552734,97.38999938964844,97.38999938964844,1733200
2026-07-28,98.55999755859375,98.94000244140625,97.9800033569336,98.05000305175781,2354600
2026-07-29,98.3499984741211,99.33999633789062,98.31999969482422,98.58999633789062,2601200
2026-07-30,97.83999633789062,98.0999984741211,96.91000366210938,98.0999984741211,2793800
2026-07-31,97.93000030517578,98.19000244140625,97.1500015258789,97.66000366210938,3949100
